hydrologic_group,area_pct,mean_organic_matter,mean_bare_frequency,mean_ndvi_trend,pct_flagged
0.0,0.003,3.754,0.0,-0.008,0.0
0.017,0.003,3.423,0.0,0.001,0.0
0.03,0.003,5.108,0.0,-0.03,0.0
0.033,0.003,4.804,0.0,-0.031,0.0
0.034,0.003,5.301,0.0,-0.031,0.0
0.038,0.003,4.455,0.0,-0.004,0.0
0.039,0.003,4.197,0.0,-0.01,0.0
0.039,0.003,4.872,0.0,-0.03,0.0
0.04,0.003,3.165,0.0,-0.015,0.0
0.041,0.003,4.265,0.0,0.009,0.0
0.042,0.003,2.871,0.0,-0.005,0.0
0.044,0.003,5.035,0.0,-0.026,0.0
0.047,0.003,4.264,0.0,-0.011,0.0
0.047,0.003,4.184,0.0,0.0,0.0
0.054,0.003,4.928,0.0,-0.014,0.0
0.054,0.003,5.03,0.0,-0.015,0.0
0.055,0.003,3.403,0.0,-0.008,0.0
0.055,0.003,4.611,0.0,-0.018,0.0
0.057,0.003,4.603,0.0,-0.007,0.0
0.059,0.003,3.925,0.0,-0.005,0.0
0.063,0.003,3.975,0.0,-0.03,0.0
0.064,0.003,3.719,0.0,-0.027,0.0
0.064,0.003,4.353,0.0,0.023,0.0
0.064,0.003,4.507,0.0,0.002,0.0
0.065,0.003,5.727,0.0,-0.005,0.0
0.065,0.003,3.755,0.0,0.008,0.0
0.065,0.003,5.179,0.0,-0.025,0.0
0.067,0.003,5.212,0.0,-0.004,0.0
0.067,0.003,2.763,0.0,0.012,0.0
0.068,0.003,4.685,0.0,-0.013,0.0
0.069,0.003,2.947,0.0,-0.001,0.0
0.069,0.003,4.695,0.0,-0.015,0.0
0.069,0.003,4.959,0.0,-0.005,0.0
0.069,0.003,4.649,0.0,-0.012,0.0
0.072,0.003,4.871,0.0,0.01,0.0
0.072,0.003,4.628,0.0,0.004,0.0
0.072,0.003,4.097,0.0,-0.005,0.0
0.072,0.003,5.181,0.0,-0.011,0.0
0.072,0.003,3.764,0.0,-0.009,0.0
0.073,0.003,3.095,0.0,0.004,0.0
0.074,0.003,4.99,0.0,-0.022,0.0
0.074,0.003,4.903,0.0,-0.002,0.0
0.076,0.003,4.321,0.0,0.011,0.0
0.076,0.003,4.326,0.0,-0.029,0.0
0.077,0.003,5.179,0.0,-0.031,0.0
0.078,0.003,5.086,0.0,0.006,0.0
0.078,0.003,4.588,0.0,-0.013,0.0
0.079,0.003,4.716,0.0,-0.011,0.0
0.08,0.003,4.827,0.0,0.0,0.0
0.08,0.003,5.949,0.0,-0.01,0.0
0.08,0.003,3.068,0.0,-0.001,0.0
0.081,0.003,2.777,0.0,-0.009,0.0
0.081,0.003,4.654,0.0,-0.0,0.0
0.081,0.003,4.456,0.0,-0.037,0.0
0.081,0.003,6.567,0.0,0.0,0.0
0.082,0.003,4.041,0.0,-0.019,0.0
0.082,0.003,4.814,0.0,-0.01,0.0
0.082,0.003,3.969,0.0,-0.006,0.0
0.082,0.003,4.483,0.0,-0.023,0.0
0.082,0.003,4.181,0.0,-0.015,0.0
0.083,0.003,6.069,0.0,-0.002,0.0
0.083,0.003,4.128,0.0,-0.0,0.0
0.083,0.003,4.206,0.0,0.002,0.0
0.084,0.003,4.757,0.0,0.006,0.0
0.084,0.003,4.496,0.0,0.01,0.0
0.084,0.003,4.182,0.0,-0.017,0.0
0.085,0.003,4.5,0.0,-0.033,0.0
0.086,0.003,4.747,0.0,0.013,0.0
0.086,0.003,6.258,0.0,0.002,0.0
0.087,0.003,5.189,0.0,0.005,0.0
0.087,0.003,3.646,0.0,0.005,0.0
0.088,0.003,5.525,0.0,-0.015,0.0
0.089,0.003,4.337,0.0,0.002,0.0
0.09,0.003,5.428,0.0,0.005,0.0
0.091,0.003,4.339,0.0,-0.018,0.0
0.091,0.003,5.581,0.0,-0.004,0.0
0.092,0.003,4.258,0.0,-0.03,0.0
0.093,0.003,4.842,0.0,0.001,0.0
0.093,0.003,4.587,0.0,-0.017,0.0
0.093,0.003,4.572,0.0,0.001,0.0
0.093,0.003,4.953,0.0,0.007,0.0
0.095,0.003,4.887,0.0,0.01,0.0
0.095,0.003,4.385,0.0,0.002,0.0
0.096,0.003,5.502,0.0,0.003,0.0
0.097,0.003,4.104,0.0,-0.027,0.0
0.097,0.003,5.554,0.0,-0.012,0.0
0.097,0.003,5.496,0.0,0.008,0.0
0.097,0.003,4.335,0.0,-0.003,0.0
0.097,0.003,4.756,0.0,-0.006,0.0
0.097,0.003,4.686,0.0,0.005,0.0
0.098,0.003,5.749,0.0,-0.004,0.0
0.098,0.003,5.099,0.0,-0.006,0.0
0.098,0.003,4.537,0.0,-0.005,0.0
0.098,0.003,3.776,0.0,-0.011,0.0
0.098,0.003,4.998,0.0,-0.024,0.0
0.099,0.003,6.725,0.0,0.001,0.0
0.099,0.003,4.254,0.0,-0.033,0.0
0.099,0.003,5.721,0.0,-0.002,0.0
0.099,0.003,4.512,0.0,-0.012,0.0
0.099,0.003,5.089,0.0,-0.006,0.0
0.099,0.003,4.549,0.0,-0.012,0.0
0.099,0.003,4.516,0.0,-0.003,0.0
0.1,0.003,4.783,0.0,-0.033,0.0
0.1,0.003,4.823,0.0,-0.008,0.0
0.101,0.003,5.107,0.0,0.009,0.0
0.101,0.003,4.757,0.0,-0.007,0.0
0.101,0.003,4.766,0.0,0.007,0.0
0.102,0.003,4.772,0.0,0.007,0.0
0.103,0.003,5.31,0.0,-0.002,0.0
0.103,0.003,4.575,0.0,-0.006,0.0
0.103,0.003,4.887,0.0,-0.0,0.0
0.103,0.003,5.524,0.0,-0.012,0.0
0.103,0.003,5.947,0.0,-0.003,0.0
0.104,0.003,5.091,0.0,0.008,0.0
0.104,0.003,5.408,0.0,-0.025,0.0
0.104,0.003,4.156,0.0,-0.012,0.0
0.104,0.003,4.527,0.0,-0.001,0.0
0.105,0.003,4.641,0.0,0.001,0.0
0.105,0.003,5.953,0.0,-0.007,0.0
0.105,0.003,5.144,0.0,0.002,0.0
0.106,0.003,4.895,0.0,0.009,0.0
0.106,0.003,5.355,0.0,-0.014,0.0
0.106,0.003,4.648,0.0,-0.028,0.0
0.107,0.003,6.305,0.0,-0.001,0.0
0.107,0.003,6.014,0.0,0.003,0.0
0.107,0.003,4.343,0.0,-0.032,0.0
0.107,0.003,4.788,0.0,0.003,0.0
0.107,0.003,5.228,0.0,-0.019,0.0
0.107,0.003,5.447,0.0,0.004,0.0
0.108,0.003,6.281,0.0,-0.006,0.0
0.108,0.003,5.424,0.0,-0.006,0.0
0.109,0.003,2.795,0.0,-0.004,0.0
0.109,0.003,3.839,0.0,0.005,0.0
0.109,0.003,5.584,0.0,-0.013,0.0
0.109,0.003,5.422,0.0,0.027,0.0
0.109,0.003,5.139,0.0,-0.034,0.0
0.109,0.003,5.405,0.0,-0.007,0.0
0.109,0.003,4.341,0.0,-0.03,0.0
0.11,0.003,5.422,0.0,-0.002,0.0
0.11,0.003,4.447,0.0,-0.023,0.0
0.11,0.003,4.522,0.0,-0.043,0.0
0.111,0.003,5.258,0.0,-0.014,0.0
0.111,0.003,6.702,0.0,-0.006,0.0
0.111,0.003,4.447,0.0,-0.024,0.0
0.112,0.003,4.947,0.0,-0.004,0.0
0.112,0.003,4.534,0.0,-0.005,0.0
0.112,0.003,4.7,0.0,0.02,0.0
0.112,0.003,4.61,0.0,0.003,0.0
0.112,0.003,4.747,0.0,0.048,0.0
0.112,0.003,5.45,0.0,0.001,0.0
0.113,0.003,4.827,0.0,-0.028,0.0
0.113,0.003,4.768,0.0,0.01,0.0
0.113,0.003,5.764,0.0,-0.019,0.0
0.113,0.003,4.32,0.0,-0.021,0.0
0.113,0.003,4.809,0.0,-0.022,0.0
0.114,0.003,4.767,0.0,-0.018,0.0
0.114,0.003,4.918,0.0,-0.013,0.0
0.114,0.003,4.49,0.0,-0.026,0.0
0.115,0.003,4.799,0.0,-0.026,0.0
0.115,0.003,4.633,0.0,-0.015,0.0
0.115,0.003,6.099,0.0,-0.006,0.0
0.115,0.003,4.667,0.0,0.002,0.0
0.116,0.003,4.824,0.0,-0.018,0.0
0.116,0.003,3.557,0.0,-0.01,0.0
0.117,0.003,4.477,0.0,-0.009,0.0
0.117,0.003,5.017,0.0,-0.009,0.0
0.117,0.003,4.42,0.0,-0.008,0.0
0.117,0.003,4.961,0.0,-0.018,0.0
0.117,0.003,3.73,0.0,0.001,0.0
0.117,0.003,2.566,0.0,-0.01,0.0
0.118,0.003,4.736,0.0,-0.001,0.0
0.118,0.003,4.8,0.0,-0.015,0.0
0.118,0.003,4.993,0.0,-0.01,0.0
0.118,0.003,4.333,0.0,-0.018,0.0
0.119,0.003,4.927,0.0,-0.01,0.0
0.119,0.003,4.516,0.0,-0.018,0.0
0.119,0.003,5.119,0.0,-0.027,0.0
0.119,0.003,5.067,0.0,0.002,0.0
0.119,0.003,5.116,0.0,-0.014,0.0
0.119,0.003,5.042,0.0,0.001,0.0
0.119,0.003,3.974,0.0,-0.006,0.0
0.12,0.003,4.126,0.0,-0.018,0.0
0.12,0.003,4.593,0.0,0.002,0.0
0.12,0.003,4.49,0.0,0.015,0.0
0.12,0.003,4.831,0.0,0.001,0.0
0.12,0.003,4.194,0.0,-0.018,0.0
0.12,0.003,5.709,0.0,-0.006,0.0
0.12,0.003,4.405,0.0,-0.019,0.0
0.12,0.003,4.916,0.0,-0.027,0.0
0.121,0.003,6.278,0.0,0.005,0.0
0.121,0.003,4.96,0.0,-0.007,0.0
0.121,0.003,4.659,0.0,-0.015,0.0
0.122,0.003,5.162,0.0,-0.031,0.0
0.122,0.003,4.657,0.0,-0.015,0.0
0.122,0.003,5.112,0.0,0.003,0.0
0.122,0.003,4.725,0.0,-0.024,0.0
0.123,0.003,3.979,0.0,-0.015,0.0
0.123,0.003,6.025,0.0,-0.02,0.0
0.123,0.003,4.461,0.0,-0.027,0.0
0.123,0.003,5.021,0.0,-0.006,0.0
0.123,0.003,4.435,0.0,-0.03,0.0
0.123,0.003,2.823,0.0,0.002,0.0
0.124,0.003,5.067,0.0,-0.017,0.0
0.124,0.003,4.162,0.0,-0.001,0.0
0.124,0.003,3.005,0.0,0.007,0.0
0.124,0.003,5.229,0.0,0.004,0.0
0.124,0.003,5.077,0.0,-0.025,0.0
0.124,0.003,3.349,0.0,0.002,0.0
0.124,0.003,5.469,0.0,-0.013,0.0
0.125,0.003,4.216,0.0,-0.01,0.0
0.125,0.003,6.701,0.0,-0.003,0.0
0.125,0.003,5.997,0.0,-0.009,0.0
0.125,0.003,4.297,0.0,-0.017,0.0
0.126,0.003,3.818,0.0,-0.006,0.0
0.126,0.003,5.223,0.0,-0.008,0.0
0.126,0.003,4.944,0.0,-0.028,0.0
0.126,0.003,5.587,0.0,-0.002,0.0
0.126,0.003,2.484,0.0,-0.004,0.0
0.126,0.003,6.277,0.0,0.002,0.0
0.126,0.003,4.589,0.0,-0.024,0.0
0.126,0.003,6.537,0.0,0.003,0.0
0.127,0.003,4.949,0.0,-0.001,0.0
0.127,0.003,4.603,0.0,0.011,0.0
0.127,0.003,4.227,0.0,-0.01,0.0
0.127,0.003,5.254,0.0,-0.001,0.0
0.128,0.003,4.552,0.0,0.021,0.0
0.128,0.003,4.286,0.0,-0.008,0.0
0.128,0.003,3.529,0.0,-0.003,0.0
0.128,0.003,5.15,0.0,-0.028,0.0
0.128,0.003,4.266,0.0,-0.023,0.0
0.129,0.003,4.691,0.0,0.001,0.0
0.129,0.003,4.302,0.0,-0.008,0.0
0.129,0.003,4.875,0.0,0.018,0.0
0.129,0.003,4.147,0.0,-0.002,0.0
0.129,0.003,4.317,0.0,-0.013,0.0
0.129,0.003,4.52,0.0,-0.023,0.0
0.129,0.003,4.481,0.0,-0.024,0.0
0.13,0.003,4.982,0.0,0.0,0.0
0.13,0.003,4.592,0.0,-0.01,0.0
0.13,0.003,5.039,0.0,-0.022,0.0
0.13,0.003,5.761,0.0,-0.004,0.0
0.131,0.003,4.735,0.0,0.017,0.0
0.131,0.003,4.52,0.0,-0.014,0.0
0.131,0.003,4.536,0.0,-0.018,0.0
0.131,0.003,4.096,0.0,0.001,0.0
0.131,0.003,4.515,0.0,-0.015,0.0
0.131,0.003,5.795,0.0,0.005,0.0
0.131,0.003,5.795,0.0,0.003,0.0
0.131,0.003,5.246,0.0,0.009,0.0
0.132,0.003,4.946,0.0,-0.006,0.0
0.132,0.003,4.205,0.0,-0.027,0.0
0.132,0.003,5.02,0.0,-0.015,0.0
0.132,0.003,4.126,0.0,-0.011,0.0
0.132,0.003,4.405,0.0,-0.007,0.0
0.132,0.003,5.743,0.0,-0.006,0.0
0.132,0.003,5.204,0.0,0.002,0.0
0.132,0.003,6.856,0.0,-0.007,0.0
0.132,0.003,4.456,0.0,-0.016,0.0
0.132,0.003,4.897,0.0,-0.016,0.0
0.132,0.003,4.975,0.0,-0.006,0.0
0.133,0.003,5.062,0.0,0.016,0.0
0.133,0.003,4.452,0.0,-0.018,0.0
0.133,0.003,4.672,0.0,-0.007,0.0
0.133,0.003,4.936,0.0,0.006,0.0
0.133,0.003,6.251,0.0,-0.002,0.0
0.134,0.003,4.207,0.0,-0.017,0.0
0.134,0.003,4.693,0.0,-0.026,0.0
0.134,0.003,4.498,0.0,-0.01,0.0
0.134,0.003,4.708,0.0,-0.022,0.0
0.134,0.003,4.598,0.0,-0.036,0.0
0.134,0.003,4.84,0.0,0.004,0.0
0.135,0.003,4.571,0.0,0.023,0.0
0.135,0.003,4.893,0.0,-0.001,0.0
0.135,0.003,5.667,0.0,-0.007,0.0
0.135,0.003,4.278,0.0,-0.024,0.0
0.135,0.003,5.201,0.0,0.006,0.0
0.135,0.003,4.208,0.0,-0.012,0.0
0.135,0.003,2.752,0.0,0.014,0.0
0.135,0.003,4.687,0.0,-0.017,0.0
0.136,0.003,4.945,0.0,0.003,0.0
0.136,0.003,5.68,0.0,-0.013,0.0
0.136,0.003,4.842,0.0,-0.013,0.0
0.136,0.003,5.218,0.0,0.015,0.0
0.136,0.003,4.232,0.0,-0.025,0.0
0.136,0.003,4.433,0.0,-0.009,0.0
0.136,0.003,4.749,0.0,-0.029,0.0
0.137,0.003,4.7,0.0,-0.022,0.0
0.137,0.003,4.883,0.0,0.006,0.0
0.137,0.003,3.558,0.0,-0.001,0.0
0.137,0.003,3.727,0.0,0.022,0.0
0.137,0.003,5.315,0.0,0.003,0.0
0.137,0.003,4.648,0.0,-0.016,0.0
0.137,0.003,5.756,0.0,-0.007,0.0
0.137,0.003,5.772,0.0,-0.009,0.0
0.138,0.003,4.111,0.0,-0.025,0.0
0.138,0.003,6.181,0.0,-0.019,0.0
0.138,0.003,2.262,0.0,-0.001,0.0
0.138,0.003,4.818,0.0,-0.016,0.0
0.138,0.003,4.817,0.0,-0.012,0.0
0.138,0.003,4.831,0.0,-0.004,0.0
0.138,0.003,4.15,0.0,0.002,0.0
0.138,0.003,3.978,0.0,-0.007,0.0
0.138,0.003,4.335,0.0,-0.012,0.0
0.139,0.003,4.848,0.0,0.015,0.0
0.139,0.003,5.298,0.0,0.023,0.0
0.139,0.003,5.269,0.0,-0.025,0.0
0.139,0.003,4.385,0.0,-0.008,0.0
0.139,0.003,4.751,0.0,-0.01,0.0
0.139,0.003,4.905,0.0,-0.018,0.0
0.139,0.003,4.828,0.0,-0.021,0.0
0.14,0.003,5.309,0.0,-0.001,0.0
0.14,0.003,4.196,0.0,-0.003,0.0
0.14,0.003,4.893,0.0,-0.001,0.0
0.14,0.003,5.025,0.0,0.002,0.0
0.14,0.003,4.218,0.0,0.02,0.0
0.14,0.003,3.988,0.0,0.007,0.0
0.141,0.003,4.605,0.0,-0.002,0.0
0.141,0.003,4.321,0.0,0.011,0.0
0.141,0.003,4.69,0.0,-0.004,0.0
0.141,0.003,5.499,0.0,-0.012,0.0
0.141,0.003,4.705,0.0,-0.018,0.0
0.141,0.003,3.811,0.0,0.014,0.0
0.141,0.003,4.393,0.0,-0.027,0.0
0.141,0.003,4.285,0.0,-0.012,0.0
0.141,0.003,4.597,0.0,-0.008,0.0
0.141,0.003,4.412,0.0,-0.012,0.0
0.142,0.003,5.678,0.0,0.004,0.0
0.142,0.003,6.314,0.0,-0.018,0.0
0.142,0.003,4.774,0.0,0.009,0.0
0.142,0.003,5.165,0.0,0.014,0.0
0.142,0.003,5.964,0.0,-0.011,0.0
0.142,0.003,5.779,0.0,-0.004,0.0
0.142,0.003,4.768,0.0,-0.02,0.0
0.143,0.003,4.163,0.0,-0.021,0.0
0.143,0.003,4.616,0.0,-0.024,0.0
0.143,0.003,4.654,0.0,-0.04,0.0
0.143,0.003,6.431,0.0,0.01,0.0
0.143,0.003,4.441,0.0,-0.016,0.0
0.143,0.003,4.394,0.0,-0.018,0.0
0.144,0.003,4.437,0.0,-0.022,0.0
0.144,0.003,5.176,0.0,-0.035,0.0
0.144,0.003,5.638,0.0,-0.018,0.0
0.144,0.003,5.343,0.0,-0.02,0.0
0.144,0.003,5.561,0.0,-0.011,0.0
0.144,0.003,6.764,0.0,-0.0,0.0
0.144,0.003,3.596,0.0,-0.003,0.0
0.144,0.003,4.518,0.0,-0.015,0.0
0.145,0.003,5.568,0.0,0.05,0.0
0.145,0.003,4.778,0.0,0.024,0.0
0.145,0.003,5.131,0.0,-0.013,0.0
0.145,0.003,4.905,0.0,-0.02,0.0
0.145,0.003,5.334,0.0,-0.021,0.0
0.145,0.003,5.849,0.0,0.005,0.0
0.146,0.003,4.825,0.0,-0.008,0.0
0.146,0.003,6.321,0.0,-0.007,0.0
0.146,0.003,5.123,0.0,-0.011,0.0
0.146,0.003,4.818,0.0,-0.006,0.0
0.146,0.003,4.511,0.0,-0.012,0.0
0.146,0.003,4.68,0.0,-0.007,0.0
0.146,0.003,5.137,0.0,-0.002,0.0
0.146,0.003,4.271,0.0,-0.017,0.0
0.146,0.003,5.485,0.0,0.002,0.0
0.146,0.003,5.504,0.0,0.005,0.0
0.146,0.003,5.268,0.0,-0.009,0.0
0.147,0.003,4.622,0.0,-0.004,0.0
0.147,0.003,4.936,0.0,0.003,0.0
0.147,0.003,3.995,0.0,-0.017,0.0
0.147,0.003,4.419,0.0,-0.011,0.0
0.147,0.003,5.87,0.0,-0.004,0.0
0.147,0.003,6.25,0.0,0.005,0.0
0.147,0.003,5.636,0.0,-0.009,0.0
0.147,0.003,4.51,0.0,-0.014,0.0
0.147,0.003,6.896,0.0,0.007,0.0
0.147,0.003,4.791,0.0,0.011,0.0
0.148,0.003,4.436,0.0,-0.02,0.0
0.148,0.003,4.088,0.0,-0.003,0.0
0.148,0.003,5.278,0.0,-0.016,0.0
0.148,0.003,5.261,0.0,-0.026,0.0
0.148,0.003,5.542,0.0,-0.001,0.0
0.148,0.003,4.668,0.0,-0.026,0.0
0.148,0.003,5.244,0.0,-0.02,0.0
0.148,0.003,4.289,0.0,0.0,0.0
0.148,0.003,5.821,0.0,-0.008,0.0
0.148,0.003,5.517,0.0,-0.011,0.0
0.148,0.003,4.691,0.0,-0.011,0.0
0.148,0.003,4.813,0.0,-0.022,0.0
0.148,0.003,6.074,0.0,0.011,0.0
0.149,0.003,4.729,0.0,0.012,0.0
0.149,0.003,5.028,0.0,-0.011,0.0
0.149,0.003,4.691,0.0,-0.007,0.0
0.149,0.003,4.63,0.0,-0.024,0.0
0.149,0.003,4.06,0.0,-0.017,0.0
0.149,0.003,4.594,0.0,-0.022,0.0
0.149,0.003,5.125,0.0,-0.003,0.0
0.15,0.003,4.65,0.0,-0.028,0.0
0.15,0.003,6.583,0.0,0.012,0.0
0.15,0.003,4.873,0.0,-0.019,0.0
0.15,0.003,5.997,0.0,-0.008,0.0
0.15,0.003,4.331,0.0,-0.008,0.0
0.15,0.003,4.601,0.0,0.007,0.0
0.15,0.003,2.009,0.0,0.008,0.0
0.15,0.003,5.318,0.0,0.008,0.0
0.15,0.003,4.126,0.0,-0.02,0.0
0.151,0.003,4.961,0.0,0.011,0.0
0.151,0.003,5.263,0.0,0.008,0.0
0.151,0.003,4.964,0.0,-0.025,0.0
0.151,0.003,4.719,0.0,-0.0,0.0
0.151,0.003,4.688,0.0,-0.02,0.0
0.151,0.003,4.333,0.0,-0.014,0.0
0.151,0.003,6.224,0.0,-0.003,0.0
0.151,0.003,5.049,0.0,-0.027,0.0
0.151,0.003,5.074,0.0,0.024,0.0
0.152,0.003,5.658,0.0,0.008,0.0
0.152,0.003,4.66,0.0,-0.026,0.0
0.152,0.003,5.037,0.0,-0.022,0.0
0.152,0.003,5.137,0.0,-0.026,0.0
0.152,0.003,4.368,0.0,-0.02,0.0
0.152,0.003,6.011,0.0,-0.021,0.0
0.153,0.003,5.74,0.0,-0.01,0.0
0.153,0.003,4.576,0.0,-0.023,0.0
0.153,0.003,4.552,0.0,-0.028,0.0
0.153,0.003,5.536,0.0,-0.005,0.0
0.153,0.003,4.93,0.0,-0.014,0.0
0.154,0.003,6.113,0.0,0.008,0.0
0.154,0.003,4.432,0.0,-0.023,0.0
0.154,0.003,4.742,0.0,0.007,0.0
0.154,0.003,4.786,0.0,-0.008,0.0
0.154,0.003,5.366,0.0,0.005,0.0
0.154,0.003,5.696,0.0,0.007,0.0
0.154,0.003,5.038,0.0,-0.008,0.0
0.154,0.003,4.627,0.0,-0.024,0.0
0.154,0.003,5.236,0.0,0.054,0.0
0.154,0.003,5.223,0.0,-0.016,0.0
0.154,0.003,5.037,0.0,0.0,0.0
0.155,0.003,6.28,0.0,-0.009,0.0
0.155,0.003,4.716,0.0,-0.001,0.0
0.155,0.003,4.979,0.0,0.015,0.0
0.155,0.003,4.097,0.0,-0.013,0.0
0.155,0.003,5.192,0.0,-0.0,0.0
0.155,0.003,5.011,0.0,-0.002,0.0
0.155,0.003,5.119,0.0,0.003,0.0
0.155,0.003,4.794,0.0,0.005,0.0
0.155,0.003,3.875,0.0,-0.007,0.0
0.155,0.003,5.469,0.0,-0.012,0.0
0.155,0.003,4.705,0.0,-0.014,0.0
0.156,0.003,5.486,0.0,0.001,0.0
0.156,0.003,6.021,0.0,-0.02,0.0
0.156,0.003,5.112,0.0,-0.008,0.0
0.156,0.003,4.671,0.0,-0.02,0.0
0.156,0.003,4.843,0.0,-0.024,0.0
0.156,0.003,5.267,0.0,0.007,0.0
0.156,0.003,6.444,0.0,-0.001,0.0
0.156,0.003,5.202,0.0,0.0,0.0
0.156,0.003,4.568,0.0,0.002,0.0
0.156,0.003,6.24,0.0,0.002,0.0
0.156,0.003,4.765,0.0,-0.005,0.0
0.156,0.003,5.187,0.0,-0.016,0.0
0.157,0.003,3.867,0.0,-0.003,0.0
0.157,0.003,4.61,0.0,-0.026,0.0
0.157,0.003,5.218,0.0,-0.003,0.0
0.157,0.003,4.607,0.0,-0.018,0.0
0.157,0.003,5.195,0.0,0.003,0.0
0.157,0.003,4.789,0.0,-0.005,0.0
0.157,0.003,4.762,0.0,-0.009,0.0
0.157,0.003,4.484,0.0,-0.029,0.0
0.157,0.003,2.273,0.0,0.003,0.0
0.157,0.003,6.034,0.0,-0.001,0.0
0.157,0.003,5.573,0.0,-0.009,0.0
0.158,0.003,4.904,0.0,-0.031,0.0
0.158,0.003,4.747,0.0,-0.005,0.0
0.158,0.003,4.689,0.0,-0.019,0.0
0.158,0.003,4.988,0.0,0.004,0.0
0.158,0.003,4.399,0.0,-0.032,0.0
0.158,0.003,4.745,0.0,-0.028,0.0
0.158,0.003,6.531,0.0,0.007,0.0
0.158,0.003,5.682,0.0,-0.019,0.0
0.159,0.003,3.962,0.0,-0.006,0.0
0.159,0.003,5.624,0.0,-0.015,0.0
0.159,0.003,5.136,0.0,0.0,0.0
0.159,0.003,4.596,0.0,-0.035,0.0
0.159,0.003,5.514,0.0,-0.0,0.0
0.159,0.003,4.754,0.0,0.005,0.0
0.159,0.003,4.705,0.0,-0.016,0.0
0.159,0.003,5.259,0.0,-0.004,0.0
0.159,0.003,5.019,0.0,0.002,0.0
0.159,0.003,4.799,0.0,-0.017,0.0
0.159,0.003,4.917,0.0,-0.019,0.0
0.16,0.003,5.118,0.0,-0.025,0.0
0.16,0.003,6.907,0.0,-0.0,0.0
0.16,0.003,4.736,0.0,-0.011,0.0
0.16,0.003,4.748,0.0,0.003,0.0
0.16,0.003,5.283,0.0,-0.036,0.0
0.16,0.003,5.404,0.0,0.004,0.0
0.16,0.003,4.632,0.0,-0.019,0.0
0.16,0.003,3.538,0.0,-0.004,0.0
0.16,0.003,5.14,0.0,-0.001,0.0
0.161,0.003,4.945,0.0,-0.032,0.0
0.161,0.003,4.899,0.0,0.021,0.0
0.161,0.003,5.805,0.0,-0.002,0.0
0.161,0.003,3.918,0.0,-0.012,0.0
0.161,0.003,5.187,0.0,-0.004,0.0
0.161,0.003,4.353,0.0,-0.022,0.0
0.161,0.003,5.466,0.0,-0.006,0.0
0.161,0.003,5.174,0.0,-0.006,0.0
0.162,0.003,4.95,0.0,0.0,0.0
0.162,0.003,5.405,0.0,0.001,0.0
0.162,0.003,5.253,0.0,-0.005,0.0
0.162,0.003,4.668,0.0,-0.022,0.0
0.162,0.003,4.733,0.0,-0.022,0.0
0.162,0.003,5.62,0.0,-0.022,0.0
0.162,0.003,5.02,0.0,-0.024,0.0
0.162,0.003,4.945,0.0,-0.003,0.0
0.162,0.003,4.099,0.0,-0.014,0.0
0.162,0.003,6.004,0.0,-0.008,0.0
0.162,0.003,4.47,0.0,-0.018,0.0
0.162,0.003,4.585,0.0,-0.004,0.0
0.162,0.003,4.782,0.0,-0.007,0.0
0.162,0.003,5.503,0.0,0.007,0.0
0.162,0.003,5.597,0.0,-0.012,0.0
0.163,0.003,4.708,0.0,-0.027,0.0
0.163,0.003,2.296,0.0,0.001,0.0
0.163,0.003,4.674,0.0,0.007,0.0
0.163,0.003,4.638,0.0,-0.018,0.0
0.163,0.003,5.193,0.0,-0.01,0.0
0.163,0.003,5.7,0.0,-0.003,0.0
0.163,0.003,3.876,0.0,-0.016,0.0
0.163,0.003,5.483,0.0,0.0,0.0
0.164,0.003,4.927,0.0,-0.029,0.0
0.164,0.003,4.468,0.0,-0.016,0.0
0.164,0.003,5.057,0.0,-0.013,0.0
0.164,0.003,4.028,0.0,-0.021,0.0
0.164,0.003,5.017,0.0,0.019,0.0
0.164,0.003,5.374,0.0,-0.015,0.0
0.164,0.003,2.247,0.0,-0.001,0.0
0.164,0.003,4.589,0.0,-0.013,0.0
0.165,0.003,5.063,0.0,0.005,0.0
0.165,0.003,5.442,0.0,0.006,0.0
0.165,0.003,5.568,0.0,-0.014,0.0
0.165,0.003,4.38,0.0,0.004,0.0
0.165,0.003,4.557,0.0,-0.015,0.0
0.165,0.003,4.154,0.0,-0.002,0.0
0.165,0.003,4.341,0.0,-0.017,0.0
0.165,0.003,5.699,0.0,-0.006,0.0
0.165,0.003,5.921,0.0,-0.004,0.0
0.165,0.003,5.264,0.0,0.007,0.0
0.166,0.003,6.307,0.0,-0.007,0.0
0.166,0.003,5.065,0.0,-0.027,0.0
0.166,0.003,5.067,0.0,-0.014,0.0
0.166,0.003,4.834,0.0,-0.013,0.0
0.166,0.003,5.357,0.0,-0.022,0.0
0.166,0.003,4.445,0.0,0.018,0.0
0.166,0.003,4.93,0.0,-0.005,0.0
0.166,0.003,5.888,0.0,-0.016,0.0
0.166,0.003,5.707,0.0,0.002,0.0
0.166,0.003,5.148,0.0,-0.015,0.0
0.166,0.003,5.136,0.0,0.009,0.0
0.166,0.003,5.498,0.0,-0.001,0.0
0.167,0.003,2.194,0.0,-0.002,0.0
0.167,0.003,5.091,0.0,-0.015,0.0
0.167,0.003,4.612,0.0,-0.006,0.0
0.167,0.003,4.671,0.0,-0.018,0.0
0.167,0.003,4.497,0.0,-0.011,0.0
0.167,0.003,5.534,0.0,-0.003,0.0
0.167,0.003,5.137,0.0,-0.009,0.0
0.167,0.003,5.275,0.0,0.001,0.0
0.167,0.003,2.305,0.0,-0.0,0.0
0.167,0.003,5.362,0.0,-0.009,0.0
0.167,0.003,4.965,0.0,-0.02,0.0
0.167,0.003,3.933,0.0,-0.018,0.0
0.167,0.003,5.537,0.0,-0.011,0.0
0.167,0.003,5.171,0.0,-0.001,0.0
0.167,0.003,4.44,0.0,-0.011,0.0
0.167,0.003,5.488,0.0,-0.002,0.0
0.168,0.003,5.31,0.0,-0.006,0.0
0.168,0.003,4.812,0.0,-0.004,0.0
0.168,0.003,4.592,0.0,0.009,0.0
0.168,0.003,4.977,0.0,-0.01,0.0
0.168,0.003,4.922,0.0,-0.011,0.0
0.168,0.003,5.63,0.0,-0.001,0.0
0.168,0.003,4.607,0.0,-0.009,0.0
0.168,0.003,4.545,0.0,0.002,0.0
0.168,0.003,5.367,0.0,0.002,0.0
0.168,0.003,5.007,0.0,-0.022,0.0
0.168,0.003,4.384,0.0,-0.002,0.0
0.168,0.003,5.682,0.0,-0.003,0.0
0.169,0.003,4.301,0.0,-0.02,0.0
0.169,0.003,4.491,0.0,0.006,0.0
0.169,0.003,4.067,0.0,0.001,0.0
0.169,0.003,5.109,0.0,-0.022,0.0
0.169,0.003,4.856,0.0,-0.007,0.0
0.169,0.003,6.505,0.0,0.003,0.0
0.169,0.003,5.351,0.0,-0.0,0.0
0.169,0.003,4.493,0.0,-0.015,0.0
0.169,0.003,5.003,0.0,-0.019,0.0
0.17,0.003,5.522,0.0,-0.001,0.0
0.17,0.003,4.764,0.0,-0.014,0.0
0.17,0.003,5.744,0.0,-0.003,0.0
0.17,0.003,4.913,0.0,-0.017,0.0
0.17,0.003,5.108,0.0,-0.001,0.0
0.17,0.003,5.181,0.0,-0.016,0.0
0.17,0.003,4.949,0.0,-0.025,0.0
0.17,0.003,5.066,0.0,-0.03,0.0
0.17,0.003,4.685,0.0,-0.014,0.0
0.17,0.003,4.121,0.0,-0.005,0.0
0.17,0.003,4.944,0.0,-0.02,0.0
0.17,0.003,3.593,0.0,-0.002,0.0
0.17,0.003,4.662,0.0,-0.013,0.0
0.17,0.003,5.137,0.0,-0.018,0.0
0.17,0.003,5.34,0.0,-0.025,0.0
0.17,0.003,4.471,0.0,-0.033,0.0
0.17,0.003,5.835,0.0,-0.014,0.0
0.171,0.003,4.318,0.0,-0.008,0.0
0.171,0.003,4.793,0.0,0.009,0.0
0.171,0.003,4.657,0.0,0.002,0.0
0.171,0.003,4.466,0.0,-0.014,0.0
0.171,0.003,6.162,0.0,-0.012,0.0
0.171,0.003,5.135,0.0,-0.034,0.0
0.171,0.003,4.997,0.0,0.005,0.0
0.171,0.003,4.765,0.0,-0.002,0.0
0.171,0.003,5.041,0.0,-0.021,0.0
0.171,0.003,2.0,0.0,-0.002,0.0
0.172,0.003,5.102,0.0,-0.021,0.0
0.172,0.003,6.012,0.0,-0.0,0.0
0.172,0.003,4.636,0.0,0.022,0.0
0.172,0.003,4.682,0.0,-0.002,0.0
0.172,0.003,5.981,0.0,-0.005,0.0
0.172,0.003,5.07,0.0,-0.021,0.0
0.172,0.003,4.457,0.0,-0.012,0.0
0.172,0.003,5.048,0.0,0.043,0.0
0.172,0.003,4.556,0.0,-0.028,0.0
0.172,0.003,5.317,0.0,-0.018,0.0
0.172,0.003,4.544,0.0,-0.033,0.0
0.172,0.003,4.175,0.0,0.011,0.0
0.172,0.003,4.716,0.0,-0.021,0.0
0.172,0.003,4.813,0.0,-0.009,0.0
0.173,0.003,4.343,0.0,-0.01,0.0
0.173,0.003,5.783,0.0,-0.01,0.0
0.173,0.003,4.111,0.0,-0.008,0.0
0.173,0.003,5.17,0.0,-0.003,0.0
0.173,0.003,5.261,0.0,-0.005,0.0
0.173,0.003,5.449,0.0,-0.018,0.0
0.174,0.003,5.087,0.0,-0.025,0.0
0.174,0.003,5.678,0.0,-0.012,0.0
0.174,0.003,4.273,0.0,-0.014,0.0
0.174,0.003,4.914,0.0,0.021,0.0
0.174,0.003,6.243,0.0,-0.022,0.0
0.174,0.003,5.035,0.0,0.006,0.0
0.174,0.003,5.627,0.0,0.003,0.0
0.174,0.003,5.014,0.0,-0.007,0.0
0.174,0.003,4.153,0.0,0.019,0.0
0.175,0.003,4.743,0.0,-0.002,0.0
0.175,0.003,5.003,0.0,-0.019,0.0
0.175,0.003,4.232,0.0,-0.004,0.0
0.175,0.003,4.363,0.0,0.01,0.0
0.175,0.003,4.894,0.0,-0.014,0.0
0.175,0.003,5.013,0.0,-0.01,0.0
0.175,0.003,5.718,0.0,-0.009,0.0
0.175,0.003,4.519,0.0,-0.023,0.0
0.175,0.003,4.898,0.0,-0.011,0.0
0.175,0.003,4.374,0.0,0.002,0.0
0.176,0.003,5.024,0.0,-0.036,0.0
0.176,0.003,4.9,0.0,-0.02,0.0
0.176,0.003,4.511,0.0,-0.029,0.0
0.176,0.003,4.443,0.0,-0.007,0.0
0.176,0.003,5.512,0.0,0.003,0.0
0.176,0.003,5.762,0.0,-0.013,0.0
0.176,0.003,4.804,0.0,-0.016,0.0
0.176,0.003,3.941,0.0,-0.026,0.0
0.176,0.003,4.849,0.0,-0.011,0.0
0.176,0.003,5.659,0.0,-0.011,0.0
0.176,0.003,5.541,0.0,-0.002,0.0
0.176,0.003,4.932,0.0,0.008,0.0
0.176,0.003,4.636,0.0,-0.012,0.0
0.177,0.003,3.67,0.0,-0.011,0.0
0.177,0.003,4.511,0.0,0.007,0.0
0.177,0.003,3.874,0.0,0.018,0.0
0.177,0.003,4.673,0.0,-0.015,0.0
0.177,0.003,4.416,0.0,-0.015,0.0
0.177,0.003,4.94,0.0,-0.006,0.0
0.177,0.003,4.545,0.0,-0.026,0.0
0.177,0.003,4.763,0.0,0.009,0.0
0.177,0.003,3.982,0.0,-0.006,0.0
0.177,0.003,5.036,0.0,-0.028,0.0
0.177,0.003,5.401,0.0,0.032,0.0
0.177,0.003,3.955,0.0,0.002,0.0
0.177,0.003,5.787,0.0,-0.007,0.0
0.177,0.003,5.37,0.0,0.006,0.0
0.178,0.003,4.187,0.0,0.002,0.0
0.178,0.003,4.459,0.0,-0.021,0.0
0.178,0.003,5.786,0.0,-0.015,0.0
0.178,0.003,5.026,0.0,0.015,0.0
0.178,0.003,4.494,0.0,-0.009,0.0
0.178,0.003,4.832,0.0,0.001,0.0
0.178,0.003,4.919,0.0,-0.016,0.0
0.178,0.003,4.652,0.0,-0.016,0.0
0.179,0.003,4.873,0.0,-0.007,0.0
0.179,0.003,4.55,0.0,-0.007,0.0
0.179,0.003,5.931,0.0,-0.003,0.0
0.179,0.003,4.049,0.0,-0.012,0.0
0.179,0.003,5.176,0.0,0.026,0.0
0.179,0.003,5.901,0.0,-0.002,0.0
0.179,0.003,4.672,0.0,-0.005,0.0
0.179,0.003,4.82,0.0,-0.018,0.0
0.179,0.003,6.207,0.0,-0.025,0.0
0.179,0.003,3.837,0.0,-0.005,0.0
0.179,0.003,4.797,0.0,-0.032,0.0
0.179,0.003,5.274,0.0,0.003,0.0
0.179,0.003,4.852,0.0,0.001,0.0
0.179,0.003,4.874,0.0,-0.018,0.0
0.179,0.003,4.16,0.0,-0.004,0.0
0.18,0.003,5.354,0.0,-0.002,0.0
0.18,0.003,4.696,0.0,-0.01,0.0
0.18,0.003,4.524,0.0,-0.007,0.0
0.18,0.003,5.273,0.0,-0.033,0.0
0.18,0.003,5.277,0.0,0.001,0.0
0.18,0.003,4.878,0.0,-0.011,0.0
0.18,0.003,5.341,0.0,-0.001,0.0
0.18,0.003,4.698,0.0,0.002,0.0
0.18,0.003,5.172,0.0,-0.003,0.0
0.18,0.003,4.75,0.0,0.011,0.0
0.18,0.003,4.83,0.0,-0.027,0.0
0.18,0.003,5.256,0.0,-0.003,0.0
0.18,0.003,7.247,0.0,-0.018,0.0
0.18,0.003,3.996,0.0,0.008,0.0
0.18,0.003,4.322,0.0,-0.012,0.0
0.18,0.003,6.735,0.0,0.0,0.0
0.18,0.003,4.697,0.0,-0.021,0.0
0.18,0.003,4.751,0.0,-0.028,0.0
0.18,0.003,4.733,0.0,-0.022,0.0
0.18,0.003,4.949,0.0,-0.004,0.0
0.181,0.003,5.06,0.0,-0.025,0.0
0.181,0.003,6.048,0.0,-0.005,0.0
0.181,0.003,4.328,0.0,-0.012,0.0
0.181,0.003,6.068,0.0,-0.006,0.0
0.181,0.003,4.834,0.0,-0.022,0.0
0.181,0.003,4.485,0.0,0.007,0.0
0.181,0.003,5.017,0.0,-0.018,0.0
0.181,0.003,4.619,0.0,-0.024,0.0
0.181,0.003,4.491,0.0,-0.019,0.0
0.181,0.003,4.42,0.0,-0.019,0.0
0.181,0.003,6.608,0.0,-0.003,0.0
0.181,0.003,5.482,0.0,-0.011,0.0
0.181,0.003,4.606,0.0,-0.021,0.0
0.182,0.003,4.195,0.0,-0.009,0.0
0.182,0.003,5.281,0.0,0.013,0.0
0.182,0.003,4.908,0.0,-0.027,0.0
0.182,0.003,5.382,0.0,0.015,0.0
0.182,0.003,4.394,0.0,-0.037,0.0
0.182,0.003,5.904,0.0,-0.002,0.0
0.182,0.003,5.256,0.0,-0.005,0.0
0.182,0.003,3.932,0.0,0.006,0.0
0.182,0.003,3.883,0.0,-0.019,0.0
0.182,0.003,5.05,0.0,-0.003,0.0
0.182,0.003,5.102,0.0,-0.002,0.0
0.182,0.003,4.618,0.0,0.018,0.0
0.182,0.003,4.734,0.0,-0.018,0.0
0.182,0.003,6.757,0.0,0.003,0.0
0.182,0.003,4.429,0.0,-0.006,0.0
0.182,0.003,4.392,0.0,-0.031,0.0
0.183,0.003,5.365,0.0,-0.006,0.0
0.183,0.003,4.568,0.0,0.01,0.0
0.183,0.003,4.735,0.0,-0.001,0.0
0.183,0.003,4.997,0.0,-0.016,0.0
0.183,0.003,3.778,0.0,0.004,0.0
0.183,0.003,4.048,0.0,-0.006,0.0
0.183,0.003,4.784,0.0,0.001,0.0
0.183,0.003,4.657,0.0,-0.006,0.0
0.183,0.003,5.548,0.0,-0.009,0.0
0.183,0.003,4.971,0.0,-0.001,0.0
0.183,0.003,5.374,0.0,-0.022,0.0
0.183,0.003,5.309,0.0,-0.022,0.0
0.183,0.003,4.844,0.0,-0.02,0.0
0.183,0.003,6.731,0.0,0.006,0.0
0.183,0.003,4.616,0.0,0.019,0.0
0.184,0.003,5.005,0.0,-0.015,0.0
0.184,0.003,4.981,0.0,-0.023,0.0
0.184,0.003,4.933,0.0,0.017,0.0
0.184,0.003,5.053,0.0,-0.034,0.0
0.184,0.003,5.12,0.0,0.002,0.0
0.184,0.003,4.387,0.0,-0.016,0.0
0.184,0.003,4.265,0.0,-0.02,0.0
0.184,0.003,5.308,0.0,0.006,0.0
0.184,0.003,4.915,0.0,-0.023,0.0
0.184,0.003,2.89,0.0,-0.008,0.0
0.184,0.003,4.801,0.0,-0.014,0.0
0.184,0.003,5.41,0.0,-0.006,0.0
0.184,0.003,6.05,0.0,0.002,0.0
0.184,0.003,4.577,0.0,-0.009,0.0
0.184,0.003,5.484,0.0,-0.025,0.0
0.184,0.003,4.973,0.0,0.001,0.0
0.185,0.003,5.376,0.0,0.038,0.0
0.185,0.003,4.924,0.0,0.019,0.0
0.185,0.003,5.184,0.0,-0.029,0.0
0.185,0.003,5.533,0.0,-0.007,0.0
0.185,0.003,4.046,0.0,0.004,0.0
0.185,0.003,5.544,0.0,0.006,0.0
0.185,0.003,4.675,0.0,-0.009,0.0
0.185,0.003,4.557,0.0,-0.017,0.0
0.185,0.003,4.856,0.0,-0.016,0.0
0.185,0.003,5.092,0.0,-0.029,0.0
0.185,0.003,5.448,0.0,0.0,0.0
0.185,0.003,4.727,0.0,-0.017,0.0
0.185,0.003,4.48,0.0,-0.011,0.0
0.185,0.003,6.142,0.0,0.011,0.0
0.185,0.003,5.64,0.0,-0.007,0.0
0.186,0.003,4.999,0.0,-0.007,0.0
0.186,0.003,5.269,0.0,-0.006,0.0
0.186,0.003,5.45,0.0,-0.009,0.0
0.186,0.003,4.813,0.0,-0.008,0.0
0.186,0.003,5.148,0.0,0.002,0.0
0.186,0.003,5.618,0.0,-0.012,0.0
0.186,0.003,5.011,0.0,-0.02,0.0
0.186,0.003,4.322,0.0,0.002,0.0
0.186,0.003,6.82,0.0,0.008,0.0
0.186,0.003,5.968,0.0,0.002,0.0
0.186,0.003,5.566,0.0,-0.01,0.0
0.186,0.003,5.261,0.0,0.008,0.0
0.186,0.003,5.174,0.0,0.006,0.0
0.186,0.003,4.669,0.0,0.04,0.0
0.186,0.003,4.331,0.0,-0.01,0.0
0.186,0.003,4.67,0.0,-0.018,0.0
0.186,0.003,4.146,0.0,-0.003,0.0
0.186,0.003,5.346,0.0,-0.017,0.0
0.186,0.003,4.846,0.0,0.007,0.0
0.187,0.003,4.526,0.0,0.021,0.0
0.187,0.003,6.029,0.0,-0.022,0.0
0.187,0.003,5.464,0.0,0.014,0.0
0.187,0.003,5.848,0.0,0.0,0.0
0.187,0.003,5.575,0.0,0.0,0.0
0.187,0.003,5.158,0.0,0.018,0.0
0.187,0.003,5.093,0.0,-0.004,0.0
0.187,0.003,4.119,0.0,-0.012,0.0
0.187,0.003,5.161,0.0,-0.018,0.0
0.187,0.003,6.024,0.0,-0.012,0.0
0.187,0.003,5.967,0.0,-0.003,0.0
0.187,0.003,4.15,0.0,0.006,0.0
0.187,0.003,6.608,0.0,-0.004,0.0
0.187,0.003,5.407,0.0,-0.014,0.0
0.187,0.003,4.587,0.0,-0.008,0.0
0.187,0.003,4.858,0.0,-0.021,0.0
0.188,0.003,5.3,0.0,0.008,0.0
0.188,0.003,3.745,0.0,0.006,0.0
0.188,0.003,5.469,0.0,-0.004,0.0
0.188,0.003,5.875,0.0,-0.001,0.0
0.188,0.003,4.757,0.0,-0.029,0.0
0.188,0.003,5.857,0.0,-0.001,0.0
0.188,0.003,5.496,0.0,-0.019,0.0
0.188,0.003,4.821,0.0,-0.011,0.0
0.188,0.003,3.787,0.0,0.004,0.0
0.188,0.003,4.38,0.0,0.018,0.0
0.188,0.003,5.003,0.0,-0.003,0.0
0.188,0.003,4.905,0.0,-0.011,0.0
0.188,0.003,5.007,0.0,-0.005,0.0
0.189,0.003,5.882,0.0,0.009,0.0
0.189,0.003,5.2,0.0,-0.024,0.0
0.189,0.003,5.989,0.0,-0.005,0.0
0.189,0.003,4.882,0.0,0.01,0.0
0.189,0.003,5.171,0.0,0.006,0.0
0.189,0.003,3.244,0.0,-0.004,0.0
0.189,0.003,6.236,0.0,0.012,0.0
0.189,0.003,5.489,0.0,0.002,0.0
0.189,0.003,5.134,0.0,-0.002,0.0
0.189,0.003,4.958,0.0,-0.022,0.0
0.189,0.003,4.327,0.0,-0.011,0.0
0.189,0.003,5.191,0.0,-0.01,0.0
0.189,0.003,5.26,0.0,-0.002,0.0
0.189,0.003,3.977,0.0,-0.003,0.0
0.19,0.003,4.399,0.0,-0.006,0.0
0.19,0.003,4.744,0.0,-0.006,0.0
0.19,0.003,5.997,0.0,-0.016,0.0
0.19,0.003,4.647,0.0,-0.012,0.0
0.19,0.003,4.766,0.0,-0.026,0.0
0.19,0.003,5.229,0.0,-0.018,0.0
0.19,0.003,4.478,0.0,-0.004,0.0
0.19,0.003,6.169,0.0,-0.01,0.0
0.19,0.003,5.394,0.0,-0.005,0.0
0.19,0.003,5.401,0.0,-0.012,0.0
0.19,0.003,5.923,0.0,-0.003,0.0
0.19,0.003,3.896,0.0,-0.011,0.0
0.19,0.003,4.065,0.0,-0.008,0.0
0.19,0.003,4.79,0.0,-0.041,0.0
0.19,0.003,5.356,0.0,0.014,0.0
0.19,0.003,4.935,0.0,-0.027,0.0
0.19,0.003,5.645,0.0,-0.008,0.0
0.19,0.003,5.296,0.0,-0.016,0.0
0.19,0.003,5.497,0.0,0.001,0.0
0.191,0.003,5.033,0.0,-0.02,0.0
0.191,0.003,5.06,0.0,-0.009,0.0
0.191,0.003,4.302,0.0,-0.007,0.0
0.191,0.003,5.414,0.0,-0.003,0.0
0.191,0.003,4.619,0.0,-0.023,0.0
0.191,0.003,5.182,0.0,-0.008,0.0
0.191,0.003,3.961,0.0,0.006,0.0
0.191,0.003,4.311,0.0,-0.024,0.0
0.191,0.003,4.53,0.0,-0.009,0.0
0.191,0.003,4.779,0.0,-0.023,0.0
0.191,0.003,5.537,0.0,-0.024,0.0
0.191,0.003,4.211,0.0,0.004,0.0
0.191,0.003,6.069,0.0,0.005,0.0
0.191,0.003,4.783,0.0,0.02,0.0
0.191,0.003,5.115,0.0,-0.019,0.0
0.191,0.003,4.3,0.0,0.012,0.0
0.192,0.003,5.193,0.0,-0.008,0.0
0.192,0.003,4.394,0.0,-0.01,0.0
0.192,0.003,4.592,0.0,-0.003,0.0
0.192,0.003,5.081,0.0,-0.012,0.0
0.192,0.003,5.404,0.0,0.002,0.0
0.192,0.003,5.333,0.0,-0.006,0.0
0.192,0.003,6.905,0.0,0.002,0.0
0.192,0.003,4.547,0.0,-0.022,0.0
0.192,0.003,5.086,0.0,-0.019,0.0
0.192,0.003,4.909,0.0,-0.014,0.0
0.193,0.003,4.809,0.0,-0.01,0.0
0.193,0.003,4.48,0.0,-0.018,0.0
0.193,0.003,4.532,0.0,-0.033,0.0
0.193,0.003,5.108,0.0,-0.016,0.0
0.193,0.003,4.681,0.0,-0.013,0.0
0.193,0.003,4.456,0.0,-0.001,0.0
0.193,0.003,5.051,0.0,-0.011,0.0
0.193,0.003,3.844,0.0,-0.002,0.0
0.193,0.003,5.874,0.0,-0.009,0.0
0.193,0.003,3.723,0.0,0.002,0.0
0.193,0.003,4.666,0.0,-0.021,0.0
0.193,0.003,4.792,0.0,-0.008,0.0
0.193,0.003,4.596,0.0,-0.014,0.0
0.193,0.003,4.909,0.0,-0.014,0.0
0.193,0.003,4.994,0.0,0.011,0.0
0.194,0.003,5.001,0.0,0.009,0.0
0.194,0.003,4.168,0.0,0.001,0.0
0.194,0.003,3.883,0.0,-0.007,0.0
0.194,0.003,6.363,0.0,-0.012,0.0
0.194,0.003,6.164,0.0,-0.0,0.0
0.194,0.003,5.65,0.0,-0.014,0.0
0.194,0.003,5.177,0.0,-0.015,0.0
0.194,0.003,4.416,0.0,-0.007,0.0
0.194,0.003,4.467,0.0,-0.002,0.0
0.194,0.003,6.853,0.0,-0.007,0.0
0.194,0.003,4.732,0.0,0.004,0.0
0.194,0.003,4.603,0.0,-0.019,0.0
0.194,0.003,6.843,0.0,0.009,0.0
0.194,0.003,5.042,0.0,-0.006,0.0
0.195,0.003,4.755,0.0,-0.009,0.0
0.195,0.003,5.828,0.0,0.006,0.0
0.195,0.003,5.125,0.0,-0.011,0.0
0.195,0.003,4.567,0.0,0.0,0.0
0.195,0.003,4.756,0.0,-0.005,0.0
0.195,0.003,5.885,0.0,0.005,0.0
0.195,0.003,4.85,0.0,-0.018,0.0
0.195,0.003,5.316,0.0,0.0,0.0
0.195,0.003,5.595,0.0,-0.007,0.0
0.195,0.003,3.994,0.0,-0.005,0.0
0.195,0.003,4.817,0.0,-0.024,0.0
0.196,0.003,5.95,0.0,-0.011,0.0
0.196,0.003,5.639,0.0,-0.006,0.0
0.196,0.003,5.089,0.0,-0.007,0.0
0.196,0.003,4.883,0.0,0.008,0.0
0.196,0.003,3.124,0.0,0.003,0.0
0.196,0.003,5.419,0.0,-0.014,0.0
0.196,0.003,4.872,0.0,-0.027,0.0
0.196,0.003,4.916,0.0,-0.012,0.0
0.196,0.003,6.133,0.0,-0.01,0.0
0.196,0.003,5.113,0.0,-0.004,0.0
0.196,0.003,4.556,0.0,0.013,0.0
0.196,0.003,5.644,0.0,-0.015,0.0
0.196,0.003,5.295,0.0,-0.014,0.0
0.196,0.003,5.323,0.0,0.012,0.0
0.196,0.003,5.579,0.0,0.004,0.0
0.197,0.003,3.822,0.0,0.013,0.0
0.197,0.003,5.063,0.0,-0.007,0.0
0.197,0.003,4.773,0.0,0.001,0.0
0.197,0.003,3.972,0.0,0.001,0.0
0.197,0.003,4.871,0.0,0.005,0.0
0.197,0.003,4.415,0.0,-0.02,0.0
0.197,0.003,4.674,0.0,0.015,0.0
0.197,0.003,6.021,0.0,-0.007,0.0
0.197,0.003,4.168,0.0,-0.011,0.0
0.197,0.003,4.977,0.0,-0.007,0.0
0.197,0.003,6.134,0.0,-0.009,0.0
0.198,0.003,3.926,0.0,0.014,0.0
0.198,0.003,4.654,0.0,-0.002,0.0
0.198,0.003,4.97,0.0,0.011,0.0
0.198,0.003,6.664,0.0,0.0,0.0
0.198,0.003,5.098,0.0,-0.007,0.0
0.198,0.003,4.948,0.0,-0.003,0.0
0.198,0.003,4.903,0.0,-0.002,0.0
0.198,0.003,5.214,0.0,-0.014,0.0
0.198,0.003,5.11,0.0,-0.024,0.0
0.198,0.003,5.673,0.0,-0.001,0.0
0.198,0.003,4.536,0.0,0.014,0.0
0.198,0.003,4.591,0.0,-0.029,0.0
0.198,0.003,4.691,0.0,-0.001,0.0
0.198,0.003,5.196,0.0,0.014,0.0
0.198,0.003,6.173,0.0,-0.009,0.0
0.198,0.003,4.434,0.0,-0.005,0.0
0.198,0.003,5.758,0.0,-0.016,0.0
0.198,0.003,5.202,0.0,-0.025,0.0
0.198,0.003,4.967,0.0,-0.007,0.0
0.198,0.003,5.088,0.0,-0.002,0.0
0.198,0.003,6.318,0.0,-0.008,0.0
0.198,0.003,3.025,0.0,0.003,0.0
0.198,0.003,3.802,0.0,-0.003,0.0
0.198,0.003,4.491,0.0,-0.002,0.0
0.199,0.003,4.511,0.0,-0.007,0.0
0.199,0.003,4.912,0.0,-0.005,0.0
0.199,0.003,4.72,0.0,0.04,0.0
0.199,0.003,4.845,0.0,-0.006,0.0
0.199,0.003,5.216,0.0,-0.014,0.0
0.199,0.003,4.83,0.0,-0.014,0.0
0.199,0.003,5.433,0.0,-0.018,0.0
0.199,0.003,4.787,0.0,-0.032,0.0
0.199,0.003,5.27,0.0,-0.014,0.0
0.199,0.003,4.128,0.0,-0.007,0.0
0.199,0.003,4.933,0.0,0.004,0.0
0.199,0.003,5.163,0.0,0.013,0.0
0.199,0.003,5.151,0.0,-0.004,0.0
0.199,0.003,6.21,0.0,-0.003,0.0
0.199,0.003,5.935,0.0,0.001,0.0
0.2,0.003,4.589,0.0,-0.004,0.0
0.2,0.003,5.996,0.0,-0.015,0.0
0.2,0.003,6.043,0.0,0.007,0.0
0.2,0.003,4.282,0.0,0.023,0.0
0.2,0.003,4.912,0.0,-0.011,0.0
0.2,0.003,3.37,0.0,-0.01,0.0
0.2,0.003,5.075,0.0,-0.001,0.0
0.2,0.003,4.703,0.0,-0.018,0.0
0.2,0.003,5.508,0.0,-0.01,0.0
0.2,0.003,4.896,0.0,0.029,0.0
0.2,0.003,4.569,0.0,0.009,0.0
0.2,0.003,5.544,0.0,-0.01,0.0
0.2,0.003,4.069,0.0,-0.02,0.0
0.2,0.003,5.289,0.0,-0.004,0.0
0.2,0.003,5.089,0.0,-0.008,0.0
0.2,0.003,4.292,0.0,0.003,0.0
0.2,0.003,4.982,0.0,-0.002,0.0
0.201,0.003,5.054,0.0,-0.018,0.0
0.201,0.003,4.947,0.0,-0.023,0.0
0.201,0.003,5.248,0.0,0.02,0.0
0.201,0.003,4.287,0.0,-0.009,0.0
0.201,0.003,5.822,0.0,-0.002,0.0
0.201,0.003,4.249,0.0,0.019,0.0
0.201,0.003,5.198,0.0,0.016,0.0
0.201,0.003,5.259,0.0,0.002,0.0
0.201,0.003,4.593,0.0,-0.026,0.0
0.201,0.003,6.563,0.0,0.017,0.0
0.201,0.003,4.891,0.0,-0.012,0.0
0.201,0.003,4.814,0.0,-0.022,0.0
0.201,0.003,4.162,0.0,-0.004,0.0
0.201,0.003,4.912,0.0,0.005,0.0
0.201,0.003,4.712,0.0,-0.016,0.0
0.202,0.003,5.521,0.0,-0.006,0.0
0.202,0.003,3.785,0.0,-0.008,0.0
0.202,0.003,5.248,0.0,-0.004,0.0
0.202,0.003,5.936,0.0,0.005,0.0
0.202,0.003,5.048,0.0,-0.005,0.0
0.202,0.003,4.201,0.0,0.013,0.0
0.202,0.003,4.897,0.0,-0.015,0.0
0.202,0.003,4.692,0.0,-0.011,0.0
0.202,0.003,5.24,0.0,-0.001,0.0
0.202,0.003,5.019,0.0,-0.029,0.0
0.202,0.003,6.342,0.0,0.0,0.0
0.202,0.003,4.965,0.0,-0.012,0.0
0.202,0.003,4.927,0.0,0.01,0.0
0.202,0.003,4.269,0.0,-0.006,0.0
0.202,0.003,5.026,0.0,-0.022,0.0
0.203,0.003,4.084,0.0,-0.024,0.0
0.203,0.003,2.837,0.0,0.0,0.0
0.203,0.003,4.248,0.0,-0.004,0.0
0.203,0.003,4.571,0.0,0.001,0.0
0.203,0.003,5.119,0.0,0.01,0.0
0.203,0.003,5.66,0.0,-0.021,0.0
0.203,0.003,4.645,0.0,-0.013,0.0
0.203,0.003,3.792,0.0,-0.021,0.0
0.203,0.003,4.676,0.0,-0.003,0.0
0.203,0.003,5.853,0.0,-0.012,0.0
0.203,0.003,4.348,0.0,-0.019,0.0
0.203,0.003,5.16,0.0,0.002,0.0
0.203,0.003,4.942,0.0,-0.014,0.0
0.203,0.003,4.28,0.0,-0.009,0.0
0.203,0.003,6.063,0.0,-0.022,0.0
0.204,0.003,4.893,0.0,-0.017,0.0
0.204,0.003,4.825,0.0,-0.014,0.0
0.204,0.003,4.721,0.0,-0.011,0.0
0.204,0.003,5.552,0.0,-0.0,0.0
0.204,0.003,5.167,0.0,-0.003,0.0
0.204,0.003,5.811,0.0,-0.012,0.0
0.204,0.003,4.36,0.0,0.004,0.0
0.204,0.003,5.11,0.0,0.001,0.0
0.204,0.003,5.842,0.0,-0.002,0.0
0.204,0.003,6.024,0.0,-0.009,0.0
0.204,0.003,5.644,0.0,-0.016,0.0
0.204,0.003,4.919,0.0,-0.014,0.0
0.204,0.003,5.206,0.0,0.009,0.0
0.204,0.003,3.778,0.0,-0.026,0.0
0.204,0.003,5.034,0.0,-0.0,0.0
0.204,0.003,4.611,0.0,-0.009,0.0
0.205,0.003,5.12,0.0,-0.023,0.0
0.205,0.003,5.293,0.0,0.005,0.0
0.205,0.003,4.935,0.0,-0.02,0.0
0.205,0.003,4.149,0.0,-0.026,0.0
0.205,0.003,6.676,0.0,-0.018,0.0
0.205,0.003,5.529,0.0,-0.015,0.0
0.205,0.003,5.836,0.0,-0.011,0.0
0.205,0.003,4.623,0.0,-0.002,0.0
0.205,0.003,5.353,0.0,-0.007,0.0
0.205,0.003,5.363,0.0,-0.002,0.0
0.205,0.003,5.311,0.0,0.004,0.0
0.205,0.003,5.116,0.0,-0.028,0.0
0.205,0.003,5.097,0.0,-0.013,0.0
0.205,0.003,6.506,0.0,0.006,0.0
0.205,0.003,5.515,0.0,-0.02,0.0
0.205,0.003,4.14,0.0,-0.001,0.0
0.205,0.003,3.326,0.0,0.012,0.0
0.205,0.003,5.811,0.0,-0.004,0.0
0.205,0.003,3.772,0.0,-0.005,0.0
0.205,0.003,4.921,0.0,-0.02,0.0
0.205,0.003,4.553,0.0,-0.004,0.0
0.206,0.003,5.787,0.0,-0.009,0.0
0.206,0.003,4.864,0.0,0.002,0.0
0.206,0.003,4.82,0.0,0.005,0.0
0.206,0.003,2.471,0.0,0.004,0.0
0.206,0.003,4.386,0.0,-0.01,0.0
0.206,0.003,4.457,0.0,-0.012,0.0
0.206,0.003,4.064,0.0,-0.003,0.0
0.206,0.003,5.093,0.0,0.002,0.0
0.206,0.003,4.588,0.0,-0.012,0.0
0.206,0.003,5.366,0.0,-0.013,0.0
0.206,0.003,3.818,0.0,-0.005,0.0
0.206,0.003,4.685,0.0,-0.003,0.0
0.206,0.003,4.942,0.0,-0.009,0.0
0.206,0.003,4.726,0.0,-0.013,0.0
0.206,0.003,5.126,0.0,-0.018,0.0
0.206,0.003,4.912,0.0,0.01,0.0
0.206,0.003,4.826,0.0,-0.025,0.0
0.206,0.003,6.932,0.0,-0.005,0.0
0.206,0.003,4.905,0.0,-0.022,0.0
0.206,0.003,4.99,0.0,-0.02,0.0
0.206,0.003,5.352,0.0,-0.012,0.0
0.206,0.003,5.463,0.0,-0.003,0.0
0.206,0.003,4.99,0.0,-0.031,0.0
0.207,0.003,4.886,0.0,-0.016,0.0
0.207,0.003,5.001,0.0,-0.008,0.0
0.207,0.003,6.566,0.0,0.005,0.0
0.207,0.003,5.442,0.0,-0.019,0.0
0.207,0.003,5.108,0.0,-0.002,0.0
0.207,0.003,5.181,0.0,-0.006,0.0
0.207,0.003,5.351,0.0,-0.006,0.0
0.207,0.003,4.722,0.0,-0.012,0.0
0.207,0.003,4.92,0.0,0.005,0.0
0.207,0.003,5.788,0.0,-0.014,0.0
0.207,0.003,5.821,0.0,-0.005,0.0
0.207,0.003,6.08,0.0,-0.002,0.0
0.207,0.003,3.097,0.0,0.006,0.0
0.207,0.003,4.68,0.0,-0.016,0.0
0.207,0.003,6.111,0.0,-0.014,0.0
0.207,0.003,5.239,0.0,0.007,0.0
0.207,0.003,5.03,0.0,0.009,0.0
0.207,0.003,5.421,0.0,-0.004,0.0
0.207,0.003,4.472,0.0,-0.017,0.0
0.207,0.003,6.207,0.0,0.037,0.0
0.207,0.003,4.911,0.0,0.006,0.0
0.207,0.003,5.779,0.0,-0.004,0.0
0.207,0.003,4.939,0.0,-0.02,0.0
0.207,0.003,5.115,0.0,-0.008,0.0
0.207,0.003,3.98,0.0,0.01,0.0
0.207,0.003,4.527,0.0,-0.017,0.0
0.208,0.003,5.545,0.0,-0.021,0.0
0.208,0.003,4.991,0.0,-0.014,0.0
0.208,0.003,5.365,0.0,-0.012,0.0
0.208,0.003,5.732,0.0,-0.013,0.0
0.208,0.003,5.428,0.0,-0.019,0.0
0.208,0.003,4.229,0.0,0.011,0.0
0.208,0.003,4.914,0.0,-0.02,0.0
0.208,0.003,4.681,0.0,-0.028,0.0
0.208,0.003,4.822,0.0,-0.002,0.0
0.208,0.003,5.071,0.0,-0.004,0.0
0.208,0.003,6.729,0.0,-0.013,0.0
0.208,0.003,4.033,0.0,-0.002,0.0
0.208,0.003,4.469,0.0,0.005,0.0
0.208,0.003,4.768,0.0,-0.012,0.0
0.208,0.003,4.645,0.0,0.005,0.0
0.208,0.003,5.633,0.0,-0.001,0.0
0.208,0.003,3.984,0.0,-0.003,0.0
0.208,0.003,5.34,0.0,0.003,0.0
0.208,0.003,4.871,0.0,-0.005,0.0
0.208,0.003,5.438,0.0,-0.021,0.0
0.208,0.003,4.371,0.0,0.005,0.0
0.208,0.003,4.737,0.0,-0.022,0.0
0.208,0.003,4.697,0.0,-0.002,0.0
0.208,0.003,5.507,0.0,-0.012,0.0
0.208,0.003,4.943,0.0,-0.026,0.0
0.208,0.003,6.147,0.0,-0.009,0.0
0.209,0.003,5.195,0.0,0.013,0.0
0.209,0.003,5.139,0.0,-0.016,0.0
0.209,0.003,5.291,0.0,-0.011,0.0
0.209,0.003,5.348,0.0,0.011,0.0
0.209,0.003,4.595,0.0,0.001,0.0
0.209,0.003,4.622,0.0,0.005,0.0
0.209,0.003,5.33,0.0,-0.013,0.0
0.209,0.003,4.596,0.0,0.001,0.0
0.209,0.003,6.325,0.0,-0.012,0.0
0.209,0.003,4.925,0.0,0.01,0.0
0.209,0.003,5.075,0.0,-0.018,0.0
0.209,0.003,4.1,0.0,-0.009,0.0
0.209,0.003,6.518,0.0,-0.009,0.0
0.209,0.003,5.107,0.0,-0.004,0.0
0.209,0.003,3.946,0.0,-0.019,0.0
0.209,0.003,4.6,0.0,-0.006,0.0
0.209,0.003,5.774,0.0,0.037,0.0
0.209,0.003,5.629,0.0,0.002,0.0
0.209,0.003,5.259,0.0,-0.003,0.0
0.209,0.003,4.919,0.0,-0.038,0.0
0.209,0.003,5.573,0.0,-0.007,0.0
0.209,0.003,5.267,0.0,0.011,0.0
0.209,0.003,4.876,0.0,-0.018,0.0
0.209,0.003,4.863,0.0,0.01,0.0
0.21,0.003,3.607,0.0,-0.0,0.0
0.21,0.003,6.096,0.0,-0.008,0.0
0.21,0.003,4.283,0.0,-0.005,0.0
0.21,0.003,5.934,0.0,-0.011,0.0
0.21,0.003,4.92,0.0,0.0,0.0
0.21,0.003,3.522,0.0,-0.023,0.0
0.21,0.003,6.339,0.0,0.016,0.0
0.21,0.003,3.893,0.0,-0.023,0.0
0.21,0.003,5.013,0.0,-0.02,0.0
0.21,0.003,3.914,0.0,-0.01,0.0
0.21,0.003,4.679,0.0,0.007,0.0
0.21,0.003,4.098,0.0,-0.014,0.0
0.21,0.003,3.465,0.0,0.005,0.0
0.21,0.003,6.353,0.0,-0.007,0.0
0.21,0.003,5.235,0.0,-0.008,0.0
0.21,0.003,4.783,0.0,0.0,0.0
0.21,0.003,4.67,0.0,0.005,0.0
0.21,0.003,5.19,0.0,-0.041,0.0
0.21,0.003,4.944,0.0,-0.008,0.0
0.21,0.003,4.477,0.0,-0.001,0.0
0.21,0.003,5.343,0.0,-0.009,0.0
0.21,0.003,4.148,0.0,-0.018,0.0
0.21,0.003,4.763,0.0,-0.021,0.0
0.21,0.003,4.538,0.0,-0.001,0.0
0.21,0.003,5.588,0.0,0.003,0.0
0.21,0.003,4.054,0.0,0.003,0.0
0.21,0.003,4.868,0.0,-0.006,0.0
0.21,0.003,4.726,0.0,-0.003,0.0
0.21,0.003,3.74,0.0,0.001,0.0
0.21,0.003,6.693,0.0,0.003,0.0
0.21,0.003,5.85,0.0,0.006,0.0
0.21,0.003,4.87,0.0,-0.022,0.0
0.21,0.003,4.733,0.0,-0.011,0.0
0.211,0.003,5.315,0.0,-0.023,0.0
0.211,0.003,5.661,0.0,-0.005,0.0
0.211,0.003,4.797,0.0,-0.017,0.0
0.211,0.003,4.989,0.0,0.001,0.0
0.211,0.003,5.145,0.0,-0.02,0.0
0.211,0.003,4.275,0.0,0.012,0.0
0.211,0.003,5.244,0.0,-0.014,0.0
0.211,0.003,4.943,0.0,0.013,0.0
0.211,0.003,3.824,0.0,-0.003,0.0
0.211,0.003,4.228,0.0,0.006,0.0
0.211,0.003,4.903,0.0,-0.023,0.0
0.211,0.003,5.107,0.0,0.001,0.0
0.211,0.003,4.079,0.0,0.009,0.0
0.212,0.003,4.202,0.0,-0.013,0.0
0.212,0.003,4.98,0.0,-0.025,0.0
0.212,0.003,4.574,0.0,-0.005,0.0
0.212,0.003,4.278,0.0,0.017,0.0
0.212,0.003,5.189,0.0,-0.02,0.0
0.212,0.003,5.18,0.0,-0.008,0.0
0.212,0.003,5.273,0.0,-0.012,0.0
0.212,0.003,5.018,0.0,0.004,0.0
0.212,0.003,5.803,0.0,-0.003,0.0
0.212,0.003,4.388,0.0,0.009,0.0
0.212,0.003,6.388,0.0,0.0,0.0
0.212,0.003,4.219,0.0,0.001,0.0
0.212,0.003,5.169,0.0,-0.02,0.0
0.212,0.003,5.202,0.0,0.002,0.0
0.212,0.003,6.053,0.0,0.003,0.0
0.212,0.003,4.39,0.0,-0.017,0.0
0.212,0.003,4.571,0.0,-0.015,0.0
0.212,0.003,4.84,0.0,-0.009,0.0
0.212,0.003,4.652,0.0,0.008,0.0
0.212,0.003,4.515,0.0,-0.015,0.0
0.212,0.003,4.593,0.0,-0.028,0.0
0.212,0.003,5.476,0.0,-0.01,0.0
0.212,0.003,6.08,0.0,0.004,0.0
0.213,0.003,5.548,0.0,-0.004,0.0
0.213,0.003,4.261,0.0,0.002,0.0
0.213,0.003,5.187,0.0,-0.016,0.0
0.213,0.003,5.081,0.0,0.015,0.0
0.213,0.003,4.705,0.0,-0.016,0.0
0.213,0.003,4.429,0.0,-0.018,0.0
0.213,0.003,5.526,0.0,-0.023,0.0
0.213,0.003,5.028,0.0,0.015,0.0
0.213,0.003,5.145,0.0,0.005,0.0
0.213,0.003,4.082,0.0,-0.005,0.0
0.213,0.003,6.169,0.0,-0.019,0.0
0.213,0.003,4.849,0.0,-0.005,0.0
0.213,0.003,4.695,0.0,-0.006,0.0
0.213,0.003,4.255,0.0,0.001,0.0
0.213,0.003,4.872,0.0,-0.001,0.0
0.213,0.003,4.113,0.0,0.012,0.0
0.213,0.003,4.185,0.0,-0.002,0.0
0.213,0.003,4.735,0.0,-0.019,0.0
0.214,0.003,5.1,0.0,-0.017,0.0
0.214,0.003,5.145,0.0,-0.006,0.0
0.214,0.003,4.843,0.0,-0.012,0.0
0.214,0.003,4.008,0.0,-0.011,0.0
0.214,0.003,4.835,0.0,-0.013,0.0
0.214,0.003,4.94,0.0,-0.006,0.0
0.214,0.003,4.494,0.0,0.002,0.0
0.214,0.003,4.827,0.0,-0.014,0.0
0.214,0.003,4.304,0.0,-0.01,0.0
0.214,0.003,5.558,0.0,0.006,0.0
0.214,0.003,4.643,0.0,-0.011,0.0
0.214,0.003,5.395,0.0,-0.026,0.0
0.214,0.003,4.363,0.0,0.003,0.0
0.214,0.003,4.377,0.0,-0.004,0.0
0.214,0.003,4.617,0.0,-0.003,0.0
0.214,0.003,5.376,0.0,0.004,0.0
0.214,0.003,4.818,0.0,0.017,0.0
0.214,0.003,4.672,0.0,-0.002,0.0
0.214,0.003,4.693,0.0,-0.034,0.0
0.214,0.003,5.022,0.0,-0.001,0.0
0.214,0.003,4.781,0.0,-0.019,0.0
0.215,0.003,4.533,0.0,0.011,0.0
0.215,0.003,2.858,0.0,0.003,0.0
0.215,0.003,5.54,0.0,-0.015,0.0
0.215,0.003,4.943,0.0,0.002,0.0
0.215,0.003,3.992,0.0,-0.006,0.0
0.215,0.003,5.11,0.0,-0.007,0.0
0.215,0.003,4.441,0.0,-0.009,0.0
0.215,0.003,4.709,0.0,0.005,0.0
0.215,0.003,4.968,0.0,-0.022,0.0
0.215,0.003,5.237,0.0,-0.029,0.0
0.215,0.003,4.901,0.0,-0.008,0.0
0.215,0.003,4.356,0.0,-0.016,0.0
0.215,0.003,4.403,0.0,-0.01,0.0
0.215,0.003,4.522,0.0,0.008,0.0
0.215,0.003,4.751,0.0,-0.008,0.0
0.215,0.003,4.603,0.0,0.005,0.0
0.215,0.003,4.595,0.0,0.016,0.0
0.215,0.003,5.871,0.0,-0.026,0.0
0.215,0.003,5.495,0.0,-0.009,0.0
0.216,0.003,5.255,0.0,-0.036,0.0
0.216,0.003,6.732,0.0,0.008,0.0
0.216,0.003,6.114,0.0,0.001,0.0
0.216,0.003,4.626,0.0,0.02,0.0
0.216,0.003,5.325,0.0,-0.003,0.0
0.216,0.003,4.353,0.0,-0.001,0.0
0.216,0.003,4.389,0.0,-0.006,0.0
0.216,0.003,4.667,0.0,-0.004,0.0
0.216,0.003,4.815,0.0,0.007,0.0
0.216,0.003,4.85,0.0,-0.015,0.0
0.216,0.003,5.513,0.0,-0.007,0.0
0.216,0.003,5.561,0.0,0.002,0.0
0.216,0.003,5.606,0.0,-0.002,0.0
0.216,0.003,5.154,0.0,-0.015,0.0
0.216,0.003,4.324,0.0,0.006,0.0
0.217,0.003,5.111,0.0,0.002,0.0
0.217,0.003,4.89,0.0,0.016,0.0
0.217,0.003,5.634,0.0,0.001,0.0
0.217,0.003,4.581,0.0,0.014,0.0
0.217,0.003,4.768,0.0,-0.029,0.0
0.217,0.003,5.008,0.0,-0.005,0.0
0.217,0.003,5.244,0.0,-0.012,0.0
0.217,0.003,5.54,0.0,-0.004,0.0
0.217,0.003,4.464,0.0,-0.002,0.0
0.217,0.003,4.704,0.0,-0.004,0.0
0.217,0.003,5.727,0.0,-0.01,0.0
0.217,0.003,3.95,0.0,0.003,0.0
0.217,0.003,5.205,0.0,-0.018,0.0
0.217,0.003,3.967,0.0,-0.003,0.0
0.217,0.003,5.714,0.0,-0.016,0.0
0.217,0.003,4.563,0.0,-0.004,0.0
0.217,0.003,4.898,0.0,-0.022,0.0
0.217,0.003,5.579,0.0,-0.002,0.0
0.217,0.003,4.801,0.0,-0.025,0.0
0.217,0.003,4.843,0.0,-0.003,0.0
0.217,0.003,5.459,0.0,-0.007,0.0
0.217,0.003,2.509,0.0,0.007,0.0
0.217,0.003,5.112,0.0,-0.006,0.0
0.218,0.003,3.753,0.0,0.014,0.0
0.218,0.003,5.554,0.0,-0.011,0.0
0.218,0.003,4.603,0.0,-0.008,0.0
0.218,0.003,5.277,0.0,-0.026,0.0
0.218,0.003,5.538,0.0,-0.028,0.0
0.218,0.003,5.26,0.0,0.005,0.0
0.218,0.003,3.889,0.0,-0.005,0.0
0.218,0.003,5.679,0.0,-0.005,0.0
0.218,0.003,5.559,0.0,0.006,0.0
0.218,0.003,4.761,0.0,-0.013,0.0
0.218,0.003,4.034,0.0,0.001,0.0
0.218,0.003,6.58,0.0,-0.001,0.0
0.218,0.003,5.429,0.0,-0.027,0.0
0.218,0.003,4.488,0.0,-0.015,0.0
0.218,0.003,5.746,0.0,0.001,0.0
0.218,0.003,4.886,0.0,-0.016,0.0
0.218,0.003,4.635,0.0,-0.005,0.0
0.218,0.003,4.817,0.0,-0.009,0.0
0.218,0.003,4.815,0.0,-0.015,0.0
0.219,0.003,4.944,0.0,-0.025,0.0
0.219,0.003,5.31,0.0,0.005,0.0
0.219,0.003,5.409,0.0,-0.006,0.0
0.219,0.003,4.241,0.0,-0.003,0.0
0.219,0.003,5.697,0.0,-0.01,0.0
0.219,0.003,4.483,0.0,0.012,0.0
0.219,0.003,5.29,0.0,0.008,0.0
0.219,0.003,4.517,0.0,-0.008,0.0
0.219,0.003,3.954,0.0,-0.005,0.0
0.219,0.003,4.811,0.0,0.0,0.0
0.219,0.003,5.317,0.0,-0.026,0.0
0.219,0.003,5.462,0.0,-0.007,0.0
0.219,0.003,5.147,0.0,-0.014,0.0
0.219,0.003,4.479,0.0,-0.029,0.0
0.219,0.003,5.131,0.0,-0.021,0.0
0.219,0.003,4.511,0.0,0.007,0.0
0.219,0.003,5.408,0.0,-0.017,0.0
0.219,0.003,3.847,0.0,0.003,0.0
0.219,0.003,4.489,0.0,-0.019,0.0
0.219,0.003,4.614,0.0,0.014,0.0
0.22,0.003,4.991,0.0,-0.015,0.0
0.22,0.003,4.414,0.0,0.002,0.0
0.22,0.003,6.017,0.0,-0.011,0.0
0.22,0.003,4.721,0.0,-0.003,0.0
0.22,0.003,5.526,0.0,-0.019,0.0
0.22,0.003,6.803,0.0,0.004,0.0
0.22,0.003,5.286,0.0,-0.006,0.0
0.22,0.003,4.988,0.0,-0.027,0.0
0.22,0.003,5.857,0.0,-0.01,0.0
0.22,0.003,4.919,0.0,-0.015,0.0
0.22,0.003,4.064,0.0,0.001,0.0
0.22,0.003,6.12,0.0,-0.002,0.0
0.22,0.003,5.045,0.0,-0.015,0.0
0.22,0.003,4.136,0.0,-0.015,0.0
0.22,0.003,5.042,0.0,-0.02,0.0
0.22,0.003,4.112,0.0,0.003,0.0
0.22,0.003,4.362,0.0,-0.008,0.0
0.22,0.003,4.409,0.0,-0.016,0.0
0.22,0.003,5.369,0.0,-0.008,0.0
0.22,0.003,3.975,0.0,0.014,0.0
0.22,0.003,4.575,0.0,-0.009,0.0
0.22,0.003,3.152,0.0,-0.002,0.0
0.22,0.003,4.733,0.0,-0.002,0.0
0.221,0.003,5.51,0.0,0.005,0.0
0.221,0.003,4.457,0.0,-0.016,0.0
0.221,0.003,5.253,0.0,-0.017,0.0
0.221,0.003,5.53,0.0,-0.008,0.0
0.221,0.003,5.987,0.0,-0.004,0.0
0.221,0.003,5.29,0.0,0.004,0.0
0.221,0.003,4.945,0.0,0.002,0.0
0.221,0.003,5.069,0.0,-0.019,0.0
0.221,0.003,4.716,0.0,-0.003,0.0
0.221,0.003,5.695,0.0,-0.002,0.0
0.221,0.003,5.443,0.0,-0.003,0.0
0.221,0.003,5.342,0.0,-0.003,0.0
0.221,0.003,5.798,0.0,0.027,0.0
0.221,0.003,3.24,0.0,0.005,0.0
0.221,0.003,4.875,0.0,-0.008,0.0
0.221,0.003,5.513,0.0,0.005,0.0
0.221,0.003,4.552,0.0,-0.012,0.0
0.221,0.003,5.052,0.0,-0.005,0.0
0.221,0.003,5.547,0.0,-0.021,0.0
0.221,0.003,4.794,0.0,-0.009,0.0
0.221,0.003,3.207,0.0,0.003,0.0
0.221,0.003,5.127,0.0,-0.005,0.0
0.222,0.003,5.131,0.0,-0.009,0.0
0.222,0.003,5.075,0.0,-0.027,0.0
0.222,0.003,5.939,0.0,-0.012,0.0
0.222,0.003,4.869,0.0,-0.017,0.0
0.222,0.003,4.129,0.0,-0.002,0.0
0.222,0.003,4.636,0.0,-0.001,0.0
0.222,0.003,5.173,0.0,-0.019,0.0
0.222,0.003,6.145,0.0,-0.027,0.0
0.222,0.003,6.406,0.0,0.002,0.0
0.222,0.003,2.807,0.0,-0.0,0.0
0.222,0.003,4.177,0.0,-0.026,0.0
0.222,0.003,4.77,0.0,0.016,0.0
0.222,0.003,5.514,0.0,0.009,0.0
0.222,0.003,5.351,0.0,-0.016,0.0
0.222,0.003,6.139,0.0,-0.01,0.0
0.222,0.003,5.417,0.0,-0.016,0.0
0.222,0.003,4.743,0.0,0.006,0.0
0.222,0.003,4.977,0.0,-0.008,0.0
0.222,0.003,4.827,0.0,-0.023,0.0
0.223,0.003,5.916,0.0,-0.019,0.0
0.223,0.003,5.847,0.0,0.013,0.0
0.223,0.003,4.472,0.0,-0.009,0.0
0.223,0.003,4.314,0.0,-0.025,0.0
0.223,0.003,5.13,0.0,-0.022,0.0
0.223,0.003,4.925,0.0,-0.016,0.0
0.223,0.003,5.469,0.0,-0.008,0.0
0.223,0.003,3.841,0.0,-0.008,0.0
0.223,0.003,5.395,0.0,-0.015,0.0
0.223,0.003,4.611,0.0,-0.015,0.0
0.223,0.003,5.232,0.0,-0.02,0.0
0.223,0.003,5.719,0.0,-0.005,0.0
0.223,0.003,5.036,0.0,-0.013,0.0
0.223,0.003,4.845,0.0,-0.017,0.0
0.223,0.003,4.6,0.0,-0.017,0.0
0.223,0.003,4.722,0.0,-0.004,0.0
0.223,0.003,4.316,0.0,0.007,0.0
0.223,0.003,6.682,0.0,0.004,0.0
0.223,0.003,4.433,0.0,-0.004,0.0
0.223,0.003,5.012,0.0,-0.016,0.0
0.223,0.003,5.483,0.0,-0.016,0.0
0.224,0.003,4.536,0.0,0.003,0.0
0.224,0.003,7.152,0.0,-0.003,0.0
0.224,0.003,5.651,0.0,-0.005,0.0
0.224,0.003,4.877,0.0,-0.005,0.0
0.224,0.003,4.302,0.0,-0.012,0.0
0.224,0.003,4.61,0.0,-0.002,0.0
0.224,0.003,6.31,0.0,-0.003,0.0
0.224,0.003,4.88,0.0,-0.022,0.0
0.224,0.003,5.916,0.0,0.008,0.0
0.224,0.003,3.941,0.0,0.015,0.0
0.224,0.003,4.956,0.0,0.012,0.0
0.224,0.003,5.863,0.0,-0.007,0.0
0.224,0.003,6.223,0.0,0.002,0.0
0.224,0.003,5.366,0.0,-0.002,0.0
0.224,0.003,4.473,0.0,-0.008,0.0
0.224,0.003,3.915,0.0,-0.001,0.0
0.224,0.003,4.809,0.0,0.01,0.0
0.224,0.003,4.932,0.0,-0.004,0.0
0.224,0.003,4.075,0.0,-0.01,0.0
0.224,0.003,5.711,0.0,0.006,0.0
0.224,0.003,3.406,0.0,0.018,0.0
0.224,0.003,5.002,0.0,-0.011,0.0
0.224,0.003,4.932,0.0,-0.03,0.0
0.224,0.003,5.09,0.0,0.007,0.0
0.224,0.003,4.642,0.0,-0.021,0.0
0.224,0.003,4.57,0.0,-0.007,0.0
0.224,0.003,5.001,0.0,-0.014,0.0
0.224,0.003,5.755,0.0,-0.002,0.0
0.224,0.003,4.897,0.0,-0.024,0.0
0.225,0.003,4.55,0.0,0.005,0.0
0.225,0.003,5.226,0.0,0.009,0.0
0.225,0.003,4.227,0.0,-0.028,0.0
0.225,0.003,5.593,0.0,-0.035,0.0
0.225,0.003,4.542,0.0,-0.015,0.0
0.225,0.003,5.084,0.0,0.014,0.0
0.225,0.003,5.225,0.0,0.008,0.0
0.225,0.003,5.588,0.0,-0.005,0.0
0.225,0.003,4.517,0.0,-0.001,0.0
0.225,0.003,6.413,0.0,-0.008,0.0
0.225,0.003,4.829,0.0,-0.016,0.0
0.225,0.003,5.478,0.0,-0.026,0.0
0.225,0.003,4.111,0.0,-0.008,0.0
0.225,0.003,5.681,0.0,-0.003,0.0
0.225,0.003,5.033,0.0,0.013,0.0
0.225,0.003,4.004,0.0,0.006,0.0
0.225,0.003,4.806,0.0,0.015,0.0
0.225,0.003,6.0,0.0,-0.023,0.0
0.225,0.003,5.641,0.0,0.037,0.0
0.226,0.003,5.703,0.0,0.004,0.0
0.226,0.003,6.252,0.0,-0.001,0.0
0.226,0.003,5.011,0.0,-0.017,0.0
0.226,0.003,5.436,0.0,-0.007,0.0
0.226,0.003,4.3,0.0,-0.004,0.0
0.226,0.003,5.059,0.0,-0.008,0.0
0.226,0.003,4.953,0.0,-0.04,0.0
0.226,0.003,4.493,0.0,0.01,0.0
0.226,0.003,4.733,0.0,-0.009,0.0
0.226,0.003,2.598,0.0,-0.001,0.0
0.226,0.003,5.134,0.0,-0.005,0.0
0.226,0.003,6.029,0.0,-0.012,0.0
0.226,0.003,5.533,0.0,0.0,0.0
0.226,0.003,4.869,0.0,0.036,0.0
0.226,0.003,5.481,0.0,-0.016,0.0
0.226,0.003,4.466,0.0,0.0,0.0
0.226,0.003,4.843,0.0,-0.015,0.0
0.226,0.003,4.742,0.0,-0.001,0.0
0.226,0.003,6.394,0.0,-0.008,0.0
0.226,0.003,5.146,0.0,0.016,0.0
0.226,0.003,3.805,0.0,0.003,0.0
0.226,0.003,5.559,0.0,-0.003,0.0
0.226,0.003,5.118,0.0,-0.008,0.0
0.226,0.003,5.375,0.0,-0.01,0.0
0.226,0.003,5.397,0.0,0.004,0.0
0.226,0.003,4.581,0.0,-0.022,0.0
0.226,0.003,5.932,0.0,0.012,0.0
0.226,0.003,5.252,0.0,-0.028,0.0
0.226,0.003,4.349,0.0,0.005,0.0
0.226,0.003,4.857,0.0,-0.024,0.0
0.226,0.003,4.932,0.0,0.01,0.0
0.227,0.003,5.78,0.0,0.0,0.0
0.227,0.003,4.229,0.0,-0.007,0.0
0.227,0.003,5.422,0.0,-0.001,0.0
0.227,0.003,4.327,0.0,-0.003,0.0
0.227,0.003,4.978,0.0,-0.033,0.0
0.227,0.003,4.585,0.0,-0.014,0.0
0.227,0.003,4.379,0.0,-0.002,0.0
0.227,0.003,5.178,0.0,0.0,0.0
0.227,0.003,4.795,0.0,-0.004,0.0
0.227,0.003,4.971,0.0,-0.006,0.0
0.227,0.003,4.807,0.0,-0.018,0.0
0.227,0.003,4.862,0.0,-0.024,0.0
0.227,0.003,3.844,0.0,0.008,0.0
0.227,0.003,7.133,0.0,-0.001,0.0
0.227,0.003,5.566,0.0,-0.026,0.0
0.227,0.003,5.394,0.0,0.013,0.0
0.227,0.003,6.202,0.0,-0.006,0.0
0.227,0.003,5.695,0.0,0.008,0.0
0.227,0.003,5.955,0.0,-0.009,0.0
0.227,0.003,4.866,0.0,-0.023,0.0
0.227,0.003,6.182,0.0,0.015,0.0
0.227,0.003,5.448,0.0,-0.01,0.0
0.227,0.003,4.252,0.0,-0.032,0.0
0.227,0.003,5.067,0.0,0.006,0.0
0.227,0.003,3.771,0.0,-0.01,0.0
0.227,0.003,6.371,0.0,-0.016,0.0
0.227,0.003,5.254,0.0,-0.016,0.0
0.227,0.003,5.15,0.0,-0.014,0.0
0.227,0.003,4.129,0.0,-0.014,0.0
0.227,0.003,4.375,0.0,-0.013,0.0
0.227,0.003,3.99,0.0,-0.026,0.0
0.228,0.003,5.243,0.0,0.007,0.0
0.228,0.003,5.286,0.0,-0.007,0.0
0.228,0.003,5.425,0.0,-0.007,0.0
0.228,0.003,4.428,0.0,-0.018,0.0
0.228,0.003,5.448,0.0,0.004,0.0
0.228,0.003,4.94,0.0,0.0,0.0
0.228,0.003,3.998,0.0,-0.019,0.0
0.228,0.003,4.32,0.0,-0.001,0.0
0.228,0.003,4.096,0.0,0.019,0.0
0.228,0.003,4.991,0.0,-0.018,0.0
0.228,0.003,5.354,0.0,-0.013,0.0
0.228,0.003,5.871,0.0,-0.021,0.0
0.228,0.003,4.115,0.0,-0.013,0.0
0.228,0.003,5.231,0.0,0.009,0.0
0.228,0.003,5.201,0.0,-0.014,0.0
0.228,0.003,5.258,0.0,-0.024,0.0
0.228,0.003,4.413,0.0,-0.002,0.0
0.228,0.003,5.677,0.0,-0.002,0.0
0.228,0.003,4.345,0.0,0.004,0.0
0.228,0.003,4.952,0.0,-0.008,0.0
0.228,0.003,4.297,0.0,-0.003,0.0
0.228,0.003,5.001,0.0,-0.012,0.0
0.228,0.003,4.624,0.0,0.025,0.0
0.228,0.003,5.36,0.0,0.001,0.0
0.228,0.003,4.391,0.0,0.006,0.0
0.228,0.003,5.771,0.0,-0.022,0.0
0.228,0.003,5.496,0.0,-0.007,0.0
0.229,0.003,5.393,0.0,-0.012,0.0
0.229,0.003,5.161,0.0,-0.018,0.0
0.229,0.003,4.263,0.0,0.001,0.0
0.229,0.003,3.681,0.0,0.011,0.0
0.229,0.003,4.392,0.0,-0.009,0.0
0.229,0.003,5.615,0.0,0.011,0.0
0.229,0.003,5.957,0.0,-0.006,0.0
0.229,0.003,5.17,0.0,-0.006,0.0
0.229,0.003,5.016,0.0,-0.032,0.0
0.229,0.003,5.693,0.0,0.01,0.0
0.229,0.003,4.54,0.0,0.003,0.0
0.229,0.003,5.011,0.0,-0.013,0.0
0.229,0.003,5.365,0.0,0.028,0.0
0.229,0.003,4.459,0.0,-0.012,0.0
0.229,0.003,4.854,0.0,0.007,0.0
0.229,0.003,4.489,0.0,-0.011,0.0
0.229,0.003,5.946,0.0,-0.016,0.0
0.229,0.003,4.18,0.0,-0.006,0.0
0.229,0.003,4.585,0.0,0.009,0.0
0.229,0.003,4.665,0.0,0.007,0.0
0.229,0.003,5.158,0.0,0.011,0.0
0.229,0.003,5.709,0.0,0.005,0.0
0.229,0.003,4.469,0.0,0.022,0.0
0.229,0.003,5.274,0.0,0.003,0.0
0.229,0.003,5.42,0.0,-0.015,0.0
0.229,0.003,5.247,0.0,-0.015,0.0
0.229,0.003,5.177,0.0,-0.01,0.0
0.229,0.003,4.834,0.0,-0.011,0.0
0.229,0.003,4.569,0.0,-0.027,0.0
0.229,0.003,5.743,0.0,0.005,0.0
0.23,0.003,5.616,0.0,-0.02,0.0
0.23,0.003,3.883,0.0,0.006,0.0
0.23,0.003,4.61,0.0,0.001,0.0
0.23,0.003,6.321,0.0,0.017,0.0
0.23,0.003,4.875,0.0,-0.011,0.0
0.23,0.003,6.337,0.0,-0.029,0.0
0.23,0.003,4.508,0.0,0.001,0.0
0.23,0.003,5.496,0.0,-0.004,0.0
0.23,0.003,5.832,0.0,0.013,0.0
0.23,0.003,5.528,0.0,0.05,0.0
0.23,0.003,5.219,0.0,0.0,0.0
0.23,0.003,5.023,0.0,-0.014,0.0
0.23,0.003,5.532,0.0,-0.013,0.0
0.23,0.003,4.659,0.0,-0.002,0.0
0.23,0.003,4.605,0.0,-0.008,0.0
0.23,0.003,4.673,0.0,-0.01,0.0
0.23,0.003,4.8,0.0,-0.009,0.0
0.23,0.003,5.088,0.0,-0.004,0.0
0.23,0.003,5.152,0.0,-0.024,0.0
0.23,0.003,5.31,0.0,0.01,0.0
0.23,0.003,4.551,0.0,-0.004,0.0
0.23,0.003,6.437,0.0,-0.026,0.0
0.231,0.003,4.556,0.0,-0.019,0.0
0.231,0.003,4.69,0.0,0.006,0.0
0.231,0.003,5.302,0.0,0.003,0.0
0.231,0.003,6.072,0.0,0.003,0.0
0.231,0.003,4.314,0.0,-0.013,0.0
0.231,0.003,4.592,0.0,-0.011,0.0
0.231,0.003,5.516,0.0,0.01,0.0
0.231,0.003,6.006,0.0,-0.012,0.0
0.231,0.003,4.335,0.0,-0.007,0.0
0.231,0.003,4.508,0.0,-0.0,0.0
0.231,0.003,6.076,0.0,-0.022,0.0
0.231,0.003,5.572,0.0,-0.009,0.0
0.231,0.003,4.102,0.0,-0.01,0.0
0.231,0.003,4.735,0.0,-0.003,0.0
0.231,0.003,5.509,0.0,-0.014,0.0
0.231,0.003,4.68,0.0,-0.013,0.0
0.231,0.003,4.582,0.0,-0.001,0.0
0.231,0.003,4.866,0.0,-0.008,0.0
0.231,0.003,4.638,0.0,-0.003,0.0
0.231,0.003,5.298,0.0,0.008,0.0
0.231,0.003,4.632,0.0,0.015,0.0
0.231,0.003,4.671,0.0,-0.013,0.0
0.231,0.003,4.702,0.0,0.002,0.0
0.232,0.003,5.229,0.0,-0.005,0.0
0.232,0.003,4.413,0.0,0.014,0.0
0.232,0.003,5.6,0.0,-0.007,0.0
0.232,0.003,4.943,0.0,-0.019,0.0
0.232,0.003,5.239,0.0,-0.002,0.0
0.232,0.003,5.157,0.0,0.006,0.0
0.232,0.003,5.044,0.0,-0.004,0.0
0.232,0.003,3.529,0.0,0.005,0.0
0.232,0.003,5.421,0.0,-0.005,0.0
0.232,0.003,5.014,0.0,-0.016,0.0
0.232,0.003,4.155,0.0,0.007,0.0
0.232,0.003,4.887,0.0,-0.002,0.0
0.232,0.003,4.717,0.0,0.001,0.0
0.232,0.003,4.841,0.0,-0.011,0.0
0.232,0.003,4.859,0.0,-0.035,0.0
0.232,0.003,5.081,0.0,-0.006,0.0
0.232,0.003,4.985,0.0,-0.031,0.0
0.232,0.003,2.737,0.0,0.004,0.0
0.232,0.003,4.697,0.0,-0.018,0.0
0.232,0.003,4.907,0.0,-0.0,0.0
0.232,0.003,5.398,0.0,-0.01,0.0
0.232,0.003,6.227,0.0,0.004,0.0
0.232,0.003,4.864,0.0,-0.027,0.0
0.232,0.003,4.814,0.0,-0.018,0.0
0.232,0.003,5.512,0.0,0.009,0.0
0.232,0.003,5.15,0.0,-0.01,0.0
0.232,0.003,5.081,0.0,0.002,0.0
0.233,0.003,5.39,0.0,-0.008,0.0
0.233,0.003,6.093,0.0,-0.012,0.0
0.233,0.003,3.351,0.0,0.009,0.0
0.233,0.003,5.231,0.0,-0.005,0.0
0.233,0.003,4.792,0.0,-0.003,0.0
0.233,0.003,5.003,0.0,-0.026,0.0
0.233,0.003,4.552,0.0,-0.018,0.0
0.233,0.003,5.78,0.0,-0.024,0.0
0.233,0.003,5.095,0.0,0.012,0.0
0.233,0.003,4.042,0.0,0.008,0.0
0.233,0.003,5.329,0.0,-0.009,0.0
0.233,0.003,4.756,0.0,-0.014,0.0
0.233,0.003,5.575,0.0,-0.014,0.0
0.233,0.003,3.688,0.0,-0.001,0.0
0.233,0.003,4.967,0.0,-0.001,0.0
0.233,0.003,5.09,0.0,-0.007,0.0
0.233,0.003,5.08,0.0,-0.009,0.0
0.233,0.003,5.206,0.0,-0.025,0.0
0.233,0.003,3.892,0.0,0.018,0.0
0.233,0.003,3.991,0.0,-0.018,0.0
0.233,0.003,5.089,0.0,-0.024,0.0
0.233,0.003,4.586,0.0,-0.018,0.0
0.233,0.003,4.492,0.0,-0.024,0.0
0.233,0.003,4.312,0.0,-0.008,0.0
0.233,0.003,4.81,0.0,-0.006,0.0
0.233,0.003,4.232,0.0,0.004,0.0
0.233,0.003,4.748,0.0,-0.004,0.0
0.233,0.003,5.962,0.0,-0.004,0.0
0.233,0.003,5.249,0.0,-0.022,0.0
0.234,0.003,4.767,0.0,-0.001,0.0
0.234,0.003,5.418,0.0,-0.007,0.0
0.234,0.003,5.207,0.0,0.013,0.0
0.234,0.003,4.614,0.0,-0.0,0.0
0.234,0.003,5.671,0.0,0.004,0.0
0.234,0.003,4.421,0.0,-0.031,0.0
0.234,0.003,5.482,0.0,-0.019,0.0
0.234,0.003,4.872,0.0,-0.009,0.0
0.234,0.003,5.017,0.0,0.001,0.0
0.234,0.003,3.542,0.0,0.009,0.0
0.234,0.003,4.97,0.0,-0.002,0.0
0.234,0.003,4.561,0.0,-0.004,0.0
0.234,0.003,3.391,0.0,0.006,0.0
0.234,0.003,5.536,0.0,-0.016,0.0
0.234,0.003,4.998,0.0,0.028,0.0
0.234,0.003,6.501,0.0,-0.009,0.0
0.234,0.003,4.658,0.0,0.006,0.0
0.234,0.003,5.93,0.0,-0.011,0.0
0.234,0.003,5.539,0.0,-0.014,0.0
0.234,0.003,4.833,0.0,-0.009,0.0
0.234,0.003,5.8,0.0,-0.005,0.0
0.234,0.003,2.592,0.0,-0.001,0.0
0.234,0.003,4.018,0.0,-0.014,0.0
0.234,0.003,4.83,0.0,-0.012,0.0
0.234,0.003,5.648,0.0,-0.008,0.0
0.234,0.003,5.938,0.0,0.002,0.0
0.234,0.003,4.39,0.0,0.009,0.0
0.234,0.003,5.677,0.0,0.018,0.0
0.234,0.003,5.405,0.0,-0.004,0.0
0.234,0.003,4.982,0.0,-0.002,0.0
0.234,0.003,5.456,0.0,-0.002,0.0
0.234,0.003,5.378,0.0,-0.03,0.0
0.234,0.003,4.527,0.0,-0.002,0.0
0.234,0.003,4.347,0.0,-0.007,0.0
0.235,0.003,4.748,0.0,-0.025,0.0
0.235,0.003,4.718,0.0,-0.004,0.0
0.235,0.003,5.42,0.0,-0.021,0.0
0.235,0.003,4.168,0.0,0.006,0.0
0.235,0.003,6.214,0.0,-0.025,0.0
0.235,0.003,4.514,0.0,-0.014,0.0
0.235,0.003,4.407,0.0,-0.016,0.0
0.235,0.003,5.805,0.0,-0.018,0.0
0.235,0.003,5.222,0.0,-0.011,0.0
0.235,0.003,5.293,0.0,-0.02,0.0
0.235,0.003,4.819,0.0,-0.003,0.0
0.235,0.003,5.237,0.0,0.021,0.0
0.235,0.003,4.741,0.0,0.012,0.0
0.235,0.003,4.925,0.0,-0.012,0.0
0.235,0.003,4.266,0.0,-0.001,0.0
0.235,0.003,6.081,0.0,-0.014,0.0
0.235,0.003,5.606,0.0,-0.02,0.0
0.235,0.003,4.33,0.0,-0.031,0.0
0.235,0.003,4.978,0.0,-0.013,0.0
0.235,0.003,4.357,0.0,-0.023,0.0
0.235,0.003,5.941,0.0,0.011,0.0
0.235,0.003,4.797,0.0,0.002,0.0
0.235,0.003,4.554,0.0,0.005,0.0
0.235,0.003,6.446,0.0,-0.018,0.0
0.235,0.003,4.946,0.0,-0.015,0.0
0.235,0.003,6.396,0.0,-0.007,0.0
0.236,0.003,6.386,0.0,0.015,0.0
0.236,0.003,4.812,0.0,-0.002,0.0
0.236,0.003,4.073,0.0,-0.0,0.0
0.236,0.003,5.12,0.0,0.014,0.0
0.236,0.003,4.725,0.0,-0.0,0.0
0.236,0.003,5.591,0.0,-0.004,0.0
0.236,0.003,5.489,0.0,-0.003,0.0
0.236,0.003,4.826,0.0,-0.006,0.0
0.236,0.003,5.147,0.0,0.0,0.0
0.236,0.003,4.48,0.0,0.004,0.0
0.236,0.003,4.604,0.0,-0.014,0.0
0.236,0.003,4.892,0.0,-0.014,0.0
0.236,0.003,4.453,0.0,0.001,0.0
0.236,0.003,4.571,0.0,0.022,0.0
0.236,0.003,4.79,0.0,-0.01,0.0
0.236,0.003,3.981,0.0,0.005,0.0
0.236,0.003,5.572,0.0,-0.02,0.0
0.236,0.003,5.531,0.0,-0.025,0.0
0.236,0.003,5.274,0.0,-0.027,0.0
0.236,0.003,4.58,0.0,-0.025,0.0
0.237,0.003,4.663,0.0,-0.005,0.0
0.237,0.003,5.517,0.0,0.004,0.0
0.237,0.003,5.915,0.0,0.034,0.0
0.237,0.003,4.797,0.0,-0.01,0.0
0.237,0.003,5.825,0.0,-0.004,0.0
0.237,0.003,4.102,0.0,-0.004,0.0
0.237,0.003,4.975,0.0,-0.005,0.0
0.237,0.003,4.448,0.0,0.009,0.0
0.237,0.003,4.805,0.0,-0.02,0.0
0.237,0.003,5.529,0.0,-0.014,0.0
0.237,0.003,4.999,0.0,-0.02,0.0
0.237,0.003,4.624,0.0,-0.001,0.0
0.237,0.003,3.604,0.0,0.005,0.0
0.237,0.003,5.405,0.0,0.016,0.0
0.237,0.003,3.423,0.0,0.001,0.0
0.237,0.003,4.698,0.0,-0.016,0.0
0.237,0.003,3.975,0.0,-0.008,0.0
0.237,0.003,4.465,0.0,-0.021,0.0
0.237,0.003,4.657,0.0,-0.028,0.0
0.237,0.003,5.922,0.0,-0.014,0.0
0.237,0.003,6.05,0.0,0.036,0.0
0.237,0.003,4.557,0.0,-0.011,0.0
0.237,0.003,5.504,0.0,0.013,0.0
0.237,0.003,5.278,0.0,-0.013,0.0
0.237,0.003,5.507,0.0,-0.018,0.0
0.237,0.003,4.996,0.0,-0.007,0.0
0.237,0.003,4.939,0.0,0.012,0.0
0.237,0.003,4.433,0.0,-0.006,0.0
0.237,0.003,5.584,0.0,-0.012,0.0
0.237,0.003,3.83,0.0,-0.003,0.0
0.237,0.003,4.375,0.0,-0.01,0.0
0.238,0.003,4.315,0.0,-0.01,0.0
0.238,0.003,5.615,0.0,0.002,0.0
0.238,0.003,4.773,0.0,-0.011,0.0
0.238,0.003,5.156,0.0,-0.002,0.0
0.238,0.003,5.205,0.0,0.001,0.0
0.238,0.003,4.951,0.0,-0.024,0.0
0.238,0.003,5.183,0.0,0.017,0.0
0.238,0.003,6.551,0.0,0.004,0.0
0.238,0.003,5.599,0.0,-0.003,0.0
0.238,0.003,5.421,0.0,-0.019,0.0
0.238,0.003,4.473,0.0,-0.013,0.0
0.238,0.003,5.111,0.0,-0.008,0.0
0.238,0.003,3.956,0.0,0.002,0.0
0.238,0.003,5.374,0.0,0.001,0.0
0.238,0.003,4.632,0.0,-0.011,0.0
0.238,0.003,5.884,0.0,-0.02,0.0
0.238,0.003,5.258,0.0,-0.012,0.0
0.238,0.003,4.983,0.0,-0.003,0.0
0.238,0.003,4.942,0.0,-0.013,0.0
0.238,0.003,4.308,0.0,-0.001,0.0
0.238,0.003,5.092,0.0,0.012,0.0
0.238,0.003,3.735,0.0,0.005,0.0
0.238,0.003,3.866,0.0,-0.017,0.0
0.238,0.003,5.078,0.0,-0.006,0.0
0.238,0.003,4.894,0.0,-0.036,0.0
0.238,0.003,4.294,0.0,0.001,0.0
0.238,0.003,4.708,0.0,-0.009,0.0
0.238,0.003,4.781,0.0,-0.017,0.0
0.239,0.003,5.785,0.0,-0.011,0.0
0.239,0.003,5.107,0.0,0.006,0.0
0.239,0.003,4.619,0.0,0.015,0.0
0.239,0.003,6.362,0.0,-0.02,0.0
0.239,0.003,5.211,0.0,0.016,0.0
0.239,0.003,5.308,0.0,-0.013,0.0
0.239,0.003,5.395,0.0,-0.004,0.0
0.239,0.003,4.514,0.0,-0.026,0.0
0.239,0.003,5.812,0.0,-0.003,0.0
0.239,0.003,4.848,0.0,0.003,0.0
0.239,0.003,3.51,0.0,0.004,0.0
0.239,0.003,3.865,0.0,-0.007,0.0
0.239,0.003,5.08,0.0,0.007,0.0
0.239,0.003,4.797,0.0,-0.024,0.0
0.239,0.003,5.004,0.0,-0.014,0.0
0.239,0.003,5.015,0.0,-0.01,0.0
0.239,0.003,5.827,0.0,-0.007,0.0
0.239,0.003,5.078,0.0,0.0,0.0
0.239,0.003,5.056,0.0,-0.002,0.0
0.239,0.003,5.217,0.0,-0.002,0.0
0.239,0.003,5.481,0.0,-0.013,0.0
0.239,0.003,5.207,0.0,0.001,0.0
0.239,0.003,4.598,0.0,-0.011,0.0
0.239,0.003,5.053,0.0,0.007,0.0
0.239,0.003,5.419,0.0,-0.003,0.0
0.239,0.003,5.233,0.0,-0.028,0.0
0.239,0.003,5.526,0.0,-0.014,0.0
0.239,0.003,4.287,0.0,0.005,0.0
0.24,0.003,4.519,0.0,0.008,0.0
0.24,0.003,5.508,0.0,-0.029,0.0
0.24,0.003,4.352,0.0,0.016,0.0
0.24,0.003,5.887,0.0,0.013,0.0
0.24,0.003,3.976,0.0,0.014,0.0
0.24,0.003,4.798,0.0,-0.013,0.0
0.24,0.003,5.102,0.0,-0.003,0.0
0.24,0.003,4.424,0.0,-0.003,0.0
0.24,0.003,5.744,0.0,-0.002,0.0
0.24,0.003,6.472,0.0,-0.004,0.0
0.24,0.003,4.794,0.0,-0.007,0.0
0.24,0.003,4.239,0.0,-0.006,0.0
0.24,0.003,5.127,0.0,-0.027,0.0
0.24,0.003,4.037,0.0,0.005,0.0
0.24,0.003,5.648,0.0,-0.007,0.0
0.24,0.003,4.37,0.0,-0.005,0.0
0.24,0.003,5.08,0.0,-0.004,0.0
0.24,0.003,6.619,0.0,-0.002,0.0
0.24,0.003,4.65,0.0,-0.015,0.0
0.24,0.003,5.516,0.0,0.008,0.0
0.24,0.003,6.328,0.0,0.002,0.0
0.24,0.003,4.37,0.0,0.007,0.0
0.24,0.003,6.738,0.0,0.016,0.0
0.24,0.003,4.71,0.0,-0.02,0.0
0.24,0.003,5.535,0.0,-0.009,0.0
0.24,0.003,4.647,0.0,-0.01,0.0
0.24,0.003,5.596,0.0,-0.016,0.0
0.24,0.003,4.799,0.0,-0.008,0.0
0.24,0.003,4.674,0.0,-0.011,0.0
0.24,0.003,4.679,0.0,-0.006,0.0
0.24,0.003,6.38,0.0,-0.023,0.0
0.241,0.003,4.919,0.0,0.003,0.0
0.241,0.003,6.312,0.0,0.02,0.0
0.241,0.003,5.51,0.0,-0.024,0.0
0.241,0.003,5.08,0.0,-0.018,0.0
0.241,0.003,5.396,0.0,-0.014,0.0
0.241,0.003,3.589,0.0,0.002,0.0
0.241,0.003,5.73,0.0,-0.001,0.0
0.241,0.003,4.969,0.0,-0.029,0.0
0.241,0.003,5.566,0.0,-0.018,0.0
0.241,0.003,4.313,0.0,-0.002,0.0
0.241,0.003,5.817,0.0,0.016,0.0
0.241,0.003,4.773,0.0,0.01,0.0
0.241,0.003,6.065,0.0,0.011,0.0
0.241,0.003,4.788,0.0,0.008,0.0
0.241,0.003,3.891,0.0,-0.001,0.0
0.241,0.003,4.529,0.0,-0.016,0.0
0.241,0.003,4.954,0.0,-0.026,0.0
0.241,0.003,4.578,0.0,-0.017,0.0
0.241,0.003,5.126,0.0,-0.003,0.0
0.241,0.003,5.109,0.0,0.05,0.0
0.241,0.003,5.115,0.0,0.019,0.0
0.241,0.003,4.966,0.0,-0.004,0.0
0.241,0.003,4.032,0.0,-0.009,0.0
0.241,0.003,4.592,0.0,-0.001,0.0
0.241,0.003,4.112,0.0,0.014,0.0
0.241,0.003,4.268,0.0,-0.004,0.0
0.241,0.003,5.16,0.0,-0.009,0.0
0.241,0.003,5.242,0.0,0.006,0.0
0.241,0.003,5.485,0.0,-0.005,0.0
0.241,0.003,4.86,0.0,-0.005,0.0
0.241,0.003,4.497,0.0,0.005,0.0
0.241,0.003,6.404,0.0,0.015,0.0
0.241,0.003,5.41,0.0,-0.023,0.0
0.242,0.003,5.044,0.0,-0.013,0.0
0.242,0.003,5.3,0.0,0.02,0.0
0.242,0.003,5.261,0.0,-0.0,0.0
0.242,0.003,5.457,0.0,0.009,0.0
0.242,0.003,5.317,0.0,-0.003,0.0
0.242,0.003,4.305,0.0,0.008,0.0
0.242,0.003,3.264,0.0,0.013,0.0
0.242,0.003,5.21,0.0,0.02,0.0
0.242,0.003,4.761,0.0,0.007,0.0
0.242,0.003,4.903,0.0,-0.005,0.0
0.242,0.003,4.494,0.0,-0.011,0.0
0.242,0.003,4.98,0.0,-0.005,0.0
0.242,0.003,4.428,0.0,-0.013,0.0
0.242,0.003,3.797,0.0,0.008,0.0
0.242,0.003,4.949,0.0,0.012,0.0
0.242,0.003,5.32,0.0,-0.008,0.0
0.242,0.003,6.464,0.0,0.012,0.0
0.242,0.003,5.751,0.0,-0.017,0.0
0.242,0.003,4.696,0.0,0.008,0.0
0.242,0.003,5.817,0.0,-0.01,0.0
0.242,0.003,4.964,0.0,-0.025,0.0
0.242,0.003,5.191,0.0,0.014,0.0
0.242,0.003,5.391,0.0,0.003,0.0
0.242,0.003,5.143,0.0,0.002,0.0
0.242,0.003,6.015,0.0,-0.014,0.0
0.242,0.003,5.675,0.0,0.005,0.0
0.242,0.003,4.457,0.0,-0.014,0.0
0.242,0.003,6.057,0.0,0.028,0.0
0.242,0.003,5.026,0.0,-0.022,0.0
0.242,0.003,5.236,0.0,-0.002,0.0
0.242,0.003,5.558,0.0,-0.032,0.0
0.242,0.003,4.132,0.0,-0.026,0.0
0.242,0.003,5.156,0.0,-0.012,0.0
0.242,0.003,5.106,0.0,-0.005,0.0
0.242,0.003,5.36,0.0,-0.001,0.0
0.243,0.003,4.264,0.0,-0.003,0.0
0.243,0.003,6.269,0.0,0.01,0.0
0.243,0.003,5.189,0.0,0.003,0.0
0.243,0.003,4.762,0.0,-0.005,0.0
0.243,0.003,4.197,0.0,0.001,0.0
0.243,0.003,5.611,0.0,-0.003,0.0
0.243,0.003,6.028,0.0,0.015,0.0
0.243,0.003,5.44,0.0,0.021,0.0
0.243,0.003,5.744,0.0,-0.017,0.0
0.243,0.003,4.571,0.0,-0.001,0.0
0.243,0.003,5.103,0.0,-0.016,0.0
0.243,0.003,5.891,0.0,-0.008,0.0
0.243,0.003,6.109,0.0,0.011,0.0
0.243,0.003,4.873,0.0,0.006,0.0
0.243,0.003,4.874,0.0,-0.037,0.0
0.243,0.003,4.766,0.0,0.005,0.0
0.243,0.003,5.008,0.0,-0.013,0.0
0.243,0.003,4.728,0.0,0.012,0.0
0.243,0.003,5.167,0.0,-0.02,0.0
0.243,0.003,4.51,0.0,0.004,0.0
0.243,0.003,5.52,0.0,-0.012,0.0
0.243,0.003,5.193,0.0,0.001,0.0
0.243,0.003,3.321,0.0,0.023,0.0
0.243,0.003,4.933,0.0,-0.005,0.0
0.243,0.003,4.968,0.0,-0.016,0.0
0.243,0.003,4.701,0.0,-0.01,0.0
0.243,0.003,6.005,0.0,-0.005,0.0
0.243,0.003,5.381,0.0,-0.019,0.0
0.243,0.003,4.864,0.0,-0.005,0.0
0.243,0.003,4.814,0.0,-0.008,0.0
0.243,0.003,4.904,0.0,-0.02,0.0
0.243,0.003,4.991,0.0,0.012,0.0
0.243,0.003,4.611,0.0,-0.022,0.0
0.243,0.003,4.754,0.0,-0.003,0.0
0.243,0.003,4.799,0.0,-0.001,0.0
0.243,0.003,5.073,0.0,-0.0,0.0
0.244,0.003,4.099,0.0,-0.002,0.0
0.244,0.003,7.374,0.0,-0.01,0.0
0.244,0.003,6.073,0.0,0.002,0.0
0.244,0.003,5.282,0.0,0.014,0.0
0.244,0.003,4.709,0.0,-0.023,0.0
0.244,0.003,5.183,0.0,0.0,0.0
0.244,0.003,5.149,0.0,-0.018,0.0
0.244,0.003,4.132,0.0,-0.008,0.0
0.244,0.003,3.943,0.0,-0.012,0.0
0.244,0.003,5.889,0.0,-0.009,0.0
0.244,0.003,4.265,0.0,-0.007,0.0
0.244,0.003,4.748,0.0,-0.019,0.0
0.244,0.003,5.122,0.0,-0.007,0.0
0.244,0.003,6.454,0.0,0.008,0.0
0.244,0.003,5.134,0.0,-0.01,0.0
0.244,0.003,5.453,0.0,-0.003,0.0
0.244,0.003,4.221,0.0,-0.022,0.0
0.244,0.003,5.425,0.0,-0.015,0.0
0.244,0.003,4.209,0.0,-0.021,0.0
0.244,0.003,5.148,0.0,-0.015,0.0
0.244,0.003,5.059,0.0,-0.025,0.0
0.244,0.003,5.171,0.0,-0.017,0.0
0.244,0.003,4.668,0.0,0.004,0.0
0.245,0.003,5.231,0.0,0.013,0.0
0.245,0.003,5.22,0.0,-0.001,0.0
0.245,0.003,6.556,0.0,-0.004,0.0
0.245,0.003,5.419,0.0,-0.024,0.0
0.245,0.003,6.151,0.0,-0.007,0.0
0.245,0.003,5.139,0.0,-0.01,0.0
0.245,0.003,4.359,0.0,-0.005,0.0
0.245,0.003,5.402,0.0,-0.001,0.0
0.245,0.003,4.361,0.0,-0.007,0.0
0.245,0.003,5.545,0.0,-0.01,0.0
0.245,0.003,5.109,0.0,-0.013,0.0
0.245,0.003,4.568,0.0,-0.002,0.0
0.245,0.003,5.095,0.0,-0.018,0.0
0.245,0.003,4.945,0.0,-0.013,0.0
0.245,0.003,4.502,0.0,-0.027,0.0
0.245,0.003,5.782,0.0,-0.002,0.0
0.245,0.003,5.222,0.0,-0.013,0.0
0.245,0.003,4.763,0.0,-0.007,0.0
0.245,0.003,5.698,0.0,-0.006,0.0
0.245,0.003,5.755,0.0,-0.023,0.0
0.245,0.003,4.295,0.0,-0.003,0.0
0.245,0.003,4.852,0.0,-0.016,0.0
0.245,0.003,5.069,0.0,-0.031,0.0
0.245,0.003,5.423,0.0,0.004,0.0
0.245,0.003,5.007,0.0,-0.011,0.0
0.245,0.003,3.488,0.0,0.016,0.0
0.245,0.003,5.847,0.0,-0.01,0.0
0.245,0.003,4.808,0.0,0.009,0.0
0.245,0.003,4.603,0.0,-0.002,0.0
0.245,0.003,4.697,0.0,-0.01,0.0
0.246,0.003,5.144,0.0,-0.008,0.0
0.246,0.003,4.693,0.0,-0.002,0.0
0.246,0.003,5.425,0.0,-0.034,0.0
0.246,0.003,4.679,0.0,-0.007,0.0
0.246,0.003,6.926,0.0,-0.003,0.0
0.246,0.003,7.092,0.0,-0.002,0.0
0.246,0.003,6.357,0.0,-0.004,0.0
0.246,0.003,4.731,0.0,-0.005,0.0
0.246,0.003,5.574,0.0,0.001,0.0
0.246,0.003,5.869,0.0,-0.026,0.0
0.246,0.003,5.022,0.0,-0.01,0.0
0.246,0.003,5.229,0.0,0.013,0.0
0.246,0.003,4.518,0.0,-0.032,0.0
0.246,0.003,5.928,0.0,0.002,0.0
0.246,0.003,4.694,0.0,0.012,0.0
0.246,0.003,5.207,0.0,0.001,0.0
0.246,0.003,5.173,0.0,-0.009,0.0
0.246,0.003,4.653,0.0,-0.023,0.0
0.246,0.003,4.854,0.0,-0.009,0.0
0.246,0.003,5.65,0.0,-0.003,0.0
0.246,0.003,4.91,0.0,-0.004,0.0
0.246,0.003,3.769,0.0,-0.018,0.0
0.246,0.003,3.867,0.0,-0.008,0.0
0.246,0.003,4.676,0.0,0.0,0.0
0.246,0.003,6.11,0.0,-0.034,0.0
0.246,0.003,6.887,0.0,0.005,0.0
0.246,0.003,5.166,0.0,-0.0,0.0
0.246,0.003,5.231,0.0,-0.007,0.0
0.246,0.003,4.568,0.0,-0.002,0.0
0.246,0.003,5.202,0.0,-0.018,0.0
0.246,0.003,6.064,0.0,0.005,0.0
0.246,0.003,4.823,0.0,-0.001,0.0
0.247,0.003,6.07,0.0,-0.005,0.0
0.247,0.003,5.776,0.0,-0.01,0.0
0.247,0.003,3.965,0.0,-0.033,0.0
0.247,0.003,5.892,0.0,-0.004,0.0
0.247,0.003,4.941,0.0,-0.019,0.0
0.247,0.003,6.959,0.0,0.002,0.0
0.247,0.003,5.459,0.0,-0.001,0.0
0.247,0.003,5.187,0.0,-0.013,0.0
0.247,0.003,5.121,0.0,-0.006,0.0
0.247,0.003,5.572,0.0,-0.005,0.0
0.247,0.003,6.428,0.0,-0.021,0.0
0.247,0.003,6.816,0.0,-0.003,0.0
0.247,0.003,6.476,0.0,0.006,0.0
0.247,0.003,5.128,0.0,0.008,0.0
0.247,0.003,4.762,0.0,0.009,0.0
0.247,0.003,4.862,0.0,-0.002,0.0
0.247,0.003,5.407,0.0,0.055,0.0
0.247,0.003,5.955,0.0,-0.007,0.0
0.247,0.003,5.516,0.0,-0.023,0.0
0.247,0.003,5.248,0.0,-0.017,0.0
0.247,0.003,5.322,0.0,-0.012,0.0
0.247,0.003,4.835,0.0,-0.005,0.0
0.247,0.003,4.877,0.0,-0.012,0.0
0.247,0.003,4.71,0.0,-0.005,0.0
0.247,0.003,5.112,0.0,-0.021,0.0
0.247,0.003,4.582,0.0,-0.01,0.0
0.247,0.003,4.254,0.0,-0.0,0.0
0.247,0.003,5.072,0.0,-0.005,0.0
0.247,0.003,5.54,0.0,-0.002,0.0
0.247,0.003,4.715,0.0,-0.009,0.0
0.247,0.003,4.46,0.0,-0.006,0.0
0.247,0.003,6.618,0.0,-0.016,0.0
0.247,0.003,4.472,0.0,-0.002,0.0
0.248,0.003,5.116,0.0,-0.0,0.0
0.248,0.003,5.142,0.0,-0.014,0.0
0.248,0.003,4.284,0.0,0.002,0.0
0.248,0.003,7.159,0.0,-0.002,0.0
0.248,0.003,4.528,0.0,-0.023,0.0
0.248,0.003,4.213,0.0,-0.007,0.0
0.248,0.003,5.071,0.0,-0.025,0.0
0.248,0.003,4.796,0.0,0.009,0.0
0.248,0.003,4.628,0.0,-0.005,0.0
0.248,0.003,5.161,0.0,0.022,0.0
0.248,0.003,5.28,0.0,-0.008,0.0
0.248,0.003,5.379,0.0,-0.022,0.0
0.248,0.003,5.792,0.0,-0.018,0.0
0.248,0.003,4.617,0.0,-0.008,0.0
0.248,0.003,6.292,0.0,-0.044,0.0
0.248,0.003,5.178,0.0,-0.005,0.0
0.248,0.003,4.602,0.0,-0.019,0.0
0.248,0.003,6.145,0.0,-0.001,0.0
0.248,0.003,3.911,0.0,-0.003,0.0
0.248,0.003,4.501,0.0,0.018,0.0
0.248,0.003,5.167,0.0,-0.031,0.0
0.248,0.003,6.75,0.0,0.001,0.0
0.248,0.003,6.257,0.0,-0.008,0.0
0.248,0.003,4.347,0.0,-0.018,0.0
0.248,0.003,5.807,0.0,-0.01,0.0
0.248,0.003,4.906,0.0,-0.016,0.0
0.248,0.003,3.083,0.0,0.01,0.0
0.248,0.003,5.638,0.0,-0.023,0.0
0.248,0.003,5.196,0.0,0.009,0.0
0.248,0.003,5.345,0.0,-0.02,0.0
0.248,0.003,6.389,0.0,0.006,0.0
0.248,0.003,5.322,0.0,-0.002,0.0
0.248,0.003,4.12,0.0,0.009,0.0
0.248,0.003,6.364,0.0,-0.004,0.0
0.249,0.003,4.155,0.0,0.005,0.0
0.249,0.003,5.766,0.0,-0.01,0.0
0.249,0.003,6.76,0.0,0.003,0.0
0.249,0.003,4.304,0.0,0.008,0.0
0.249,0.003,4.398,0.0,-0.012,0.0
0.249,0.003,4.359,0.0,0.009,0.0
0.249,0.003,5.153,0.0,-0.025,0.0
0.249,0.003,4.777,0.0,0.002,0.0
0.249,0.003,5.346,0.0,0.004,0.0
0.249,0.003,5.654,0.0,-0.006,0.0
0.249,0.003,4.818,0.0,-0.021,0.0
0.249,0.003,4.823,0.0,-0.005,0.0
0.249,0.003,6.185,0.0,0.002,0.0
0.249,0.003,4.281,0.0,0.007,0.0
0.249,0.003,5.425,0.0,-0.026,0.0
0.249,0.003,4.687,0.0,0.014,0.0
0.249,0.003,4.901,0.0,0.004,0.0
0.249,0.003,5.375,0.0,-0.023,0.0
0.249,0.003,4.738,0.0,-0.036,0.0
0.249,0.003,5.964,0.0,-0.02,0.0
0.25,0.003,4.676,0.0,0.008,0.0
0.25,0.003,3.807,0.0,0.012,0.0
0.25,0.003,6.509,0.0,0.019,0.0
0.25,0.003,3.409,0.0,-0.002,0.0
0.25,0.003,4.92,0.0,-0.009,0.0
0.25,0.003,5.236,0.0,-0.023,0.0
0.25,0.003,5.543,0.0,0.026,0.0
0.25,0.003,4.555,0.0,-0.011,0.0
0.25,0.003,4.933,0.0,-0.029,0.0
0.25,0.003,5.894,0.0,0.01,0.0
0.25,0.003,5.015,0.0,-0.014,0.0
0.25,0.003,4.829,0.0,-0.015,0.0
0.25,0.003,5.444,0.0,0.014,0.0
0.25,0.003,4.948,0.0,0.003,0.0
0.25,0.003,5.249,0.0,-0.02,0.0
0.25,0.003,4.298,0.0,0.016,0.0
0.25,0.003,5.761,0.0,-0.007,0.0
0.25,0.003,4.736,0.0,-0.024,0.0
0.25,0.003,5.696,0.0,0.0,0.0
0.25,0.003,4.952,0.0,0.006,0.0
0.25,0.003,5.711,0.0,-0.018,0.0
0.25,0.003,5.008,0.0,-0.011,0.0
0.25,0.003,5.096,0.0,-0.001,0.0
0.25,0.003,4.827,0.0,-0.007,0.0
0.25,0.003,4.117,0.0,0.002,0.0
0.25,0.003,3.791,0.0,0.012,0.0
0.25,0.003,4.558,0.0,-0.003,0.0
0.25,0.003,4.662,0.0,-0.022,0.0
0.251,0.003,4.658,0.0,-0.026,0.0
0.251,0.003,4.694,0.0,-0.009,0.0
0.251,0.003,4.935,0.0,0.008,0.0
0.251,0.003,6.397,0.0,-0.006,0.0
0.251,0.003,5.505,0.0,-0.016,0.0
0.251,0.003,4.874,0.0,-0.012,0.0
0.251,0.003,5.338,0.0,-0.004,0.0
0.251,0.003,5.073,0.0,-0.013,0.0
0.251,0.003,5.249,0.0,-0.03,0.0
0.251,0.003,5.664,0.0,-0.017,0.0
0.251,0.003,6.735,0.0,0.009,0.0
0.251,0.003,5.293,0.0,-0.014,0.0
0.251,0.003,5.677,0.0,0.005,0.0
0.251,0.003,4.738,0.0,-0.011,0.0
0.251,0.003,5.263,0.0,0.005,0.0
0.251,0.003,4.119,0.0,0.005,0.0
0.251,0.003,4.794,0.0,-0.006,0.0
0.251,0.003,5.518,0.0,-0.008,0.0
0.251,0.003,3.784,0.0,-0.022,0.0
0.251,0.003,4.08,0.0,-0.012,0.0
0.251,0.003,4.657,0.0,-0.001,0.0
0.251,0.003,5.141,0.0,-0.02,0.0
0.251,0.003,5.71,0.0,-0.005,0.0
0.251,0.003,4.621,0.0,0.006,0.0
0.251,0.003,4.481,0.0,-0.0,0.0
0.251,0.003,5.58,0.0,-0.013,0.0
0.251,0.003,4.927,0.0,-0.009,0.0
0.251,0.003,5.016,0.0,0.011,0.0
0.251,0.003,5.708,0.0,-0.004,0.0
0.251,0.003,4.328,0.0,0.009,0.0
0.251,0.003,4.803,0.0,-0.016,0.0
0.251,0.003,4.743,0.0,0.011,0.0
0.251,0.003,4.388,0.0,0.017,0.0
0.251,0.003,5.262,0.0,-0.003,0.0
0.251,0.003,4.334,0.0,-0.004,0.0
0.251,0.003,5.416,0.0,-0.008,0.0
0.251,0.003,4.533,0.0,-0.014,0.0
0.251,0.003,3.295,0.0,0.009,0.0
0.251,0.003,6.434,0.0,-0.017,0.0
0.252,0.003,4.973,0.0,0.035,0.0
0.252,0.003,5.028,0.0,-0.007,0.0
0.252,0.003,5.671,0.0,0.015,0.0
0.252,0.003,4.198,0.0,-0.006,0.0
0.252,0.003,5.237,0.0,-0.003,0.0
0.252,0.003,5.406,0.0,-0.026,0.0
0.252,0.003,4.534,0.0,-0.011,0.0
0.252,0.003,4.112,0.0,-0.025,0.0
0.252,0.003,5.081,0.0,-0.008,0.0
0.252,0.003,4.755,0.0,-0.014,0.0
0.252,0.003,5.503,0.0,-0.015,0.0
0.252,0.003,3.809,0.0,0.003,0.0
0.252,0.003,5.651,0.0,-0.0,0.0
0.252,0.003,3.195,0.0,0.014,0.0
0.252,0.003,4.484,0.0,-0.023,0.0
0.252,0.003,4.736,0.0,0.007,0.0
0.252,0.003,5.405,0.0,0.003,0.0
0.252,0.003,5.736,0.0,0.007,0.0
0.252,0.003,4.591,0.0,-0.004,0.0
0.252,0.003,4.377,0.0,-0.016,0.0
0.252,0.003,4.76,0.0,0.0,0.0
0.252,0.003,4.673,0.0,-0.001,0.0
0.252,0.003,5.338,0.0,-0.023,0.0
0.252,0.003,4.639,0.0,-0.024,0.0
0.252,0.003,5.29,0.0,-0.021,0.0
0.252,0.003,6.804,0.0,-0.004,0.0
0.252,0.003,4.522,0.0,-0.014,0.0
0.252,0.003,4.889,0.0,-0.015,0.0
0.252,0.003,5.17,0.0,-0.001,0.0
0.252,0.003,5.263,0.0,-0.004,0.0
0.252,0.003,4.542,0.0,-0.004,0.0
0.252,0.003,5.013,0.0,-0.01,0.0
0.252,0.003,4.684,0.0,-0.027,0.0
0.252,0.003,4.579,0.0,0.002,0.0
0.252,0.003,5.053,0.0,-0.02,0.0
0.252,0.003,5.186,0.0,-0.01,0.0
0.252,0.003,4.587,0.0,-0.023,0.0
0.252,0.003,5.635,0.0,-0.012,0.0
0.252,0.003,4.839,0.0,-0.009,0.0
0.253,0.003,5.507,0.0,0.009,0.0
0.253,0.003,5.547,0.0,-0.018,0.0
0.253,0.003,4.903,0.0,-0.013,0.0
0.253,0.003,3.972,0.0,-0.014,0.0
0.253,0.003,4.287,0.0,-0.02,0.0
0.253,0.003,4.97,0.0,0.001,0.0
0.253,0.003,4.468,0.0,0.01,0.0
0.253,0.003,4.751,0.0,-0.028,0.0
0.253,0.003,4.758,0.0,-0.001,0.0
0.253,0.003,4.809,0.0,-0.006,0.0
0.253,0.003,5.489,0.0,0.016,0.0
0.253,0.003,5.236,0.0,-0.006,0.0
0.253,0.003,4.333,0.0,0.011,0.0
0.253,0.003,5.04,0.0,-0.008,0.0
0.253,0.003,4.892,0.0,-0.015,0.0
0.253,0.003,4.088,0.0,0.002,0.0
0.253,0.003,5.647,0.0,-0.004,0.0
0.253,0.003,3.861,0.0,0.0,0.0
0.253,0.003,4.701,0.0,-0.014,0.0
0.253,0.003,5.542,0.0,0.006,0.0
0.253,0.003,4.802,0.0,0.009,0.0
0.253,0.003,5.074,0.0,-0.012,0.0
0.253,0.003,5.572,0.0,0.003,0.0
0.253,0.003,4.494,0.0,0.003,0.0
0.253,0.003,5.052,0.0,-0.024,0.0
0.253,0.003,4.89,0.0,0.006,0.0
0.253,0.003,5.089,0.0,-0.012,0.0
0.253,0.003,7.113,0.0,0.003,0.0
0.253,0.003,5.91,0.0,-0.011,0.0
0.253,0.003,4.94,0.0,-0.009,0.0
0.253,0.003,4.941,0.0,0.0,0.0
0.253,0.003,5.359,0.0,-0.003,0.0
0.253,0.003,4.78,0.0,-0.0,0.0
0.253,0.003,5.076,0.0,0.005,0.0
0.253,0.003,6.085,0.0,-0.001,0.0
0.253,0.003,4.216,0.0,0.002,0.0
0.253,0.003,5.34,0.0,-0.003,0.0
0.253,0.003,5.112,0.0,-0.008,0.0
0.253,0.003,5.703,0.0,0.013,0.0
0.253,0.003,5.518,0.0,-0.02,0.0
0.253,0.003,5.342,0.0,-0.016,0.0
0.253,0.003,5.999,0.0,0.02,0.0
0.253,0.003,5.157,0.0,-0.018,0.0
0.253,0.003,4.583,0.0,-0.002,0.0
0.254,0.003,4.627,0.0,-0.027,0.0
0.254,0.003,3.936,0.0,-0.002,0.0
0.254,0.003,5.612,0.0,0.006,0.0
0.254,0.003,4.465,0.0,0.006,0.0
0.254,0.003,4.165,0.0,0.006,0.0
0.254,0.003,5.563,0.0,-0.02,0.0
0.254,0.003,4.844,0.0,-0.0,0.0
0.254,0.003,7.121,0.0,-0.001,0.0
0.254,0.003,5.202,0.0,0.001,0.0
0.254,0.003,4.737,0.0,-0.016,0.0
0.254,0.003,5.789,0.0,-0.006,0.0
0.254,0.003,5.319,0.0,-0.019,0.0
0.254,0.003,5.628,0.0,0.03,0.0
0.254,0.003,4.615,0.0,-0.025,0.0
0.254,0.003,6.436,0.0,-0.019,0.0
0.254,0.003,4.966,0.0,-0.032,0.0
0.254,0.003,4.599,0.0,0.017,0.0
0.254,0.003,4.921,0.0,-0.018,0.0
0.254,0.003,4.935,0.0,-0.017,0.0
0.254,0.003,6.447,0.0,-0.005,0.0
0.254,0.003,5.28,0.0,-0.008,0.0
0.254,0.003,4.793,0.0,0.007,0.0
0.254,0.003,5.573,0.0,-0.01,0.0
0.254,0.003,5.35,0.0,0.003,0.0
0.254,0.003,5.176,0.0,-0.0,0.0
0.254,0.003,4.494,0.0,-0.018,0.0
0.254,0.003,6.303,0.0,-0.004,0.0
0.254,0.003,5.782,0.0,-0.022,0.0
0.254,0.003,4.761,0.0,-0.025,0.0
0.254,0.003,5.372,0.0,-0.011,0.0
0.254,0.003,5.054,0.0,-0.004,0.0
0.254,0.003,5.05,0.0,-0.011,0.0
0.254,0.003,4.502,0.0,-0.019,0.0
0.254,0.003,5.636,0.0,0.013,0.0
0.255,0.003,4.338,0.0,-0.004,0.0
0.255,0.003,4.82,0.0,-0.022,0.0
0.255,0.003,4.527,0.0,-0.02,0.0
0.255,0.003,5.012,0.0,0.004,0.0
0.255,0.003,4.208,0.0,0.02,0.0
0.255,0.003,4.985,0.0,0.003,0.0
0.255,0.003,5.3,0.0,-0.011,0.0
0.255,0.003,5.259,0.0,0.034,0.0
0.255,0.003,5.226,0.0,-0.004,0.0
0.255,0.003,4.489,0.0,0.007,0.0
0.255,0.003,5.714,0.0,-0.012,0.0
0.255,0.003,5.361,0.0,-0.039,0.0
0.255,0.003,4.823,0.0,-0.016,0.0
0.255,0.003,5.011,0.0,-0.004,0.0
0.255,0.003,5.051,0.0,-0.008,0.0
0.255,0.003,4.23,0.0,0.008,0.0
0.255,0.003,6.019,0.0,-0.008,0.0
0.255,0.003,4.912,0.0,-0.006,0.0
0.255,0.003,5.906,0.0,0.014,0.0
0.255,0.003,4.955,0.0,-0.018,0.0
0.255,0.003,5.598,0.0,-0.002,0.0
0.255,0.003,5.215,0.0,-0.007,0.0
0.255,0.003,4.861,0.0,-0.008,0.0
0.255,0.003,4.857,0.0,0.005,0.0
0.256,0.003,5.298,0.0,-0.01,0.0
0.256,0.003,5.104,0.0,-0.009,0.0
0.256,0.003,5.477,0.0,-0.019,0.0
0.256,0.003,4.325,0.0,-0.01,0.0
0.256,0.003,5.078,0.0,-0.016,0.0
0.256,0.003,3.897,0.0,-0.003,0.0
0.256,0.003,4.999,0.0,-0.004,0.0
0.256,0.003,4.287,0.0,-0.017,0.0
0.256,0.003,4.635,0.0,-0.001,0.0
0.256,0.003,5.206,0.0,-0.016,0.0
0.256,0.003,6.17,0.0,0.006,0.0
0.256,0.003,5.235,0.0,-0.013,0.0
0.256,0.003,4.418,0.0,-0.029,0.0
0.256,0.003,4.561,0.0,-0.001,0.0
0.256,0.003,5.163,0.0,-0.01,0.0
0.256,0.003,6.569,0.0,0.002,0.0
0.256,0.003,4.948,0.0,-0.019,0.0
0.256,0.003,5.264,0.0,-0.025,0.0
0.256,0.003,4.224,0.0,-0.018,0.0
0.256,0.003,4.181,0.0,0.006,0.0
0.256,0.003,5.644,0.0,-0.032,0.0
0.256,0.003,5.067,0.0,-0.007,0.0
0.256,0.003,5.13,0.0,-0.024,0.0
0.256,0.003,4.714,0.0,0.004,0.0
0.256,0.003,5.679,0.0,-0.009,0.0
0.256,0.003,4.278,0.0,0.003,0.0
0.256,0.003,6.132,0.0,-0.018,0.0
0.256,0.003,4.97,0.0,-0.0,0.0
0.256,0.003,4.791,0.0,0.007,0.0
0.256,0.003,5.234,0.0,0.001,0.0
0.256,0.003,6.243,0.0,0.003,0.0
0.256,0.003,4.608,0.0,-0.026,0.0
0.256,0.003,5.371,0.0,-0.004,0.0
0.256,0.003,5.312,0.0,0.004,0.0
0.256,0.003,6.525,0.0,0.0,0.0
0.256,0.003,5.134,0.0,-0.024,0.0
0.256,0.003,7.042,0.0,0.01,0.0
0.256,0.003,5.929,0.0,0.008,0.0
0.256,0.003,4.711,0.0,-0.012,0.0
0.256,0.003,5.499,0.0,0.001,0.0
0.256,0.003,4.767,0.0,-0.01,0.0
0.257,0.003,4.553,0.0,-0.025,0.0
0.257,0.003,4.742,0.0,-0.012,0.0
0.257,0.003,4.752,0.0,0.0,0.0
0.257,0.003,5.732,0.0,-0.02,0.0
0.257,0.003,3.416,0.0,0.013,0.0
0.257,0.003,4.672,0.0,-0.007,0.0
0.257,0.003,5.705,0.0,-0.03,0.0
0.257,0.003,5.513,0.0,-0.018,0.0
0.257,0.003,5.169,0.0,-0.002,0.0
0.257,0.003,4.98,0.0,-0.004,0.0
0.257,0.003,4.594,0.0,-0.011,0.0
0.257,0.003,5.685,0.0,0.009,0.0
0.257,0.003,4.777,0.0,-0.01,0.0
0.257,0.003,3.763,0.0,-0.0,0.0
0.257,0.003,4.811,0.0,-0.011,0.0
0.257,0.003,4.148,0.0,-0.006,0.0
0.257,0.003,5.444,0.0,-0.017,0.0
0.257,0.003,5.168,0.0,-0.005,0.0
0.257,0.003,4.962,0.0,-0.016,0.0
0.257,0.003,4.399,0.0,-0.008,0.0
0.257,0.003,7.118,0.0,-0.0,0.0
0.257,0.003,4.914,0.0,-0.009,0.0
0.257,0.003,4.992,0.0,-0.02,0.0
0.257,0.003,5.033,0.0,-0.016,0.0
0.257,0.003,5.529,0.0,-0.026,0.0
0.257,0.003,4.832,0.0,0.007,0.0
0.257,0.003,4.818,0.0,-0.022,0.0
0.257,0.003,5.264,0.0,-0.001,0.0
0.257,0.003,5.245,0.0,0.0,0.0
0.257,0.003,5.55,0.0,-0.022,0.0
0.257,0.003,4.976,0.0,-0.012,0.0
0.257,0.003,4.608,0.0,-0.001,0.0
0.257,0.003,4.468,0.0,-0.009,0.0
0.258,0.003,4.696,0.0,-0.024,0.0
0.258,0.003,5.023,0.0,-0.005,0.0
0.258,0.003,4.815,0.0,-0.021,0.0
0.258,0.003,5.339,0.0,0.01,0.0
0.258,0.003,4.245,0.0,-0.021,0.0
0.258,0.003,4.905,0.0,-0.004,0.0
0.258,0.003,4.706,0.0,0.006,0.0
0.258,0.003,5.344,0.0,0.006,0.0
0.258,0.003,4.939,0.0,-0.017,0.0
0.258,0.003,5.917,0.0,-0.015,0.0
0.258,0.003,6.794,0.0,-0.01,0.0
0.258,0.003,5.215,0.0,-0.001,0.0
0.258,0.003,4.769,0.0,-0.018,0.0
0.258,0.003,5.415,0.0,-0.008,0.0
0.258,0.003,5.27,0.0,-0.016,0.0
0.258,0.003,6.987,0.0,-0.003,0.0
0.258,0.003,5.373,0.0,0.013,0.0
0.258,0.003,5.804,0.0,0.019,0.0
0.258,0.003,5.652,0.0,-0.007,0.0
0.258,0.003,3.815,0.0,-0.001,0.0
0.258,0.003,4.509,0.0,-0.006,0.0
0.258,0.003,4.486,0.0,0.028,0.0
0.258,0.003,4.103,0.0,0.013,0.0
0.258,0.003,4.061,0.0,0.02,0.0
0.258,0.003,5.249,0.0,-0.018,0.0
0.258,0.003,5.159,0.0,-0.006,0.0
0.258,0.003,5.376,0.0,-0.013,0.0
0.258,0.003,6.356,0.0,0.014,0.0
0.259,0.003,5.184,0.0,-0.023,0.0
0.259,0.003,4.447,0.0,0.009,0.0
0.259,0.003,5.368,0.0,-0.006,0.0
0.259,0.003,4.635,0.0,0.001,0.0
0.259,0.003,5.572,0.0,0.015,0.0
0.259,0.003,5.275,0.0,0.003,0.0
0.259,0.003,4.176,0.0,0.018,0.0
0.259,0.003,5.632,0.0,0.005,0.0
0.259,0.003,5.735,0.0,-0.002,0.0
0.259,0.003,4.441,0.0,0.0,0.0
0.259,0.003,5.048,0.0,0.016,0.0
0.259,0.003,5.015,0.0,-0.013,0.0
0.259,0.003,4.426,0.0,-0.007,0.0
0.259,0.003,4.841,0.0,0.002,0.0
0.259,0.003,4.641,0.0,0.002,0.0
0.259,0.003,4.598,0.0,-0.005,0.0
0.259,0.003,6.502,0.0,0.008,0.0
0.259,0.003,5.423,0.0,0.011,0.0
0.259,0.003,5.227,0.0,-0.007,0.0
0.259,0.003,4.426,0.0,0.004,0.0
0.259,0.003,5.043,0.0,-0.022,0.0
0.259,0.003,4.913,0.0,0.003,0.0
0.259,0.003,4.474,0.0,-0.001,0.0
0.259,0.003,5.308,0.0,-0.011,0.0
0.259,0.003,4.94,0.0,-0.011,0.0
0.259,0.003,4.667,0.0,-0.025,0.0
0.259,0.003,4.337,0.0,-0.001,0.0
0.259,0.003,3.978,0.0,-0.012,0.0
0.259,0.003,4.337,0.0,0.009,0.0
0.259,0.003,5.173,0.0,-0.001,0.0
0.259,0.003,4.255,0.0,0.002,0.0
0.259,0.003,5.531,0.0,-0.001,0.0
0.259,0.003,3.944,0.0,-0.001,0.0
0.259,0.003,5.002,0.0,0.001,0.0
0.259,0.003,7.084,0.0,-0.008,0.0
0.259,0.003,5.392,0.0,-0.02,0.0
0.259,0.003,5.088,0.0,-0.018,0.0
0.259,0.003,4.197,0.0,0.005,0.0
0.259,0.003,5.208,0.0,-0.0,0.0
0.259,0.003,5.126,0.0,0.008,0.0
0.259,0.003,6.379,0.0,-0.028,0.0
0.259,0.003,4.555,0.0,-0.0,0.0
0.259,0.003,5.062,0.0,0.004,0.0
0.259,0.003,5.65,0.0,-0.002,0.0
0.259,0.003,5.432,0.0,-0.023,0.0
0.259,0.003,4.122,0.0,-0.006,0.0
0.26,0.003,5.337,0.0,0.012,0.0
0.26,0.003,5.913,0.0,-0.008,0.0
0.26,0.003,6.37,0.0,0.019,0.0
0.26,0.003,6.173,0.0,-0.012,0.0
0.26,0.003,4.815,0.0,-0.02,0.0
0.26,0.003,6.686,0.0,-0.011,0.0
0.26,0.003,4.144,0.0,-0.013,0.0
0.26,0.003,4.615,0.0,0.018,0.0
0.26,0.003,4.449,0.0,-0.017,0.0
0.26,0.003,4.195,0.0,-0.003,0.0
0.26,0.003,5.233,0.0,0.008,0.0
0.26,0.003,4.968,0.0,-0.011,0.0
0.26,0.003,4.153,0.0,-0.002,0.0
0.26,0.003,5.286,0.0,-0.006,0.0
0.26,0.003,5.113,0.0,-0.012,0.0
0.26,0.003,5.0,0.0,-0.013,0.0
0.26,0.003,5.281,0.0,-0.037,0.0
0.26,0.003,5.258,0.0,-0.001,0.0
0.26,0.003,4.305,0.0,0.017,0.0
0.26,0.003,3.786,0.0,0.0,0.0
0.26,0.003,5.222,0.0,0.012,0.0
0.26,0.003,5.246,0.0,0.005,0.0
0.26,0.003,4.705,0.0,0.012,0.0
0.26,0.003,6.647,0.0,-0.004,0.0
0.26,0.003,4.614,0.0,-0.012,0.0
0.26,0.003,5.166,0.0,-0.014,0.0
0.26,0.003,5.228,0.0,-0.018,0.0
0.26,0.003,4.398,0.0,0.006,0.0
0.26,0.003,4.389,0.0,0.004,0.0
0.26,0.003,4.9,0.0,-0.006,0.0
0.26,0.003,4.642,0.0,-0.017,0.0
0.26,0.003,4.824,0.0,0.002,0.0
0.26,0.003,4.307,0.0,-0.011,0.0
0.26,0.003,6.371,0.0,-0.038,0.0
0.26,0.003,4.971,0.0,-0.023,0.0
0.26,0.003,5.898,0.0,0.013,0.0
0.26,0.003,4.087,0.0,0.015,0.0
0.26,0.003,5.385,0.0,-0.022,0.0
0.26,0.003,4.564,0.0,-0.003,0.0
0.26,0.003,4.281,0.0,0.006,0.0
0.26,0.003,6.691,0.0,0.015,0.0
0.26,0.003,4.73,0.0,0.003,0.0
0.26,0.003,4.209,0.0,0.0,0.0
0.26,0.003,5.053,0.0,-0.001,0.0
0.26,0.003,5.514,0.0,0.005,0.0
0.26,0.003,6.712,0.0,-0.022,0.0
0.26,0.003,4.451,0.0,0.001,0.0
0.26,0.003,4.474,0.0,-0.009,0.0
0.26,0.003,4.667,0.0,-0.018,0.0
0.26,0.003,4.88,0.0,-0.0,0.0
0.26,0.003,4.675,0.0,-0.017,0.0
0.261,0.003,5.83,0.0,-0.008,0.0
0.261,0.003,4.883,0.0,-0.008,0.0
0.261,0.003,5.364,0.0,0.002,0.0
0.261,0.003,4.977,0.0,-0.012,0.0
0.261,0.003,5.862,0.0,-0.013,0.0
0.261,0.003,4.6,0.0,-0.006,0.0
0.261,0.003,5.45,0.0,-0.01,0.0
0.261,0.003,4.171,0.0,-0.008,0.0
0.261,0.003,6.198,0.0,-0.001,0.0
0.261,0.003,4.362,0.0,-0.005,0.0
0.261,0.003,5.481,0.0,0.016,0.0
0.261,0.003,4.62,0.0,-0.005,0.0
0.261,0.003,6.19,0.0,0.005,0.0
0.261,0.003,5.539,0.0,-0.006,0.0
0.261,0.003,4.349,0.0,-0.018,0.0
0.261,0.003,5.473,0.0,-0.014,0.0
0.261,0.003,4.465,0.0,-0.006,0.0
0.261,0.003,4.81,0.0,0.007,0.0
0.261,0.003,5.532,0.0,0.009,0.0
0.261,0.003,5.805,0.0,0.03,0.0
0.261,0.003,4.636,0.0,-0.018,0.0
0.261,0.003,3.899,0.0,0.006,0.0
0.261,0.003,4.762,0.0,-0.0,0.0
0.261,0.003,5.125,0.0,-0.014,0.0
0.261,0.003,4.745,0.0,-0.037,0.0
0.261,0.003,4.767,0.0,-0.008,0.0
0.261,0.003,3.748,0.0,0.013,0.0
0.261,0.003,4.033,0.0,-0.013,0.0
0.261,0.003,6.436,0.0,-0.018,0.0
0.261,0.003,5.315,0.0,-0.004,0.0
0.261,0.003,3.845,0.0,0.009,0.0
0.261,0.003,6.494,0.0,0.003,0.0
0.261,0.003,4.781,0.0,0.004,0.0
0.261,0.003,4.549,0.0,-0.022,0.0
0.261,0.003,5.421,0.0,-0.007,0.0
0.261,0.003,5.386,0.0,-0.01,0.0
0.262,0.003,5.564,0.0,0.001,0.0
0.262,0.003,5.747,0.0,0.009,0.0
0.262,0.003,5.75,0.0,0.004,0.0
0.262,0.003,4.796,0.0,0.008,0.0
0.262,0.003,4.679,0.0,0.013,0.0
0.262,0.003,5.536,0.0,-0.006,0.0
0.262,0.003,4.23,0.0,-0.021,0.0
0.262,0.003,5.452,0.0,-0.008,0.0
0.262,0.003,4.587,0.0,-0.012,0.0
0.262,0.003,4.211,0.0,-0.004,0.0
0.262,0.003,4.987,0.0,0.013,0.0
0.262,0.003,6.391,0.0,-0.002,0.0
0.262,0.003,4.846,0.0,-0.01,0.0
0.262,0.003,5.357,0.0,-0.012,0.0
0.262,0.003,4.625,0.0,-0.002,0.0
0.262,0.003,4.755,0.0,-0.0,0.0
0.262,0.003,4.926,0.0,-0.008,0.0
0.262,0.003,5.613,0.0,-0.009,0.0
0.262,0.003,4.78,0.0,-0.015,0.0
0.262,0.003,5.18,0.0,-0.002,0.0
0.262,0.003,5.27,0.0,-0.009,0.0
0.262,0.003,4.27,0.0,-0.006,0.0
0.262,0.003,4.463,0.0,-0.008,0.0
0.262,0.003,5.215,0.0,-0.024,0.0
0.262,0.003,5.496,0.0,0.024,0.0
0.262,0.003,4.905,0.0,-0.013,0.0
0.262,0.003,4.64,0.0,-0.015,0.0
0.262,0.003,4.684,0.0,-0.02,0.0
0.262,0.003,5.439,0.0,-0.024,0.0
0.262,0.003,6.119,0.0,0.003,0.0
0.262,0.003,5.055,0.0,-0.01,0.0
0.262,0.003,5.516,0.0,-0.009,0.0
0.262,0.003,4.953,0.0,0.007,0.0
0.262,0.003,4.247,0.0,-0.005,0.0
0.262,0.003,4.433,0.0,-0.011,0.0
0.262,0.003,5.278,0.0,-0.009,0.0
0.262,0.003,5.038,0.0,0.003,0.0
0.262,0.003,5.63,0.0,0.015,0.0
0.262,0.003,4.361,0.0,-0.02,0.0
0.262,0.003,5.155,0.0,-0.015,0.0
0.262,0.003,5.337,0.0,-0.028,0.0
0.262,0.003,5.645,0.0,0.026,0.0
0.263,0.003,4.988,0.0,-0.006,0.0
0.263,0.003,5.436,0.0,-0.017,0.0
0.263,0.003,4.476,0.0,-0.001,0.0
0.263,0.003,6.223,0.0,0.006,0.0
0.263,0.003,4.623,0.0,0.02,0.0
0.263,0.003,5.223,0.0,-0.015,0.0
0.263,0.003,4.672,0.0,0.006,0.0
0.263,0.003,5.511,0.0,-0.012,0.0
0.263,0.003,5.479,0.0,0.021,0.0
0.263,0.003,4.679,0.0,-0.02,0.0
0.263,0.003,4.548,0.0,0.009,0.0
0.263,0.003,5.596,0.0,-0.005,0.0
0.263,0.003,4.409,0.0,-0.005,0.0
0.263,0.003,4.017,0.0,-0.015,0.0
0.263,0.003,5.624,0.0,-0.008,0.0
0.263,0.003,4.77,0.0,-0.002,0.0
0.263,0.003,4.969,0.0,-0.012,0.0
0.263,0.003,5.664,0.0,-0.001,0.0
0.263,0.003,5.544,0.0,0.022,0.0
0.263,0.003,5.383,0.0,-0.007,0.0
0.263,0.003,4.805,0.0,0.009,0.0
0.263,0.003,5.655,0.0,0.002,0.0
0.263,0.003,5.817,0.0,0.01,0.0
0.263,0.003,5.007,0.0,-0.025,0.0
0.263,0.003,4.511,0.0,-0.012,0.0
0.263,0.003,5.764,0.0,-0.007,0.0
0.263,0.003,4.961,0.0,-0.013,0.0
0.263,0.003,5.32,0.0,0.002,0.0
0.264,0.003,5.51,0.0,-0.011,0.0
0.264,0.003,5.614,0.0,-0.018,0.0
0.264,0.003,4.101,0.0,-0.015,0.0
0.264,0.003,6.372,0.0,0.009,0.0
0.264,0.003,5.269,0.0,0.004,0.0
0.264,0.003,4.711,0.0,-0.018,0.0
0.264,0.003,5.296,0.0,-0.001,0.0
0.264,0.003,5.286,0.0,-0.013,0.0
0.264,0.003,4.839,0.0,-0.006,0.0
0.264,0.003,5.205,0.0,0.007,0.0
0.264,0.003,6.904,0.0,0.012,0.0
0.264,0.003,5.814,0.0,-0.016,0.0
0.264,0.003,4.915,0.0,-0.015,0.0
0.264,0.003,4.549,0.0,-0.022,0.0
0.264,0.003,5.061,0.0,-0.012,0.0
0.264,0.003,5.408,0.0,0.015,0.0
0.264,0.003,4.915,0.0,0.003,0.0
0.264,0.003,5.071,0.0,0.015,0.0
0.264,0.003,4.965,0.0,-0.009,0.0
0.264,0.003,5.149,0.0,0.004,0.0
0.264,0.003,4.599,0.0,-0.025,0.0
0.264,0.003,4.997,0.0,-0.012,0.0
0.264,0.003,5.23,0.0,-0.006,0.0
0.264,0.003,4.913,0.0,-0.025,0.0
0.264,0.003,4.651,0.0,0.013,0.0
0.264,0.003,5.147,0.0,-0.021,0.0
0.264,0.003,5.298,0.0,-0.008,0.0
0.264,0.003,6.597,0.0,0.025,0.0
0.264,0.003,4.66,0.0,-0.027,0.0
0.264,0.003,4.675,0.0,0.012,0.0
0.264,0.003,5.082,0.0,0.004,0.0
0.264,0.003,4.431,0.0,-0.005,0.0
0.264,0.003,5.012,0.0,0.008,0.0
0.264,0.003,5.295,0.0,-0.002,0.0
0.264,0.003,3.972,0.0,-0.006,0.0
0.264,0.003,5.304,0.0,0.007,0.0
0.264,0.003,4.496,0.0,-0.015,0.0
0.264,0.003,5.144,0.0,-0.024,0.0
0.264,0.003,5.493,0.0,-0.003,0.0
0.264,0.003,5.511,0.0,-0.011,0.0
0.264,0.003,5.052,0.0,-0.027,0.0
0.264,0.003,5.067,0.0,0.05,0.0
0.264,0.003,4.862,0.0,-0.01,0.0
0.264,0.003,4.907,0.0,0.005,0.0
0.264,0.003,4.591,0.0,-0.011,0.0
0.264,0.003,4.291,0.0,-0.015,0.0
0.264,0.003,4.213,0.0,-0.009,0.0
0.264,0.003,5.533,0.0,0.018,0.0
0.265,0.003,6.657,0.0,0.003,0.0
0.265,0.003,4.3,0.0,0.005,0.0
0.265,0.003,5.436,0.0,-0.034,0.0
0.265,0.003,5.389,0.0,-0.018,0.0
0.265,0.003,5.87,0.0,-0.009,0.0
0.265,0.003,3.651,0.0,0.008,0.0
0.265,0.003,4.91,0.0,0.016,0.0
0.265,0.003,5.905,0.0,-0.021,0.0
0.265,0.003,4.464,0.0,0.002,0.0
0.265,0.003,4.994,0.0,-0.032,0.0
0.265,0.003,5.016,0.0,-0.01,0.0
0.265,0.003,4.313,0.0,-0.005,0.0
0.265,0.003,5.486,0.0,-0.028,0.0
0.265,0.003,4.86,0.0,0.009,0.0
0.265,0.003,6.295,0.0,-0.014,0.0
0.265,0.003,4.885,0.0,-0.004,0.0
0.265,0.003,5.72,0.0,-0.007,0.0
0.265,0.003,5.171,0.0,-0.024,0.0
0.265,0.003,4.707,0.0,-0.009,0.0
0.265,0.003,4.963,0.0,-0.021,0.0
0.265,0.003,5.251,0.0,-0.017,0.0
0.265,0.003,6.437,0.0,-0.011,0.0
0.265,0.003,5.609,0.0,-0.011,0.0
0.265,0.003,4.965,0.0,-0.031,0.0
0.265,0.003,4.584,0.0,0.009,0.0
0.265,0.003,5.022,0.0,-0.032,0.0
0.265,0.003,4.506,0.0,-0.015,0.0
0.265,0.003,4.606,0.0,-0.017,0.0
0.265,0.003,4.319,0.0,0.033,0.0
0.265,0.003,6.386,0.0,0.016,0.0
0.265,0.003,4.488,0.0,0.015,0.0
0.265,0.003,4.819,0.0,-0.018,0.0
0.265,0.003,4.739,0.0,0.004,0.0
0.265,0.003,5.845,0.0,-0.012,0.0
0.265,0.003,5.11,0.0,-0.009,0.0
0.265,0.003,4.545,0.0,0.005,0.0
0.265,0.003,5.314,0.0,-0.016,0.0
0.265,0.003,4.64,0.0,-0.017,0.0
0.266,0.003,5.123,0.0,-0.021,0.0
0.266,0.003,5.012,0.0,-0.021,0.0
0.266,0.003,6.026,0.0,-0.003,0.0
0.266,0.003,5.408,0.0,-0.004,0.0
0.266,0.003,4.448,0.0,0.012,0.0
0.266,0.003,4.376,0.0,-0.009,0.0
0.266,0.003,5.716,0.0,-0.012,0.0
0.266,0.003,5.14,0.0,-0.005,0.0
0.266,0.003,5.613,0.0,-0.007,0.0
0.266,0.003,5.07,0.0,0.007,0.0
0.266,0.003,5.296,0.0,-0.007,0.0
0.266,0.003,7.044,0.0,-0.001,0.0
0.266,0.003,5.592,0.0,0.008,0.0
0.266,0.003,5.016,0.0,-0.003,0.0
0.266,0.003,3.948,0.0,0.005,0.0
0.266,0.003,4.703,0.0,-0.004,0.0
0.266,0.003,5.448,0.0,0.016,0.0
0.266,0.003,3.444,0.0,0.012,0.0
0.266,0.003,4.854,0.0,-0.007,0.0
0.266,0.003,4.565,0.0,0.005,0.0
0.266,0.003,5.648,0.0,0.0,0.0
0.266,0.003,4.444,0.0,-0.003,0.0
0.266,0.003,6.137,0.0,0.006,0.0
0.266,0.003,4.607,0.0,0.009,0.0
0.266,0.003,5.403,0.0,-0.022,0.0
0.266,0.003,5.4,0.0,-0.002,0.0
0.266,0.003,6.341,0.0,0.006,0.0
0.266,0.003,4.455,0.0,-0.018,0.0
0.266,0.003,4.334,0.0,-0.009,0.0
0.266,0.003,5.659,0.0,0.005,0.0
0.266,0.003,5.325,0.0,-0.006,0.0
0.266,0.003,5.393,0.0,-0.011,0.0
0.266,0.003,6.508,0.0,-0.009,0.0
0.266,0.003,6.348,0.0,-0.003,0.0
0.266,0.003,4.593,0.0,-0.009,0.0
0.266,0.003,4.998,0.0,-0.003,0.0
0.266,0.003,4.792,0.0,-0.028,0.0
0.266,0.003,4.55,0.0,-0.005,0.0
0.266,0.003,3.959,0.0,0.0,0.0
0.266,0.003,4.669,0.0,0.001,0.0
0.266,0.003,6.618,0.0,-0.014,0.0
0.267,0.003,5.776,0.0,-0.002,0.0
0.267,0.003,4.419,0.0,0.003,0.0
0.267,0.003,4.909,0.0,-0.004,0.0
0.267,0.003,4.462,0.0,-0.03,0.0
0.267,0.003,5.017,0.0,-0.01,0.0
0.267,0.003,5.124,0.0,-0.004,0.0
0.267,0.003,4.449,0.0,0.0,0.0
0.267,0.003,5.04,0.0,-0.002,0.0
0.267,0.003,4.832,0.0,-0.008,0.0
0.267,0.003,6.106,0.0,-0.022,0.0
0.267,0.003,3.588,0.0,0.002,0.0
0.267,0.003,4.825,0.0,-0.004,0.0
0.267,0.003,3.857,0.0,-0.016,0.0
0.267,0.003,5.19,0.0,-0.014,0.0
0.267,0.003,4.368,0.0,0.003,0.0
0.267,0.003,6.68,0.0,-0.009,0.0
0.267,0.003,5.093,0.0,0.006,0.0
0.267,0.003,5.706,0.0,0.009,0.0
0.267,0.003,6.432,0.0,-0.002,0.0
0.267,0.003,4.682,0.0,-0.016,0.0
0.267,0.003,6.161,0.0,-0.028,0.0
0.267,0.003,5.356,0.0,-0.012,0.0
0.267,0.003,5.043,0.0,-0.025,0.0
0.267,0.003,3.783,0.0,-0.018,0.0
0.267,0.003,5.143,0.0,-0.002,0.0
0.267,0.003,6.408,0.0,-0.01,0.0
0.267,0.003,5.509,0.0,-0.026,0.0
0.267,0.003,6.195,0.0,-0.017,0.0
0.267,0.003,6.905,0.0,-0.005,0.0
0.267,0.003,4.305,0.0,-0.03,0.0
0.267,0.003,5.169,0.0,-0.008,0.0
0.267,0.003,7.502,0.0,-0.012,0.0
0.267,0.003,5.003,0.0,0.003,0.0
0.267,0.003,4.549,0.0,0.017,0.0
0.267,0.003,5.422,0.0,-0.018,0.0
0.267,0.003,4.184,0.0,0.002,0.0
0.267,0.003,6.392,0.0,-0.024,0.0
0.267,0.003,4.295,0.0,0.013,0.0
0.267,0.003,5.767,0.0,0.006,0.0
0.268,0.003,5.522,0.0,-0.013,0.0
0.268,0.003,5.863,0.0,0.012,0.0
0.268,0.003,4.79,0.0,-0.025,0.0
0.268,0.003,4.279,0.0,0.012,0.0
0.268,0.003,5.788,0.0,-0.017,0.0
0.268,0.003,6.051,0.0,0.012,0.0
0.268,0.003,6.102,0.0,-0.027,0.0
0.268,0.003,5.098,0.0,0.014,0.0
0.268,0.003,4.848,0.0,0.02,0.0
0.268,0.003,5.143,0.0,-0.011,0.0
0.268,0.003,5.088,0.0,-0.006,0.0
0.268,0.003,5.716,0.0,0.003,0.0
0.268,0.003,5.789,0.0,-0.006,0.0
0.268,0.003,5.571,0.0,-0.021,0.0
0.268,0.003,4.258,0.0,-0.007,0.0
0.268,0.003,5.243,0.0,-0.014,0.0
0.268,0.003,5.541,0.0,-0.014,0.0
0.268,0.003,4.669,0.0,0.012,0.0
0.268,0.003,5.758,0.0,-0.016,0.0
0.268,0.003,5.276,0.0,-0.015,0.0
0.268,0.003,4.69,0.0,-0.008,0.0
0.268,0.003,4.707,0.0,-0.003,0.0
0.268,0.003,5.196,0.0,-0.012,0.0
0.268,0.003,4.528,0.0,0.008,0.0
0.268,0.003,5.292,0.0,-0.002,0.0
0.268,0.003,5.823,0.0,0.0,0.0
0.268,0.003,4.745,0.0,-0.006,0.0
0.268,0.003,5.014,0.0,-0.006,0.0
0.268,0.003,4.744,0.0,-0.001,0.0
0.268,0.003,5.189,0.0,-0.013,0.0
0.268,0.003,4.913,0.0,0.004,0.0
0.268,0.003,5.514,0.0,-0.018,0.0
0.268,0.003,3.845,0.0,0.017,0.0
0.268,0.003,5.142,0.0,-0.02,0.0
0.268,0.003,6.752,0.0,0.006,0.0
0.269,0.003,5.168,0.0,0.004,0.0
0.269,0.003,5.081,0.0,-0.016,0.0
0.269,0.003,5.102,0.0,-0.004,0.0
0.269,0.003,5.256,0.0,-0.009,0.0
0.269,0.003,4.671,0.0,0.012,0.0
0.269,0.003,4.635,0.0,-0.01,0.0
0.269,0.003,4.664,0.0,0.004,0.0
0.269,0.003,4.505,0.0,-0.015,0.0
0.269,0.003,4.734,0.0,0.005,0.0
0.269,0.003,4.225,0.0,0.01,0.0
0.269,0.003,5.322,0.0,-0.02,0.0
0.269,0.003,4.357,0.0,-0.018,0.0
0.269,0.003,5.694,0.0,-0.007,0.0
0.269,0.003,5.631,0.0,-0.008,0.0
0.269,0.003,5.201,0.0,-0.01,0.0
0.269,0.003,5.507,0.0,-0.012,0.0
0.269,0.003,5.194,0.0,-0.017,0.0
0.269,0.003,7.329,0.0,-0.015,0.0
0.269,0.003,6.225,0.0,-0.013,0.0
0.269,0.003,5.523,0.0,-0.026,0.0
0.269,0.003,4.718,0.0,0.015,0.0
0.269,0.003,5.097,0.0,0.002,0.0
0.269,0.003,5.745,0.0,0.02,0.0
0.269,0.003,5.817,0.0,0.002,0.0
0.269,0.003,4.808,0.0,-0.011,0.0
0.269,0.003,5.041,0.0,-0.019,0.0
0.269,0.003,4.724,0.0,0.006,0.0
0.269,0.003,4.4,0.0,-0.002,0.0
0.269,0.003,5.211,0.0,-0.007,0.0
0.269,0.003,5.365,0.0,-0.008,0.0
0.269,0.003,4.53,0.0,-0.003,0.0
0.269,0.003,4.412,0.0,-0.006,0.0
0.269,0.003,5.272,0.0,-0.0,0.0
0.269,0.003,4.161,0.0,0.0,0.0
0.269,0.003,4.6,0.0,-0.012,0.0
0.269,0.003,5.531,0.0,-0.005,0.0
0.269,0.003,5.311,0.0,-0.024,0.0
0.269,0.003,5.028,0.0,-0.007,0.0
0.269,0.003,4.477,0.0,-0.011,0.0
0.269,0.003,6.261,0.0,-0.009,0.0
0.269,0.003,5.467,0.0,-0.03,0.0
0.269,0.003,4.409,0.0,0.005,0.0
0.269,0.003,4.965,0.0,-0.005,0.0
0.269,0.003,5.8,0.0,-0.025,0.0
0.27,0.003,6.227,0.0,0.002,0.0
0.27,0.003,5.203,0.0,-0.017,0.0
0.27,0.003,5.536,0.0,-0.016,0.0
0.27,0.003,4.536,0.0,-0.004,0.0
0.27,0.003,5.184,0.0,-0.01,0.0
0.27,0.003,5.367,0.0,-0.017,0.0
0.27,0.003,4.133,0.0,0.013,0.0
0.27,0.003,4.582,0.0,-0.005,0.0
0.27,0.003,4.159,0.0,-0.011,0.0
0.27,0.003,5.509,0.0,0.008,0.0
0.27,0.003,6.169,0.0,-0.004,0.0
0.27,0.003,2.978,0.0,0.01,0.0
0.27,0.003,4.737,0.0,0.012,0.0
0.27,0.003,4.492,0.0,-0.001,0.0
0.27,0.003,4.265,0.0,-0.009,0.0
0.27,0.003,5.444,0.0,0.004,0.0
0.27,0.003,5.431,0.0,0.003,0.0
0.27,0.003,4.622,0.0,-0.017,0.0
0.27,0.003,4.998,0.0,-0.005,0.0
0.27,0.003,4.963,0.0,-0.032,0.0
0.27,0.003,4.955,0.0,-0.013,0.0
0.27,0.003,4.881,0.0,-0.005,0.0
0.27,0.003,6.035,0.0,-0.023,0.0
0.27,0.003,5.343,0.0,-0.008,0.0
0.27,0.003,4.291,0.0,-0.022,0.0
0.27,0.003,4.488,0.0,0.005,0.0
0.27,0.003,5.413,0.0,-0.0,0.0
0.27,0.003,4.832,0.0,-0.018,0.0
0.27,0.003,5.233,0.0,-0.025,0.0
0.27,0.003,5.095,0.0,-0.021,0.0
0.27,0.003,4.707,0.0,0.007,0.0
0.27,0.003,5.477,0.0,0.005,0.0
0.27,0.003,5.749,0.0,-0.012,0.0
0.27,0.003,4.478,0.0,0.003,0.0
0.27,0.003,5.276,0.0,-0.006,0.0
0.271,0.003,4.951,0.0,-0.0,0.0
0.271,0.003,3.507,0.0,0.017,0.0
0.271,0.003,4.012,0.0,0.011,0.0
0.271,0.003,5.121,0.0,0.009,0.0
0.271,0.003,4.941,0.0,-0.0,0.0
0.271,0.003,5.009,0.0,0.001,0.0
0.271,0.003,5.726,0.0,-0.014,0.0
0.271,0.003,5.087,0.0,-0.009,0.0
0.271,0.003,4.852,0.0,0.002,0.0
0.271,0.003,5.252,0.0,-0.011,0.0
0.271,0.003,6.708,0.0,-0.001,0.0
0.271,0.003,5.239,0.0,0.004,0.0
0.271,0.003,5.673,0.0,0.011,0.0
0.271,0.003,5.016,0.0,0.001,0.0
0.271,0.003,5.517,0.0,0.011,0.0
0.271,0.003,5.05,0.0,-0.006,0.0
0.271,0.003,4.949,0.0,-0.013,0.0
0.271,0.003,6.342,0.0,-0.028,0.0
0.271,0.003,6.227,0.0,-0.017,0.0
0.271,0.003,4.319,0.0,-0.005,0.0
0.271,0.003,6.356,0.0,-0.03,0.0
0.271,0.003,5.212,0.0,-0.003,0.0
0.271,0.003,4.367,0.0,-0.008,0.0
0.271,0.003,5.957,0.0,-0.024,0.0
0.271,0.003,5.546,0.0,0.005,0.0
0.271,0.003,4.119,0.0,0.01,0.0
0.271,0.003,5.417,0.0,-0.013,0.0
0.271,0.003,4.114,0.0,0.004,0.0
0.271,0.003,3.995,0.0,-0.006,0.0
0.271,0.003,6.579,0.0,0.017,0.0
0.271,0.003,5.707,0.0,0.007,0.0
0.271,0.003,5.57,0.0,-0.007,0.0
0.271,0.003,5.578,0.0,-0.019,0.0
0.271,0.003,4.64,0.0,-0.0,0.0
0.271,0.003,4.796,0.0,-0.021,0.0
0.271,0.003,5.655,0.0,-0.006,0.0
0.271,0.003,6.548,0.0,-0.021,0.0
0.271,0.003,4.723,0.0,-0.009,0.0
0.271,0.003,4.117,0.0,-0.008,0.0
0.271,0.003,4.385,0.0,-0.017,0.0
0.271,0.003,4.544,0.0,-0.019,0.0
0.271,0.003,6.954,0.0,-0.004,0.0
0.271,0.003,5.441,0.0,-0.002,0.0
0.271,0.003,4.284,0.0,0.008,0.0
0.272,0.003,4.955,0.0,-0.01,0.0
0.272,0.003,4.776,0.0,-0.006,0.0
0.272,0.003,3.793,0.0,0.004,0.0
0.272,0.003,4.614,0.0,-0.001,0.0
0.272,0.003,5.221,0.0,-0.005,0.0
0.272,0.003,4.772,0.0,-0.011,0.0
0.272,0.003,5.188,0.0,-0.002,0.0
0.272,0.003,5.624,0.0,-0.027,0.0
0.272,0.003,4.607,0.0,-0.012,0.0
0.272,0.003,5.007,0.0,0.013,0.0
0.272,0.003,4.545,0.0,-0.006,0.0
0.272,0.003,4.99,0.0,-0.013,0.0
0.272,0.003,5.599,0.0,-0.027,0.0
0.272,0.003,6.139,0.0,-0.037,0.0
0.272,0.003,4.405,0.0,0.002,0.0
0.272,0.003,6.853,0.0,0.002,0.0
0.272,0.003,4.873,0.0,-0.009,0.0
0.272,0.003,4.898,0.0,0.001,0.0
0.272,0.003,4.037,0.0,-0.023,0.0
0.272,0.003,4.265,0.0,-0.014,0.0
0.272,0.003,4.933,0.0,0.011,0.0
0.272,0.003,6.262,0.0,-0.004,0.0
0.272,0.003,4.855,0.0,-0.006,0.0
0.272,0.003,5.576,0.0,-0.002,0.0
0.272,0.003,4.796,0.0,0.002,0.0
0.272,0.003,5.057,0.0,-0.0,0.0
0.272,0.003,6.127,0.0,0.001,0.0
0.272,0.003,4.685,0.0,-0.005,0.0
0.272,0.003,4.831,0.0,-0.008,0.0
0.272,0.003,5.291,0.0,0.001,0.0
0.272,0.003,5.393,0.0,-0.025,0.0
0.272,0.003,5.04,0.0,0.007,0.0
0.272,0.003,4.928,0.0,-0.02,0.0
0.272,0.003,4.422,0.0,-0.012,0.0
0.272,0.003,5.804,0.0,-0.009,0.0
0.272,0.003,4.617,0.0,-0.019,0.0
0.273,0.003,4.664,0.0,-0.026,0.0
0.273,0.003,4.808,0.0,-0.017,0.0
0.273,0.003,5.119,0.0,-0.003,0.0
0.273,0.003,4.608,0.0,-0.013,0.0
0.273,0.003,4.728,0.0,-0.023,0.0
0.273,0.003,5.798,0.0,-0.002,0.0
0.273,0.003,4.637,0.0,-0.008,0.0
0.273,0.003,3.506,0.0,0.001,0.0
0.273,0.003,4.9,0.0,-0.011,0.0
0.273,0.003,5.176,0.0,0.001,0.0
0.273,0.003,4.38,0.0,-0.007,0.0
0.273,0.003,4.592,0.0,-0.018,0.0
0.273,0.003,4.897,0.0,-0.002,0.0
0.273,0.003,5.695,0.0,-0.004,0.0
0.273,0.003,4.739,0.0,-0.01,0.0
0.273,0.003,5.709,0.0,0.01,0.0
0.273,0.003,4.917,0.0,-0.001,0.0
0.273,0.003,3.882,0.0,-0.013,0.0
0.273,0.003,5.865,0.0,0.008,0.0
0.273,0.003,5.756,0.0,-0.004,0.0
0.273,0.003,4.384,0.0,-0.011,0.0
0.273,0.003,4.763,0.0,0.003,0.0
0.273,0.003,5.207,0.0,-0.034,0.0
0.273,0.003,3.895,0.0,-0.001,0.0
0.273,0.003,4.761,0.0,-0.004,0.0
0.273,0.003,6.325,0.0,0.029,0.0
0.273,0.003,5.535,0.0,0.017,0.0
0.273,0.003,4.927,0.0,-0.03,0.0
0.273,0.003,5.394,0.0,-0.014,0.0
0.273,0.003,5.112,0.0,-0.004,0.0
0.273,0.003,5.851,0.0,-0.011,0.0
0.273,0.003,5.771,0.0,-0.025,0.0
0.273,0.003,4.098,0.0,0.006,0.0
0.273,0.003,5.648,0.0,0.008,0.0
0.273,0.003,3.199,0.0,0.009,0.0
0.273,0.003,3.949,0.0,-0.014,0.0
0.273,0.003,5.746,0.0,-0.025,0.0
0.273,0.003,4.455,0.0,0.003,0.0
0.273,0.003,6.289,0.0,-0.005,0.0
0.273,0.003,4.71,0.0,-0.004,0.0
0.273,0.003,4.84,0.0,-0.01,0.0
0.273,0.003,4.2,0.0,-0.013,0.0
0.274,0.003,4.751,0.0,0.011,0.0
0.274,0.003,4.148,0.0,0.009,0.0
0.274,0.003,5.832,0.0,0.017,0.0
0.274,0.003,5.151,0.0,-0.016,0.0
0.274,0.003,4.595,0.0,-0.003,0.0
0.274,0.003,5.005,0.0,0.005,0.0
0.274,0.003,5.271,0.0,-0.009,0.0
0.274,0.003,4.676,0.0,-0.022,0.0
0.274,0.003,4.954,0.0,0.003,0.0
0.274,0.003,4.664,0.0,0.011,0.0
0.274,0.003,4.436,0.0,0.001,0.0
0.274,0.003,4.763,0.0,-0.016,0.0
0.274,0.003,5.588,0.0,-0.006,0.0
0.274,0.003,6.371,0.0,-0.012,0.0
0.274,0.003,3.706,0.0,0.006,0.0
0.274,0.003,5.349,0.0,0.003,0.0
0.274,0.003,4.363,0.0,0.0,0.0
0.274,0.003,5.306,0.0,-0.011,0.0
0.274,0.003,5.045,0.0,-0.011,0.0
0.274,0.003,5.976,0.0,0.008,0.0
0.274,0.003,4.761,0.0,-0.019,0.0
0.274,0.003,5.076,0.0,-0.007,0.0
0.274,0.003,5.755,0.0,-0.011,0.0
0.274,0.003,4.713,0.0,-0.007,0.0
0.274,0.003,5.427,0.0,-0.024,0.0
0.274,0.003,5.53,0.0,-0.016,0.0
0.274,0.003,4.24,0.0,-0.025,0.0
0.274,0.003,4.132,0.0,0.016,0.0
0.274,0.003,5.784,0.0,0.006,0.0
0.274,0.003,4.821,0.0,0.0,0.0
0.274,0.003,5.415,0.0,0.006,0.0
0.274,0.003,4.15,0.0,0.015,0.0
0.274,0.003,4.903,0.0,-0.011,0.0
0.274,0.003,5.245,0.0,0.002,0.0
0.274,0.003,5.7,0.0,-0.012,0.0
0.274,0.003,4.502,0.0,-0.022,0.0
0.274,0.003,5.247,0.0,-0.02,0.0
0.274,0.003,5.573,0.0,-0.008,0.0
0.274,0.003,4.562,0.0,0.011,0.0
0.274,0.003,3.832,0.0,-0.005,0.0
0.274,0.003,4.441,0.0,0.004,0.0
0.274,0.003,5.152,0.0,0.016,0.0
0.274,0.003,4.597,0.0,-0.007,0.0
0.274,0.003,5.643,0.0,0.015,0.0
0.274,0.003,4.977,0.0,-0.008,0.0
0.274,0.003,5.061,0.0,-0.007,0.0
0.275,0.003,4.864,0.0,-0.009,0.0
0.275,0.003,3.849,0.0,-0.002,0.0
0.275,0.003,5.311,0.0,-0.01,0.0
0.275,0.003,6.432,0.0,-0.004,0.0
0.275,0.003,4.234,0.0,-0.022,0.0
0.275,0.003,5.133,0.0,-0.012,0.0
0.275,0.003,6.788,0.0,-0.008,0.0
0.275,0.003,4.511,0.0,-0.022,0.0
0.275,0.003,4.114,0.0,-0.0,0.0
0.275,0.003,6.155,0.0,-0.008,0.0
0.275,0.003,5.608,0.0,0.01,0.0
0.275,0.003,4.925,0.0,0.001,0.0
0.275,0.003,6.123,0.0,-0.007,0.0
0.275,0.003,6.846,0.0,0.011,0.0
0.275,0.003,4.979,0.0,-0.019,0.0
0.275,0.003,5.712,0.0,0.004,0.0
0.275,0.003,3.556,0.0,0.005,0.0
0.275,0.003,5.781,0.0,-0.017,0.0
0.275,0.003,5.286,0.0,-0.018,0.0
0.275,0.003,5.553,0.0,0.002,0.0
0.275,0.003,4.55,0.0,-0.011,0.0
0.275,0.003,5.817,0.0,-0.001,0.0
0.275,0.003,5.401,0.0,-0.007,0.0
0.275,0.003,6.189,0.0,-0.013,0.0
0.275,0.003,4.535,0.0,-0.014,0.0
0.275,0.003,4.886,0.0,-0.022,0.0
0.275,0.003,5.001,0.0,-0.009,0.0
0.275,0.003,4.599,0.0,-0.011,0.0
0.275,0.003,5.386,0.0,-0.006,0.0
0.275,0.003,4.088,0.0,-0.017,0.0
0.275,0.003,4.69,0.0,-0.011,0.0
0.275,0.003,5.983,0.0,-0.019,0.0
0.275,0.003,4.922,0.0,-0.013,0.0
0.275,0.003,5.987,0.0,0.002,0.0
0.275,0.003,4.018,0.0,0.003,0.0
0.275,0.003,3.613,0.0,0.004,0.0
0.275,0.003,5.571,0.0,-0.001,0.0
0.275,0.003,5.126,0.0,-0.016,0.0
0.275,0.003,3.694,0.0,-0.008,0.0
0.275,0.003,4.406,0.0,0.0,0.0
0.275,0.003,5.241,0.0,-0.034,0.0
0.275,0.003,4.377,0.0,-0.001,0.0
0.275,0.003,5.908,0.0,0.007,0.0
0.275,0.003,5.573,0.0,0.009,0.0
0.275,0.003,5.058,0.0,-0.007,0.0
0.276,0.003,5.112,0.0,-0.013,0.0
0.276,0.003,5.346,0.0,-0.021,0.0
0.276,0.003,4.997,0.0,-0.013,0.0
0.276,0.003,5.538,0.0,-0.021,0.0
0.276,0.003,5.256,0.0,-0.021,0.0
0.276,0.003,5.312,0.0,0.012,0.0
0.276,0.003,5.104,0.0,-0.013,0.0
0.276,0.003,4.784,0.0,-0.009,0.0
0.276,0.003,6.177,0.0,-0.013,0.0
0.276,0.003,5.123,0.0,-0.014,0.0
0.276,0.003,5.377,0.0,-0.036,0.0
0.276,0.003,4.187,0.0,-0.01,0.0
0.276,0.003,6.384,0.0,-0.007,0.0
0.276,0.003,4.547,0.0,-0.004,0.0
0.276,0.003,5.15,0.0,-0.006,0.0
0.276,0.003,4.161,0.0,0.013,0.0
0.276,0.003,6.316,0.0,0.013,0.0
0.276,0.003,5.165,0.0,-0.002,0.0
0.276,0.003,4.892,0.0,-0.001,0.0
0.276,0.003,4.535,0.0,-0.005,0.0
0.276,0.003,5.375,0.0,-0.019,0.0
0.276,0.003,4.308,0.0,-0.024,0.0
0.276,0.003,4.783,0.0,0.002,0.0
0.276,0.003,4.689,0.0,-0.001,0.0
0.276,0.003,3.7,0.0,-0.001,0.0
0.276,0.003,4.403,0.0,-0.01,0.0
0.276,0.003,4.725,0.0,-0.002,0.0
0.276,0.003,5.189,0.0,-0.021,0.0
0.276,0.003,4.206,0.0,0.003,0.0
0.276,0.003,5.788,0.0,-0.018,0.0
0.276,0.003,5.204,0.0,0.004,0.0
0.276,0.003,4.192,0.0,-0.011,0.0
0.276,0.003,4.844,0.0,0.003,0.0
0.276,0.003,4.657,0.0,-0.002,0.0
0.276,0.003,5.446,0.0,-0.008,0.0
0.276,0.003,3.757,0.0,-0.005,0.0
0.276,0.003,5.197,0.0,-0.017,0.0
0.276,0.003,4.929,0.0,-0.002,0.0
0.276,0.003,4.999,0.0,-0.001,0.0
0.276,0.003,3.713,0.0,-0.007,0.0
0.276,0.003,5.213,0.0,-0.02,0.0
0.276,0.003,4.668,0.0,-0.013,0.0
0.276,0.003,5.651,0.0,-0.011,0.0
0.276,0.003,4.835,0.0,-0.013,0.0
0.276,0.003,4.553,0.0,0.001,0.0
0.276,0.003,4.758,0.0,0.002,0.0
0.276,0.003,4.797,0.0,0.011,0.0
0.276,0.003,5.358,0.0,-0.002,0.0
0.276,0.003,4.775,0.0,0.022,0.0
0.276,0.003,4.642,0.0,-0.013,0.0
0.276,0.003,4.478,0.0,0.023,0.0
0.276,0.003,5.202,0.0,0.006,0.0
0.277,0.003,4.048,0.0,0.011,0.0
0.277,0.003,4.752,0.0,-0.02,0.0
0.277,0.003,4.568,0.0,-0.022,0.0
0.277,0.003,4.849,0.0,-0.001,0.0
0.277,0.003,5.193,0.0,-0.012,0.0
0.277,0.003,4.091,0.0,0.001,0.0
0.277,0.003,5.778,0.0,0.001,0.0
0.277,0.003,5.956,0.0,-0.007,0.0
0.277,0.003,4.638,0.0,-0.004,0.0
0.277,0.003,5.801,0.0,-0.001,0.0
0.277,0.003,4.06,0.0,0.01,0.0
0.277,0.003,5.47,0.0,-0.03,0.0
0.277,0.003,4.97,0.0,0.005,0.0
0.277,0.003,4.92,0.0,-0.006,0.0
0.277,0.003,5.924,0.0,-0.003,0.0
0.277,0.003,5.543,0.0,-0.019,0.0
0.277,0.003,4.932,0.0,-0.025,0.0
0.277,0.003,5.731,0.0,-0.007,0.0
0.277,0.003,4.13,0.0,0.007,0.0
0.277,0.003,4.481,0.0,-0.001,0.0
0.277,0.003,4.374,0.0,0.005,0.0
0.277,0.003,5.658,0.0,-0.009,0.0
0.277,0.003,5.256,0.0,0.004,0.0
0.277,0.003,4.889,0.0,-0.012,0.0
0.277,0.003,4.766,0.0,0.002,0.0
0.277,0.003,4.447,0.0,-0.004,0.0
0.277,0.003,5.506,0.0,0.019,0.0
0.277,0.003,4.355,0.0,-0.009,0.0
0.277,0.003,4.037,0.0,0.013,0.0
0.277,0.003,5.309,0.0,-0.017,0.0
0.277,0.003,4.804,0.0,0.002,0.0
0.277,0.003,5.375,0.0,-0.009,0.0
0.277,0.003,4.753,0.0,-0.013,0.0
0.277,0.003,4.043,0.0,-0.024,0.0
0.277,0.003,5.549,0.0,-0.007,0.0
0.277,0.003,5.434,0.0,-0.002,0.0
0.277,0.003,5.277,0.0,-0.018,0.0
0.277,0.003,5.141,0.0,-0.004,0.0
0.277,0.003,4.981,0.0,-0.027,0.0
0.277,0.003,5.258,0.0,-0.014,0.0
0.277,0.003,5.104,0.0,-0.006,0.0
0.277,0.003,5.475,0.0,-0.01,0.0
0.277,0.003,4.726,0.0,-0.024,0.0
0.277,0.003,5.631,0.0,-0.02,0.0
0.277,0.003,4.666,0.0,-0.013,0.0
0.278,0.003,4.123,0.0,0.005,0.0
0.278,0.003,4.893,0.0,-0.004,0.0
0.278,0.003,5.726,0.0,0.014,0.0
0.278,0.003,5.489,0.0,-0.024,0.0
0.278,0.003,5.122,0.0,-0.009,0.0
0.278,0.003,2.492,0.0,-0.002,0.0
0.278,0.003,5.436,0.0,-0.007,0.0
0.278,0.003,4.523,0.0,-0.007,0.0
0.278,0.003,4.375,0.0,0.004,0.0
0.278,0.003,5.963,0.0,-0.006,0.0
0.278,0.003,5.497,0.0,0.018,0.0
0.278,0.003,5.323,0.0,-0.011,0.0
0.278,0.003,4.971,0.0,-0.014,0.0
0.278,0.003,4.343,0.0,-0.02,0.0
0.278,0.003,5.157,0.0,-0.003,0.0
0.278,0.003,5.596,0.0,0.011,0.0
0.278,0.003,4.959,0.0,-0.005,0.0
0.278,0.003,4.657,0.0,-0.026,0.0
0.278,0.003,6.157,0.0,-0.011,0.0
0.278,0.003,4.149,0.0,0.012,0.0
0.278,0.003,5.149,0.0,-0.006,0.0
0.278,0.003,4.23,0.0,-0.017,0.0
0.278,0.003,4.449,0.0,0.001,0.0
0.278,0.003,4.508,0.0,-0.009,0.0
0.278,0.003,4.204,0.0,0.014,0.0
0.278,0.003,5.936,0.0,-0.007,0.0
0.278,0.003,5.307,0.0,0.006,0.0
0.278,0.003,3.456,0.0,0.011,0.0
0.278,0.003,5.324,0.0,-0.002,0.0
0.278,0.003,5.518,0.0,-0.002,0.0
0.278,0.003,5.142,0.0,-0.011,0.0
0.278,0.003,4.279,0.0,-0.015,0.0
0.278,0.003,4.553,0.0,-0.018,0.0
0.278,0.003,4.697,0.0,0.019,0.0
0.278,0.003,6.017,0.0,0.006,0.0
0.278,0.003,5.403,0.0,-0.026,0.0
0.278,0.003,4.418,0.0,0.002,0.0
0.278,0.003,4.524,0.0,0.002,0.0
0.278,0.003,5.608,0.0,0.01,0.0
0.278,0.003,5.778,0.0,-0.02,0.0
0.278,0.003,4.56,0.0,-0.01,0.0
0.278,0.003,3.971,0.0,0.008,0.0
0.278,0.003,6.027,0.0,-0.005,0.0
0.278,0.003,3.207,0.0,-0.002,0.0
0.279,0.003,5.886,0.0,0.004,0.0
0.279,0.003,5.74,0.0,-0.006,0.0
0.279,0.003,5.297,0.0,-0.02,0.0
0.279,0.003,5.2,0.0,0.0,0.0
0.279,0.003,4.833,0.0,-0.0,0.0
0.279,0.003,5.798,0.0,-0.019,0.0
0.279,0.003,5.164,0.0,-0.006,0.0
0.279,0.003,5.05,0.0,-0.011,0.0
0.279,0.003,5.031,0.0,-0.013,0.0
0.279,0.003,4.457,0.0,0.004,0.0
0.279,0.003,5.704,0.0,-0.022,0.0
0.279,0.003,4.95,0.0,0.004,0.0
0.279,0.003,4.683,0.0,-0.022,0.0
0.279,0.003,5.463,0.0,-0.002,0.0
0.279,0.003,4.821,0.0,-0.024,0.0
0.279,0.003,7.229,0.0,-0.019,0.0
0.279,0.003,4.352,0.0,0.002,0.0
0.279,0.003,4.754,0.0,-0.004,0.0
0.279,0.003,5.046,0.0,0.01,0.0
0.279,0.003,4.355,0.0,-0.032,0.0
0.279,0.003,6.136,0.0,0.009,0.0
0.279,0.003,4.724,0.0,-0.009,0.0
0.279,0.003,3.882,0.0,0.012,0.0
0.279,0.003,5.723,0.0,-0.021,0.0
0.279,0.003,5.654,0.0,-0.021,0.0
0.279,0.003,5.188,0.0,-0.0,0.0
0.279,0.003,5.094,0.0,0.005,0.0
0.279,0.003,5.499,0.0,-0.004,0.0
0.279,0.003,4.416,0.0,0.011,0.0
0.279,0.003,5.25,0.0,-0.008,0.0
0.279,0.003,4.595,0.0,-0.024,0.0
0.279,0.003,5.252,0.0,-0.034,0.0
0.279,0.003,4.733,0.0,-0.01,0.0
0.279,0.003,5.003,0.0,-0.022,0.0
0.279,0.003,5.091,0.0,-0.003,0.0
0.279,0.003,4.588,0.0,-0.007,0.0
0.279,0.003,4.899,0.0,0.001,0.0
0.279,0.003,5.272,0.0,-0.002,0.0
0.279,0.003,4.517,0.0,-0.021,0.0
0.279,0.003,5.413,0.0,-0.007,0.0
0.28,0.003,4.944,0.0,-0.006,0.0
0.28,0.003,4.288,0.0,0.004,0.0
0.28,0.003,5.412,0.0,0.008,0.0
0.28,0.003,5.377,0.0,-0.005,0.0
0.28,0.003,5.696,0.0,0.008,0.0
0.28,0.003,5.066,0.0,0.001,0.0
0.28,0.003,5.043,0.0,-0.025,0.0
0.28,0.003,3.97,0.0,0.014,0.0
0.28,0.003,5.818,0.0,-0.007,0.0
0.28,0.003,4.806,0.0,0.015,0.0
0.28,0.003,4.67,0.0,0.009,0.0
0.28,0.003,6.878,0.0,-0.007,0.0
0.28,0.003,5.036,0.0,-0.017,0.0
0.28,0.003,3.837,0.0,-0.005,0.0
0.28,0.003,6.174,0.0,-0.036,0.0
0.28,0.003,4.741,0.0,-0.007,0.0
0.28,0.003,4.842,0.0,-0.016,0.0
0.28,0.003,5.558,0.0,-0.012,0.0
0.28,0.003,5.557,0.0,-0.028,0.0
0.28,0.003,5.299,0.0,-0.016,0.0
0.28,0.003,6.426,0.0,0.02,0.0
0.28,0.003,5.02,0.0,-0.022,0.0
0.28,0.003,6.029,0.0,-0.005,0.0
0.28,0.003,5.019,0.0,-0.003,0.0
0.28,0.003,5.647,0.0,-0.027,0.0
0.28,0.003,4.339,0.0,-0.031,0.0
0.28,0.003,4.714,0.0,0.015,0.0
0.28,0.003,5.022,0.0,0.005,0.0
0.28,0.003,5.959,0.0,-0.008,0.0
0.28,0.003,4.857,0.0,-0.005,0.0
0.28,0.003,5.0,0.0,-0.008,0.0
0.28,0.003,5.884,0.0,-0.006,0.0
0.28,0.003,5.499,0.0,-0.005,0.0
0.28,0.003,6.053,0.0,-0.028,0.0
0.28,0.003,5.159,0.0,-0.009,0.0
0.28,0.003,5.799,0.0,-0.008,0.0
0.28,0.003,5.319,0.0,-0.008,0.0
0.28,0.003,5.251,0.0,-0.011,0.0
0.28,0.003,5.622,0.0,-0.023,0.0
0.281,0.003,5.076,0.0,-0.018,0.0
0.281,0.003,5.207,0.0,-0.011,0.0
0.281,0.003,5.302,0.0,0.01,0.0
0.281,0.003,4.374,0.0,0.019,0.0
0.281,0.003,4.517,0.0,-0.005,0.0
0.281,0.003,3.571,0.0,0.005,0.0
0.281,0.003,4.936,0.0,-0.006,0.0
0.281,0.003,4.815,0.0,-0.009,0.0
0.281,0.003,5.208,0.0,-0.005,0.0
0.281,0.003,3.69,0.0,0.003,0.0
0.281,0.003,3.491,0.0,0.016,0.0
0.281,0.003,5.117,0.0,-0.006,0.0
0.281,0.003,5.389,0.0,-0.021,0.0
0.281,0.003,5.25,0.0,0.0,0.0
0.281,0.003,5.798,0.0,-0.01,0.0
0.281,0.003,5.9,0.0,-0.014,0.0
0.281,0.003,5.251,0.0,0.001,0.0
0.281,0.003,5.374,0.0,-0.0,0.0
0.281,0.003,6.088,0.0,-0.003,0.0
0.281,0.003,4.392,0.0,0.003,0.0
0.281,0.003,6.922,0.0,0.012,0.0
0.281,0.003,4.879,0.0,-0.012,0.0
0.281,0.003,5.063,0.0,-0.013,0.0
0.281,0.003,5.313,0.0,-0.022,0.0
0.281,0.003,5.347,0.0,0.008,0.0
0.281,0.003,6.418,0.0,-0.019,0.0
0.281,0.003,4.327,0.0,-0.004,0.0
0.281,0.003,4.751,0.0,0.004,0.0
0.281,0.003,4.943,0.0,-0.005,0.0
0.281,0.003,5.24,0.0,0.001,0.0
0.281,0.003,5.054,0.0,-0.006,0.0
0.281,0.003,5.327,0.0,-0.028,0.0
0.281,0.003,5.599,0.0,0.013,0.0
0.281,0.003,5.154,0.0,-0.005,0.0
0.281,0.003,5.767,0.0,-0.009,0.0
0.281,0.003,4.254,0.0,-0.01,0.0
0.281,0.003,4.669,0.0,-0.019,0.0
0.281,0.003,5.865,0.0,-0.023,0.0
0.281,0.003,4.279,0.0,-0.023,0.0
0.281,0.003,4.892,0.0,-0.001,0.0
0.281,0.003,4.92,0.0,-0.002,0.0
0.281,0.003,5.022,0.0,-0.01,0.0
0.281,0.003,4.546,0.0,-0.009,0.0
0.281,0.003,4.844,0.0,0.006,0.0
0.281,0.003,4.312,0.0,0.007,0.0
0.281,0.003,6.41,0.0,-0.006,0.0
0.281,0.003,5.053,0.0,-0.008,0.0
0.281,0.003,4.917,0.0,-0.006,0.0
0.281,0.003,5.526,0.0,0.003,0.0
0.281,0.003,4.984,0.0,0.012,0.0
0.282,0.003,4.231,0.0,-0.004,0.0
0.282,0.003,4.177,0.0,0.009,0.0
0.282,0.003,5.193,0.0,-0.01,0.0
0.282,0.003,4.983,0.0,-0.006,0.0
0.282,0.003,6.394,0.0,-0.001,0.0
0.282,0.003,3.618,0.0,0.005,0.0
0.282,0.003,5.144,0.0,-0.002,0.0
0.282,0.003,4.683,0.0,-0.001,0.0
0.282,0.003,4.367,0.0,0.004,0.0
0.282,0.003,5.64,0.0,0.0,0.0
0.282,0.003,4.015,0.0,0.019,0.0
0.282,0.003,5.473,0.0,0.011,0.0
0.282,0.003,5.582,0.0,0.002,0.0
0.282,0.003,5.305,0.0,0.005,0.0
0.282,0.003,5.531,0.0,0.008,0.0
0.282,0.003,4.988,0.0,-0.004,0.0
0.282,0.003,5.251,0.0,-0.012,0.0
0.282,0.003,5.317,0.0,-0.003,0.0
0.282,0.003,5.234,0.0,0.009,0.0
0.282,0.003,3.682,0.0,-0.008,0.0
0.282,0.003,4.207,0.0,-0.005,0.0
0.282,0.003,4.667,0.0,-0.003,0.0
0.282,0.003,4.318,0.0,0.007,0.0
0.282,0.003,5.404,0.0,-0.01,0.0
0.282,0.003,4.178,0.0,0.009,0.0
0.282,0.003,6.441,0.0,-0.007,0.0
0.282,0.003,4.869,0.0,0.0,0.0
0.282,0.003,5.827,0.0,-0.002,0.0
0.282,0.003,4.473,0.0,0.002,0.0
0.282,0.003,4.302,0.0,0.014,0.0
0.282,0.003,5.306,0.0,-0.007,0.0
0.282,0.003,5.115,0.0,-0.018,0.0
0.282,0.003,4.218,0.0,-0.027,0.0
0.282,0.003,6.203,0.0,-0.016,0.0
0.282,0.003,5.421,0.0,0.008,0.0
0.282,0.003,4.375,0.0,0.004,0.0
0.282,0.003,5.136,0.0,-0.013,0.0
0.282,0.003,3.751,0.0,-0.013,0.0
0.283,0.003,5.212,0.0,-0.001,0.0
0.283,0.003,5.292,0.0,-0.006,0.0
0.283,0.003,5.09,0.0,-0.014,0.0
0.283,0.003,5.154,0.0,-0.007,0.0
0.283,0.003,5.221,0.0,-0.01,0.0
0.283,0.003,5.794,0.0,-0.002,0.0
0.283,0.003,5.159,0.0,-0.003,0.0
0.283,0.003,4.939,0.0,-0.009,0.0
0.283,0.003,5.603,0.0,0.004,0.0
0.283,0.003,5.887,0.0,0.003,0.0
0.283,0.003,5.154,0.0,0.008,0.0
0.283,0.003,4.748,0.0,0.006,0.0
0.283,0.003,5.523,0.0,-0.018,0.0
0.283,0.003,5.131,0.0,-0.022,0.0
0.283,0.003,5.087,0.0,-0.0,0.0
0.283,0.003,4.515,0.0,0.0,0.0
0.283,0.003,4.943,0.0,-0.005,0.0
0.283,0.003,5.207,0.0,-0.018,0.0
0.283,0.003,5.107,0.0,-0.023,0.0
0.283,0.003,4.749,0.0,0.001,0.0
0.283,0.003,4.926,0.0,-0.003,0.0
0.283,0.003,5.222,0.0,-0.003,0.0
0.283,0.003,4.26,0.0,-0.025,0.0
0.283,0.003,3.901,0.0,0.0,0.0
0.283,0.003,5.397,0.0,0.0,0.0
0.283,0.003,5.912,0.0,-0.007,0.0
0.283,0.003,4.101,0.0,-0.005,0.0
0.283,0.003,5.343,0.0,0.005,0.0
0.283,0.003,4.244,0.0,0.004,0.0
0.283,0.003,3.645,0.0,0.005,0.0
0.283,0.003,5.33,0.0,0.01,0.0
0.283,0.003,5.168,0.0,0.0,0.0
0.283,0.003,5.578,0.0,-0.017,0.0
0.283,0.003,5.576,0.0,-0.008,0.0
0.283,0.003,5.05,0.0,-0.028,0.0
0.283,0.003,5.605,0.0,-0.022,0.0
0.284,0.003,5.974,0.0,-0.006,0.0
0.284,0.003,5.872,0.0,-0.022,0.0
0.284,0.003,3.558,0.0,0.017,0.0
0.284,0.003,4.838,0.0,0.005,0.0
0.284,0.003,4.855,0.0,-0.007,0.0
0.284,0.003,4.761,0.0,-0.011,0.0
0.284,0.003,5.456,0.0,-0.004,0.0
0.284,0.003,3.22,0.0,0.006,0.0
0.284,0.003,5.154,0.0,-0.017,0.0
0.284,0.003,5.442,0.0,-0.019,0.0
0.284,0.003,5.381,0.0,-0.017,0.0
0.284,0.003,5.794,0.0,-0.016,0.0
0.284,0.003,5.232,0.0,-0.008,0.0
0.284,0.003,5.132,0.0,-0.003,0.0
0.284,0.003,6.075,0.0,-0.007,0.0
0.284,0.003,6.305,0.0,-0.024,0.0
0.284,0.003,5.421,0.0,0.016,0.0
0.284,0.003,4.561,0.0,-0.018,0.0
0.284,0.003,5.572,0.0,-0.03,0.0
0.284,0.003,5.126,0.0,-0.026,0.0
0.284,0.003,4.252,0.0,-0.002,0.0
0.284,0.003,5.802,0.0,0.004,0.0
0.284,0.003,5.419,0.0,0.001,0.0
0.284,0.003,5.588,0.0,-0.019,0.0
0.284,0.003,4.965,0.0,0.001,0.0
0.284,0.003,5.351,0.0,0.005,0.0
0.284,0.003,5.852,0.0,-0.0,0.0
0.284,0.003,4.308,0.0,0.01,0.0
0.284,0.003,4.278,0.0,-0.002,0.0
0.284,0.003,7.251,0.0,-0.001,0.0
0.284,0.003,4.424,0.0,0.006,0.0
0.284,0.003,5.208,0.0,0.0,0.0
0.284,0.003,4.644,0.0,-0.018,0.0
0.284,0.003,4.557,0.0,-0.029,0.0
0.284,0.003,5.154,0.0,0.002,0.0
0.284,0.003,5.965,0.0,-0.007,0.0
0.284,0.003,5.156,0.0,0.004,0.0
0.284,0.003,5.959,0.0,-0.001,0.0
0.284,0.003,4.195,0.0,0.001,0.0
0.284,0.003,6.025,0.0,0.011,0.0
0.284,0.003,4.174,0.0,0.0,0.0
0.284,0.003,4.768,0.0,-0.007,0.0
0.284,0.003,3.575,0.0,-0.017,0.0
0.285,0.003,4.634,0.0,0.013,0.0
0.285,0.003,4.63,0.0,-0.009,0.0
0.285,0.003,5.143,0.0,0.001,0.0
0.285,0.003,5.109,0.0,0.001,0.0
0.285,0.003,5.021,0.0,0.015,0.0
0.285,0.003,5.192,0.0,0.014,0.0
0.285,0.003,5.249,0.0,-0.017,0.0
0.285,0.003,4.432,0.0,-0.015,0.0
0.285,0.003,4.835,0.0,-0.02,0.0
0.285,0.003,4.65,0.0,0.022,0.0
0.285,0.003,6.566,0.0,-0.0,0.0
0.285,0.003,6.465,0.0,0.019,0.0
0.285,0.003,4.156,0.0,-0.003,0.0
0.285,0.003,4.766,0.0,0.017,0.0
0.285,0.003,5.394,0.0,-0.013,0.0
0.285,0.003,6.041,0.0,0.004,0.0
0.285,0.003,5.01,0.0,-0.011,0.0
0.285,0.003,5.341,0.0,0.001,0.0
0.285,0.003,5.31,0.0,0.003,0.0
0.285,0.003,5.678,0.0,0.008,0.0
0.285,0.003,5.772,0.0,-0.019,0.0
0.285,0.003,5.218,0.0,-0.001,0.0
0.285,0.003,6.141,0.0,-0.008,0.0
0.285,0.003,4.421,0.0,0.016,0.0
0.285,0.003,5.458,0.0,-0.03,0.0
0.285,0.003,5.715,0.0,-0.004,0.0
0.285,0.003,5.406,0.0,-0.014,0.0
0.285,0.003,3.917,0.0,0.014,0.0
0.285,0.003,5.272,0.0,-0.026,0.0
0.285,0.003,4.788,0.0,0.007,0.0
0.285,0.003,4.64,0.0,-0.005,0.0
0.285,0.003,3.518,0.0,-0.006,0.0
0.285,0.003,5.337,0.0,-0.01,0.0
0.285,0.003,4.91,0.0,-0.02,0.0
0.285,0.003,5.618,0.0,-0.01,0.0
0.285,0.003,4.344,0.0,0.016,0.0
0.285,0.003,4.782,0.0,-0.015,0.0
0.285,0.003,4.459,0.0,0.003,0.0
0.285,0.003,4.276,0.0,-0.0,0.0
0.285,0.003,3.754,0.0,-0.007,0.0
0.285,0.003,7.182,0.0,0.001,0.0
0.285,0.003,4.333,0.0,0.003,0.0
0.285,0.003,5.123,0.0,0.0,0.0
0.285,0.003,4.392,0.0,-0.008,0.0
0.285,0.003,4.186,0.0,-0.003,0.0
0.286,0.003,6.031,0.0,-0.006,0.0
0.286,0.003,3.972,0.0,0.005,0.0
0.286,0.003,6.214,0.0,-0.0,0.0
0.286,0.003,5.293,0.0,-0.015,0.0
0.286,0.003,4.077,0.0,-0.017,0.0
0.286,0.003,5.074,0.0,-0.012,0.0
0.286,0.003,5.108,0.0,0.01,0.0
0.286,0.003,4.332,0.0,0.006,0.0
0.286,0.003,4.33,0.0,0.006,0.0
0.286,0.003,4.7,0.0,0.026,0.0
0.286,0.003,4.676,0.0,-0.03,0.0
0.286,0.003,5.122,0.0,0.015,0.0
0.286,0.003,5.473,0.0,-0.021,0.0
0.286,0.003,4.251,0.0,0.002,0.0
0.286,0.003,5.246,0.0,-0.016,0.0
0.286,0.003,3.329,0.0,-0.004,0.0
0.286,0.003,4.692,0.0,-0.01,0.0
0.286,0.003,4.06,0.0,0.013,0.0
0.286,0.003,5.239,0.0,-0.02,0.0
0.286,0.003,4.9,0.0,0.002,0.0
0.286,0.003,4.857,0.0,0.003,0.0
0.286,0.003,4.465,0.0,-0.004,0.0
0.286,0.003,5.373,0.0,-0.02,0.0
0.286,0.003,4.442,0.0,0.004,0.0
0.286,0.003,5.027,0.0,-0.023,0.0
0.286,0.003,5.661,0.0,-0.026,0.0
0.286,0.003,4.895,0.0,-0.011,0.0
0.286,0.003,3.715,0.0,0.014,0.0
0.286,0.003,5.931,0.0,-0.005,0.0
0.286,0.003,6.084,0.0,-0.013,0.0
0.286,0.003,5.621,0.0,0.003,0.0
0.286,0.003,4.776,0.0,0.003,0.0
0.286,0.003,4.172,0.0,-0.027,0.0
0.286,0.003,4.937,0.0,-0.018,0.0
0.286,0.003,5.136,0.0,-0.006,0.0
0.286,0.003,4.097,0.0,-0.001,0.0
0.286,0.003,4.781,0.0,-0.012,0.0
0.286,0.003,4.783,0.0,-0.012,0.0
0.286,0.003,5.303,0.0,-0.024,0.0
0.286,0.003,4.854,0.0,-0.013,0.0
0.286,0.003,5.705,0.0,-0.018,0.0
0.286,0.003,4.402,0.0,0.006,0.0
0.287,0.003,4.98,0.0,0.001,0.0
0.287,0.003,4.954,0.0,-0.012,0.0
0.287,0.003,5.012,0.0,-0.008,0.0
0.287,0.003,4.32,0.0,-0.02,0.0
0.287,0.003,4.723,0.0,-0.003,0.0
0.287,0.003,4.542,0.0,-0.027,0.0
0.287,0.003,5.406,0.0,-0.006,0.0
0.287,0.003,4.719,0.0,-0.019,0.0
0.287,0.003,5.008,0.0,-0.011,0.0
0.287,0.003,5.826,0.0,-0.017,0.0
0.287,0.003,4.439,0.0,0.002,0.0
0.287,0.003,5.046,0.0,-0.02,0.0
0.287,0.003,4.938,0.0,0.012,0.0
0.287,0.003,6.617,0.0,-0.015,0.0
0.287,0.003,5.021,0.0,-0.024,0.0
0.287,0.003,4.573,0.0,0.007,0.0
0.287,0.003,4.859,0.0,-0.003,0.0
0.287,0.003,6.421,0.0,-0.0,0.0
0.287,0.003,4.049,0.0,-0.003,0.0
0.287,0.003,5.301,0.0,-0.022,0.0
0.287,0.003,4.236,0.0,-0.005,0.0
0.287,0.003,4.485,0.0,-0.007,0.0
0.287,0.003,5.29,0.0,0.013,0.0
0.287,0.003,5.082,0.0,0.006,0.0
0.287,0.003,5.817,0.0,-0.011,0.0
0.287,0.003,5.435,0.0,-0.018,0.0
0.287,0.003,6.024,0.0,-0.019,0.0
0.287,0.003,4.328,0.0,-0.021,0.0
0.287,0.003,4.33,0.0,0.015,0.0
0.287,0.003,6.429,0.0,0.012,0.0
0.287,0.003,4.865,0.0,-0.01,0.0
0.287,0.003,4.833,0.0,-0.012,0.0
0.287,0.003,4.701,0.0,-0.001,0.0
0.287,0.003,4.413,0.0,0.012,0.0
0.287,0.003,4.293,0.0,-0.004,0.0
0.287,0.003,4.546,0.0,-0.014,0.0
0.287,0.003,4.924,0.0,-0.005,0.0
0.287,0.003,4.921,0.0,0.017,0.0
0.287,0.003,4.279,0.0,0.002,0.0
0.287,0.003,4.864,0.0,-0.006,0.0
0.287,0.003,5.688,0.0,-0.004,0.0
0.287,0.003,5.351,0.0,0.0,0.0
0.287,0.003,6.442,0.0,-0.003,0.0
0.287,0.003,4.659,0.0,-0.001,0.0
0.287,0.003,3.97,0.0,0.006,0.0
0.287,0.003,4.999,0.0,-0.02,0.0
0.287,0.003,4.407,0.0,-0.011,0.0
0.287,0.003,5.086,0.0,-0.008,0.0
0.287,0.003,4.726,0.0,0.013,0.0
0.287,0.003,4.203,0.0,-0.01,0.0
0.287,0.003,4.95,0.0,-0.006,0.0
0.287,0.003,6.281,0.0,-0.014,0.0
0.287,0.003,3.692,0.0,-0.013,0.0
0.287,0.003,5.569,0.0,-0.015,0.0
0.287,0.003,4.79,0.0,-0.009,0.0
0.287,0.003,4.684,0.0,0.014,0.0
0.287,0.003,5.955,0.0,-0.003,0.0
0.287,0.003,6.099,0.0,0.004,0.0
0.288,0.003,4.042,0.0,0.006,0.0
0.288,0.003,5.705,0.0,-0.017,0.0
0.288,0.003,5.227,0.0,-0.004,0.0
0.288,0.003,5.029,0.0,-0.016,0.0
0.288,0.003,4.746,0.0,-0.018,0.0
0.288,0.003,5.087,0.0,0.001,0.0
0.288,0.003,6.285,0.0,-0.011,0.0
0.288,0.003,5.465,0.0,-0.027,0.0
0.288,0.003,4.661,0.0,0.009,0.0
0.288,0.003,5.687,0.0,0.009,0.0
0.288,0.003,5.79,0.0,-0.016,0.0
0.288,0.003,5.692,0.0,-0.016,0.0
0.288,0.003,5.408,0.0,-0.036,0.0
0.288,0.003,5.13,0.0,-0.021,0.0
0.288,0.003,5.265,0.0,0.001,0.0
0.288,0.003,5.42,0.0,-0.015,0.0
0.288,0.003,5.64,0.0,-0.002,0.0
0.288,0.003,5.524,0.0,0.012,0.0
0.288,0.003,5.782,0.0,0.007,0.0
0.288,0.003,5.497,0.0,0.008,0.0
0.288,0.003,5.319,0.0,0.003,0.0
0.288,0.003,6.548,0.0,0.009,0.0
0.288,0.003,5.394,0.0,-0.027,0.0
0.288,0.003,5.887,0.0,0.001,0.0
0.288,0.003,4.945,0.0,-0.016,0.0
0.288,0.003,6.773,0.0,-0.007,0.0
0.288,0.003,3.861,0.0,0.004,0.0
0.288,0.003,4.755,0.0,-0.0,0.0
0.288,0.003,5.646,0.0,0.008,0.0
0.288,0.003,5.486,0.0,-0.014,0.0
0.288,0.003,5.084,0.0,-0.021,0.0
0.288,0.003,3.993,0.0,0.004,0.0
0.288,0.003,5.699,0.0,0.01,0.0
0.288,0.003,5.152,0.0,-0.007,0.0
0.288,0.003,4.464,0.0,0.001,0.0
0.288,0.003,5.794,0.0,-0.001,0.0
0.288,0.003,5.669,0.0,-0.019,0.0
0.288,0.003,4.824,0.0,-0.004,0.0
0.288,0.003,4.075,0.0,-0.002,0.0
0.288,0.003,5.167,0.0,-0.016,0.0
0.288,0.003,5.316,0.0,-0.008,0.0
0.288,0.003,4.178,0.0,0.005,0.0
0.288,0.003,6.008,0.0,-0.002,0.0
0.288,0.003,4.999,0.0,-0.03,0.0
0.288,0.003,3.749,0.0,0.015,0.0
0.288,0.003,3.975,0.0,-0.004,0.0
0.288,0.003,4.118,0.0,-0.003,0.0
0.288,0.003,5.426,0.0,-0.012,0.0
0.288,0.003,6.2,0.0,-0.01,0.0
0.288,0.003,4.796,0.0,0.008,0.0
0.289,0.003,4.122,0.0,-0.025,0.0
0.289,0.003,5.28,0.0,0.003,0.0
0.289,0.003,4.221,0.0,-0.013,0.0
0.289,0.003,5.374,0.0,0.004,0.0
0.289,0.003,5.423,0.0,-0.027,0.0
0.289,0.003,5.579,0.0,-0.007,0.0
0.289,0.003,4.592,0.0,-0.014,0.0
0.289,0.003,5.266,0.0,-0.008,0.0
0.289,0.003,5.015,0.0,-0.014,0.0
0.289,0.003,4.803,0.0,-0.002,0.0
0.289,0.003,4.276,0.0,0.007,0.0
0.289,0.003,4.686,0.0,-0.028,0.0
0.289,0.003,3.77,0.0,0.0,0.0
0.289,0.003,4.263,0.0,0.012,0.0
0.289,0.003,3.999,0.0,-0.012,0.0
0.289,0.003,6.968,0.0,-0.01,0.0
0.289,0.003,6.111,0.0,0.003,0.0
0.289,0.003,4.053,0.0,0.011,0.0
0.289,0.003,5.467,0.0,-0.006,0.0
0.289,0.003,4.921,0.0,-0.013,0.0
0.289,0.003,4.929,0.0,0.001,0.0
0.289,0.003,4.783,0.0,-0.029,0.0
0.289,0.003,4.57,0.0,0.001,0.0
0.289,0.003,5.939,0.0,0.005,0.0
0.289,0.003,4.761,0.0,0.001,0.0
0.289,0.003,5.079,0.0,-0.022,0.0
0.289,0.003,3.872,0.0,-0.011,0.0
0.289,0.003,5.281,0.0,0.002,0.0
0.289,0.003,4.628,0.0,-0.031,0.0
0.289,0.003,4.29,0.0,-0.002,0.0
0.289,0.003,4.471,0.0,-0.014,0.0
0.289,0.003,5.866,0.0,0.0,0.0
0.289,0.003,4.702,0.0,-0.005,0.0
0.289,0.003,5.573,0.0,-0.001,0.0
0.289,0.003,4.699,0.0,-0.002,0.0
0.289,0.003,4.723,0.0,-0.01,0.0
0.289,0.003,4.636,0.0,-0.023,0.0
0.289,0.003,4.84,0.0,-0.01,0.0
0.289,0.003,5.028,0.0,-0.004,0.0
0.289,0.003,6.56,0.0,-0.003,0.0
0.289,0.003,4.896,0.0,-0.021,0.0
0.289,0.003,5.72,0.0,-0.003,0.0
0.289,0.003,5.424,0.0,-0.032,0.0
0.289,0.003,4.739,0.0,-0.011,0.0
0.289,0.003,5.875,0.0,-0.022,0.0
0.289,0.003,5.021,0.0,-0.005,0.0
0.289,0.003,5.762,0.0,0.009,0.0
0.289,0.003,5.39,0.0,-0.02,0.0
0.289,0.003,6.825,0.0,-0.008,0.0
0.289,0.003,4.943,0.0,-0.012,0.0
0.289,0.003,5.602,0.0,-0.006,0.0
0.289,0.003,5.487,0.0,0.006,0.0
0.289,0.003,6.078,0.0,0.019,0.0
0.289,0.003,3.656,0.0,-0.001,0.0
0.289,0.003,4.328,0.0,-0.003,0.0
0.289,0.003,4.446,0.0,0.017,0.0
0.289,0.003,4.524,0.0,-0.025,0.0
0.289,0.003,5.753,0.0,-0.005,0.0
0.289,0.003,6.451,0.0,0.025,0.0
0.289,0.003,5.289,0.0,-0.014,0.0
0.289,0.003,4.87,0.0,-0.014,0.0
0.289,0.003,4.605,0.0,-0.016,0.0
0.289,0.003,6.283,0.0,-0.005,0.0
0.29,0.003,4.003,0.0,0.008,0.0
0.29,0.003,5.23,0.0,-0.01,0.0
0.29,0.003,5.276,0.0,0.011,0.0
0.29,0.003,5.259,0.0,-0.027,0.0
0.29,0.003,5.333,0.0,-0.01,0.0
0.29,0.003,5.304,0.0,-0.015,0.0
0.29,0.003,4.303,0.0,-0.003,0.0
0.29,0.003,4.147,0.0,-0.0,0.0
0.29,0.003,5.731,0.0,-0.013,0.0
0.29,0.003,4.599,0.0,-0.015,0.0
0.29,0.003,4.641,0.0,-0.004,0.0
0.29,0.003,4.062,0.0,-0.001,0.0
0.29,0.003,5.447,0.0,-0.008,0.0
0.29,0.003,5.163,0.0,-0.013,0.0
0.29,0.003,5.015,0.0,0.002,0.0
0.29,0.003,4.801,0.0,-0.002,0.0
0.29,0.003,4.951,0.0,-0.004,0.0
0.29,0.003,5.216,0.0,-0.028,0.0
0.29,0.003,3.906,0.0,0.008,0.0
0.29,0.003,5.075,0.0,-0.008,0.0
0.29,0.003,4.995,0.0,-0.034,0.0
0.29,0.003,5.438,0.0,0.006,0.0
0.29,0.003,4.764,0.0,0.008,0.0
0.29,0.003,5.856,0.0,-0.021,0.0
0.29,0.003,4.311,0.0,-0.011,0.0
0.29,0.003,4.53,0.0,0.002,0.0
0.29,0.003,5.005,0.0,-0.014,0.0
0.29,0.003,4.819,0.0,0.02,0.0
0.29,0.003,4.947,0.0,-0.007,0.0
0.29,0.003,4.505,0.0,-0.006,0.0
0.29,0.003,4.623,0.0,-0.012,0.0
0.29,0.003,6.823,0.0,-0.001,0.0
0.29,0.003,4.673,0.0,0.013,0.0
0.29,0.003,5.816,0.0,-0.004,0.0
0.29,0.003,5.386,0.0,-0.022,0.0
0.29,0.003,4.52,0.0,-0.016,0.0
0.29,0.003,4.645,0.0,0.003,0.0
0.29,0.003,5.536,0.0,0.004,0.0
0.29,0.003,5.858,0.0,-0.009,0.0
0.29,0.003,5.341,0.0,-0.008,0.0
0.29,0.003,4.365,0.0,-0.019,0.0
0.29,0.003,4.884,0.0,-0.011,0.0
0.29,0.003,5.31,0.0,0.011,0.0
0.291,0.003,4.84,0.0,0.031,0.0
0.291,0.003,5.075,0.0,0.0,0.0
0.291,0.003,3.92,0.0,0.009,0.0
0.291,0.003,5.142,0.0,0.007,0.0
0.291,0.003,4.627,0.0,-0.018,0.0
0.291,0.003,4.958,0.0,-0.011,0.0
0.291,0.003,5.61,0.0,-0.017,0.0
0.291,0.003,4.995,0.0,-0.011,0.0
0.291,0.003,5.611,0.0,-0.011,0.0
0.291,0.003,5.169,0.0,-0.018,0.0
0.291,0.003,5.454,0.0,-0.025,0.0
0.291,0.003,4.852,0.0,-0.013,0.0
0.291,0.003,5.692,0.0,-0.015,0.0
0.291,0.003,5.313,0.0,-0.029,0.0
0.291,0.003,3.496,0.0,-0.0,0.0
0.291,0.003,6.742,0.0,-0.008,0.0
0.291,0.003,4.953,0.0,0.013,0.0
0.291,0.003,5.396,0.0,-0.017,0.0
0.291,0.003,5.969,0.0,-0.031,0.0
0.291,0.003,4.12,0.0,-0.011,0.0
0.291,0.003,4.676,0.0,0.005,0.0
0.291,0.003,4.817,0.0,-0.004,0.0
0.291,0.003,5.174,0.0,-0.02,0.0
0.291,0.003,5.519,0.0,-0.025,0.0
0.291,0.003,4.758,0.0,-0.004,0.0
0.291,0.003,4.544,0.0,-0.01,0.0
0.291,0.003,5.035,0.0,0.003,0.0
0.291,0.003,5.389,0.0,0.013,0.0
0.291,0.003,4.996,0.0,-0.014,0.0
0.291,0.003,5.699,0.0,0.003,0.0
0.291,0.003,4.419,0.0,-0.026,0.0
0.291,0.003,4.515,0.0,0.006,0.0
0.291,0.003,4.92,0.0,-0.003,0.0
0.291,0.003,6.63,0.0,0.005,0.0
0.291,0.003,6.004,0.0,-0.017,0.0
0.291,0.003,5.073,0.0,0.009,0.0
0.291,0.003,5.131,0.0,0.009,0.0
0.291,0.003,4.074,0.0,0.017,0.0
0.291,0.003,6.019,0.0,0.004,0.0
0.291,0.003,3.95,0.0,-0.001,0.0
0.291,0.003,5.007,0.0,0.018,0.0
0.291,0.003,4.388,0.0,0.002,0.0
0.291,0.003,4.691,0.0,0.003,0.0
0.291,0.003,4.346,0.0,-0.006,0.0
0.291,0.003,4.249,0.0,-0.013,0.0
0.291,0.003,3.988,0.0,0.013,0.0
0.291,0.003,5.69,0.0,-0.012,0.0
0.291,0.003,5.106,0.0,-0.012,0.0
0.291,0.003,4.269,0.0,-0.033,0.0
0.291,0.003,5.53,0.0,0.011,0.0
0.291,0.003,5.615,0.0,0.006,0.0
0.291,0.003,4.878,0.0,-0.017,0.0
0.291,0.003,4.986,0.0,-0.009,0.0
0.291,0.003,5.616,0.0,0.006,0.0
0.291,0.003,5.285,0.0,-0.008,0.0
0.292,0.003,5.169,0.0,-0.01,0.0
0.292,0.003,2.437,0.0,-0.002,0.0
0.292,0.003,4.665,0.0,-0.023,0.0
0.292,0.003,4.151,0.0,-0.027,0.0
0.292,0.003,6.606,0.0,-0.006,0.0
0.292,0.003,4.568,0.0,-0.005,0.0
0.292,0.003,4.282,0.0,0.002,0.0
0.292,0.003,4.67,0.0,-0.011,0.0
0.292,0.003,5.216,0.0,0.004,0.0
0.292,0.003,5.031,0.0,-0.018,0.0
0.292,0.003,4.984,0.0,-0.002,0.0
0.292,0.003,5.258,0.0,-0.014,0.0
0.292,0.003,3.974,0.0,0.0,0.0
0.292,0.003,5.31,0.0,0.005,0.0
0.292,0.003,5.935,0.0,0.005,0.0
0.292,0.003,5.587,0.0,-0.025,0.0
0.292,0.003,6.092,0.0,-0.007,0.0
0.292,0.003,4.791,0.0,0.016,0.0
0.292,0.003,5.565,0.0,-0.016,0.0
0.292,0.003,5.405,0.0,-0.003,0.0
0.292,0.003,5.437,0.0,-0.012,0.0
0.292,0.003,4.626,0.0,-0.007,0.0
0.292,0.003,4.553,0.0,0.001,0.0
0.292,0.003,4.744,0.0,-0.016,0.0
0.292,0.003,5.709,0.0,-0.008,0.0
0.292,0.003,3.819,0.0,0.002,0.0
0.292,0.003,5.035,0.0,0.009,0.0
0.292,0.003,4.603,0.0,-0.005,0.0
0.292,0.003,5.298,0.0,-0.001,0.0
0.292,0.003,5.56,0.0,-0.009,0.0
0.292,0.003,4.921,0.0,-0.005,0.0
0.292,0.003,4.704,0.0,-0.02,0.0
0.292,0.003,4.562,0.0,0.013,0.0
0.292,0.003,4.338,0.0,0.01,0.0
0.292,0.003,5.191,0.0,-0.003,0.0
0.292,0.003,4.606,0.0,-0.017,0.0
0.292,0.003,3.873,0.0,0.01,0.0
0.292,0.003,5.079,0.0,-0.01,0.0
0.292,0.003,4.514,0.0,-0.009,0.0
0.292,0.003,4.424,0.0,-0.038,0.0
0.292,0.003,6.401,0.0,-0.009,0.0
0.292,0.003,5.137,0.0,-0.001,0.0
0.292,0.003,6.255,0.0,-0.003,0.0
0.292,0.003,5.508,0.0,-0.014,0.0
0.292,0.003,5.651,0.0,0.019,0.0
0.292,0.003,4.667,0.0,-0.026,0.0
0.292,0.003,5.228,0.0,-0.002,0.0
0.292,0.003,5.448,0.0,0.014,0.0
0.292,0.003,4.759,0.0,-0.016,0.0
0.292,0.003,4.261,0.0,-0.001,0.0
0.292,0.003,4.516,0.0,-0.022,0.0
0.292,0.003,4.956,0.0,-0.02,0.0
0.292,0.003,4.824,0.0,0.005,0.0
0.292,0.003,5.573,0.0,-0.015,0.0
0.292,0.003,5.651,0.0,-0.031,0.0
0.292,0.003,5.479,0.0,0.016,0.0
0.293,0.003,5.352,0.0,-0.001,0.0
0.293,0.003,4.079,0.0,-0.008,0.0
0.293,0.003,4.971,0.0,-0.028,0.0
0.293,0.003,5.158,0.0,-0.004,0.0
0.293,0.003,5.698,0.0,-0.004,0.0
0.293,0.003,4.633,0.0,0.001,0.0
0.293,0.003,5.978,0.0,-0.026,0.0
0.293,0.003,4.608,0.0,-0.018,0.0
0.293,0.003,5.127,0.0,-0.014,0.0
0.293,0.003,4.45,0.0,-0.02,0.0
0.293,0.003,4.762,0.0,-0.008,0.0
0.293,0.003,4.871,0.0,-0.005,0.0
0.293,0.003,5.374,0.0,0.008,0.0
0.293,0.003,4.578,0.0,0.0,0.0
0.293,0.003,4.771,0.0,-0.022,0.0
0.293,0.003,4.618,0.0,0.013,0.0
0.293,0.003,5.178,0.0,-0.018,0.0
0.293,0.003,5.523,0.0,-0.01,0.0
0.293,0.003,3.644,0.0,-0.003,0.0
0.293,0.003,5.583,0.0,0.004,0.0
0.293,0.003,4.808,0.0,0.003,0.0
0.293,0.003,5.396,0.0,-0.017,0.0
0.293,0.003,4.239,0.0,-0.016,0.0
0.293,0.003,5.826,0.0,-0.009,0.0
0.293,0.003,5.126,0.0,0.003,0.0
0.293,0.003,4.305,0.0,-0.023,0.0
0.293,0.003,5.573,0.0,0.012,0.0
0.293,0.003,5.469,0.0,0.021,0.0
0.293,0.003,6.32,0.0,-0.023,0.0
0.293,0.003,5.449,0.0,-0.011,0.0
0.293,0.003,4.837,0.0,-0.014,0.0
0.293,0.003,5.253,0.0,0.008,0.0
0.293,0.003,5.322,0.0,-0.02,0.0
0.293,0.003,4.651,0.0,-0.006,0.0
0.293,0.003,4.798,0.0,-0.0,0.0
0.293,0.003,4.836,0.0,-0.014,0.0
0.293,0.003,5.37,0.0,-0.01,0.0
0.293,0.003,4.889,0.0,-0.021,0.0
0.293,0.003,5.663,0.0,-0.013,0.0
0.293,0.003,5.276,0.0,-0.013,0.0
0.293,0.003,4.081,0.0,-0.011,0.0
0.293,0.003,4.376,0.0,-0.009,0.0
0.293,0.003,4.546,0.0,0.005,0.0
0.293,0.003,5.508,0.0,0.001,0.0
0.293,0.003,5.043,0.0,0.008,0.0
0.293,0.003,6.095,0.0,-0.001,0.0
0.293,0.003,5.166,0.0,-0.015,0.0
0.293,0.003,5.103,0.0,-0.02,0.0
0.294,0.003,5.783,0.0,0.015,0.0
0.294,0.003,5.18,0.0,-0.016,0.0
0.294,0.003,3.928,0.0,-0.012,0.0
0.294,0.003,4.481,0.0,0.003,0.0
0.294,0.003,5.625,0.0,-0.019,0.0
0.294,0.003,6.424,0.0,-0.003,0.0
0.294,0.003,5.959,0.0,-0.017,0.0
0.294,0.003,5.774,0.0,0.006,0.0
0.294,0.003,6.188,0.0,-0.01,0.0
0.294,0.003,4.954,0.0,-0.008,0.0
0.294,0.003,3.837,0.0,0.008,0.0
0.294,0.003,4.357,0.0,0.017,0.0
0.294,0.003,5.195,0.0,-0.028,0.0
0.294,0.003,5.165,0.0,-0.016,0.0
0.294,0.003,5.633,0.0,-0.01,0.0
0.294,0.003,5.518,0.0,-0.015,0.0
0.294,0.003,4.668,0.0,0.003,0.0
0.294,0.003,5.315,0.0,-0.014,0.0
0.294,0.003,5.609,0.0,-0.018,0.0
0.294,0.003,4.823,0.0,0.019,0.0
0.294,0.003,6.307,0.0,-0.016,0.0
0.294,0.003,5.063,0.0,0.01,0.0
0.294,0.003,6.006,0.0,0.007,0.0
0.294,0.003,4.266,0.0,0.002,0.0
0.294,0.003,5.835,0.0,-0.006,0.0
0.294,0.003,5.356,0.0,0.003,0.0
0.294,0.003,5.101,0.0,-0.013,0.0
0.294,0.003,4.854,0.0,0.015,0.0
0.294,0.003,5.238,0.0,0.011,0.0
0.294,0.003,6.014,0.0,-0.006,0.0
0.294,0.003,6.076,0.0,-0.01,0.0
0.294,0.003,4.501,0.0,-0.021,0.0
0.294,0.003,4.985,0.0,-0.014,0.0
0.294,0.003,5.181,0.0,-0.003,0.0
0.294,0.003,5.238,0.0,-0.016,0.0
0.294,0.003,6.173,0.0,0.009,0.0
0.294,0.003,4.718,0.0,-0.008,0.0
0.294,0.003,5.223,0.0,0.0,0.0
0.294,0.003,4.135,0.0,-0.001,0.0
0.294,0.003,4.848,0.0,-0.0,0.0
0.294,0.003,4.826,0.0,-0.006,0.0
0.294,0.003,5.472,0.0,-0.017,0.0
0.294,0.003,5.538,0.0,0.023,0.0
0.294,0.003,4.27,0.0,0.011,0.0
0.294,0.003,4.371,0.0,-0.031,0.0
0.294,0.003,5.507,0.0,-0.005,0.0
0.294,0.003,4.429,0.0,0.003,0.0
0.294,0.003,4.55,0.0,0.004,0.0
0.294,0.003,5.426,0.0,0.002,0.0
0.294,0.003,4.873,0.0,0.001,0.0
0.294,0.003,4.232,0.0,-0.01,0.0
0.295,0.003,5.685,0.0,-0.012,0.0
0.295,0.003,5.851,0.0,-0.002,0.0
0.295,0.003,6.135,0.0,-0.003,0.0
0.295,0.003,3.944,0.0,-0.003,0.0
0.295,0.003,5.033,0.0,0.004,0.0
0.295,0.003,4.439,0.0,-0.007,0.0
0.295,0.003,4.661,0.0,-0.011,0.0
0.295,0.003,5.005,0.0,0.002,0.0
0.295,0.003,4.985,0.0,-0.011,0.0
0.295,0.003,5.972,0.0,0.038,0.0
0.295,0.003,4.157,0.0,-0.02,0.0
0.295,0.003,5.548,0.0,0.0,0.0
0.295,0.003,4.394,0.0,-0.022,0.0
0.295,0.003,4.317,0.0,0.004,0.0
0.295,0.003,5.1,0.0,-0.01,0.0
0.295,0.003,4.912,0.0,-0.026,0.0
0.295,0.003,5.148,0.0,-0.019,0.0
0.295,0.003,5.147,0.0,-0.002,0.0
0.295,0.003,4.618,0.0,-0.013,0.0
0.295,0.003,5.483,0.0,-0.022,0.0
0.295,0.003,6.43,0.0,-0.005,0.0
0.295,0.003,4.476,0.0,-0.004,0.0
0.295,0.003,5.012,0.0,0.004,0.0
0.295,0.003,5.333,0.0,-0.021,0.0
0.295,0.003,5.1,0.0,-0.017,0.0
0.295,0.003,5.583,0.0,0.004,0.0
0.295,0.003,4.242,0.0,0.013,0.0
0.295,0.003,5.254,0.0,-0.021,0.0
0.295,0.003,5.638,0.0,0.006,0.0
0.295,0.003,5.775,0.0,0.008,0.0
0.295,0.003,5.084,0.0,-0.005,0.0
0.295,0.003,6.396,0.0,-0.014,0.0
0.295,0.003,4.867,0.0,-0.007,0.0
0.295,0.003,6.216,0.0,-0.006,0.0
0.295,0.003,5.319,0.0,-0.017,0.0
0.295,0.003,5.638,0.0,0.01,0.0
0.295,0.003,4.438,0.0,0.015,0.0
0.295,0.003,4.779,0.0,-0.019,0.0
0.295,0.003,4.49,0.0,-0.012,0.0
0.295,0.003,4.373,0.0,-0.012,0.0
0.295,0.003,5.791,0.0,-0.004,0.0
0.295,0.003,3.858,0.0,-0.006,0.0
0.295,0.003,4.887,0.0,-0.01,0.0
0.295,0.003,6.053,0.0,0.005,0.0
0.295,0.003,4.605,0.0,-0.016,0.0
0.295,0.003,6.03,0.0,0.004,0.0
0.295,0.003,6.008,0.0,0.007,0.0
0.295,0.003,5.597,0.0,0.0,0.0
0.295,0.003,4.822,0.0,0.004,0.0
0.295,0.003,4.68,0.0,-0.004,0.0
0.295,0.003,5.925,0.0,-0.009,0.0
0.295,0.003,5.732,0.0,-0.03,0.0
0.295,0.003,4.288,0.0,0.013,0.0
0.295,0.003,4.968,0.0,-0.009,0.0
0.295,0.003,4.498,0.0,-0.013,0.0
0.295,0.003,5.594,0.0,0.017,0.0
0.296,0.003,5.128,0.0,0.005,0.0
0.296,0.003,5.433,0.0,0.009,0.0
0.296,0.003,6.547,0.0,0.0,0.0
0.296,0.003,5.797,0.0,-0.007,0.0
0.296,0.003,5.815,0.0,-0.006,0.0
0.296,0.003,4.276,0.0,0.013,0.0
0.296,0.003,5.378,0.0,-0.027,0.0
0.296,0.003,6.091,0.0,-0.018,0.0
0.296,0.003,5.258,0.0,-0.001,0.0
0.296,0.003,5.024,0.0,-0.008,0.0
0.296,0.003,4.483,0.0,-0.013,0.0
0.296,0.003,5.145,0.0,-0.002,0.0
0.296,0.003,5.09,0.0,0.01,0.0
0.296,0.003,4.154,0.0,-0.004,0.0
0.296,0.003,4.774,0.0,-0.023,0.0
0.296,0.003,4.506,0.0,0.002,0.0
0.296,0.007,4.733,0.0,0.003,0.0
0.296,0.003,3.928,0.0,0.015,0.0
0.296,0.003,4.92,0.0,0.004,0.0
0.296,0.003,6.193,0.0,-0.021,0.0
0.296,0.003,5.217,0.0,-0.006,0.0
0.296,0.003,4.833,0.0,-0.012,0.0
0.296,0.003,4.63,0.0,-0.025,0.0
0.296,0.003,5.787,0.0,0.014,0.0
0.296,0.003,5.361,0.0,-0.002,0.0
0.296,0.003,5.296,0.0,-0.013,0.0
0.296,0.003,5.872,0.0,-0.011,0.0
0.296,0.003,5.64,0.0,-0.023,0.0
0.296,0.003,5.926,0.0,0.003,0.0
0.296,0.003,4.275,0.0,-0.002,0.0
0.296,0.003,5.314,0.0,-0.001,0.0
0.296,0.003,4.375,0.0,-0.022,0.0
0.296,0.003,5.27,0.0,-0.011,0.0
0.296,0.003,4.512,0.0,-0.004,0.0
0.296,0.003,5.26,0.0,-0.009,0.0
0.296,0.003,4.167,0.0,0.02,0.0
0.296,0.003,5.548,0.0,-0.012,0.0
0.296,0.003,5.463,0.0,-0.02,0.0
0.296,0.003,4.351,0.0,-0.007,0.0
0.296,0.003,5.17,0.0,0.001,0.0
0.296,0.003,4.305,0.0,0.006,0.0
0.296,0.003,6.686,0.0,-0.004,0.0
0.296,0.003,4.799,0.0,-0.017,0.0
0.296,0.003,4.891,0.0,0.006,0.0
0.296,0.003,4.665,0.0,-0.016,0.0
0.296,0.003,5.657,0.0,0.005,0.0
0.296,0.003,4.015,0.0,0.008,0.0
0.296,0.003,5.246,0.0,-0.018,0.0
0.296,0.003,5.52,0.0,0.018,0.0
0.296,0.003,5.104,0.0,-0.007,0.0
0.296,0.003,4.806,0.0,-0.023,0.0
0.296,0.003,5.603,0.0,-0.005,0.0
0.297,0.003,5.496,0.0,-0.019,0.0
0.297,0.003,4.035,0.0,-0.008,0.0
0.297,0.003,4.022,0.0,-0.014,0.0
0.297,0.003,6.181,0.0,-0.003,0.0
0.297,0.003,5.417,0.0,-0.021,0.0
0.297,0.003,4.066,0.0,0.013,0.0
0.297,0.003,4.615,0.0,-0.016,0.0
0.297,0.003,5.028,0.0,-0.006,0.0
0.297,0.003,4.803,0.0,-0.015,0.0
0.297,0.003,4.636,0.0,0.003,0.0
0.297,0.003,4.309,0.0,0.001,0.0
0.297,0.003,5.333,0.0,0.007,0.0
0.297,0.003,4.844,0.0,0.007,0.0
0.297,0.003,5.886,0.0,-0.008,0.0
0.297,0.003,4.956,0.0,-0.007,0.0
0.297,0.003,5.738,0.0,-0.016,0.0
0.297,0.003,6.017,0.0,-0.013,0.0
0.297,0.003,5.336,0.0,-0.004,0.0
0.297,0.003,5.434,0.0,0.003,0.0
0.297,0.003,6.141,0.0,0.001,0.0
0.297,0.003,5.233,0.0,0.007,0.0
0.297,0.003,4.546,0.0,-0.013,0.0
0.297,0.003,4.631,0.0,-0.029,0.0
0.297,0.003,4.467,0.0,-0.007,0.0
0.297,0.003,6.21,0.0,0.001,0.0
0.297,0.003,4.264,0.0,-0.017,0.0
0.297,0.003,3.673,0.0,-0.004,0.0
0.297,0.003,5.4,0.0,-0.031,0.0
0.297,0.003,4.714,0.0,-0.028,0.0
0.297,0.003,5.865,0.0,0.01,0.0
0.297,0.003,5.193,0.0,-0.017,0.0
0.297,0.003,5.662,0.0,-0.008,0.0
0.297,0.003,4.693,0.0,-0.004,0.0
0.297,0.003,4.491,0.0,0.028,0.0
0.297,0.003,3.876,0.0,-0.003,0.0
0.297,0.003,4.426,0.0,-0.019,0.0
0.297,0.003,5.119,0.0,-0.021,0.0
0.297,0.003,6.076,0.0,-0.011,0.0
0.297,0.003,6.379,0.0,-0.015,0.0
0.297,0.003,5.18,0.0,-0.004,0.0
0.297,0.003,5.34,0.0,0.019,0.0
0.297,0.003,5.853,0.0,-0.016,0.0
0.297,0.003,4.535,0.0,-0.005,0.0
0.297,0.003,5.785,0.0,0.012,0.0
0.297,0.003,4.516,0.0,0.007,0.0
0.297,0.003,4.616,0.0,-0.013,0.0
0.298,0.003,3.303,0.0,-0.001,0.0
0.298,0.003,3.568,0.0,-0.003,0.0
0.298,0.003,4.933,0.0,-0.014,0.0
0.298,0.003,4.916,0.0,-0.021,0.0
0.298,0.003,4.835,0.0,0.011,0.0
0.298,0.003,4.77,0.0,0.008,0.0
0.298,0.003,5.668,0.0,0.014,0.0
0.298,0.003,4.975,0.0,-0.019,0.0
0.298,0.003,4.468,0.0,-0.001,0.0
0.298,0.003,5.999,0.0,0.006,0.0
0.298,0.003,5.038,0.0,-0.025,0.0
0.298,0.003,6.54,0.0,-0.044,0.0
0.298,0.003,6.685,0.0,-0.005,0.0
0.298,0.003,5.381,0.0,0.013,0.0
0.298,0.003,4.683,0.0,-0.006,0.0
0.298,0.003,4.374,0.0,-0.003,0.0
0.298,0.003,5.703,0.0,0.015,0.0
0.298,0.003,3.976,0.0,0.024,0.0
0.298,0.003,4.613,0.0,0.004,0.0
0.298,0.003,4.913,0.0,-0.004,0.0
0.298,0.003,6.38,0.0,-0.008,0.0
0.298,0.003,4.933,0.0,0.008,0.0
0.298,0.003,5.601,0.0,-0.037,0.0
0.298,0.003,4.382,0.0,-0.008,0.0
0.298,0.003,5.175,0.0,-0.016,0.0
0.298,0.003,5.192,0.0,-0.014,0.0
0.298,0.003,4.215,0.0,0.008,0.0
0.298,0.003,4.342,0.0,0.001,0.0
0.298,0.003,6.243,0.0,0.036,0.0
0.298,0.003,4.504,0.0,0.001,0.0
0.298,0.003,5.157,0.0,-0.006,0.0
0.298,0.003,5.203,0.0,-0.018,0.0
0.298,0.003,5.826,0.0,-0.008,0.0
0.298,0.003,4.699,0.333,-0.017,0.0
0.298,0.003,5.005,0.0,0.0,0.0
0.298,0.003,5.992,0.0,-0.034,0.0
0.298,0.003,4.871,0.0,-0.0,0.0
0.298,0.003,5.543,0.0,-0.011,0.0
0.298,0.003,4.752,0.0,-0.021,0.0
0.298,0.003,4.422,0.0,-0.011,0.0
0.298,0.003,6.68,0.0,0.011,0.0
0.298,0.003,6.672,0.0,-0.01,0.0
0.298,0.003,5.119,0.0,-0.007,0.0
0.298,0.003,4.455,0.0,-0.01,0.0
0.299,0.003,5.052,0.0,-0.002,0.0
0.299,0.003,5.284,0.0,-0.008,0.0
0.299,0.003,5.841,0.0,-0.002,0.0
0.299,0.003,5.58,0.0,-0.008,0.0
0.299,0.003,3.718,0.0,0.015,0.0
0.299,0.003,6.319,0.0,-0.008,0.0
0.299,0.003,5.258,0.0,-0.017,0.0
0.299,0.003,4.226,0.0,-0.015,0.0
0.299,0.003,5.262,0.0,-0.023,0.0
0.299,0.003,5.389,0.0,-0.033,0.0
0.299,0.003,5.923,0.0,-0.001,0.0
0.299,0.003,5.5,0.0,-0.011,0.0
0.299,0.003,4.201,0.0,-0.008,0.0
0.299,0.003,3.917,0.0,-0.011,0.0
0.299,0.003,6.034,0.0,-0.017,0.0
0.299,0.003,4.625,0.0,0.008,0.0
0.299,0.003,4.081,0.0,-0.009,0.0
0.299,0.003,4.897,0.0,0.004,0.0
0.299,0.003,4.947,0.0,-0.002,0.0
0.299,0.003,3.788,0.0,0.003,0.0
0.299,0.003,5.068,0.0,-0.008,0.0
0.299,0.003,4.519,0.0,-0.009,0.0
0.299,0.003,3.989,0.0,-0.002,0.0
0.299,0.003,5.202,0.0,0.003,0.0
0.299,0.003,4.253,0.0,-0.011,0.0
0.299,0.003,5.238,0.0,0.007,0.0
0.299,0.003,4.952,0.0,-0.001,0.0
0.299,0.003,5.051,0.0,-0.026,0.0
0.299,0.003,4.446,0.0,0.001,0.0
0.299,0.003,4.42,0.0,0.011,0.0
0.299,0.003,4.991,0.0,-0.023,0.0
0.299,0.003,5.443,0.0,-0.003,0.0
0.299,0.003,3.828,0.0,-0.005,0.0
0.299,0.003,3.84,0.0,-0.008,0.0
0.299,0.003,4.955,0.0,-0.019,0.0
0.299,0.003,4.283,0.0,-0.011,0.0
0.299,0.003,5.227,0.0,-0.007,0.0
0.299,0.003,5.352,0.0,-0.024,0.0
0.299,0.003,5.372,0.0,0.005,0.0
0.299,0.003,4.546,0.0,-0.006,0.0
0.299,0.003,6.002,0.0,-0.001,0.0
0.299,0.003,5.158,0.0,-0.027,0.0
0.299,0.003,4.263,0.0,-0.0,0.0
0.299,0.003,7.063,0.0,-0.002,0.0
0.299,0.003,5.712,0.0,-0.008,0.0
0.299,0.003,4.868,0.0,-0.03,0.0
0.3,0.003,5.131,0.0,-0.024,0.0
0.3,0.003,5.437,0.0,-0.001,0.0
0.3,0.003,4.702,0.0,-0.007,0.0
0.3,0.003,4.564,0.0,0.008,0.0
0.3,0.003,4.954,0.0,0.013,0.0
0.3,0.003,5.492,0.0,-0.008,0.0
0.3,0.003,4.884,0.0,-0.006,0.0
0.3,0.003,5.426,0.0,-0.008,0.0
0.3,0.003,5.736,0.0,0.015,0.0
0.3,0.003,4.201,0.0,-0.02,0.0
0.3,0.003,6.201,0.0,0.002,0.0
0.3,0.003,4.357,0.0,0.013,0.0
0.3,0.003,5.245,0.0,-0.004,0.0
0.3,0.003,5.471,0.0,-0.022,0.0
0.3,0.003,5.029,0.0,-0.005,0.0
0.3,0.003,4.285,0.0,-0.002,0.0
0.3,0.003,4.912,0.0,-0.008,0.0
0.3,0.003,6.403,0.0,-0.004,0.0
0.3,0.003,3.568,0.0,-0.0,0.0
0.3,0.003,4.459,0.0,-0.004,0.0
0.3,0.003,5.551,0.0,0.004,0.0
0.3,0.003,3.987,0.0,-0.005,0.0
0.3,0.003,5.885,0.0,0.017,0.0
0.3,0.003,5.12,0.0,0.001,0.0
0.3,0.003,5.437,0.0,-0.008,0.0
0.3,0.003,4.825,0.0,0.009,0.0
0.3,0.003,4.582,0.0,-0.004,0.0
0.3,0.003,3.742,0.0,-0.017,0.0
0.3,0.003,4.642,0.0,-0.024,0.0
0.3,0.003,5.733,0.0,0.011,0.0
0.3,0.003,4.48,0.0,0.01,0.0
0.3,0.003,4.706,0.0,-0.033,0.0
0.3,0.003,5.669,0.0,-0.011,0.0
0.3,0.003,4.198,0.0,0.016,0.0
0.3,0.003,4.482,0.0,0.004,0.0
0.3,0.003,5.202,0.0,-0.0,0.0
0.3,0.003,4.927,0.0,-0.018,0.0
0.3,0.003,5.246,0.0,-0.002,0.0
0.3,0.003,5.566,0.0,0.008,0.0
0.3,0.003,4.976,0.0,-0.004,0.0
0.3,0.003,5.289,0.0,-0.008,0.0
0.3,0.003,4.986,0.0,-0.012,0.0
0.3,0.003,6.643,0.0,-0.016,0.0
0.3,0.003,5.33,0.0,-0.01,0.0
0.3,0.003,4.711,0.0,0.009,0.0
0.3,0.003,6.841,0.0,0.009,0.0
0.3,0.003,5.28,0.0,-0.024,0.0
0.3,0.003,4.295,0.0,-0.008,0.0
0.301,0.003,4.198,0.0,-0.013,0.0
0.301,0.003,4.165,0.0,-0.013,0.0
0.301,0.003,4.828,0.0,-0.007,0.0
0.301,0.003,4.512,0.0,-0.001,0.0
0.301,0.003,4.978,0.0,0.002,0.0
0.301,0.003,4.577,0.0,0.004,0.0
0.301,0.003,5.891,0.0,-0.01,0.0
0.301,0.003,4.649,0.0,-0.01,0.0
0.301,0.003,5.413,0.0,-0.004,0.0
0.301,0.003,6.579,0.0,0.004,0.0
0.301,0.003,4.917,0.0,-0.009,0.0
0.301,0.003,6.356,0.0,-0.009,0.0
0.301,0.003,6.636,0.0,-0.005,0.0
0.301,0.003,3.955,0.0,-0.026,0.0
0.301,0.003,4.562,0.0,0.01,0.0
0.301,0.003,3.609,0.0,0.006,0.0
0.301,0.003,4.988,0.0,-0.01,0.0
0.301,0.003,4.718,0.0,0.02,0.0
0.301,0.003,5.292,0.0,0.013,0.0
0.301,0.003,5.404,0.0,-0.004,0.0
0.301,0.003,5.265,0.0,0.003,0.0
0.301,0.003,5.843,0.0,-0.008,0.0
0.301,0.003,5.137,0.0,-0.011,0.0
0.301,0.003,4.086,0.0,-0.003,0.0
0.301,0.003,4.525,0.0,0.005,0.0
0.301,0.003,4.531,0.0,-0.005,0.0
0.301,0.003,5.807,0.0,-0.001,0.0
0.301,0.003,4.655,0.0,0.009,0.0
0.301,0.003,4.604,0.0,-0.021,0.0
0.301,0.003,4.674,0.0,-0.021,0.0
0.301,0.003,5.656,0.0,-0.007,0.0
0.301,0.003,4.851,0.0,-0.016,0.0
0.301,0.003,4.311,0.0,-0.012,0.0
0.301,0.003,4.954,0.0,-0.005,0.0
0.301,0.003,5.154,0.0,0.002,0.0
0.301,0.003,4.328,0.0,-0.027,0.0
0.301,0.003,5.345,0.0,-0.007,0.0
0.301,0.003,4.916,0.0,-0.01,0.0
0.301,0.003,5.517,0.0,-0.016,0.0
0.301,0.003,4.854,0.0,0.004,0.0
0.301,0.003,5.307,0.0,-0.015,0.0
0.301,0.003,4.744,0.0,-0.02,0.0
0.301,0.003,5.389,0.0,0.0,0.0
0.301,0.003,5.786,0.0,-0.015,0.0
0.301,0.003,4.163,0.0,-0.019,0.0
0.301,0.003,4.321,0.0,0.016,0.0
0.301,0.003,5.819,0.0,0.005,0.0
0.301,0.003,4.166,0.0,0.001,0.0
0.301,0.003,5.038,0.0,-0.009,0.0
0.301,0.003,5.834,0.0,-0.019,0.0
0.301,0.003,4.96,0.0,-0.004,0.0
0.301,0.003,5.105,0.0,-0.005,0.0
0.301,0.003,5.311,0.0,0.0,0.0
0.301,0.003,4.581,0.0,0.009,0.0
0.301,0.003,5.84,0.0,-0.001,0.0
0.301,0.003,5.135,0.0,-0.021,0.0
0.301,0.003,4.146,0.0,0.001,0.0
0.301,0.003,5.185,0.0,-0.012,0.0
0.301,0.003,4.671,0.0,0.003,0.0
0.302,0.003,5.052,0.0,-0.002,0.0
0.302,0.003,5.537,0.0,-0.017,0.0
0.302,0.003,5.193,0.0,0.003,0.0
0.302,0.003,3.402,0.0,0.024,0.0
0.302,0.003,5.522,0.0,-0.022,0.0
0.302,0.003,5.389,0.0,-0.012,0.0
0.302,0.003,4.912,0.0,0.004,0.0
0.302,0.003,4.866,0.0,-0.009,0.0
0.302,0.003,4.131,0.0,0.0,0.0
0.302,0.003,4.586,0.0,-0.006,0.0
0.302,0.003,5.532,0.0,-0.006,0.0
0.302,0.003,3.877,0.0,-0.003,0.0
0.302,0.003,5.597,0.0,0.024,0.0
0.302,0.003,5.765,0.0,-0.015,0.0
0.302,0.003,4.515,0.0,0.007,0.0
0.302,0.003,5.027,0.0,0.002,0.0
0.302,0.003,4.314,0.0,-0.014,0.0
0.302,0.003,5.187,0.0,0.002,0.0
0.302,0.003,4.932,0.0,-0.018,0.0
0.302,0.003,4.862,0.0,-0.024,0.0
0.302,0.003,4.987,0.0,-0.015,0.0
0.302,0.003,4.985,0.0,0.012,0.0
0.302,0.003,5.749,0.0,-0.019,0.0
0.302,0.003,4.806,0.0,-0.01,0.0
0.302,0.003,5.208,0.0,0.011,0.0
0.302,0.003,5.631,0.0,-0.005,0.0
0.302,0.003,5.759,0.0,0.01,0.0
0.302,0.003,4.687,0.0,-0.027,0.0
0.302,0.003,5.072,0.0,-0.016,0.0
0.302,0.003,5.086,0.0,-0.007,0.0
0.302,0.003,4.239,0.0,-0.006,0.0
0.302,0.003,5.857,0.0,-0.026,0.0
0.302,0.003,6.214,0.0,-0.011,0.0
0.302,0.003,3.968,0.0,-0.017,0.0
0.302,0.003,6.012,0.0,-0.043,0.0
0.302,0.003,6.592,0.0,-0.005,0.0
0.302,0.003,4.914,0.0,0.005,0.0
0.302,0.003,4.36,0.0,-0.028,0.0
0.302,0.003,4.817,0.0,0.001,0.0
0.302,0.003,4.495,0.0,0.01,0.0
0.302,0.003,5.306,0.0,-0.019,0.0
0.302,0.003,4.684,0.0,-0.005,0.0
0.302,0.003,5.744,0.0,-0.005,0.0
0.302,0.003,5.275,0.0,-0.006,0.0
0.303,0.003,5.512,0.0,-0.006,0.0
0.303,0.003,5.711,0.0,-0.031,0.0
0.303,0.003,4.943,0.0,-0.007,0.0
0.303,0.003,5.228,0.0,-0.003,0.0
0.303,0.003,5.002,0.0,0.003,0.0
0.303,0.003,5.842,0.0,-0.005,0.0
0.303,0.003,4.443,0.0,-0.006,0.0
0.303,0.003,4.452,0.0,-0.001,0.0
0.303,0.003,5.515,0.0,-0.007,0.0
0.303,0.003,4.744,0.0,-0.002,0.0
0.303,0.003,4.239,0.0,0.0,0.0
0.303,0.003,5.603,0.0,-0.004,0.0
0.303,0.003,6.169,0.0,0.004,0.0
0.303,0.003,4.333,0.0,0.003,0.0
0.303,0.003,4.686,0.0,-0.003,0.0
0.303,0.003,5.318,0.0,0.003,0.0
0.303,0.003,5.769,0.0,-0.012,0.0
0.303,0.003,4.42,0.0,-0.021,0.0
0.303,0.003,4.634,0.0,-0.02,0.0
0.303,0.003,4.23,0.0,-0.022,0.0
0.303,0.003,5.761,0.0,-0.004,0.0
0.303,0.003,3.68,0.0,-0.026,0.0
0.303,0.003,5.259,0.0,0.002,0.0
0.303,0.003,4.775,0.0,0.021,0.0
0.303,0.003,4.115,0.0,-0.031,0.0
0.303,0.003,4.694,0.0,0.01,0.0
0.303,0.003,4.336,0.0,-0.02,0.0
0.303,0.003,5.905,0.0,-0.003,0.0
0.303,0.003,5.236,0.0,-0.022,0.0
0.303,0.003,4.632,0.0,-0.014,0.0
0.303,0.003,5.053,0.0,0.008,0.0
0.303,0.003,4.884,0.0,-0.012,0.0
0.303,0.003,4.66,0.0,0.02,0.0
0.303,0.003,5.851,0.0,0.012,0.0
0.303,0.003,5.279,0.0,-0.001,0.0
0.303,0.003,4.84,0.0,-0.002,0.0
0.303,0.003,4.383,0.0,-0.002,0.0
0.303,0.003,6.15,0.0,0.007,0.0
0.303,0.003,4.87,0.0,-0.012,0.0
0.303,0.003,5.44,0.0,-0.012,0.0
0.303,0.003,5.439,0.0,-0.009,0.0
0.303,0.003,5.159,0.0,0.005,0.0
0.303,0.003,5.388,0.0,0.002,0.0
0.303,0.003,4.108,0.0,0.012,0.0
0.303,0.003,4.167,0.0,-0.005,0.0
0.303,0.003,6.536,0.0,0.001,0.0
0.303,0.003,5.424,0.0,-0.004,0.0
0.303,0.003,5.228,0.0,0.003,0.0
0.303,0.003,5.521,0.0,-0.021,0.0
0.303,0.003,4.423,0.0,-0.025,0.0
0.303,0.003,4.699,0.0,0.01,0.0
0.303,0.003,4.192,0.0,0.004,0.0
0.303,0.003,5.329,0.0,-0.006,0.0
0.303,0.003,4.592,0.0,0.004,0.0
0.303,0.003,5.281,0.0,-0.016,0.0
0.303,0.003,6.504,0.0,-0.015,0.0
0.303,0.003,6.08,0.0,-0.01,0.0
0.303,0.003,6.081,0.0,0.0,0.0
0.303,0.003,5.73,0.0,-0.028,0.0
0.304,0.003,3.968,0.0,-0.017,0.0
0.304,0.003,3.992,0.0,-0.017,0.0
0.304,0.003,4.485,0.0,0.003,0.0
0.304,0.003,4.215,0.0,0.0,0.0
0.304,0.003,4.928,0.0,0.014,0.0
0.304,0.003,4.888,0.0,0.013,0.0
0.304,0.003,4.369,0.0,-0.004,0.0
0.304,0.003,3.755,0.0,-0.011,0.0
0.304,0.003,3.677,0.0,-0.013,0.0
0.304,0.003,4.319,0.0,-0.009,0.0
0.304,0.003,3.792,0.0,0.02,0.0
0.304,0.003,5.606,0.0,-0.025,0.0
0.304,0.003,4.353,0.0,0.011,0.0
0.304,0.003,5.972,0.0,-0.015,0.0
0.304,0.003,3.836,0.0,0.012,0.0
0.304,0.003,4.631,0.0,-0.013,0.0
0.304,0.003,4.813,0.0,-0.024,0.0
0.304,0.003,4.229,0.0,0.012,0.0
0.304,0.003,5.324,0.0,0.012,0.0
0.304,0.003,4.452,0.0,-0.007,0.0
0.304,0.003,5.141,0.0,0.003,0.0
0.304,0.003,5.063,0.0,-0.018,0.0
0.304,0.003,4.478,0.0,0.002,0.0
0.304,0.003,4.796,0.0,-0.018,0.0
0.304,0.003,6.367,0.0,-0.027,0.0
0.304,0.003,5.395,0.0,-0.009,0.0
0.304,0.003,4.337,0.0,-0.009,0.0
0.304,0.003,4.927,0.0,-0.004,0.0
0.304,0.003,5.874,0.0,-0.007,0.0
0.304,0.003,5.436,0.0,-0.009,0.0
0.304,0.003,5.078,0.0,-0.009,0.0
0.304,0.003,6.158,0.0,0.022,0.0
0.304,0.003,5.788,0.0,-0.023,0.0
0.304,0.003,5.779,0.0,-0.001,0.0
0.304,0.003,5.372,0.0,-0.014,0.0
0.304,0.003,6.583,0.0,-0.004,0.0
0.304,0.003,3.988,0.0,-0.032,0.0
0.304,0.003,4.966,0.0,-0.016,0.0
0.304,0.003,5.155,0.0,-0.012,0.0
0.304,0.003,5.417,0.0,-0.022,0.0
0.304,0.003,5.821,0.0,-0.016,0.0
0.304,0.003,4.684,0.0,-0.009,0.0
0.304,0.003,4.547,0.0,0.007,0.0
0.304,0.003,4.185,0.0,-0.002,0.0
0.304,0.003,5.086,0.0,0.008,0.0
0.304,0.003,5.123,0.0,-0.015,0.0
0.304,0.003,5.979,0.0,-0.017,0.0
0.304,0.003,4.191,0.0,0.007,0.0
0.304,0.003,4.789,0.0,-0.012,0.0
0.304,0.003,4.872,0.0,-0.016,0.0
0.305,0.003,6.074,0.0,-0.028,0.0
0.305,0.003,5.495,0.0,0.007,0.0
0.305,0.003,5.144,0.0,-0.021,0.0
0.305,0.003,4.998,0.0,0.0,0.0
0.305,0.003,3.808,0.0,0.002,0.0
0.305,0.003,5.171,0.0,0.009,0.0
0.305,0.003,4.877,0.0,-0.001,0.0
0.305,0.003,4.721,0.0,-0.02,0.0
0.305,0.003,5.407,0.0,-0.009,0.0
0.305,0.003,4.556,0.0,-0.021,0.0
0.305,0.003,5.417,0.0,0.002,0.0
0.305,0.003,4.069,0.0,0.01,0.0
0.305,0.003,5.201,0.0,-0.014,0.0
0.305,0.003,5.038,0.0,-0.003,0.0
0.305,0.003,5.459,0.0,0.015,0.0
0.305,0.003,5.7,0.0,0.006,0.0
0.305,0.003,4.609,0.0,-0.002,0.0
0.305,0.003,4.798,0.0,-0.035,0.0
0.305,0.003,4.749,0.0,-0.022,0.0
0.305,0.003,4.312,0.0,-0.003,0.0
0.305,0.003,4.15,0.0,0.004,0.0
0.305,0.003,5.272,0.0,-0.02,0.0
0.305,0.003,4.748,0.0,-0.004,0.0
0.305,0.003,6.832,0.0,-0.007,0.0
0.305,0.003,5.365,0.0,-0.003,0.0
0.305,0.003,5.727,0.0,0.001,0.0
0.305,0.003,4.191,0.0,0.006,0.0
0.305,0.003,5.003,0.0,0.001,0.0
0.305,0.003,4.665,0.0,-0.021,0.0
0.305,0.003,4.561,0.0,0.003,0.0
0.305,0.003,5.622,0.0,-0.009,0.0
0.305,0.003,4.823,0.0,-0.004,0.0
0.305,0.003,4.508,0.0,0.013,0.0
0.305,0.003,4.897,0.0,-0.002,0.0
0.305,0.003,5.085,0.0,-0.008,0.0
0.305,0.003,3.968,0.0,0.011,0.0
0.305,0.003,6.113,0.0,-0.021,0.0
0.305,0.003,4.427,0.0,-0.008,0.0
0.305,0.003,5.28,0.0,-0.022,0.0
0.305,0.003,5.35,0.0,0.011,0.0
0.305,0.003,3.925,0.0,0.004,0.0
0.305,0.003,5.154,0.0,0.022,0.0
0.305,0.003,5.827,0.0,0.007,0.0
0.305,0.003,4.341,0.0,-0.013,0.0
0.306,0.003,5.645,0.0,0.008,0.0
0.306,0.003,4.769,0.0,-0.01,0.0
0.306,0.003,5.209,0.0,-0.0,0.0
0.306,0.003,5.484,0.0,-0.01,0.0
0.306,0.003,5.396,0.0,-0.029,0.0
0.306,0.003,4.885,0.0,0.001,0.0
0.306,0.003,4.981,0.0,0.0,0.0
0.306,0.003,4.728,0.0,-0.01,0.0
0.306,0.003,6.166,0.0,-0.006,0.0
0.306,0.003,5.542,0.0,-0.012,0.0
0.306,0.003,4.994,0.0,-0.027,0.0
0.306,0.003,5.332,0.0,0.0,0.0
0.306,0.003,4.597,0.0,0.002,0.0
0.306,0.003,4.441,0.0,-0.011,0.0
0.306,0.003,3.607,0.0,0.012,0.0
0.306,0.003,4.781,0.0,-0.007,0.0
0.306,0.003,5.917,0.0,-0.003,0.0
0.306,0.003,5.085,0.0,-0.006,0.0
0.306,0.003,5.328,0.0,-0.006,0.0
0.306,0.003,6.651,0.0,-0.013,0.0
0.306,0.003,5.558,0.0,-0.019,0.0
0.306,0.003,4.452,0.0,-0.017,0.0
0.306,0.003,5.277,0.0,-0.017,0.0
0.306,0.003,5.21,0.0,-0.001,0.0
0.306,0.003,4.587,0.0,0.012,0.0
0.306,0.003,4.4,0.0,-0.016,0.0
0.306,0.003,4.125,0.0,-0.01,0.0
0.306,0.003,4.546,0.0,0.012,0.0
0.306,0.003,4.702,0.0,0.039,0.0
0.306,0.003,4.378,0.0,0.018,0.0
0.306,0.003,4.758,0.0,-0.017,0.0
0.306,0.003,5.848,0.0,-0.019,0.0
0.306,0.003,6.217,0.0,-0.011,0.0
0.306,0.003,5.422,0.0,0.002,0.0
0.306,0.003,5.128,0.0,-0.016,0.0
0.306,0.003,4.288,0.0,0.004,0.0
0.306,0.003,6.028,0.0,-0.02,0.0
0.306,0.003,5.566,0.0,-0.003,0.0
0.306,0.003,5.785,0.0,-0.004,0.0
0.306,0.003,4.394,0.0,0.006,0.0
0.306,0.003,4.767,0.0,0.0,0.0
0.306,0.003,4.123,0.0,0.002,0.0
0.306,0.003,5.661,0.0,-0.026,0.0
0.306,0.003,5.724,0.0,0.011,0.0
0.306,0.003,4.923,0.0,-0.018,0.0
0.306,0.003,4.321,0.0,-0.006,0.0
0.306,0.003,5.487,0.0,0.014,0.0
0.306,0.003,5.15,0.0,-0.01,0.0
0.306,0.003,4.832,0.0,0.004,0.0
0.306,0.003,4.195,0.0,-0.028,0.0
0.306,0.003,4.826,0.0,-0.021,0.0
0.306,0.003,4.406,0.0,0.008,0.0
0.306,0.003,4.095,0.0,0.005,0.0
0.306,0.003,4.494,0.0,0.01,0.0
0.306,0.003,4.917,0.0,-0.015,0.0
0.306,0.003,5.213,0.0,0.014,0.0
0.306,0.003,4.702,0.0,0.0,0.0
0.306,0.003,5.55,0.0,0.006,0.0
0.306,0.003,5.008,0.0,-0.006,0.0
0.306,0.003,5.821,0.0,-0.016,0.0
0.307,0.003,4.571,0.0,-0.004,0.0
0.307,0.003,4.861,0.0,0.005,0.0
0.307,0.003,5.317,0.0,-0.006,0.0
0.307,0.003,5.004,0.0,-0.011,0.0
0.307,0.003,3.872,0.0,0.007,0.0
0.307,0.003,5.558,0.0,-0.029,0.0
0.307,0.003,5.071,0.0,-0.022,0.0
0.307,0.003,5.074,0.0,-0.004,0.0
0.307,0.003,5.238,0.0,0.002,0.0
0.307,0.003,4.046,0.0,0.002,0.0
0.307,0.003,6.321,0.0,0.007,0.0
0.307,0.003,4.648,0.0,-0.016,0.0
0.307,0.003,5.329,0.0,-0.005,0.0
0.307,0.003,5.159,0.0,-0.031,0.0
0.307,0.003,5.887,0.0,-0.004,0.0
0.307,0.003,4.782,0.0,-0.021,0.0
0.307,0.003,4.399,0.0,0.007,0.0
0.307,0.003,5.995,0.0,0.002,0.0
0.307,0.003,6.265,0.0,0.007,0.0
0.307,0.003,5.702,0.0,-0.022,0.0
0.307,0.003,5.563,0.0,-0.002,0.0
0.307,0.003,4.587,0.0,-0.02,0.0
0.307,0.003,5.312,0.0,-0.019,0.0
0.307,0.003,4.782,0.0,-0.013,0.0
0.307,0.003,4.386,0.0,-0.008,0.0
0.307,0.003,5.891,0.0,0.014,0.0
0.307,0.003,5.025,0.0,0.034,0.0
0.307,0.003,5.91,0.0,-0.005,0.0
0.307,0.003,4.841,0.0,-0.017,0.0
0.307,0.003,6.021,0.0,0.004,0.0
0.307,0.003,6.799,0.0,0.005,0.0
0.307,0.003,4.121,0.0,-0.009,0.0
0.307,0.003,4.194,0.0,0.0,0.0
0.308,0.003,5.772,0.0,-0.016,0.0
0.308,0.003,5.003,0.0,-0.016,0.0
0.308,0.003,4.967,0.0,-0.001,0.0
0.308,0.003,4.025,0.0,0.01,0.0
0.308,0.003,4.798,0.0,-0.006,0.0
0.308,0.003,4.697,0.0,-0.008,0.0
0.308,0.003,4.641,0.0,0.002,0.0
0.308,0.003,5.262,0.0,0.025,0.0
0.308,0.003,4.227,0.0,-0.026,0.0
0.308,0.003,5.971,0.0,-0.02,0.0
0.308,0.003,4.608,0.0,-0.001,0.0
0.308,0.003,5.802,0.0,-0.015,0.0
0.308,0.003,6.106,0.0,-0.022,0.0
0.308,0.003,5.158,0.0,0.006,0.0
0.308,0.003,6.137,0.0,-0.013,0.0
0.308,0.003,4.374,0.0,-0.025,0.0
0.308,0.003,4.418,0.0,0.005,0.0
0.308,0.003,5.27,0.0,-0.013,0.0
0.308,0.003,5.757,0.0,-0.01,0.0
0.308,0.003,4.554,0.0,-0.006,0.0
0.308,0.003,5.388,0.0,-0.004,0.0
0.308,0.003,5.348,0.0,-0.012,0.0
0.308,0.003,5.163,0.0,-0.01,0.0
0.308,0.003,4.068,0.0,0.006,0.0
0.308,0.003,4.969,0.0,-0.024,0.0
0.308,0.003,5.726,0.0,0.003,0.0
0.308,0.003,4.122,0.0,0.001,0.0
0.308,0.003,5.327,0.0,0.016,0.0
0.308,0.003,5.329,0.0,0.013,0.0
0.308,0.003,5.277,0.0,0.004,0.0
0.308,0.003,5.956,0.0,-0.008,0.0
0.308,0.003,4.891,0.0,-0.018,0.0
0.308,0.003,5.444,0.0,-0.019,0.0
0.308,0.003,4.566,0.0,-0.002,0.0
0.308,0.003,5.246,0.0,-0.037,0.0
0.308,0.003,5.173,0.0,-0.013,0.0
0.308,0.003,5.232,0.0,-0.011,0.0
0.308,0.003,4.76,0.0,-0.01,0.0
0.308,0.003,4.422,0.0,-0.01,0.0
0.308,0.003,4.635,0.0,-0.008,0.0
0.308,0.003,4.477,0.0,0.008,0.0
0.308,0.003,5.108,0.0,-0.015,0.0
0.308,0.003,5.005,0.0,-0.007,0.0
0.308,0.003,4.007,0.0,0.003,0.0
0.308,0.003,5.564,0.0,-0.022,0.0
0.308,0.003,5.64,0.0,-0.021,0.0
0.308,0.003,5.512,0.0,0.001,0.0
0.308,0.003,4.907,0.0,-0.016,0.0
0.308,0.003,5.905,0.0,-0.023,0.0
0.308,0.003,4.994,0.0,0.038,0.0
0.308,0.003,5.292,0.0,-0.006,0.0
0.308,0.003,6.205,0.0,-0.013,0.0
0.308,0.003,5.247,0.0,-0.014,0.0
0.308,0.003,5.309,0.0,0.006,0.0
0.308,0.003,4.573,0.0,0.009,0.0
0.308,0.003,4.644,0.0,0.007,0.0
0.308,0.003,5.0,0.0,0.004,0.0
0.308,0.003,6.43,0.0,-0.029,0.0
0.308,0.003,4.076,0.0,0.006,0.0
0.308,0.003,4.848,0.0,0.011,0.0
0.308,0.003,6.062,0.0,-0.007,0.0
0.308,0.003,5.745,0.0,0.001,0.0
0.308,0.003,5.459,0.0,-0.003,0.0
0.308,0.003,5.849,0.0,0.002,0.0
0.308,0.003,5.536,0.0,-0.009,0.0
0.308,0.003,3.349,0.0,-0.016,0.0
0.308,0.003,4.823,0.0,-0.013,0.0
0.308,0.003,2.514,0.0,0.0,0.0
0.308,0.003,4.67,0.0,-0.012,0.0
0.308,0.003,6.251,0.0,-0.0,0.0
0.308,0.003,5.059,0.0,-0.01,0.0
0.308,0.003,5.697,0.0,0.006,0.0
0.308,0.003,4.669,0.0,0.003,0.0
0.308,0.003,3.901,0.0,-0.026,0.0
0.308,0.003,6.25,0.0,-0.01,0.0
0.308,0.003,2.872,0.0,0.008,0.0
0.309,0.003,4.937,0.0,-0.022,0.0
0.309,0.003,5.042,0.0,-0.013,0.0
0.309,0.003,5.474,0.0,0.013,0.0
0.309,0.003,4.863,0.0,0.002,0.0
0.309,0.003,5.706,0.0,0.0,0.0
0.309,0.003,4.849,0.0,-0.006,0.0
0.309,0.003,6.342,0.0,-0.008,0.0
0.309,0.003,5.02,0.0,0.0,0.0
0.309,0.003,4.237,0.0,-0.007,0.0
0.309,0.003,4.46,0.0,0.01,0.0
0.309,0.003,4.584,0.0,0.004,0.0
0.309,0.003,3.924,0.0,0.0,0.0
0.309,0.003,5.255,0.0,-0.01,0.0
0.309,0.003,5.016,0.0,-0.022,0.0
0.309,0.003,4.973,0.0,0.009,0.0
0.309,0.003,4.121,0.0,0.014,0.0
0.309,0.003,5.622,0.0,-0.003,0.0
0.309,0.003,5.038,0.0,-0.014,0.0
0.309,0.003,4.344,0.0,-0.005,0.0
0.309,0.003,5.199,0.0,0.004,0.0
0.309,0.003,5.506,0.0,-0.021,0.0
0.309,0.003,4.641,0.0,-0.0,0.0
0.309,0.003,5.513,0.0,-0.002,0.0
0.309,0.003,4.079,0.0,-0.015,0.0
0.309,0.003,5.139,0.0,0.001,0.0
0.309,0.003,5.224,0.0,0.011,0.0
0.309,0.003,6.699,0.0,-0.013,0.0
0.309,0.003,4.598,0.0,-0.003,0.0
0.309,0.003,4.427,0.0,-0.022,0.0
0.309,0.003,4.379,0.0,0.006,0.0
0.309,0.003,5.79,0.0,0.009,0.0
0.309,0.003,4.813,0.0,-0.003,0.0
0.309,0.003,6.078,0.0,0.004,0.0
0.309,0.003,5.272,0.0,-0.014,0.0
0.309,0.003,5.052,0.0,0.013,0.0
0.309,0.003,5.057,0.0,-0.001,0.0
0.309,0.003,6.782,0.0,0.0,0.0
0.309,0.003,5.392,0.0,-0.004,0.0
0.309,0.003,4.969,0.0,-0.005,0.0
0.309,0.003,4.499,0.0,0.002,0.0
0.309,0.003,6.477,0.0,-0.005,0.0
0.309,0.003,5.152,0.0,-0.017,0.0
0.309,0.003,4.181,0.0,0.001,0.0
0.309,0.003,4.937,0.0,0.005,0.0
0.309,0.003,4.934,0.0,-0.005,0.0
0.309,0.003,5.326,0.0,0.029,0.0
0.309,0.003,4.547,0.0,-0.02,0.0
0.309,0.003,4.944,0.0,-0.009,0.0
0.309,0.003,4.635,0.0,-0.003,0.0
0.31,0.003,4.114,0.0,-0.007,0.0
0.31,0.003,4.523,0.0,-0.006,0.0
0.31,0.003,4.552,0.0,-0.003,0.0
0.31,0.003,6.041,0.0,0.003,0.0
0.31,0.003,4.696,0.0,-0.021,0.0
0.31,0.003,4.207,0.0,-0.009,0.0
0.31,0.003,5.407,0.0,-0.023,0.0
0.31,0.003,3.098,0.0,0.001,0.0
0.31,0.003,3.851,0.0,0.003,0.0
0.31,0.003,3.619,0.0,-0.01,0.0
0.31,0.003,4.661,0.0,0.014,0.0
0.31,0.003,6.07,0.0,0.0,0.0
0.31,0.003,4.728,0.0,-0.008,0.0
0.31,0.003,3.57,0.0,-0.004,0.0
0.31,0.003,4.143,0.0,-0.017,0.0
0.31,0.003,5.016,0.0,0.025,0.0
0.31,0.003,4.497,0.0,0.003,0.0
0.31,0.003,4.277,0.0,-0.018,0.0
0.31,0.003,6.001,0.0,-0.001,0.0
0.31,0.003,5.344,0.0,-0.0,0.0
0.31,0.003,5.429,0.0,0.009,0.0
0.31,0.003,4.274,0.0,-0.02,0.0
0.31,0.003,4.167,0.0,-0.002,0.0
0.31,0.003,5.331,0.0,0.003,0.0
0.31,0.003,4.8,0.0,-0.001,0.0
0.31,0.003,5.065,0.0,0.008,0.0
0.31,0.003,4.079,0.0,-0.011,0.0
0.31,0.003,4.92,0.0,-0.019,0.0
0.31,0.003,4.918,0.0,-0.001,0.0
0.31,0.003,4.653,0.0,-0.001,0.0
0.31,0.003,5.345,0.0,0.017,0.0
0.31,0.003,6.002,0.0,0.005,0.0
0.31,0.003,4.689,0.0,0.002,0.0
0.31,0.003,4.341,0.0,-0.017,0.0
0.31,0.003,5.252,0.0,-0.002,0.0
0.31,0.003,4.707,0.0,-0.023,0.0
0.31,0.003,5.865,0.0,-0.014,0.0
0.31,0.003,5.362,0.0,0.001,0.0
0.31,0.003,5.482,0.0,-0.003,0.0
0.31,0.003,5.183,0.0,-0.012,0.0
0.31,0.003,4.608,0.0,0.003,0.0
0.31,0.003,3.921,0.0,-0.015,0.0
0.31,0.003,5.891,0.0,-0.002,0.0
0.31,0.003,3.979,0.0,0.009,0.0
0.311,0.003,6.657,0.0,-0.007,0.0
0.311,0.003,5.474,0.0,-0.004,0.0
0.311,0.003,4.785,0.0,-0.008,0.0
0.311,0.003,4.959,0.0,-0.006,0.0
0.311,0.003,5.331,0.0,-0.013,0.0
0.311,0.003,6.727,0.0,0.009,0.0
0.311,0.003,4.43,0.0,0.003,0.0
0.311,0.003,5.475,0.0,-0.023,0.0
0.311,0.003,5.518,0.0,-0.023,0.0
0.311,0.003,5.1,0.0,-0.019,0.0
0.311,0.003,5.317,0.0,-0.016,0.0
0.311,0.003,4.943,0.0,-0.005,0.0
0.311,0.003,4.896,0.0,-0.012,0.0
0.311,0.003,4.004,0.0,-0.0,0.0
0.311,0.003,4.419,0.0,0.016,0.0
0.311,0.003,4.354,0.0,0.001,0.0
0.311,0.003,4.243,0.0,-0.024,0.0
0.311,0.003,4.511,0.0,-0.008,0.0
0.311,0.003,5.476,0.0,-0.006,0.0
0.311,0.003,5.449,0.0,-0.015,0.0
0.311,0.003,5.205,0.0,-0.011,0.0
0.311,0.003,5.533,0.0,-0.003,0.0
0.311,0.003,5.092,0.0,-0.009,0.0
0.311,0.003,6.853,0.0,0.007,0.0
0.311,0.003,4.652,0.0,-0.006,0.0
0.311,0.003,5.377,0.0,0.001,0.0
0.311,0.003,4.574,0.0,0.016,0.0
0.311,0.003,4.637,0.0,-0.003,0.0
0.311,0.003,4.626,0.0,0.004,0.0
0.311,0.003,4.651,0.0,-0.018,0.0
0.311,0.003,4.568,0.0,-0.015,0.0
0.311,0.003,3.455,0.0,-0.016,0.0
0.311,0.003,4.382,0.0,0.01,0.0
0.311,0.003,4.888,0.0,-0.012,0.0
0.311,0.003,4.502,0.0,0.005,0.0
0.311,0.003,5.453,0.0,-0.02,0.0
0.311,0.003,3.456,0.0,0.009,0.0
0.311,0.003,4.761,0.0,-0.0,0.0
0.311,0.003,7.225,0.0,-0.018,0.0
0.311,0.003,5.111,0.0,-0.006,0.0
0.311,0.003,4.536,0.0,-0.019,0.0
0.311,0.003,5.752,0.0,0.007,0.0
0.311,0.003,4.778,0.0,-0.022,0.0
0.311,0.003,6.223,0.0,-0.023,0.0
0.311,0.003,4.787,0.0,-0.01,0.0
0.311,0.003,6.688,0.0,0.0,0.0
0.311,0.003,4.606,0.0,-0.009,0.0
0.311,0.003,4.925,0.0,0.003,0.0
0.311,0.003,4.699,0.0,-0.03,0.0
0.311,0.003,4.725,0.0,-0.017,0.0
0.311,0.003,4.561,0.0,-0.003,0.0
0.311,0.003,4.345,0.0,0.008,0.0
0.312,0.003,6.458,0.0,-0.007,0.0
0.312,0.003,5.035,0.0,0.001,0.0
0.312,0.003,5.258,0.0,-0.016,0.0
0.312,0.003,5.573,0.0,-0.006,0.0
0.312,0.003,4.996,0.0,-0.007,0.0
0.312,0.003,4.823,0.0,-0.017,0.0
0.312,0.003,5.213,0.0,0.008,0.0
0.312,0.003,5.3,0.0,-0.02,0.0
0.312,0.003,5.614,0.0,-0.01,0.0
0.312,0.003,4.902,0.0,0.006,0.0
0.312,0.003,4.802,0.0,-0.003,0.0
0.312,0.003,4.881,0.0,-0.026,0.0
0.312,0.003,5.007,0.0,-0.02,0.0
0.312,0.003,5.439,0.0,-0.016,0.0
0.312,0.003,6.015,0.0,0.002,0.0
0.312,0.003,6.002,0.0,-0.019,0.0
0.312,0.003,5.544,0.0,0.017,0.0
0.312,0.003,4.771,0.0,-0.012,0.0
0.312,0.003,5.289,0.0,-0.013,0.0
0.312,0.003,5.176,0.0,-0.028,0.0
0.312,0.003,4.878,0.0,-0.006,0.0
0.312,0.003,6.045,0.0,-0.029,0.0
0.312,0.003,5.232,0.0,-0.007,0.0
0.312,0.003,4.473,0.0,-0.013,0.0
0.312,0.003,5.374,0.0,0.02,0.0
0.312,0.003,5.556,0.0,-0.002,0.0
0.312,0.003,4.294,0.0,-0.01,0.0
0.312,0.003,4.19,0.0,-0.004,0.0
0.312,0.003,5.811,0.0,0.014,0.0
0.312,0.003,6.107,0.0,0.001,0.0
0.312,0.003,4.628,0.0,0.009,0.0
0.312,0.003,5.101,0.0,-0.009,0.0
0.312,0.003,5.77,0.0,-0.001,0.0
0.312,0.003,5.533,0.0,-0.015,0.0
0.312,0.003,4.86,0.0,-0.023,0.0
0.312,0.003,5.051,0.0,0.005,0.0
0.312,0.003,5.19,0.0,-0.024,0.0
0.312,0.003,5.219,0.0,-0.008,0.0
0.312,0.003,4.034,0.0,-0.002,0.0
0.312,0.003,5.524,0.0,0.01,0.0
0.312,0.003,5.325,0.0,0.003,0.0
0.312,0.003,4.37,0.0,-0.013,0.0
0.312,0.003,4.257,0.0,-0.004,0.0
0.312,0.003,5.25,0.0,-0.019,0.0
0.312,0.003,4.822,0.0,-0.007,0.0
0.312,0.003,6.227,0.0,-0.001,0.0
0.312,0.003,4.776,0.0,-0.021,0.0
0.312,0.003,5.247,0.0,-0.007,0.0
0.312,0.003,4.277,0.0,0.013,0.0
0.312,0.003,4.938,0.0,-0.009,0.0
0.313,0.003,4.428,0.0,-0.002,0.0
0.313,0.003,4.291,0.0,-0.006,0.0
0.313,0.003,4.49,0.0,-0.002,0.0
0.313,0.003,5.966,0.0,-0.006,0.0
0.313,0.003,5.001,0.0,0.012,0.0
0.313,0.003,4.327,0.0,-0.013,0.0
0.313,0.003,5.317,0.0,-0.028,0.0
0.313,0.003,4.951,0.0,-0.015,0.0
0.313,0.003,5.518,0.0,-0.008,0.0
0.313,0.003,5.096,0.0,0.004,0.0
0.313,0.003,4.362,0.0,-0.001,0.0
0.313,0.003,6.382,0.0,0.002,0.0
0.313,0.003,5.246,0.0,-0.028,0.0
0.313,0.003,5.193,0.0,0.001,0.0
0.313,0.003,4.417,0.0,0.007,0.0
0.313,0.003,5.147,0.0,-0.02,0.0
0.313,0.003,3.701,0.0,-0.011,0.0
0.313,0.003,4.581,0.0,-0.017,0.0
0.313,0.003,6.119,0.0,-0.014,0.0
0.313,0.003,6.186,0.0,-0.016,0.0
0.313,0.003,4.358,0.0,0.015,0.0
0.313,0.003,5.517,0.0,0.003,0.0
0.313,0.003,4.596,0.0,0.007,0.0
0.313,0.003,5.594,0.0,-0.007,0.0
0.313,0.003,5.235,0.0,-0.019,0.0
0.313,0.007,4.628,0.0,-0.004,0.0
0.313,0.003,5.762,0.0,0.006,0.0
0.313,0.003,2.374,0.0,-0.001,0.0
0.313,0.003,5.341,0.0,0.005,0.0
0.313,0.003,5.01,0.0,-0.015,0.0
0.313,0.003,6.406,0.0,0.001,0.0
0.313,0.003,4.926,0.0,-0.008,0.0
0.313,0.003,4.018,0.0,-0.012,0.0
0.313,0.003,4.972,0.0,-0.014,0.0
0.313,0.003,4.944,0.0,-0.016,0.0
0.313,0.003,5.699,0.0,0.004,0.0
0.313,0.003,4.069,0.0,0.004,0.0
0.313,0.003,4.5,0.0,-0.014,0.0
0.313,0.003,5.486,0.0,0.006,0.0
0.313,0.003,5.515,0.0,-0.03,0.0
0.313,0.003,4.762,0.0,-0.006,0.0
0.313,0.003,4.585,0.0,-0.006,0.0
0.313,0.003,5.5,0.0,-0.009,0.0
0.313,0.003,4.669,0.0,-0.029,0.0
0.313,0.003,4.473,0.0,0.004,0.0
0.313,0.003,4.467,0.0,-0.018,0.0
0.313,0.003,5.2,0.0,-0.016,0.0
0.313,0.003,6.346,0.0,-0.006,0.0
0.313,0.003,6.627,0.0,-0.013,0.0
0.313,0.003,5.703,0.0,-0.016,0.0
0.313,0.003,6.064,0.0,-0.007,0.0
0.313,0.003,7.016,0.0,-0.01,0.0
0.314,0.003,4.293,0.0,-0.01,0.0
0.314,0.003,3.88,0.0,0.011,0.0
0.314,0.003,5.616,0.0,-0.014,0.0
0.314,0.003,4.427,0.0,-0.009,0.0
0.314,0.003,4.287,0.0,-0.005,0.0
0.314,0.003,4.638,0.0,-0.021,0.0
0.314,0.003,4.605,0.0,0.002,0.0
0.314,0.003,5.41,0.0,-0.011,0.0
0.314,0.003,4.798,0.0,-0.01,0.0
0.314,0.003,5.142,0.0,-0.021,0.0
0.314,0.003,5.131,0.0,-0.003,0.0
0.314,0.003,5.136,0.0,-0.017,0.0
0.314,0.003,6.098,0.0,0.007,0.0
0.314,0.003,5.704,0.0,-0.01,0.0
0.314,0.003,3.845,0.0,-0.002,0.0
0.314,0.003,4.908,0.0,-0.025,0.0
0.314,0.003,5.407,0.0,0.004,0.0
0.314,0.003,6.032,0.0,-0.031,0.0
0.314,0.003,4.744,0.0,-0.014,0.0
0.314,0.003,4.781,0.0,-0.007,0.0
0.314,0.003,4.914,0.0,-0.013,0.0
0.314,0.003,6.275,0.0,-0.005,0.0
0.314,0.003,4.087,0.0,0.007,0.0
0.314,0.003,4.628,0.0,-0.007,0.0
0.314,0.003,5.658,0.0,-0.004,0.0
0.314,0.003,4.608,0.0,0.006,0.0
0.314,0.003,5.525,0.0,-0.008,0.0
0.314,0.003,5.918,0.0,-0.016,0.0
0.314,0.003,4.192,0.0,0.006,0.0
0.314,0.003,4.127,0.0,-0.003,0.0
0.314,0.003,4.447,0.0,-0.022,0.0
0.314,0.003,5.053,0.0,-0.007,0.0
0.314,0.003,4.886,0.0,-0.004,0.0
0.314,0.003,4.735,0.0,-0.013,0.0
0.314,0.003,5.109,0.0,0.015,0.0
0.314,0.003,4.318,0.0,0.002,0.0
0.314,0.003,5.963,0.0,-0.018,0.0
0.314,0.003,5.752,0.0,-0.003,0.0
0.314,0.003,5.456,0.0,-0.002,0.0
0.314,0.003,4.871,0.0,-0.0,0.0
0.314,0.003,4.88,0.0,0.023,0.0
0.314,0.003,4.505,0.0,-0.015,0.0
0.314,0.003,5.009,0.0,-0.016,0.0
0.314,0.003,4.501,0.0,-0.005,0.0
0.314,0.003,5.381,0.0,0.012,0.0
0.314,0.003,4.321,0.0,0.016,0.0
0.314,0.003,5.639,0.0,-0.026,0.0
0.314,0.003,4.58,0.0,0.0,0.0
0.314,0.003,4.981,0.0,0.002,0.0
0.314,0.003,5.204,0.0,-0.022,0.0
0.314,0.003,5.055,0.0,-0.018,0.0
0.314,0.003,5.298,0.0,-0.022,0.0
0.314,0.003,5.29,0.0,-0.001,0.0
0.314,0.003,4.479,0.0,-0.028,0.0
0.314,0.003,5.091,0.0,0.017,0.0
0.314,0.003,5.531,0.0,0.016,0.0
0.314,0.003,4.567,0.0,-0.007,0.0
0.314,0.003,4.884,0.0,0.005,0.0
0.314,0.003,4.516,0.0,-0.002,0.0
0.314,0.003,4.54,0.0,-0.011,0.0
0.314,0.003,4.415,0.0,0.008,0.0
0.314,0.003,6.241,0.0,-0.025,0.0
0.314,0.003,4.32,0.0,-0.012,0.0
0.314,0.003,4.337,0.0,0.016,0.0
0.314,0.003,4.486,0.0,0.003,0.0
0.314,0.003,4.683,0.0,0.005,0.0
0.315,0.003,5.585,0.0,0.002,0.0
0.315,0.003,5.125,0.0,-0.022,0.0
0.315,0.003,3.168,0.0,0.008,0.0
0.315,0.003,4.254,0.0,-0.017,0.0
0.315,0.003,4.449,0.0,0.017,0.0
0.315,0.003,5.607,0.0,-0.001,0.0
0.315,0.003,4.794,0.0,-0.013,0.0
0.315,0.003,5.525,0.0,-0.004,0.0
0.315,0.003,4.767,0.0,-0.02,0.0
0.315,0.003,5.206,0.0,0.005,0.0
0.315,0.003,5.274,0.0,-0.011,0.0
0.315,0.003,5.789,0.0,-0.012,0.0
0.315,0.003,4.787,0.0,-0.008,0.0
0.315,0.003,6.281,0.0,-0.01,0.0
0.315,0.003,5.47,0.0,-0.007,0.0
0.315,0.003,4.67,0.0,0.002,0.0
0.315,0.003,5.179,0.0,-0.011,0.0
0.315,0.003,5.223,0.0,0.007,0.0
0.315,0.003,6.029,0.0,0.0,0.0
0.315,0.003,5.162,0.0,-0.017,0.0
0.315,0.003,4.779,0.0,0.006,0.0
0.315,0.003,5.821,0.0,0.003,0.0
0.315,0.003,5.126,0.0,-0.012,0.0
0.315,0.003,6.049,0.0,-0.003,0.0
0.315,0.003,6.243,0.0,0.001,0.0
0.315,0.003,5.981,0.0,-0.017,0.0
0.315,0.003,5.678,0.0,-0.008,0.0
0.315,0.003,4.295,0.0,-0.01,0.0
0.315,0.003,6.513,0.0,-0.033,0.0
0.315,0.003,5.169,0.0,-0.008,0.0
0.315,0.003,5.249,0.0,-0.011,0.0
0.315,0.003,3.984,0.0,-0.012,0.0
0.315,0.003,4.639,0.0,0.005,0.0
0.315,0.003,5.245,0.0,-0.019,0.0
0.315,0.003,4.394,0.0,0.002,0.0
0.315,0.003,4.682,0.0,0.007,0.0
0.315,0.003,5.098,0.0,-0.014,0.0
0.315,0.003,6.122,0.0,-0.03,0.0
0.315,0.003,4.501,0.0,-0.016,0.0
0.315,0.003,4.625,0.0,-0.026,0.0
0.315,0.003,4.888,0.0,0.008,0.0
0.315,0.003,4.349,0.0,-0.017,0.0
0.315,0.003,5.461,0.0,-0.031,0.0
0.315,0.003,4.652,0.0,-0.014,0.0
0.315,0.003,5.092,0.0,-0.007,0.0
0.315,0.003,5.911,0.0,-0.016,0.0
0.315,0.003,4.999,0.0,-0.009,0.0
0.315,0.003,5.083,0.0,0.01,0.0
0.315,0.003,3.874,0.0,-0.002,0.0
0.315,0.003,5.736,0.0,-0.008,0.0
0.315,0.003,5.738,0.0,-0.003,0.0
0.315,0.003,4.048,0.0,-0.02,0.0
0.315,0.003,5.883,0.0,0.004,0.0
0.315,0.003,4.528,0.0,0.005,0.0
0.315,0.003,4.375,0.0,-0.017,0.0
0.315,0.003,5.489,0.0,-0.013,0.0
0.315,0.003,4.405,0.0,0.005,0.0
0.315,0.003,4.607,0.0,-0.014,0.0
0.315,0.003,5.333,0.0,-0.004,0.0
0.315,0.003,4.927,0.0,-0.017,0.0
0.315,0.003,6.365,0.0,-0.016,0.0
0.315,0.003,4.502,0.0,-0.002,0.0
0.315,0.003,4.786,0.0,0.008,0.0
0.315,0.003,3.844,0.0,-0.023,0.0
0.315,0.003,4.688,0.0,0.008,0.0
0.315,0.003,5.166,0.0,-0.002,0.0
0.316,0.003,5.494,0.0,-0.025,0.0
0.316,0.003,3.513,0.0,-0.002,0.0
0.316,0.003,5.278,0.0,-0.01,0.0
0.316,0.003,4.235,0.0,0.013,0.0
0.316,0.003,4.526,0.0,-0.008,0.0
0.316,0.003,4.894,0.0,-0.016,0.0
0.316,0.003,5.652,0.0,0.006,0.0
0.316,0.003,4.792,0.0,0.004,0.0
0.316,0.003,4.176,0.0,0.014,0.0
0.316,0.003,4.033,0.0,0.006,0.0
0.316,0.003,5.631,0.0,0.003,0.0
0.316,0.003,5.349,0.0,-0.016,0.0
0.316,0.003,5.978,0.0,-0.005,0.0
0.316,0.003,4.869,0.0,-0.017,0.0
0.316,0.003,3.844,0.0,0.001,0.0
0.316,0.003,4.314,0.0,-0.002,0.0
0.316,0.003,3.931,0.0,-0.002,0.0
0.316,0.003,5.28,0.0,-0.001,0.0
0.316,0.007,5.122,0.0,-0.015,0.0
0.316,0.003,4.744,0.0,-0.001,0.0
0.316,0.003,5.018,0.0,-0.004,0.0
0.316,0.003,5.122,0.0,-0.01,0.0
0.316,0.003,4.827,0.0,0.02,0.0
0.316,0.003,5.823,0.0,-0.002,0.0
0.316,0.003,5.389,0.0,0.008,0.0
0.316,0.003,5.887,0.0,0.009,0.0
0.316,0.003,5.551,0.0,-0.03,0.0
0.316,0.003,5.654,0.0,-0.018,0.0
0.316,0.003,5.371,0.0,-0.011,0.0
0.316,0.003,6.221,0.0,-0.007,0.0
0.316,0.003,4.767,0.0,0.017,0.0
0.316,0.003,5.859,0.0,-0.011,0.0
0.316,0.003,5.86,0.0,-0.01,0.0
0.316,0.003,5.857,0.0,-0.019,0.0
0.316,0.003,4.778,0.0,-0.01,0.0
0.316,0.003,5.386,0.0,-0.015,0.0
0.316,0.003,4.964,0.0,0.007,0.0
0.316,0.003,5.446,0.0,-0.005,0.0
0.316,0.003,5.409,0.0,0.013,0.0
0.316,0.003,5.829,0.0,-0.0,0.0
0.316,0.003,3.957,0.0,0.014,0.0
0.316,0.003,4.602,0.0,-0.007,0.0
0.316,0.003,4.31,0.0,-0.008,0.0
0.316,0.003,5.696,0.0,-0.001,0.0
0.316,0.003,5.054,0.0,0.002,0.0
0.316,0.003,4.826,0.0,-0.015,0.0
0.316,0.003,4.519,0.0,-0.006,0.0
0.316,0.003,5.126,0.0,-0.014,0.0
0.316,0.003,4.76,0.0,0.002,0.0
0.316,0.003,5.408,0.0,-0.021,0.0
0.316,0.003,5.211,0.0,-0.026,0.0
0.316,0.003,4.225,0.0,0.003,0.0
0.316,0.003,4.753,0.0,0.003,0.0
0.316,0.003,5.122,0.0,-0.012,0.0
0.316,0.003,4.855,0.0,-0.006,0.0
0.316,0.003,4.336,0.0,0.005,0.0
0.316,0.003,3.983,0.0,-0.01,0.0
0.317,0.003,5.339,0.0,-0.018,0.0
0.317,0.003,5.719,0.0,-0.009,0.0
0.317,0.003,5.972,0.0,-0.013,0.0
0.317,0.003,5.333,0.0,-0.013,0.0
0.317,0.003,4.386,0.0,0.013,0.0
0.317,0.003,4.665,0.0,-0.002,0.0
0.317,0.003,5.369,0.0,-0.014,0.0
0.317,0.003,4.174,0.0,0.011,0.0
0.317,0.003,5.19,0.0,-0.015,0.0
0.317,0.003,5.396,0.0,0.002,0.0
0.317,0.003,4.483,0.0,0.004,0.0
0.317,0.003,5.348,0.0,0.013,0.0
0.317,0.003,4.909,0.0,0.006,0.0
0.317,0.003,5.995,0.0,-0.012,0.0
0.317,0.003,5.371,0.0,-0.013,0.0
0.317,0.003,5.118,0.0,0.001,0.0
0.317,0.003,6.929,0.0,-0.014,0.0
0.317,0.003,5.259,0.0,-0.013,0.0
0.317,0.003,4.254,0.0,-0.019,0.0
0.317,0.003,4.093,0.0,-0.024,0.0
0.317,0.003,3.196,0.0,0.003,0.0
0.317,0.003,4.501,0.0,-0.011,0.0
0.317,0.003,3.616,0.0,0.006,0.0
0.317,0.003,4.156,0.0,0.009,0.0
0.317,0.003,4.757,0.0,-0.007,0.0
0.317,0.003,5.458,0.0,-0.002,0.0
0.317,0.003,4.247,0.0,-0.004,0.0
0.317,0.003,4.271,0.0,-0.016,0.0
0.317,0.003,5.031,0.0,-0.015,0.0
0.317,0.003,5.487,0.0,0.019,0.0
0.317,0.003,5.035,0.0,-0.011,0.0
0.317,0.003,4.348,0.0,0.009,0.0
0.317,0.003,5.491,0.0,-0.023,0.0
0.317,0.003,5.573,0.0,-0.013,0.0
0.317,0.003,4.368,0.0,0.007,0.0
0.317,0.003,5.498,0.0,-0.002,0.0
0.317,0.003,4.383,0.0,-0.0,0.0
0.317,0.003,4.24,0.0,0.008,0.0
0.317,0.003,4.439,0.0,-0.003,0.0
0.317,0.003,4.84,0.0,-0.012,0.0
0.317,0.003,4.929,0.0,0.01,0.0
0.317,0.003,5.182,0.0,-0.026,0.0
0.317,0.003,4.338,0.0,0.001,0.0
0.317,0.003,5.204,0.0,-0.014,0.0
0.317,0.003,5.867,0.0,-0.007,0.0
0.317,0.003,5.795,0.0,-0.004,0.0
0.317,0.003,5.652,0.0,0.001,0.0
0.317,0.003,4.012,0.0,-0.007,0.0
0.317,0.003,6.238,0.0,-0.012,0.0
0.317,0.003,6.367,0.0,-0.006,0.0
0.318,0.003,4.502,0.0,-0.007,0.0
0.318,0.003,4.886,0.0,0.008,0.0
0.318,0.003,4.786,0.0,0.006,0.0
0.318,0.003,5.887,0.0,-0.017,0.0
0.318,0.003,5.29,0.0,-0.004,0.0
0.318,0.003,5.236,0.0,-0.004,0.0
0.318,0.003,5.113,0.0,0.012,0.0
0.318,0.003,4.991,0.0,-0.007,0.0
0.318,0.003,4.293,0.0,-0.012,0.0
0.318,0.003,3.724,0.0,-0.005,0.0
0.318,0.003,4.507,0.0,-0.012,0.0
0.318,0.003,4.866,0.0,-0.021,0.0
0.318,0.003,4.435,0.0,0.004,0.0
0.318,0.003,5.307,0.0,-0.024,0.0
0.318,0.003,4.411,0.0,0.005,0.0
0.318,0.003,6.159,0.0,-0.026,0.0
0.318,0.003,4.99,0.0,0.006,0.0
0.318,0.003,7.089,0.0,-0.026,0.0
0.318,0.003,4.711,0.0,0.002,0.0
0.318,0.003,4.361,0.0,-0.032,0.0
0.318,0.003,5.171,0.0,-0.004,0.0
0.318,0.003,5.573,0.0,0.013,0.0
0.318,0.003,5.276,0.0,-0.015,0.0
0.318,0.003,5.946,0.0,0.011,0.0
0.318,0.003,5.497,0.0,-0.011,0.0
0.318,0.003,5.355,0.0,-0.003,0.0
0.318,0.003,4.201,0.0,-0.0,0.0
0.318,0.003,6.08,0.0,0.014,0.0
0.318,0.003,4.465,0.0,-0.001,0.0
0.318,0.003,4.733,0.0,0.002,0.0
0.318,0.003,4.595,0.0,0.001,0.0
0.318,0.003,5.334,0.0,-0.019,0.0
0.318,0.003,4.938,0.0,0.001,0.0
0.318,0.003,4.609,0.0,-0.0,0.0
0.318,0.003,4.378,0.0,-0.016,0.0
0.318,0.003,3.846,0.0,-0.011,0.0
0.318,0.003,5.391,0.0,0.016,0.0
0.318,0.003,4.642,0.0,0.003,0.0
0.318,0.003,5.258,0.0,0.002,0.0
0.318,0.003,5.899,0.0,-0.025,0.0
0.318,0.003,6.37,0.0,0.002,0.0
0.318,0.003,6.196,0.0,-0.008,0.0
0.318,0.003,5.444,0.0,-0.0,0.0
0.318,0.003,5.026,0.0,0.006,0.0
0.318,0.003,4.969,0.0,0.014,0.0
0.318,0.003,5.078,0.0,0.002,0.0
0.318,0.003,4.745,0.0,-0.01,0.0
0.318,0.003,5.975,0.0,-0.011,0.0
0.318,0.003,4.939,0.0,-0.002,0.0
0.318,0.003,5.783,0.0,-0.004,0.0
0.318,0.003,4.883,0.0,0.003,0.0
0.318,0.003,4.373,0.0,-0.02,0.0
0.318,0.003,4.333,0.0,0.007,0.0
0.318,0.003,5.898,0.0,-0.015,0.0
0.318,0.003,3.991,0.0,0.003,0.0
0.318,0.003,5.214,0.0,-0.023,0.0
0.318,0.003,4.523,0.0,-0.013,0.0
0.319,0.003,5.046,0.0,-0.007,0.0
0.319,0.003,5.081,0.0,-0.007,0.0
0.319,0.003,4.68,0.0,0.01,0.0
0.319,0.003,4.893,0.0,0.001,0.0
0.319,0.003,4.82,0.0,0.003,0.0
0.319,0.003,4.39,0.0,-0.006,0.0
0.319,0.003,5.607,0.0,0.012,0.0
0.319,0.003,5.809,0.0,0.002,0.0
0.319,0.003,5.612,0.0,-0.011,0.0
0.319,0.003,4.938,0.0,-0.003,0.0
0.319,0.003,6.111,0.0,-0.025,0.0
0.319,0.003,4.352,0.0,0.013,0.0
0.319,0.003,4.951,0.0,-0.001,0.0
0.319,0.003,4.277,0.0,-0.008,0.0
0.319,0.003,5.189,0.0,0.001,0.0
0.319,0.003,5.104,0.0,-0.012,0.0
0.319,0.003,5.821,0.0,0.018,0.0
0.319,0.003,7.702,0.0,-0.005,0.0
0.319,0.003,4.862,0.0,-0.013,0.0
0.319,0.003,5.256,0.0,0.011,0.0
0.319,0.003,4.907,0.0,-0.005,0.0
0.319,0.003,5.287,0.0,-0.005,0.0
0.319,0.003,4.369,0.0,-0.036,0.0
0.319,0.003,4.42,0.0,0.006,0.0
0.319,0.003,4.959,0.0,-0.006,0.0
0.319,0.003,4.999,0.0,-0.001,0.0
0.319,0.003,5.178,0.0,-0.009,0.0
0.319,0.003,4.863,0.0,-0.023,0.0
0.319,0.003,4.018,0.0,-0.0,0.0
0.319,0.003,4.994,0.0,-0.002,0.0
0.319,0.003,5.61,0.0,0.002,0.0
0.319,0.003,5.307,0.0,-0.001,0.0
0.319,0.003,5.253,0.0,0.006,0.0
0.319,0.003,4.793,0.0,-0.027,0.0
0.319,0.003,4.552,0.0,0.005,0.0
0.319,0.003,5.693,0.0,-0.013,0.0
0.319,0.003,5.165,0.0,0.001,0.0
0.319,0.003,5.119,0.0,0.0,0.0
0.319,0.003,5.135,0.0,0.0,0.0
0.319,0.003,3.914,0.0,0.011,0.0
0.319,0.003,4.477,0.0,-0.022,0.0
0.319,0.003,5.143,0.0,-0.012,0.0
0.319,0.003,5.675,0.0,-0.012,0.0
0.319,0.003,4.997,0.0,-0.014,0.0
0.319,0.003,5.917,0.0,0.003,0.0
0.319,0.003,5.762,0.0,0.016,0.0
0.319,0.003,4.668,0.0,0.001,0.0
0.319,0.003,4.32,0.0,-0.009,0.0
0.319,0.003,4.451,0.0,-0.002,0.0
0.319,0.003,4.833,0.0,0.014,0.0
0.319,0.003,5.522,0.0,-0.025,0.0
0.319,0.003,5.456,0.0,-0.002,0.0
0.319,0.003,4.337,0.0,-0.015,0.0
0.319,0.003,5.224,0.0,-0.015,0.0
0.319,0.003,6.617,0.0,0.0,0.0
0.319,0.003,4.687,0.0,-0.004,0.0
0.319,0.003,4.816,0.0,-0.022,0.0
0.319,0.003,4.666,0.0,0.014,0.0
0.319,0.003,4.498,0.0,0.014,0.0
0.319,0.003,5.256,0.0,-0.004,0.0
0.319,0.003,4.934,0.0,-0.012,0.0
0.319,0.003,5.08,0.0,0.008,0.0
0.319,0.003,4.61,0.0,0.003,0.0
0.319,0.003,4.913,0.0,0.011,0.0
0.319,0.003,4.665,0.0,-0.032,0.0
0.319,0.003,5.036,0.0,-0.018,0.0
0.319,0.003,7.04,0.0,-0.022,0.0
0.319,0.003,4.715,0.0,-0.014,0.0
0.319,0.003,4.063,0.0,-0.015,0.0
0.32,0.003,5.656,0.0,-0.021,0.0
0.32,0.003,3.931,0.0,-0.005,0.0
0.32,0.003,5.129,0.0,0.023,0.0
0.32,0.003,5.026,0.0,-0.014,0.0
0.32,0.003,4.64,0.0,0.011,0.0
0.32,0.003,5.891,0.0,-0.021,0.0
0.32,0.003,4.883,0.0,-0.016,0.0
0.32,0.003,5.233,0.0,-0.006,0.0
0.32,0.003,4.121,0.0,-0.011,0.0
0.32,0.003,4.911,0.0,0.006,0.0
0.32,0.003,4.532,0.0,-0.012,0.0
0.32,0.003,4.605,0.0,-0.0,0.0
0.32,0.003,4.497,0.0,0.008,0.0
0.32,0.003,5.357,0.0,-0.017,0.0
0.32,0.003,5.773,0.0,-0.0,0.0
0.32,0.003,4.324,0.0,0.005,0.0
0.32,0.003,4.388,0.0,-0.003,0.0
0.32,0.003,4.288,0.0,-0.023,0.0
0.32,0.003,4.506,0.0,-0.014,0.0
0.32,0.003,4.45,0.0,-0.008,0.0
0.32,0.003,5.438,0.0,-0.015,0.0
0.32,0.003,4.696,0.0,0.011,0.0
0.32,0.003,5.907,0.0,-0.017,0.0
0.32,0.003,4.559,0.0,-0.012,0.0
0.32,0.003,5.774,0.0,0.0,0.0
0.32,0.003,4.031,0.0,0.013,0.0
0.32,0.003,5.111,0.0,-0.015,0.0
0.32,0.003,5.794,0.0,-0.001,0.0
0.32,0.003,4.863,0.0,-0.013,0.0
0.32,0.003,4.813,0.0,-0.009,0.0
0.32,0.003,4.558,0.0,0.013,0.0
0.32,0.003,6.65,0.0,0.009,0.0
0.32,0.003,4.154,0.0,-0.001,0.0
0.32,0.003,4.004,0.0,-0.017,0.0
0.32,0.003,5.169,0.0,-0.004,0.0
0.32,0.003,4.578,0.0,0.004,0.0
0.32,0.003,5.271,0.0,-0.011,0.0
0.32,0.003,5.32,0.0,-0.012,0.0
0.32,0.003,4.929,0.0,0.001,0.0
0.32,0.003,4.546,0.0,-0.03,0.0
0.32,0.003,5.097,0.0,0.001,0.0
0.32,0.003,4.926,0.0,-0.021,0.0
0.32,0.003,5.259,0.0,-0.005,0.0
0.32,0.003,4.022,0.0,0.011,0.0
0.32,0.003,5.055,0.0,-0.013,0.0
0.32,0.003,4.516,0.0,0.007,0.0
0.32,0.003,5.521,0.0,0.019,0.0
0.32,0.003,5.626,0.0,-0.009,0.0
0.32,0.003,4.12,0.0,0.001,0.0
0.32,0.003,5.436,0.0,-0.002,0.0
0.32,0.003,4.417,0.0,0.007,0.0
0.32,0.003,5.003,0.0,-0.015,0.0
0.32,0.003,4.544,0.0,-0.007,0.0
0.32,0.003,3.717,0.0,0.0,0.0
0.32,0.003,5.834,0.0,-0.016,0.0
0.32,0.003,5.491,0.0,-0.015,0.0
0.32,0.003,4.413,0.0,-0.02,0.0
0.32,0.003,4.922,0.0,-0.014,0.0
0.32,0.003,6.333,0.0,0.003,0.0
0.321,0.003,5.92,0.0,0.012,0.0
0.321,0.003,4.187,0.0,-0.001,0.0
0.321,0.003,5.393,0.0,-0.012,0.0
0.321,0.003,6.243,0.0,-0.03,0.0
0.321,0.003,4.477,0.0,-0.02,0.0
0.321,0.003,5.744,0.0,-0.024,0.0
0.321,0.003,5.177,0.0,-0.0,0.0
0.321,0.003,5.512,0.0,0.01,0.0
0.321,0.003,4.696,0.0,-0.002,0.0
0.321,0.003,4.263,0.0,-0.01,0.0
0.321,0.003,4.873,0.0,-0.006,0.0
0.321,0.003,5.424,0.0,0.003,0.0
0.321,0.003,3.296,0.0,0.008,0.0
0.321,0.003,3.834,0.0,-0.01,0.0
0.321,0.003,4.466,0.0,-0.006,0.0
0.321,0.003,4.806,0.0,-0.024,0.0
0.321,0.003,7.198,0.0,-0.015,0.0
0.321,0.003,4.656,0.0,-0.011,0.0
0.321,0.003,5.485,0.0,-0.019,0.0
0.321,0.003,5.852,0.0,-0.023,0.0
0.321,0.003,5.417,0.0,-0.036,0.0
0.321,0.003,4.917,0.0,0.01,0.0
0.321,0.003,4.319,0.0,0.012,0.0
0.321,0.003,4.603,0.0,-0.021,0.0
0.321,0.003,3.49,0.0,0.017,0.0
0.321,0.003,4.498,0.0,-0.019,0.0
0.321,0.003,6.148,0.0,-0.014,0.0
0.321,0.003,4.889,0.0,-0.014,0.0
0.321,0.003,5.35,0.0,-0.014,0.0
0.321,0.003,5.394,0.0,-0.015,0.0
0.321,0.003,4.263,0.0,0.014,0.0
0.321,0.003,4.694,0.0,0.012,0.0
0.321,0.003,4.625,0.0,0.006,0.0
0.321,0.003,6.066,0.0,0.005,0.0
0.321,0.003,5.139,0.0,0.004,0.0
0.321,0.003,4.534,0.0,-0.003,0.0
0.321,0.003,3.938,0.0,-0.024,0.0
0.321,0.003,5.095,0.0,0.006,0.0
0.321,0.003,3.16,0.0,-0.006,0.0
0.321,0.003,3.982,0.0,-0.003,0.0
0.321,0.003,6.379,0.0,-0.017,0.0
0.321,0.003,3.971,0.0,0.003,0.0
0.321,0.003,5.201,0.0,-0.016,0.0
0.321,0.003,6.457,0.0,-0.006,0.0
0.321,0.003,6.016,0.0,-0.001,0.0
0.321,0.003,4.993,0.0,0.001,0.0
0.321,0.003,4.421,0.0,0.006,0.0
0.321,0.003,6.641,0.0,-0.006,0.0
0.321,0.003,6.157,0.0,-0.002,0.0
0.321,0.003,5.378,0.0,-0.006,0.0
0.321,0.003,5.061,0.0,-0.022,0.0
0.321,0.003,5.556,0.0,-0.002,0.0
0.321,0.003,6.05,0.0,0.019,0.0
0.321,0.003,4.974,0.0,-0.011,0.0
0.321,0.003,4.294,0.0,0.004,0.0
0.321,0.003,5.416,0.0,0.004,0.0
0.321,0.003,4.877,0.0,-0.004,0.0
0.321,0.003,4.072,0.0,-0.01,0.0
0.321,0.003,5.76,0.0,-0.005,0.0
0.321,0.003,4.518,0.0,-0.025,0.0
0.321,0.003,4.708,0.0,0.0,0.0
0.321,0.003,4.449,0.0,0.003,0.0
0.321,0.003,5.176,0.0,-0.018,0.0
0.322,0.003,4.995,0.0,-0.014,0.0
0.322,0.003,4.347,0.0,-0.013,0.0
0.322,0.003,4.604,0.0,-0.002,0.0
0.322,0.003,4.209,0.0,0.006,0.0
0.322,0.003,4.916,0.0,-0.017,0.0
0.322,0.003,4.838,0.0,-0.02,0.0
0.322,0.003,6.116,0.0,-0.013,0.0
0.322,0.003,5.409,0.0,-0.026,0.0
0.322,0.003,5.339,0.0,0.005,0.0
0.322,0.003,5.158,0.0,-0.001,0.0
0.322,0.003,4.646,0.0,-0.002,0.0
0.322,0.003,4.819,0.0,0.004,0.0
0.322,0.003,5.103,0.0,-0.007,0.0
0.322,0.003,4.527,0.0,-0.02,0.0
0.322,0.003,6.206,0.0,0.004,0.0
0.322,0.003,5.685,0.0,-0.016,0.0
0.322,0.003,6.323,0.0,-0.016,0.0
0.322,0.003,4.627,0.0,-0.017,0.0
0.322,0.003,6.569,0.0,0.017,0.0
0.322,0.003,5.773,0.0,0.012,0.0
0.322,0.003,4.449,0.0,-0.016,0.0
0.322,0.003,5.356,0.0,-0.013,0.0
0.322,0.003,4.837,0.0,-0.017,0.0
0.322,0.003,5.827,0.0,-0.012,0.0
0.322,0.003,4.44,0.0,-0.015,0.0
0.322,0.003,5.144,0.0,-0.01,0.0
0.322,0.003,4.998,0.0,-0.021,0.0
0.322,0.003,4.568,0.0,-0.004,0.0
0.322,0.003,5.47,0.0,-0.003,0.0
0.322,0.003,5.086,0.0,-0.005,0.0
0.322,0.003,5.233,0.0,-0.009,0.0
0.322,0.003,3.914,0.0,-0.017,0.0
0.322,0.003,4.688,0.0,0.01,0.0
0.322,0.003,6.242,0.0,0.002,0.0
0.322,0.003,4.231,0.0,0.001,0.0
0.322,0.003,5.261,0.0,0.007,0.0
0.322,0.003,4.916,0.0,-0.025,0.0
0.322,0.003,3.911,0.0,-0.008,0.0
0.322,0.003,5.03,0.0,0.005,0.0
0.322,0.003,5.643,0.0,-0.003,0.0
0.322,0.003,4.996,0.0,-0.007,0.0
0.322,0.003,5.559,0.0,0.006,0.0
0.322,0.003,5.658,0.0,-0.015,0.0
0.322,0.003,5.289,0.0,-0.006,0.0
0.322,0.003,4.601,0.0,-0.019,0.0
0.322,0.003,4.636,0.0,-0.008,0.0
0.322,0.003,5.238,0.0,-0.002,0.0
0.322,0.003,4.621,0.0,-0.008,0.0
0.322,0.003,5.432,0.0,-0.005,0.0
0.322,0.003,5.03,0.0,-0.009,0.0
0.322,0.003,5.948,0.0,-0.005,0.0
0.322,0.003,5.387,0.0,-0.012,0.0
0.322,0.003,6.104,0.0,0.004,0.0
0.322,0.003,4.645,0.0,0.003,0.0
0.322,0.003,4.919,0.0,-0.021,0.0
0.322,0.003,4.302,0.0,0.006,0.0
0.322,0.003,4.517,0.0,-0.007,0.0
0.322,0.003,4.135,0.0,0.014,0.0
0.322,0.003,4.756,0.0,0.008,0.0
0.323,0.003,4.872,0.0,0.004,0.0
0.323,0.003,5.925,0.0,0.019,0.0
0.323,0.003,4.469,0.0,-0.017,0.0
0.323,0.003,4.635,0.0,0.001,0.0
0.323,0.003,5.273,0.0,-0.005,0.0
0.323,0.003,5.695,0.0,-0.006,0.0
0.323,0.003,5.274,0.0,0.01,0.0
0.323,0.003,5.405,0.0,-0.01,0.0
0.323,0.003,4.592,0.0,-0.002,0.0
0.323,0.003,4.527,0.0,-0.02,0.0
0.323,0.003,4.404,0.0,-0.025,0.0
0.323,0.003,4.281,0.0,-0.003,0.0
0.323,0.003,5.929,0.0,0.003,0.0
0.323,0.003,5.013,0.0,0.011,0.0
0.323,0.003,5.791,0.0,-0.001,0.0
0.323,0.003,5.278,0.0,0.002,0.0
0.323,0.003,4.505,0.0,-0.011,0.0
0.323,0.003,5.078,0.0,-0.007,0.0
0.323,0.003,4.747,0.0,-0.007,0.0
0.323,0.003,5.17,0.0,0.009,0.0
0.323,0.003,4.959,0.0,0.001,0.0
0.323,0.003,4.167,0.0,-0.001,0.0
0.323,0.003,5.245,0.0,-0.007,0.0
0.323,0.003,4.731,0.0,-0.006,0.0
0.323,0.003,4.746,0.0,-0.01,0.0
0.323,0.003,3.405,0.0,0.006,0.0
0.323,0.003,4.66,0.0,-0.014,0.0
0.323,0.003,4.124,0.0,-0.009,0.0
0.323,0.003,4.401,0.0,0.012,0.0
0.323,0.003,4.958,0.0,-0.015,0.0
0.323,0.003,4.61,0.0,0.004,0.0
0.323,0.003,4.297,0.0,0.009,0.0
0.323,0.003,5.475,0.0,0.016,0.0
0.323,0.003,5.128,0.0,-0.014,0.0
0.323,0.003,6.757,0.0,-0.0,0.0
0.323,0.003,6.11,0.0,-0.011,0.0
0.323,0.003,4.539,0.0,-0.003,0.0
0.323,0.003,4.788,0.0,-0.003,0.0
0.323,0.003,5.202,0.0,-0.019,0.0
0.323,0.003,5.278,0.0,0.014,0.0
0.323,0.003,5.975,0.0,-0.007,0.0
0.323,0.003,4.251,0.0,0.009,0.0
0.323,0.003,4.528,0.0,-0.004,0.0
0.323,0.003,5.411,0.0,-0.009,0.0
0.323,0.003,4.697,0.0,-0.029,0.0
0.323,0.003,5.279,0.0,0.025,0.0
0.323,0.003,5.051,0.0,-0.013,0.0
0.323,0.003,5.055,0.0,-0.01,0.0
0.323,0.003,4.577,0.0,-0.006,0.0
0.323,0.003,5.236,0.0,-0.018,0.0
0.323,0.003,4.815,0.0,-0.011,0.0
0.323,0.003,4.125,0.0,-0.014,0.0
0.323,0.003,5.635,0.0,-0.016,0.0
0.323,0.003,4.947,0.0,0.012,0.0
0.324,0.003,4.974,0.0,-0.01,0.0
0.324,0.003,4.678,0.0,-0.006,0.0
0.324,0.003,4.46,0.0,0.004,0.0
0.324,0.003,5.107,0.0,-0.03,0.0
0.324,0.003,4.401,0.0,0.001,0.0
0.324,0.003,5.436,0.0,-0.011,0.0
0.324,0.003,4.397,0.0,-0.013,0.0
0.324,0.003,5.615,0.0,-0.016,0.0
0.324,0.003,6.264,0.0,0.018,0.0
0.324,0.003,6.012,0.0,-0.011,0.0
0.324,0.003,4.536,0.0,0.006,0.0
0.324,0.003,5.669,0.0,-0.012,0.0
0.324,0.003,5.844,0.0,0.042,0.0
0.324,0.003,6.434,0.0,0.003,0.0
0.324,0.003,4.148,0.0,-0.021,0.0
0.324,0.003,4.825,0.0,0.003,0.0
0.324,0.003,4.86,0.0,-0.026,0.0
0.324,0.003,5.742,0.0,-0.001,0.0
0.324,0.003,7.733,0.0,-0.01,0.0
0.324,0.003,4.243,0.0,0.007,0.0
0.324,0.003,5.54,0.0,0.002,0.0
0.324,0.003,4.258,0.0,0.005,0.0
0.324,0.003,5.509,0.0,-0.004,0.0
0.324,0.003,4.354,0.0,0.017,0.0
0.324,0.003,5.04,0.0,-0.026,0.0
0.324,0.003,4.863,0.0,0.004,0.0
0.324,0.003,5.503,0.0,-0.003,0.0
0.324,0.003,4.659,0.0,0.011,0.0
0.324,0.003,4.574,0.0,-0.009,0.0
0.324,0.003,5.589,0.0,0.005,0.0
0.324,0.003,4.138,0.0,0.009,0.0
0.324,0.003,5.603,0.0,0.012,0.0
0.324,0.003,4.014,0.0,-0.021,0.0
0.324,0.003,3.819,0.0,0.017,0.0
0.324,0.003,4.37,0.0,-0.002,0.0
0.324,0.003,4.575,0.0,0.007,0.0
0.324,0.003,3.675,0.0,-0.001,0.0
0.324,0.003,4.795,0.0,0.03,0.0
0.324,0.003,5.011,0.0,0.008,0.0
0.324,0.003,6.187,0.0,-0.028,0.0
0.324,0.003,5.35,0.0,-0.001,0.0
0.324,0.003,5.077,0.0,-0.005,0.0
0.324,0.003,5.122,0.0,-0.007,0.0
0.324,0.003,5.638,0.0,-0.01,0.0
0.324,0.003,4.793,0.0,-0.022,0.0
0.324,0.003,4.839,0.0,-0.012,0.0
0.324,0.003,4.581,0.0,-0.006,0.0
0.324,0.003,5.064,0.0,-0.02,0.0
0.324,0.003,5.145,0.0,0.014,0.0
0.324,0.003,4.811,0.0,-0.012,0.0
0.324,0.003,5.739,0.0,-0.016,0.0
0.324,0.003,5.227,0.0,-0.001,0.0
0.324,0.003,5.212,0.0,-0.016,0.0
0.324,0.003,3.815,0.0,0.012,0.0
0.324,0.003,5.888,0.0,-0.019,0.0
0.324,0.003,4.925,0.0,-0.023,0.0
0.324,0.003,4.755,0.0,-0.008,0.0
0.324,0.003,4.313,0.0,0.003,0.0
0.324,0.003,4.977,0.0,-0.008,0.0
0.325,0.003,4.357,0.0,-0.014,0.0
0.325,0.003,4.989,0.0,-0.007,0.0
0.325,0.003,5.182,0.0,-0.015,0.0
0.325,0.003,3.817,0.0,-0.014,0.0
0.325,0.003,4.132,0.0,-0.001,0.0
0.325,0.003,6.176,0.0,0.022,0.0
0.325,0.003,6.043,0.0,0.003,0.0
0.325,0.003,5.14,0.0,-0.004,0.0
0.325,0.003,5.515,0.0,-0.016,0.0
0.325,0.003,4.505,0.0,-0.016,0.0
0.325,0.003,4.854,0.0,-0.024,0.0
0.325,0.003,4.935,0.0,0.014,0.0
0.325,0.003,4.323,0.0,-0.002,0.0
0.325,0.003,4.536,0.0,-0.019,0.0
0.325,0.003,4.147,0.0,-0.01,0.0
0.325,0.003,5.148,0.0,-0.008,0.0
0.325,0.003,5.53,0.0,-0.014,0.0
0.325,0.003,6.017,0.0,-0.001,0.0
0.325,0.003,5.616,0.0,0.013,0.0
0.325,0.003,5.444,0.0,0.005,0.0
0.325,0.003,5.225,0.0,0.015,0.0
0.325,0.003,4.046,0.0,0.011,0.0
0.325,0.003,4.939,0.0,-0.014,0.0
0.325,0.003,5.636,0.0,0.004,0.0
0.325,0.003,4.515,0.0,0.004,0.0
0.325,0.003,4.964,0.0,-0.018,0.0
0.325,0.003,4.8,0.0,0.005,0.0
0.325,0.003,5.075,0.0,0.016,0.0
0.325,0.003,5.415,0.0,0.001,0.0
0.325,0.003,4.04,0.0,0.008,0.0
0.325,0.003,4.523,0.0,-0.004,0.0
0.325,0.003,4.341,0.0,0.006,0.0
0.325,0.003,5.285,0.0,-0.016,0.0
0.325,0.003,4.755,0.0,0.005,0.0
0.325,0.003,7.252,0.0,-0.024,0.0
0.325,0.003,5.072,0.0,-0.006,0.0
0.325,0.003,4.847,0.0,-0.003,0.0
0.325,0.003,5.083,0.0,0.003,0.0
0.325,0.003,4.526,0.0,-0.01,0.0
0.325,0.003,5.395,0.0,-0.018,0.0
0.325,0.003,4.49,0.0,-0.004,0.0
0.325,0.003,6.12,0.0,-0.017,0.0
0.325,0.003,4.523,0.0,-0.006,0.0
0.325,0.003,4.19,0.0,0.004,0.0
0.325,0.003,5.243,0.0,-0.005,0.0
0.325,0.003,5.722,0.0,-0.019,0.0
0.325,0.003,4.589,0.0,-0.006,0.0
0.325,0.003,4.174,0.0,0.018,0.0
0.325,0.003,3.908,0.0,0.004,0.0
0.325,0.003,4.514,0.0,-0.003,0.0
0.325,0.003,4.518,0.0,-0.005,0.0
0.325,0.003,4.573,0.0,0.01,0.0
0.325,0.003,4.707,0.0,0.004,0.0
0.325,0.003,4.634,0.0,-0.003,0.0
0.325,0.003,4.572,0.0,-0.004,0.0
0.325,0.003,5.605,0.0,-0.009,0.0
0.325,0.003,5.469,0.0,-0.006,0.0
0.325,0.003,5.01,0.0,-0.008,0.0
0.325,0.003,4.869,0.0,-0.006,0.0
0.325,0.003,5.846,0.0,-0.012,0.0
0.325,0.003,6.003,0.0,-0.014,0.0
0.325,0.003,5.503,0.0,-0.004,0.0
0.325,0.003,4.489,0.0,-0.028,0.0
0.325,0.003,4.714,0.0,-0.006,0.0
0.325,0.003,4.603,0.0,-0.021,0.0
0.325,0.003,5.199,0.0,-0.012,0.0
0.325,0.003,5.119,0.0,0.002,0.0
0.325,0.003,4.42,0.0,-0.01,0.0
0.325,0.003,4.627,0.0,0.004,0.0
0.325,0.003,4.612,0.0,-0.018,0.0
0.325,0.003,5.662,0.0,-0.006,0.0
0.326,0.003,5.446,0.0,-0.022,0.0
0.326,0.003,5.025,0.0,-0.011,0.0
0.326,0.003,4.309,0.0,-0.019,0.0
0.326,0.003,5.121,0.0,-0.007,0.0
0.326,0.003,4.709,0.0,-0.0,0.0
0.326,0.003,5.283,0.0,0.008,0.0
0.326,0.003,5.032,0.0,0.004,0.0
0.326,0.003,6.155,0.0,-0.019,0.0
0.326,0.003,4.889,0.0,0.016,0.0
0.326,0.003,3.468,0.0,-0.006,0.0
0.326,0.003,4.517,0.0,0.004,0.0
0.326,0.003,4.564,0.0,-0.01,0.0
0.326,0.003,4.383,0.0,-0.002,0.0
0.326,0.003,5.045,0.0,-0.002,0.0
0.326,0.003,6.437,0.0,0.002,0.0
0.326,0.003,5.23,0.0,-0.018,0.0
0.326,0.003,5.007,0.0,-0.012,0.0
0.326,0.003,4.386,0.0,0.011,0.0
0.326,0.003,5.597,0.0,-0.001,0.0
0.326,0.003,3.969,0.0,-0.005,0.0
0.326,0.003,5.144,0.0,0.0,0.0
0.326,0.003,5.413,0.0,-0.013,0.0
0.326,0.003,5.04,0.0,-0.007,0.0
0.326,0.003,4.965,0.0,-0.013,0.0
0.326,0.003,4.76,0.0,-0.003,0.0
0.326,0.003,6.213,0.0,-0.011,0.0
0.326,0.003,5.395,0.0,-0.035,0.0
0.326,0.003,4.368,0.0,-0.016,0.0
0.326,0.003,4.436,0.0,-0.002,0.0
0.326,0.003,6.018,0.0,0.006,0.0
0.326,0.003,4.346,0.0,-0.025,0.0
0.326,0.003,4.444,0.0,0.009,0.0
0.326,0.003,4.743,0.0,-0.019,0.0
0.326,0.003,5.972,0.0,0.006,0.0
0.326,0.003,5.352,0.0,0.001,0.0
0.326,0.003,4.733,0.0,-0.006,0.0
0.326,0.003,5.482,0.0,-0.004,0.0
0.326,0.003,5.125,0.0,0.02,0.0
0.326,0.003,4.917,0.0,-0.015,0.0
0.326,0.003,4.549,0.0,-0.002,0.0
0.326,0.003,6.376,0.0,0.0,0.0
0.326,0.003,5.991,0.0,-0.016,0.0
0.326,0.003,5.814,0.0,-0.012,0.0
0.326,0.003,5.764,0.0,-0.01,0.0
0.326,0.003,5.159,0.0,-0.016,0.0
0.326,0.003,5.354,0.0,-0.004,0.0
0.326,0.003,4.775,0.0,-0.031,0.0
0.326,0.003,5.279,0.0,0.002,0.0
0.326,0.003,3.572,0.0,-0.019,0.0
0.326,0.003,4.36,0.0,0.001,0.0
0.326,0.003,5.452,0.0,0.01,0.0
0.326,0.003,4.363,0.0,0.002,0.0
0.326,0.003,5.868,0.0,-0.024,0.0
0.327,0.003,4.671,0.0,-0.01,0.0
0.327,0.003,5.25,0.0,-0.026,0.0
0.327,0.003,5.14,0.0,-0.021,0.0
0.327,0.003,3.924,0.0,-0.01,0.0
0.327,0.003,4.387,0.0,0.005,0.0
0.327,0.003,4.538,0.0,0.0,0.0
0.327,0.003,4.866,0.0,-0.017,0.0
0.327,0.003,4.365,0.0,0.006,0.0
0.327,0.003,4.067,0.0,-0.003,0.0
0.327,0.003,3.399,0.0,0.007,0.0
0.327,0.003,5.511,0.0,-0.019,0.0
0.327,0.003,3.545,0.0,-0.021,0.0
0.327,0.003,4.143,0.0,-0.015,0.0
0.327,0.003,4.643,0.0,-0.006,0.0
0.327,0.003,6.669,0.0,0.006,0.0
0.327,0.003,5.324,0.0,-0.008,0.0
0.327,0.003,5.359,0.0,0.001,0.0
0.327,0.003,4.965,0.0,-0.013,0.0
0.327,0.003,4.348,0.0,-0.02,0.0
0.327,0.003,4.298,0.0,-0.008,0.0
0.327,0.003,4.166,0.0,0.005,0.0
0.327,0.003,3.741,0.0,0.008,0.0
0.327,0.003,4.967,0.0,-0.011,0.0
0.327,0.003,5.617,0.0,-0.009,0.0
0.327,0.003,5.404,0.0,-0.002,0.0
0.327,0.003,4.556,0.0,-0.004,0.0
0.327,0.003,5.587,0.0,-0.006,0.0
0.327,0.003,4.907,0.0,-0.008,0.0
0.327,0.003,5.906,0.0,-0.01,0.0
0.327,0.003,4.904,0.0,-0.029,0.0
0.327,0.003,5.323,0.0,-0.001,0.0
0.327,0.003,4.372,0.0,-0.012,0.0
0.327,0.003,4.637,0.0,-0.001,0.0
0.327,0.003,6.243,0.0,-0.004,0.0
0.327,0.003,4.323,0.0,0.001,0.0
0.327,0.003,4.804,0.0,-0.013,0.0
0.327,0.003,4.603,0.0,0.002,0.0
0.327,0.003,4.612,0.0,0.006,0.0
0.327,0.003,4.524,0.0,-0.015,0.0
0.327,0.003,5.9,0.0,0.008,0.0
0.327,0.003,5.364,0.0,-0.008,0.0
0.327,0.003,5.292,0.0,0.005,0.0
0.327,0.003,3.319,0.0,-0.015,0.0
0.327,0.003,5.394,0.0,-0.017,0.0
0.327,0.003,5.334,0.0,-0.002,0.0
0.327,0.003,5.462,0.0,-0.011,0.0
0.327,0.003,4.99,0.0,-0.02,0.0
0.327,0.003,4.908,0.0,-0.033,0.0
0.327,0.003,3.757,0.0,-0.009,0.0
0.327,0.003,5.442,0.0,-0.006,0.0
0.327,0.003,4.822,0.0,-0.016,0.0
0.327,0.003,3.686,0.0,-0.02,0.0
0.327,0.003,3.989,0.0,-0.023,0.0
0.327,0.003,4.949,0.0,-0.016,0.0
0.327,0.003,4.451,0.0,-0.02,0.0
0.327,0.003,5.194,0.0,-0.014,0.0
0.328,0.003,5.581,0.0,0.008,0.0
0.328,0.003,4.982,0.0,-0.013,0.0
0.328,0.003,5.935,0.0,0.007,0.0
0.328,0.003,4.411,0.0,0.007,0.0
0.328,0.003,4.663,0.0,0.0,0.0
0.328,0.003,4.541,0.0,0.011,0.0
0.328,0.003,5.114,0.0,0.01,0.0
0.328,0.003,5.358,0.0,-0.011,0.0
0.328,0.003,4.741,0.0,-0.018,0.0
0.328,0.003,3.673,0.0,-0.001,0.0
0.328,0.003,4.659,0.0,-0.017,0.0
0.328,0.003,5.281,0.0,-0.014,0.0
0.328,0.003,5.667,0.0,-0.005,0.0
0.328,0.003,5.191,0.0,-0.012,0.0
0.328,0.003,5.283,0.0,0.003,0.0
0.328,0.003,5.666,0.0,-0.008,0.0
0.328,0.003,4.933,0.0,0.0,0.0
0.328,0.003,4.371,0.0,-0.025,0.0
0.328,0.003,5.149,0.0,-0.005,0.0
0.328,0.003,4.78,0.0,-0.006,0.0
0.328,0.003,3.943,0.0,0.008,0.0
0.328,0.003,4.451,0.0,-0.004,0.0
0.328,0.003,5.198,0.0,-0.003,0.0
0.328,0.003,6.276,0.0,-0.0,0.0
0.328,0.003,5.075,0.0,0.008,0.0
0.328,0.003,6.236,0.0,-0.027,0.0
0.328,0.003,3.994,0.0,-0.004,0.0
0.328,0.003,4.319,0.0,-0.02,0.0
0.328,0.003,4.984,0.0,0.0,0.0
0.328,0.003,4.584,0.0,0.003,0.0
0.328,0.003,5.188,0.0,-0.013,0.0
0.328,0.003,4.579,0.0,-0.004,0.0
0.328,0.003,4.406,0.0,-0.021,0.0
0.328,0.003,5.599,0.0,-0.018,0.0
0.328,0.003,6.542,0.0,0.003,0.0
0.328,0.003,5.267,0.0,-0.017,0.0
0.328,0.003,5.634,0.0,0.01,0.0
0.328,0.003,5.176,0.0,-0.026,0.0
0.328,0.003,5.485,0.0,-0.018,0.0
0.328,0.003,5.687,0.0,0.006,0.0
0.328,0.003,4.637,0.0,-0.023,0.0
0.328,0.003,4.643,0.0,-0.022,0.0
0.328,0.003,5.05,0.0,-0.017,0.0
0.328,0.003,4.706,0.0,-0.029,0.0
0.328,0.003,5.563,0.0,-0.004,0.0
0.328,0.003,4.911,0.0,-0.008,0.0
0.328,0.003,5.775,0.0,-0.012,0.0
0.328,0.003,5.616,0.0,-0.011,0.0
0.328,0.003,3.848,0.0,0.006,0.0
0.328,0.003,4.522,0.0,-0.006,0.0
0.328,0.003,4.998,0.0,-0.015,0.0
0.328,0.003,5.327,0.0,0.009,0.0
0.328,0.003,4.942,0.0,-0.005,0.0
0.328,0.003,5.393,0.0,-0.007,0.0
0.328,0.003,4.979,0.0,-0.018,0.0
0.328,0.003,5.599,0.0,-0.011,0.0
0.328,0.003,6.546,0.0,-0.003,0.0
0.328,0.003,4.852,0.0,-0.006,0.0
0.328,0.003,4.771,0.0,-0.011,0.0
0.328,0.003,4.291,0.0,-0.009,0.0
0.328,0.003,4.534,0.0,0.002,0.0
0.328,0.003,5.88,0.0,-0.006,0.0
0.328,0.003,4.81,0.0,-0.015,0.0
0.328,0.003,5.297,0.0,-0.009,0.0
0.328,0.003,4.669,0.0,0.003,0.0
0.328,0.003,4.671,0.0,-0.014,0.0
0.328,0.003,4.485,0.0,0.005,0.0
0.328,0.003,4.444,0.0,-0.006,0.0
0.328,0.003,2.996,0.0,-0.005,0.0
0.328,0.003,3.639,0.0,-0.005,0.0
0.328,0.003,4.158,0.0,-0.019,0.0
0.329,0.003,4.104,0.0,0.003,0.0
0.329,0.003,4.389,0.0,-0.021,0.0
0.329,0.003,4.056,0.0,-0.008,0.0
0.329,0.003,5.737,0.0,-0.02,0.0
0.329,0.003,4.34,0.0,0.002,0.0
0.329,0.003,4.209,0.0,0.007,0.0
0.329,0.003,3.771,0.0,0.008,0.0
0.329,0.003,4.494,0.0,-0.009,0.0
0.329,0.003,4.861,0.0,-0.009,0.0
0.329,0.003,5.205,0.0,-0.023,0.0
0.329,0.003,5.288,0.0,-0.018,0.0
0.329,0.003,4.619,0.0,0.008,0.0
0.329,0.003,5.414,0.0,0.005,0.0
0.329,0.003,3.824,0.0,0.006,0.0
0.329,0.003,5.662,0.0,-0.017,0.0
0.329,0.003,5.808,0.0,-0.017,0.0
0.329,0.003,4.849,0.0,0.003,0.0
0.329,0.003,4.763,0.0,-0.017,0.0
0.329,0.003,5.815,0.0,-0.026,0.0
0.329,0.003,5.625,0.0,-0.008,0.0
0.329,0.003,5.097,0.0,0.008,0.0
0.329,0.003,3.185,0.0,-0.008,0.0
0.329,0.003,4.128,0.0,-0.024,0.0
0.329,0.003,5.431,0.0,-0.027,0.0
0.329,0.003,4.787,0.0,0.005,0.0
0.329,0.003,4.69,0.0,-0.031,0.0
0.329,0.003,4.475,0.0,-0.011,0.0
0.329,0.003,4.17,0.0,0.002,0.0
0.329,0.003,5.1,0.0,-0.005,0.0
0.329,0.003,4.857,0.0,-0.021,0.0
0.329,0.003,4.966,0.0,-0.02,0.0
0.329,0.003,5.821,0.0,0.023,0.0
0.329,0.003,4.782,0.0,0.01,0.0
0.329,0.003,5.481,0.0,-0.007,0.0
0.329,0.003,5.11,0.0,-0.023,0.0
0.329,0.003,5.843,0.0,-0.006,0.0
0.329,0.003,5.375,0.0,-0.02,0.0
0.329,0.003,5.242,0.0,-0.021,0.0
0.329,0.003,3.454,0.0,0.009,0.0
0.329,0.003,4.703,0.0,-0.021,0.0
0.329,0.003,4.631,0.0,-0.011,0.0
0.329,0.003,5.778,0.0,-0.012,0.0
0.329,0.003,5.364,0.0,-0.012,0.0
0.329,0.003,4.864,0.0,0.0,0.0
0.329,0.003,5.058,0.0,0.003,0.0
0.329,0.003,5.186,0.0,-0.011,0.0
0.329,0.003,4.767,0.0,0.003,0.0
0.329,0.003,4.975,0.0,-0.005,0.0
0.329,0.003,5.838,0.0,-0.004,0.0
0.329,0.003,3.481,0.0,-0.006,0.0
0.329,0.003,6.096,0.0,0.004,0.0
0.329,0.003,5.977,0.0,0.014,0.0
0.329,0.003,5.055,0.0,-0.006,0.0
0.329,0.003,6.033,0.0,-0.014,0.0
0.329,0.003,3.985,0.0,-0.011,0.0
0.329,0.003,4.633,0.0,0.004,0.0
0.329,0.003,3.575,0.0,-0.009,0.0
0.329,0.003,5.326,0.0,-0.008,0.0
0.329,0.003,5.277,0.0,0.0,0.0
0.329,0.003,5.946,0.0,-0.0,0.0
0.329,0.003,5.393,0.0,-0.009,0.0
0.329,0.003,4.843,0.0,-0.03,0.0
0.329,0.003,4.548,0.0,0.003,0.0
0.329,0.003,4.993,0.0,-0.023,0.0
0.329,0.003,3.701,0.0,0.004,0.0
0.33,0.003,4.574,0.0,0.01,0.0
0.33,0.003,4.25,0.0,-0.013,0.0
0.33,0.003,4.531,0.0,-0.0,0.0
0.33,0.003,5.681,0.0,0.005,0.0
0.33,0.003,4.124,0.0,-0.007,0.0
0.33,0.003,4.372,0.0,0.011,0.0
0.33,0.003,5.9,0.0,0.001,0.0
0.33,0.003,5.273,0.0,-0.001,0.0
0.33,0.003,5.041,0.0,-0.01,0.0
0.33,0.003,6.113,0.0,-0.011,0.0
0.33,0.003,4.725,0.0,-0.0,0.0
0.33,0.003,3.718,0.0,-0.01,0.0
0.33,0.003,5.156,0.0,-0.013,0.0
0.33,0.003,5.461,0.0,0.004,0.0
0.33,0.003,5.97,0.0,-0.007,0.0
0.33,0.003,4.366,0.0,0.009,0.0
0.33,0.003,3.671,0.0,-0.017,0.0
0.33,0.003,4.51,0.0,-0.018,0.0
0.33,0.003,5.595,0.0,-0.019,0.0
0.33,0.003,4.122,0.0,-0.007,0.0
0.33,0.003,5.139,0.0,-0.01,0.0
0.33,0.003,4.808,0.0,-0.013,0.0
0.33,0.003,5.018,0.0,-0.013,0.0
0.33,0.003,5.797,0.0,-0.011,0.0
0.33,0.003,6.484,0.0,-0.018,0.0
0.33,0.003,5.471,0.0,0.005,0.0
0.33,0.003,4.705,0.0,-0.028,0.0
0.33,0.003,5.275,0.0,-0.023,0.0
0.33,0.003,4.612,0.0,-0.003,0.0
0.33,0.003,4.072,0.0,-0.004,0.0
0.33,0.003,4.185,0.0,-0.011,0.0
0.33,0.003,4.633,0.0,-0.008,0.0
0.33,0.003,5.409,0.0,-0.027,0.0
0.33,0.003,5.473,0.0,-0.003,0.0
0.33,0.003,5.034,0.0,-0.014,0.0
0.33,0.003,4.753,0.0,0.007,0.0
0.33,0.003,4.997,0.0,0.007,0.0
0.33,0.003,6.022,0.0,0.017,0.0
0.33,0.003,4.485,0.0,-0.001,0.0
0.33,0.003,5.417,0.0,-0.011,0.0
0.33,0.003,4.907,0.0,-0.001,0.0
0.33,0.003,4.943,0.0,0.001,0.0
0.33,0.003,5.803,0.0,-0.017,0.0
0.33,0.003,5.435,0.0,-0.015,0.0
0.33,0.003,5.946,0.0,0.003,0.0
0.33,0.003,5.608,0.0,-0.017,0.0
0.33,0.003,3.667,0.0,0.001,0.0
0.33,0.003,4.363,0.0,0.01,0.0
0.33,0.003,4.807,0.0,-0.008,0.0
0.33,0.003,4.797,0.0,0.007,0.0
0.33,0.003,6.521,0.0,0.006,0.0
0.33,0.003,4.489,0.0,-0.003,0.0
0.33,0.003,4.62,0.0,-0.008,0.0
0.33,0.003,5.467,0.0,-0.001,0.0
0.33,0.003,4.811,0.0,0.002,0.0
0.33,0.003,5.887,0.0,-0.002,0.0
0.33,0.003,4.832,0.0,0.009,0.0
0.33,0.003,5.594,0.0,-0.022,0.0
0.33,0.003,4.9,0.0,-0.027,0.0
0.33,0.003,5.438,0.0,-0.007,0.0
0.33,0.003,5.608,0.0,0.002,0.0
0.33,0.003,3.783,0.0,0.004,0.0
0.33,0.003,4.565,0.0,-0.001,0.0
0.33,0.003,5.598,0.0,-0.009,0.0
0.331,0.003,4.804,0.0,-0.0,0.0
0.331,0.003,4.175,0.0,-0.011,0.0
0.331,0.003,5.348,0.0,0.005,0.0
0.331,0.003,4.614,0.0,-0.015,0.0
0.331,0.003,5.065,0.0,-0.02,0.0
0.331,0.003,5.356,0.0,-0.013,0.0
0.331,0.003,5.182,0.0,-0.011,0.0
0.331,0.003,3.772,0.0,-0.01,0.0
0.331,0.003,4.324,0.0,-0.024,0.0
0.331,0.003,4.657,0.0,0.016,0.0
0.331,0.003,4.286,0.0,-0.011,0.0
0.331,0.003,5.789,0.0,-0.012,0.0
0.331,0.003,4.906,0.0,-0.006,0.0
0.331,0.003,5.438,0.0,0.015,0.0
0.331,0.003,5.01,0.0,0.0,0.0
0.331,0.003,5.14,0.0,-0.002,0.0
0.331,0.003,4.386,0.0,0.001,0.0
0.331,0.003,5.338,0.0,-0.014,0.0
0.331,0.003,3.894,0.0,-0.008,0.0
0.331,0.003,4.566,0.0,0.006,0.0
0.331,0.003,4.161,0.0,0.004,0.0
0.331,0.003,4.947,0.0,0.01,0.0
0.331,0.003,5.324,0.0,0.006,0.0
0.331,0.003,4.082,0.0,-0.0,0.0
0.331,0.003,4.367,0.0,0.002,0.0
0.331,0.003,4.013,0.0,0.002,0.0
0.331,0.003,5.356,0.0,-0.007,0.0
0.331,0.003,4.763,0.0,-0.0,0.0
0.331,0.003,4.624,0.0,-0.004,0.0
0.331,0.003,5.127,0.0,0.02,0.0
0.331,0.003,5.133,0.0,0.021,0.0
0.331,0.003,5.952,0.0,-0.003,0.0
0.331,0.003,5.067,0.0,-0.025,0.0
0.331,0.003,5.986,0.0,-0.004,0.0
0.331,0.003,4.739,0.0,-0.014,0.0
0.331,0.003,5.256,0.0,-0.012,0.0
0.331,0.003,5.989,0.0,0.0,0.0
0.331,0.003,5.651,0.0,-0.014,0.0
0.331,0.003,4.775,0.0,0.012,0.0
0.331,0.003,4.888,0.0,0.008,0.0
0.331,0.003,4.517,0.0,-0.004,0.0
0.331,0.003,5.174,0.0,-0.016,0.0
0.331,0.003,5.283,0.0,-0.012,0.0
0.331,0.003,4.034,0.0,0.002,0.0
0.331,0.003,6.205,0.0,0.005,0.0
0.331,0.003,4.48,0.0,0.014,0.0
0.331,0.003,5.457,0.0,-0.012,0.0
0.331,0.003,4.849,0.0,-0.011,0.0
0.331,0.003,5.175,0.0,0.009,0.0
0.331,0.003,5.558,0.0,0.001,0.0
0.331,0.003,4.241,0.0,-0.033,0.0
0.331,0.003,4.144,0.0,0.007,0.0
0.331,0.003,5.449,0.0,-0.015,0.0
0.331,0.003,4.569,0.0,-0.003,0.0
0.331,0.003,3.671,0.0,0.013,0.0
0.331,0.003,4.709,0.0,-0.004,0.0
0.331,0.003,5.419,0.0,0.016,0.0
0.331,0.003,4.243,0.0,-0.015,0.0
0.331,0.003,5.857,0.0,-0.021,0.0
0.331,0.003,5.563,0.0,0.014,0.0
0.331,0.003,5.296,0.0,-0.02,0.0
0.331,0.003,5.263,0.0,0.012,0.0
0.331,0.003,5.006,0.0,-0.006,0.0
0.332,0.003,4.903,0.0,-0.009,0.0
0.332,0.003,5.515,0.0,-0.014,0.0
0.332,0.003,4.279,0.0,0.01,0.0
0.332,0.003,6.455,0.0,-0.002,0.0
0.332,0.003,4.88,0.0,0.002,0.0
0.332,0.003,4.711,0.0,-0.007,0.0
0.332,0.003,4.746,0.0,-0.0,0.0
0.332,0.003,4.38,0.0,0.0,0.0
0.332,0.003,4.743,0.0,-0.03,0.0
0.332,0.003,5.079,0.0,-0.02,0.0
0.332,0.003,5.367,0.0,-0.007,0.0
0.332,0.003,5.568,0.0,0.001,0.0
0.332,0.003,4.822,0.0,-0.014,0.0
0.332,0.003,4.25,0.0,0.004,0.0
0.332,0.003,4.423,0.0,-0.006,0.0
0.332,0.003,4.718,0.0,-0.016,0.0
0.332,0.003,5.863,0.0,-0.011,0.0
0.332,0.003,5.875,0.0,0.015,0.0
0.332,0.003,4.753,0.0,-0.008,0.0
0.332,0.003,4.548,0.0,0.01,0.0
0.332,0.003,5.246,0.0,0.001,0.0
0.332,0.003,5.622,0.0,-0.009,0.0
0.332,0.003,5.257,0.0,-0.004,0.0
0.332,0.003,5.056,0.0,0.001,0.0
0.332,0.003,5.672,0.0,-0.009,0.0
0.332,0.003,4.641,0.0,0.002,0.0
0.332,0.003,4.404,0.0,0.008,0.0
0.332,0.003,4.03,0.0,-0.015,0.0
0.332,0.003,5.125,0.0,-0.024,0.0
0.332,0.003,5.172,0.0,0.011,0.0
0.332,0.003,5.512,0.0,-0.008,0.0
0.332,0.003,4.282,0.0,-0.028,0.0
0.332,0.003,4.142,0.0,-0.014,0.0
0.332,0.003,4.214,0.0,-0.006,0.0
0.332,0.003,4.92,0.0,-0.004,0.0
0.332,0.003,5.5,0.0,-0.0,0.0
0.332,0.003,4.482,0.0,-0.011,0.0
0.332,0.003,4.981,0.0,-0.002,0.0
0.332,0.003,6.213,0.0,0.015,0.0
0.332,0.003,6.452,0.0,0.003,0.0
0.332,0.003,5.336,0.0,0.005,0.0
0.332,0.003,5.421,0.0,0.004,0.0
0.332,0.003,5.671,0.0,-0.002,0.0
0.332,0.003,4.866,0.0,-0.014,0.0
0.332,0.003,5.247,0.0,0.0,0.0
0.332,0.003,5.911,0.0,0.006,0.0
0.332,0.003,4.337,0.0,-0.018,0.0
0.332,0.003,5.32,0.0,-0.008,0.0
0.332,0.003,5.938,0.0,0.001,0.0
0.332,0.003,4.351,0.0,-0.024,0.0
0.332,0.003,4.888,0.0,-0.002,0.0
0.332,0.003,5.032,0.0,-0.011,0.0
0.332,0.003,6.683,0.0,-0.008,0.0
0.332,0.003,5.592,0.0,-0.016,0.0
0.332,0.003,5.678,0.0,-0.01,0.0
0.332,0.003,5.053,0.0,0.013,0.0
0.332,0.003,5.838,0.0,-0.006,0.0
0.332,0.003,4.472,0.0,-0.017,0.0
0.332,0.003,4.145,0.0,-0.003,0.0
0.332,0.003,4.884,0.0,-0.014,0.0
0.333,0.003,4.32,0.0,-0.008,0.0
0.333,0.003,5.929,0.0,-0.004,0.0
0.333,0.003,5.758,0.0,0.007,0.0
0.333,0.003,4.873,0.0,-0.003,0.0
0.333,0.003,4.838,0.0,0.006,0.0
0.333,0.003,5.245,0.0,-0.008,0.0
0.333,0.003,6.211,0.0,-0.008,0.0
0.333,0.003,5.437,0.0,0.012,0.0
0.333,0.003,5.854,0.0,0.002,0.0
0.333,0.003,4.384,0.0,0.017,0.0
0.333,0.003,5.595,0.0,-0.004,0.0
0.333,0.003,4.464,0.0,0.008,0.0
0.333,0.003,5.06,0.0,0.003,0.0
0.333,0.003,4.938,0.0,-0.0,0.0
0.333,0.003,5.622,0.0,0.007,0.0
0.333,0.003,4.96,0.0,-0.008,0.0
0.333,0.003,5.206,0.0,-0.021,0.0
0.333,0.003,4.824,0.0,-0.003,0.0
0.333,0.003,4.833,0.0,0.006,0.0
0.333,0.003,5.859,0.0,0.012,0.0
0.333,0.003,4.331,0.0,-0.0,0.0
0.333,0.003,5.039,0.0,0.018,0.0
0.333,0.003,4.458,0.0,-0.026,0.0
0.333,0.003,5.54,0.0,-0.018,0.0
0.333,0.003,5.081,0.0,0.001,0.0
0.333,0.003,4.994,0.0,0.004,0.0
0.333,0.003,5.012,0.0,0.017,0.0
0.333,0.003,5.2,0.0,-0.02,0.0
0.333,0.003,4.943,0.0,0.001,0.0
0.333,0.003,5.113,0.0,-0.005,0.0
0.333,0.003,4.35,0.0,0.004,0.0
0.333,0.003,5.206,0.0,-0.001,0.0
0.333,0.003,4.736,0.0,-0.024,0.0
0.333,0.003,5.024,0.0,-0.012,0.0
0.333,0.003,6.273,0.0,-0.025,0.0
0.333,0.003,4.652,0.0,-0.005,0.0
0.333,0.003,5.234,0.0,0.019,0.0
0.333,0.003,5.757,0.0,0.015,0.0
0.333,0.003,4.351,0.0,-0.019,0.0
0.333,0.003,5.114,0.0,-0.005,0.0
0.333,0.003,5.068,0.0,0.014,0.0
0.333,0.003,5.89,0.0,-0.009,0.0
0.333,0.003,4.575,0.0,0.013,0.0
0.333,0.003,5.315,0.0,0.013,0.0
0.333,0.003,4.802,0.0,-0.024,0.0
0.333,0.003,4.946,0.0,0.021,0.0
0.333,0.003,5.356,0.0,-0.022,0.0
0.333,0.003,4.814,0.0,-0.019,0.0
0.333,0.003,5.325,0.0,0.011,0.0
0.333,0.003,4.857,0.0,0.003,0.0
0.334,0.003,5.471,0.0,-0.001,0.0
0.334,0.003,4.454,0.0,0.01,0.0
0.334,0.003,2.569,0.0,-0.002,0.0
0.334,0.003,5.506,0.0,0.007,0.0
0.334,0.003,4.268,0.0,0.008,0.0
0.334,0.003,5.305,0.0,-0.003,0.0
0.334,0.003,5.644,0.0,-0.001,0.0
0.334,0.003,3.31,0.0,0.008,0.0
0.334,0.003,5.43,0.0,-0.01,0.0
0.334,0.003,5.221,0.0,-0.008,0.0
0.334,0.003,4.805,0.0,0.01,0.0
0.334,0.003,5.327,0.0,0.006,0.0
0.334,0.003,4.631,0.0,-0.011,0.0
0.334,0.003,5.301,0.0,-0.026,0.0
0.334,0.003,4.939,0.0,-0.019,0.0
0.334,0.003,5.627,0.0,-0.012,0.0
0.334,0.003,3.987,0.0,0.014,0.0
0.334,0.003,5.375,0.0,-0.008,0.0
0.334,0.003,5.021,0.0,-0.024,0.0
0.334,0.003,4.954,0.0,-0.018,0.0
0.334,0.003,5.759,0.0,0.009,0.0
0.334,0.003,5.33,0.0,-0.001,0.0
0.334,0.003,4.387,0.0,-0.006,0.0
0.334,0.003,5.601,0.0,0.012,0.0
0.334,0.003,3.994,0.0,0.007,0.0
0.334,0.003,4.327,0.0,0.01,0.0
0.334,0.003,4.845,0.0,-0.023,0.0
0.334,0.003,4.796,0.0,-0.005,0.0
0.334,0.003,4.807,0.0,0.012,0.0
0.334,0.003,4.944,0.0,-0.006,0.0
0.334,0.003,5.177,0.0,-0.005,0.0
0.334,0.003,5.542,0.0,-0.007,0.0
0.334,0.003,5.848,0.0,0.006,0.0
0.334,0.003,4.133,0.0,-0.008,0.0
0.334,0.003,5.75,0.0,-0.008,0.0
0.334,0.003,5.976,0.0,-0.006,0.0
0.334,0.003,4.543,0.0,-0.009,0.0
0.334,0.003,6.507,0.0,-0.012,0.0
0.334,0.003,6.015,0.0,-0.008,0.0
0.334,0.003,4.051,0.0,0.001,0.0
0.334,0.003,5.554,0.0,-0.008,0.0
0.334,0.003,3.974,0.0,0.001,0.0
0.334,0.003,3.833,0.0,0.001,0.0
0.334,0.003,5.781,0.0,0.014,0.0
0.334,0.003,4.105,0.0,-0.02,0.0
0.334,0.003,5.725,0.0,-0.022,0.0
0.334,0.003,4.547,0.0,-0.002,0.0
0.334,0.003,4.167,0.0,-0.026,0.0
0.334,0.003,5.631,0.0,-0.006,0.0
0.334,0.003,4.355,0.0,-0.024,0.0
0.334,0.003,4.116,0.0,0.0,0.0
0.334,0.003,4.578,0.0,-0.018,0.0
0.334,0.003,5.506,0.0,-0.012,0.0
0.334,0.003,4.735,0.0,-0.013,0.0
0.334,0.003,5.538,0.0,-0.019,0.0
0.334,0.003,5.949,0.0,0.01,0.0
0.334,0.003,5.469,0.0,-0.011,0.0
0.334,0.003,4.927,0.0,-0.01,0.0
0.334,0.003,4.335,0.0,0.018,0.0
0.334,0.003,5.135,0.0,-0.006,0.0
0.334,0.003,6.241,0.0,0.003,0.0
0.335,0.003,6.078,0.0,-0.003,0.0
0.335,0.003,5.621,0.0,0.008,0.0
0.335,0.003,4.53,0.0,0.011,0.0
0.335,0.003,4.665,0.0,-0.003,0.0
0.335,0.003,4.936,0.0,0.007,0.0
0.335,0.003,3.703,0.0,-0.017,0.0
0.335,0.003,5.586,0.0,-0.002,0.0
0.335,0.003,5.338,0.0,-0.018,0.0
0.335,0.003,4.288,0.0,-0.002,0.0
0.335,0.003,5.07,0.0,-0.007,0.0
0.335,0.003,5.788,0.0,-0.012,0.0
0.335,0.003,4.323,0.0,0.014,0.0
0.335,0.003,4.618,0.0,-0.02,0.0
0.335,0.003,4.948,0.0,-0.027,0.0
0.335,0.003,4.432,0.0,0.015,0.0
0.335,0.003,4.157,0.0,-0.001,0.0
0.335,0.003,5.132,0.0,-0.005,0.0
0.335,0.003,4.613,0.0,0.004,0.0
0.335,0.003,5.758,0.0,-0.007,0.0
0.335,0.003,5.985,0.0,-0.006,0.0
0.335,0.003,5.505,0.0,0.003,0.0
0.335,0.003,4.912,0.0,0.008,0.0
0.335,0.003,4.476,0.0,-0.012,0.0
0.335,0.003,4.985,0.0,-0.008,0.0
0.335,0.003,6.572,0.0,0.015,0.0
0.335,0.003,4.689,0.0,-0.013,0.0
0.335,0.003,4.774,0.0,-0.014,0.0
0.335,0.003,5.168,0.0,-0.015,0.0
0.335,0.003,5.302,0.0,0.01,0.0
0.335,0.003,5.941,0.0,0.008,0.0
0.335,0.003,3.988,0.0,-0.022,0.0
0.335,0.003,5.145,0.0,-0.001,0.0
0.335,0.003,4.062,0.0,0.002,0.0
0.335,0.003,6.12,0.0,-0.013,0.0
0.335,0.003,4.83,0.0,-0.005,0.0
0.335,0.003,4.521,0.0,0.002,0.0
0.335,0.003,4.858,0.0,-0.02,0.0
0.335,0.003,5.299,0.0,0.009,0.0
0.335,0.003,4.916,0.0,-0.0,0.0
0.335,0.003,4.079,0.0,0.005,0.0
0.335,0.003,5.58,0.0,0.009,0.0
0.335,0.003,5.075,0.0,-0.014,0.0
0.335,0.003,4.493,0.0,-0.0,0.0
0.335,0.003,5.197,0.0,0.008,0.0
0.335,0.003,4.22,0.0,-0.02,0.0
0.335,0.003,5.587,0.0,-0.019,0.0
0.335,0.003,5.143,0.0,-0.03,0.0
0.335,0.003,4.091,0.0,0.002,0.0
0.335,0.003,3.795,0.0,-0.018,0.0
0.335,0.003,5.694,0.0,0.001,0.0
0.335,0.003,4.438,0.0,-0.013,0.0
0.335,0.003,4.858,0.0,0.003,0.0
0.335,0.003,5.333,0.0,-0.009,0.0
0.335,0.003,5.257,0.0,-0.001,0.0
0.335,0.003,5.149,0.0,-0.022,0.0
0.335,0.003,4.095,0.0,0.013,0.0
0.335,0.003,5.768,0.0,0.011,0.0
0.335,0.003,5.053,0.0,0.005,0.0
0.335,0.003,5.238,0.0,-0.023,0.0
0.335,0.003,4.761,0.0,-0.006,0.0
0.335,0.003,4.792,0.0,-0.004,0.0
0.335,0.003,4.702,0.0,0.016,0.0
0.335,0.003,4.674,0.0,-0.002,0.0
0.335,0.003,5.113,0.0,0.003,0.0
0.336,0.003,4.938,0.0,-0.023,0.0
0.336,0.003,5.266,0.0,-0.017,0.0
0.336,0.003,5.423,0.0,-0.007,0.0
0.336,0.003,5.618,0.0,-0.002,0.0
0.336,0.003,4.442,0.0,-0.003,0.0
0.336,0.003,4.404,0.0,-0.015,0.0
0.336,0.003,5.347,0.0,-0.023,0.0
0.336,0.003,5.061,0.0,-0.003,0.0
0.336,0.003,4.05,0.0,0.0,0.0
0.336,0.003,5.086,0.0,-0.015,0.0
0.336,0.003,5.126,0.0,-0.019,0.0
0.336,0.003,6.137,0.0,-0.008,0.0
0.336,0.003,4.189,0.0,0.008,0.0
0.336,0.003,5.554,0.0,-0.021,0.0
0.336,0.003,4.909,0.0,-0.021,0.0
0.336,0.003,5.473,0.0,-0.01,0.0
0.336,0.003,4.591,0.0,0.005,0.0
0.336,0.003,4.666,0.0,-0.015,0.0
0.336,0.003,4.106,0.0,0.009,0.0
0.336,0.003,5.044,0.0,-0.013,0.0
0.336,0.003,3.652,0.0,-0.004,0.0
0.336,0.003,3.679,0.0,-0.006,0.0
0.336,0.003,3.883,0.0,-0.011,0.0
0.336,0.003,5.207,0.0,-0.015,0.0
0.336,0.003,3.928,0.0,0.013,0.0
0.336,0.003,5.721,0.0,0.001,0.0
0.336,0.003,5.721,0.0,-0.014,0.0
0.336,0.003,5.58,0.0,0.0,0.0
0.336,0.003,4.504,0.0,0.008,0.0
0.336,0.003,5.166,0.0,-0.011,0.0
0.336,0.003,4.377,0.0,-0.011,0.0
0.336,0.003,4.797,0.0,-0.019,0.0
0.336,0.003,4.175,0.0,-0.003,0.0
0.336,0.003,5.095,0.0,-0.005,0.0
0.336,0.003,5.428,0.0,-0.009,0.0
0.336,0.003,5.477,0.0,-0.01,0.0
0.336,0.003,4.979,0.0,-0.016,0.0
0.336,0.003,4.305,0.0,-0.005,0.0
0.336,0.003,5.121,0.0,-0.006,0.0
0.336,0.003,4.79,0.0,-0.002,0.0
0.336,0.003,5.165,0.0,0.008,0.0
0.336,0.003,4.906,0.0,-0.012,0.0
0.336,0.003,5.122,0.0,0.007,0.0
0.336,0.003,5.153,0.0,-0.025,0.0
0.336,0.003,5.024,0.0,-0.003,0.0
0.336,0.003,5.463,0.0,0.005,0.0
0.336,0.003,4.631,0.0,-0.024,0.0
0.336,0.003,4.625,0.0,-0.009,0.0
0.336,0.003,4.991,0.0,-0.009,0.0
0.336,0.003,5.485,0.0,-0.006,0.0
0.336,0.003,5.113,0.0,0.001,0.0
0.336,0.003,5.089,0.0,0.009,0.0
0.336,0.003,5.427,0.0,-0.016,0.0
0.336,0.003,5.873,0.0,0.006,0.0
0.336,0.003,5.087,0.0,-0.008,0.0
0.336,0.003,5.035,0.0,0.007,0.0
0.336,0.003,5.255,0.0,-0.029,0.0
0.336,0.003,4.831,0.0,0.001,0.0
0.336,0.003,5.287,0.0,0.01,0.0
0.336,0.003,6.432,0.0,-0.011,0.0
0.336,0.003,6.254,0.0,0.0,0.0
0.336,0.003,5.22,0.0,-0.003,0.0
0.336,0.003,5.22,0.0,-0.007,0.0
0.336,0.003,4.979,0.0,-0.014,0.0
0.336,0.003,4.956,0.0,0.018,0.0
0.336,0.003,6.249,0.0,0.004,0.0
0.336,0.003,5.691,0.0,-0.022,0.0
0.336,0.003,5.273,0.0,-0.0,0.0
0.337,0.003,5.485,0.0,-0.01,0.0
0.337,0.003,5.094,0.0,-0.002,0.0
0.337,0.003,4.85,0.0,0.009,0.0
0.337,0.003,4.013,0.0,-0.001,0.0
0.337,0.003,5.47,0.0,-0.02,0.0
0.337,0.003,4.72,0.0,0.002,0.0
0.337,0.003,5.455,0.0,-0.003,0.0
0.337,0.003,5.152,0.0,-0.015,0.0
0.337,0.003,5.651,0.0,-0.025,0.0
0.337,0.003,5.399,0.0,-0.0,0.0
0.337,0.003,5.489,0.0,-0.005,0.0
0.337,0.003,5.822,0.0,-0.029,0.0
0.337,0.003,5.277,0.0,-0.016,0.0
0.337,0.003,5.134,0.0,0.004,0.0
0.337,0.003,5.079,0.0,0.0,0.0
0.337,0.003,4.485,0.0,-0.022,0.0
0.337,0.003,5.041,0.0,0.002,0.0
0.337,0.003,6.506,0.0,0.001,0.0
0.337,0.003,5.279,0.0,-0.0,0.0
0.337,0.003,4.609,0.0,-0.021,0.0
0.337,0.003,5.586,0.0,-0.001,0.0
0.337,0.003,4.234,0.0,-0.02,0.0
0.337,0.003,3.611,0.0,0.004,0.0
0.337,0.003,4.0,0.0,0.003,0.0
0.337,0.003,5.512,0.0,0.011,0.0
0.337,0.003,5.089,0.0,-0.024,0.0
0.337,0.003,6.636,0.0,0.01,0.0
0.337,0.003,4.837,0.0,-0.01,0.0
0.337,0.003,5.168,0.0,0.006,0.0
0.337,0.003,3.304,0.0,0.005,0.0
0.337,0.003,5.503,0.0,-0.02,0.0
0.337,0.003,4.398,0.0,0.003,0.0
0.337,0.003,4.7,0.0,0.01,0.0
0.337,0.003,4.623,0.0,-0.008,0.0
0.337,0.003,4.271,0.0,-0.0,0.0
0.337,0.003,4.83,0.0,0.021,0.0
0.337,0.003,4.425,0.0,-0.011,0.0
0.337,0.003,4.835,0.0,-0.006,0.0
0.337,0.003,4.942,0.0,0.012,0.0
0.337,0.003,5.191,0.0,-0.002,0.0
0.337,0.003,5.148,0.0,0.004,0.0
0.337,0.003,4.661,0.0,-0.01,0.0
0.337,0.003,4.791,0.0,-0.004,0.0
0.337,0.003,4.839,0.0,-0.029,0.0
0.337,0.003,4.887,0.0,-0.017,0.0
0.337,0.003,5.547,0.0,-0.027,0.0
0.337,0.003,5.103,0.0,-0.01,0.0
0.337,0.003,5.59,0.0,-0.017,0.0
0.337,0.003,4.644,0.0,0.015,0.0
0.337,0.003,4.907,0.0,0.009,0.0
0.337,0.003,6.249,0.0,-0.009,0.0
0.337,0.003,4.58,0.0,-0.003,0.0
0.337,0.003,5.406,0.0,-0.014,0.0
0.337,0.003,4.157,0.0,0.011,0.0
0.337,0.003,2.92,0.0,-0.003,0.0
0.337,0.003,5.421,0.0,-0.014,0.0
0.337,0.003,4.226,0.0,-0.004,0.0
0.337,0.003,4.095,0.0,0.0,0.0
0.337,0.003,3.756,0.0,-0.012,0.0
0.337,0.003,5.774,0.0,0.018,0.0
0.337,0.003,5.057,0.0,-0.004,0.0
0.337,0.003,5.068,0.0,-0.01,0.0
0.337,0.003,5.967,0.0,-0.029,0.0
0.337,0.003,4.35,0.0,-0.008,0.0
0.337,0.003,4.137,0.0,0.002,0.0
0.337,0.003,5.266,0.0,-0.01,0.0
0.337,0.003,4.813,0.0,-0.013,0.0
0.337,0.003,4.381,0.0,0.009,0.0
0.337,0.003,5.579,0.0,-0.016,0.0
0.337,0.003,4.135,0.0,-0.004,0.0
0.337,0.003,5.463,0.0,-0.008,0.0
0.337,0.003,5.546,0.0,-0.004,0.0
0.337,0.003,4.236,0.0,-0.003,0.0
0.337,0.003,5.476,0.0,-0.005,0.0
0.337,0.003,4.831,0.0,0.007,0.0
0.337,0.003,5.791,0.0,0.009,0.0
0.337,0.003,6.001,0.0,-0.004,0.0
0.338,0.003,5.015,0.0,-0.004,0.0
0.338,0.003,5.875,0.0,-0.003,0.0
0.338,0.003,4.374,0.0,0.011,0.0
0.338,0.003,4.892,0.0,0.019,0.0
0.338,0.003,4.431,0.0,-0.03,0.0
0.338,0.003,4.427,0.0,0.002,0.0
0.338,0.003,5.69,0.0,-0.012,0.0
0.338,0.003,6.319,0.0,-0.017,0.0
0.338,0.003,4.633,0.0,-0.014,0.0
0.338,0.003,4.112,0.0,-0.019,0.0
0.338,0.003,6.154,0.0,-0.003,0.0
0.338,0.003,5.344,0.0,0.002,0.0
0.338,0.003,6.637,0.0,-0.027,0.0
0.338,0.003,4.941,0.0,-0.025,0.0
0.338,0.003,5.207,0.0,-0.009,0.0
0.338,0.003,3.66,0.0,-0.014,0.0
0.338,0.003,5.29,0.0,0.008,0.0
0.338,0.003,6.044,0.0,-0.027,0.0
0.338,0.003,5.368,0.0,-0.011,0.0
0.338,0.003,4.53,0.0,-0.004,0.0
0.338,0.003,3.904,0.0,-0.0,0.0
0.338,0.003,5.177,0.0,-0.028,0.0
0.338,0.003,4.431,0.0,-0.0,0.0
0.338,0.003,5.11,0.0,-0.005,0.0
0.338,0.003,3.579,0.0,0.003,0.0
0.338,0.003,4.865,0.0,-0.005,0.0
0.338,0.003,5.972,0.0,0.008,0.0
0.338,0.003,5.507,0.0,0.013,0.0
0.338,0.003,6.295,0.0,-0.023,0.0
0.338,0.003,3.514,0.0,0.002,0.0
0.338,0.003,3.915,0.0,-0.008,0.0
0.338,0.003,4.628,0.0,0.002,0.0
0.338,0.003,5.713,0.0,-0.01,0.0
0.338,0.003,4.434,0.0,0.002,0.0
0.338,0.003,6.299,0.0,-0.017,0.0
0.338,0.003,4.772,0.0,-0.014,0.0
0.338,0.003,5.628,0.0,-0.004,0.0
0.338,0.003,5.854,0.0,0.003,0.0
0.338,0.003,6.686,0.0,-0.006,0.0
0.338,0.003,4.579,0.0,0.012,0.0
0.338,0.003,4.881,0.0,-0.013,0.0
0.338,0.003,5.819,0.0,0.003,0.0
0.338,0.003,4.523,0.0,0.017,0.0
0.338,0.003,5.36,0.0,-0.002,0.0
0.338,0.003,4.721,0.0,-0.018,0.0
0.338,0.003,5.971,0.0,-0.021,0.0
0.338,0.003,7.416,0.0,-0.007,0.0
0.338,0.003,5.187,0.0,0.001,0.0
0.338,0.003,5.148,0.0,-0.001,0.0
0.338,0.003,4.384,0.0,-0.002,0.0
0.338,0.003,5.193,0.0,-0.009,0.0
0.338,0.003,6.406,0.0,-0.008,0.0
0.338,0.003,5.343,0.0,-0.015,0.0
0.338,0.003,5.787,0.0,-0.005,0.0
0.338,0.003,4.886,0.0,-0.001,0.0
0.338,0.003,5.013,0.0,-0.004,0.0
0.338,0.003,5.36,0.0,0.0,0.0
0.338,0.003,5.579,0.0,0.003,0.0
0.338,0.003,5.876,0.0,-0.011,0.0
0.338,0.003,5.189,0.0,0.008,0.0
0.338,0.003,5.374,0.0,-0.004,0.0
0.338,0.003,4.846,0.0,-0.005,0.0
0.339,0.003,4.991,0.0,-0.004,0.0
0.339,0.003,5.27,0.0,-0.012,0.0
0.339,0.003,5.813,0.0,-0.026,0.0
0.339,0.003,4.012,0.0,-0.009,0.0
0.339,0.003,5.026,0.0,-0.032,0.0
0.339,0.003,5.499,0.0,-0.011,0.0
0.339,0.003,4.821,0.0,0.004,0.0
0.339,0.003,4.931,0.0,0.0,0.0
0.339,0.003,4.55,0.0,-0.007,0.0
0.339,0.003,5.225,0.0,-0.016,0.0
0.339,0.003,4.377,0.0,0.006,0.0
0.339,0.003,4.636,0.0,-0.015,0.0
0.339,0.003,4.327,0.0,-0.011,0.0
0.339,0.003,5.332,0.0,-0.016,0.0
0.339,0.003,5.623,0.0,-0.015,0.0
0.339,0.003,6.138,0.0,-0.005,0.0
0.339,0.003,4.771,0.0,-0.002,0.0
0.339,0.003,4.591,0.0,-0.004,0.0
0.339,0.003,5.691,0.0,-0.012,0.0
0.339,0.003,5.387,0.0,-0.017,0.0
0.339,0.003,4.804,0.0,0.006,0.0
0.339,0.003,4.628,0.0,-0.013,0.0
0.339,0.003,4.612,0.0,-0.004,0.0
0.339,0.003,4.259,0.0,-0.005,0.0
0.339,0.003,5.109,0.0,-0.018,0.0
0.339,0.003,5.181,0.0,0.002,0.0
0.339,0.003,5.728,0.0,-0.008,0.0
0.339,0.003,4.997,0.0,-0.011,0.0
0.339,0.003,5.37,0.0,-0.022,0.0
0.339,0.003,5.089,0.0,0.007,0.0
0.339,0.003,5.261,0.0,-0.025,0.0
0.339,0.003,4.207,0.0,-0.013,0.0
0.339,0.003,3.628,0.0,0.002,0.0
0.339,0.003,5.532,0.0,0.018,0.0
0.339,0.003,5.157,0.0,-0.01,0.0
0.339,0.003,5.213,0.0,0.015,0.0
0.339,0.003,5.097,0.0,-0.021,0.0
0.339,0.003,4.961,0.0,-0.024,0.0
0.339,0.003,5.456,0.0,0.002,0.0
0.339,0.003,4.387,0.0,0.015,0.0
0.339,0.003,5.39,0.0,-0.012,0.0
0.339,0.003,3.71,0.0,0.018,0.0
0.339,0.003,4.282,0.0,-0.005,0.0
0.339,0.003,3.996,0.0,-0.001,0.0
0.339,0.003,4.967,0.0,-0.006,0.0
0.339,0.003,4.511,0.0,-0.025,0.0
0.339,0.003,6.149,0.0,-0.002,0.0
0.339,0.003,5.714,0.0,-0.006,0.0
0.339,0.003,4.714,0.0,-0.011,0.0
0.339,0.003,6.01,0.0,-0.01,0.0
0.339,0.003,5.391,0.0,-0.011,0.0
0.339,0.003,6.675,0.0,0.012,0.0
0.339,0.003,5.308,0.0,-0.014,0.0
0.339,0.003,5.638,0.0,-0.013,0.0
0.34,0.003,4.844,0.0,-0.015,0.0
0.34,0.003,4.981,0.0,-0.021,0.0
0.34,0.003,5.463,0.0,-0.021,0.0
0.34,0.003,5.451,0.0,-0.003,0.0
0.34,0.003,5.21,0.0,-0.001,0.0
0.34,0.003,5.166,0.0,-0.003,0.0
0.34,0.003,4.611,0.0,-0.004,0.0
0.34,0.003,4.902,0.0,-0.021,0.0
0.34,0.003,5.186,0.0,-0.003,0.0
0.34,0.003,4.808,0.0,-0.019,0.0
0.34,0.003,4.153,0.0,0.008,0.0
0.34,0.003,5.827,0.0,-0.008,0.0
0.34,0.003,4.441,0.0,0.019,0.0
0.34,0.003,4.827,0.0,-0.012,0.0
0.34,0.003,5.022,0.0,-0.016,0.0
0.34,0.003,5.244,0.0,-0.011,0.0
0.34,0.003,5.466,0.0,-0.019,0.0
0.34,0.003,3.947,0.0,-0.015,0.0
0.34,0.003,4.499,0.0,-0.006,0.0
0.34,0.003,4.193,0.0,-0.008,0.0
0.34,0.003,5.222,0.0,0.014,0.0
0.34,0.003,5.028,0.0,0.005,0.0
0.34,0.003,5.522,0.0,0.003,0.0
0.34,0.003,4.025,0.0,-0.013,0.0
0.34,0.003,5.166,0.0,-0.009,0.0
0.34,0.003,5.122,0.0,0.009,0.0
0.34,0.003,5.976,0.0,-0.004,0.0
0.34,0.003,4.102,0.0,-0.013,0.0
0.34,0.003,4.446,0.0,-0.001,0.0
0.34,0.003,5.629,0.0,-0.011,0.0
0.34,0.003,5.491,0.0,-0.013,0.0
0.34,0.003,5.169,0.0,-0.012,0.0
0.34,0.003,4.51,0.0,-0.001,0.0
0.34,0.003,4.2,0.0,-0.018,0.0
0.34,0.003,5.737,0.0,-0.007,0.0
0.34,0.003,5.029,0.0,-0.011,0.0
0.34,0.003,4.752,0.0,-0.011,0.0
0.34,0.003,5.914,0.0,-0.009,0.0
0.34,0.003,4.33,0.0,0.013,0.0
0.34,0.003,5.043,0.0,-0.001,0.0
0.34,0.003,5.17,0.0,-0.002,0.0
0.34,0.003,6.125,0.0,0.003,0.0
0.34,0.003,3.731,0.0,-0.017,0.0
0.34,0.003,4.538,0.0,0.004,0.0
0.34,0.003,6.055,0.0,-0.005,0.0
0.34,0.003,3.751,0.0,-0.017,0.0
0.34,0.003,5.24,0.0,-0.01,0.0
0.34,0.003,5.399,0.0,-0.009,0.0
0.34,0.003,5.147,0.0,-0.009,0.0
0.34,0.003,4.694,0.0,0.0,0.0
0.34,0.003,4.522,0.0,0.002,0.0
0.34,0.003,4.628,0.0,0.001,0.0
0.34,0.003,4.664,0.0,-0.016,0.0
0.34,0.003,5.185,0.0,-0.005,0.0
0.34,0.003,5.421,0.0,-0.019,0.0
0.34,0.003,6.735,0.0,-0.016,0.0
0.34,0.003,4.478,0.0,-0.005,0.0
0.34,0.003,6.637,0.0,-0.021,0.0
0.34,0.003,4.287,0.0,-0.013,0.0
0.341,0.003,5.394,0.0,-0.015,0.0
0.341,0.003,4.106,0.0,-0.016,0.0
0.341,0.003,4.799,0.0,-0.012,0.0
0.341,0.003,6.39,0.0,0.009,0.0
0.341,0.003,4.818,0.0,0.005,0.0
0.341,0.003,4.96,0.0,-0.019,0.0
0.341,0.003,4.218,0.0,0.012,0.0
0.341,0.003,5.524,0.0,0.005,0.0
0.341,0.003,5.491,0.0,0.003,0.0
0.341,0.003,5.925,0.0,-0.024,0.0
0.341,0.003,4.056,0.0,0.003,0.0
0.341,0.003,5.382,0.0,-0.018,0.0
0.341,0.003,4.127,0.0,-0.018,0.0
0.341,0.003,4.275,0.0,0.009,0.0
0.341,0.003,5.264,0.0,-0.011,0.0
0.341,0.003,4.498,0.0,-0.003,0.0
0.341,0.003,4.976,0.0,-0.005,0.0
0.341,0.003,4.961,0.0,-0.015,0.0
0.341,0.003,4.779,0.0,-0.005,0.0
0.341,0.003,5.847,0.0,-0.026,0.0
0.341,0.003,5.278,0.0,0.005,0.0
0.341,0.003,3.858,0.0,0.002,0.0
0.341,0.003,5.274,0.0,-0.018,0.0
0.341,0.003,4.848,0.0,0.001,0.0
0.341,0.003,6.368,0.0,-0.004,0.0
0.341,0.003,4.216,0.0,-0.013,0.0
0.341,0.003,4.489,0.0,-0.005,0.0
0.341,0.003,5.271,0.0,-0.007,0.0
0.341,0.003,5.673,0.0,0.01,0.0
0.341,0.003,4.948,0.0,-0.025,0.0
0.341,0.003,5.535,0.0,0.001,0.0
0.341,0.003,4.501,0.0,0.01,0.0
0.341,0.003,4.308,0.0,-0.019,0.0
0.341,0.003,5.254,0.0,-0.002,0.0
0.341,0.003,5.69,0.0,-0.009,0.0
0.341,0.003,5.455,0.0,-0.005,0.0
0.341,0.003,5.801,0.0,-0.009,0.0
0.341,0.003,3.905,0.0,-0.007,0.0
0.341,0.003,4.815,0.0,-0.01,0.0
0.341,0.003,4.924,0.0,-0.001,0.0
0.341,0.003,5.36,0.0,-0.002,0.0
0.341,0.003,5.062,0.0,-0.007,0.0
0.341,0.003,4.923,0.0,-0.013,0.0
0.341,0.003,5.166,0.0,0.007,0.0
0.341,0.003,5.829,0.0,-0.001,0.0
0.341,0.003,5.337,0.0,-0.023,0.0
0.341,0.003,5.692,0.0,-0.019,0.0
0.341,0.003,5.321,0.0,0.007,0.0
0.341,0.003,4.417,0.0,0.01,0.0
0.341,0.003,3.838,0.0,-0.013,0.0
0.341,0.003,5.194,0.0,0.01,0.0
0.341,0.003,4.684,0.0,0.01,0.0
0.341,0.003,4.94,0.0,-0.003,0.0
0.341,0.003,5.82,0.0,0.011,0.0
0.341,0.003,5.213,0.0,-0.004,0.0
0.341,0.003,4.6,0.0,-0.006,0.0
0.341,0.003,5.683,0.0,-0.022,0.0
0.341,0.003,4.481,0.0,-0.009,0.0
0.341,0.003,5.66,0.0,-0.014,0.0
0.341,0.003,4.737,0.0,-0.001,0.0
0.341,0.003,4.747,0.0,-0.001,0.0
0.341,0.003,4.557,0.0,-0.024,0.0
0.341,0.003,5.275,0.0,-0.001,0.0
0.341,0.003,3.364,0.0,-0.015,0.0
0.341,0.003,4.534,0.0,-0.018,0.0
0.341,0.003,4.522,0.0,-0.002,0.0
0.341,0.003,4.116,0.0,-0.014,0.0
0.341,0.003,5.257,0.0,0.012,0.0
0.341,0.003,5.475,0.0,-0.026,0.0
0.342,0.003,4.26,0.0,0.006,0.0
0.342,0.003,4.959,0.0,-0.022,0.0
0.342,0.003,5.226,0.0,0.016,0.0
0.342,0.003,3.432,0.0,-0.001,0.0
0.342,0.003,5.231,0.0,-0.02,0.0
0.342,0.003,5.675,0.0,-0.019,0.0
0.342,0.003,4.829,0.0,0.004,0.0
0.342,0.003,4.221,0.0,-0.003,0.0
0.342,0.003,4.377,0.0,-0.007,0.0
0.342,0.003,4.091,0.0,0.003,0.0
0.342,0.003,4.511,0.0,0.003,0.0
0.342,0.003,4.867,0.0,0.0,0.0
0.342,0.003,5.225,0.0,-0.013,0.0
0.342,0.003,5.101,0.0,-0.021,0.0
0.342,0.003,5.223,0.0,-0.021,0.0
0.342,0.003,6.0,0.0,0.005,0.0
0.342,0.003,4.636,0.0,-0.002,0.0
0.342,0.003,4.968,0.0,0.009,0.0
0.342,0.003,5.072,0.0,-0.01,0.0
0.342,0.003,5.171,0.0,-0.012,0.0
0.342,0.003,4.538,0.0,0.013,0.0
0.342,0.003,5.254,0.0,-0.013,0.0
0.342,0.003,5.784,0.0,-0.011,0.0
0.342,0.003,5.425,0.0,-0.004,0.0
0.342,0.003,4.106,0.0,-0.011,0.0
0.342,0.003,4.942,0.0,0.007,0.0
0.342,0.003,5.185,0.0,-0.024,0.0
0.342,0.003,5.816,0.0,-0.014,0.0
0.342,0.003,4.827,0.0,-0.012,0.0
0.342,0.003,5.191,0.0,-0.018,0.0
0.342,0.003,4.895,0.0,-0.006,0.0
0.342,0.003,5.409,0.0,-0.013,0.0
0.342,0.003,4.995,0.0,0.008,0.0
0.342,0.003,6.345,0.0,0.027,0.0
0.342,0.003,5.068,0.0,-0.005,0.0
0.342,0.003,5.243,0.0,-0.001,0.0
0.342,0.003,3.697,0.0,-0.009,0.0
0.342,0.003,5.087,0.0,-0.003,0.0
0.342,0.003,5.305,0.0,0.012,0.0
0.342,0.003,4.225,0.0,-0.007,0.0
0.342,0.003,5.483,0.0,-0.022,0.0
0.342,0.003,4.111,0.0,-0.014,0.0
0.342,0.003,4.374,0.0,-0.012,0.0
0.342,0.003,4.311,0.0,0.016,0.0
0.342,0.003,4.672,0.0,0.009,0.0
0.342,0.003,6.423,0.0,0.012,0.0
0.342,0.003,4.959,0.0,0.008,0.0
0.342,0.003,4.214,0.0,0.002,0.0
0.342,0.003,5.452,0.0,-0.002,0.0
0.342,0.003,3.942,0.0,-0.015,0.0
0.342,0.003,4.815,0.0,-0.003,0.0
0.342,0.003,4.964,0.0,0.008,0.0
0.342,0.003,5.412,0.0,0.013,0.0
0.342,0.003,6.222,0.0,-0.019,0.0
0.342,0.003,5.388,0.0,-0.01,0.0
0.342,0.003,5.032,0.0,-0.023,0.0
0.342,0.003,5.437,0.0,0.016,0.0
0.342,0.003,5.569,0.0,0.008,0.0
0.342,0.003,4.196,0.0,-0.003,0.0
0.342,0.003,4.982,0.0,-0.009,0.0
0.342,0.003,4.911,0.0,-0.002,0.0
0.342,0.003,4.986,0.0,-0.012,0.0
0.342,0.003,4.796,0.0,0.003,0.0
0.342,0.003,4.369,0.0,-0.011,0.0
0.342,0.003,6.176,0.0,-0.01,0.0
0.342,0.003,5.396,0.0,-0.003,0.0
0.342,0.003,4.386,0.0,-0.006,0.0
0.342,0.003,4.831,0.0,-0.01,0.0
0.342,0.003,4.926,0.0,0.006,0.0
0.342,0.003,6.423,0.0,-0.009,0.0
0.342,0.003,4.555,0.0,0.005,0.0
0.343,0.003,5.063,0.0,-0.012,0.0
0.343,0.003,4.453,0.0,0.004,0.0
0.343,0.003,5.393,0.0,0.008,0.0
0.343,0.003,4.748,0.0,-0.016,0.0
0.343,0.003,6.515,0.0,0.008,0.0
0.343,0.003,4.516,0.0,0.013,0.0
0.343,0.003,5.784,0.0,-0.003,0.0
0.343,0.003,6.019,0.0,0.005,0.0
0.343,0.003,4.268,0.0,-0.021,0.0
0.343,0.003,4.171,0.0,-0.012,0.0
0.343,0.003,4.996,0.0,-0.024,0.0
0.343,0.003,4.818,0.0,-0.006,0.0
0.343,0.003,5.406,0.0,-0.006,0.0
0.343,0.003,4.436,0.0,0.017,0.0
0.343,0.003,3.978,0.0,0.005,0.0
0.343,0.003,5.12,0.0,-0.007,0.0
0.343,0.003,5.653,0.0,0.005,0.0
0.343,0.003,4.997,0.0,0.004,0.0
0.343,0.003,4.297,0.0,-0.004,0.0
0.343,0.003,5.459,0.0,-0.008,0.0
0.343,0.003,5.477,0.0,-0.014,0.0
0.343,0.003,4.215,0.0,-0.011,0.0
0.343,0.003,3.55,0.0,-0.023,0.0
0.343,0.003,6.039,0.0,0.002,0.0
0.343,0.003,3.915,0.0,-0.001,0.0
0.343,0.003,4.468,0.0,0.017,0.0
0.343,0.003,4.688,0.0,0.018,0.0
0.343,0.003,5.153,0.0,-0.014,0.0
0.343,0.003,6.013,0.0,-0.006,0.0
0.343,0.003,5.064,0.0,0.01,0.0
0.343,0.003,3.407,0.0,0.01,0.0
0.343,0.003,5.886,0.0,-0.007,0.0
0.343,0.003,5.173,0.0,-0.015,0.0
0.343,0.003,3.786,0.0,-0.008,0.0
0.343,0.003,5.275,0.0,0.007,0.0
0.343,0.003,5.072,0.0,-0.011,0.0
0.343,0.003,4.34,0.0,-0.024,0.0
0.343,0.003,5.959,0.0,0.013,0.0
0.343,0.003,4.923,0.0,-0.029,0.0
0.343,0.003,4.309,0.0,0.002,0.0
0.343,0.003,5.365,0.0,-0.008,0.0
0.343,0.003,4.765,0.0,-0.013,0.0
0.343,0.003,6.111,0.0,-0.017,0.0
0.343,0.003,5.178,0.0,-0.004,0.0
0.343,0.003,4.332,0.0,-0.017,0.0
0.343,0.003,5.067,0.0,0.004,0.0
0.343,0.003,4.171,0.0,-0.014,0.0
0.343,0.003,5.401,0.0,-0.008,0.0
0.343,0.003,4.128,0.0,0.002,0.0
0.343,0.003,4.798,0.0,0.001,0.0
0.343,0.003,4.68,0.0,-0.012,0.0
0.343,0.003,5.839,0.0,0.015,0.0
0.343,0.003,5.578,0.0,-0.004,0.0
0.343,0.003,4.384,0.0,-0.0,0.0
0.343,0.003,4.206,0.0,-0.001,0.0
0.343,0.003,3.862,0.0,-0.007,0.0
0.343,0.003,6.494,0.0,-0.014,0.0
0.343,0.003,4.82,0.0,-0.011,0.0
0.343,0.003,5.15,0.0,0.004,0.0
0.343,0.003,5.162,0.0,0.02,0.0
0.343,0.003,4.565,0.0,-0.003,0.0
0.343,0.003,5.611,0.0,0.004,0.0
0.343,0.003,5.915,0.0,0.01,0.0
0.343,0.003,6.265,0.0,0.006,0.0
0.343,0.003,5.68,0.0,-0.018,0.0
0.343,0.003,4.221,0.0,0.005,0.0
0.343,0.003,4.674,0.0,0.019,0.0
0.343,0.003,5.22,0.0,0.013,0.0
0.343,0.003,5.461,0.0,0.004,0.0
0.343,0.003,5.141,0.0,0.001,0.0
0.344,0.003,4.905,0.0,-0.008,0.0
0.344,0.003,5.033,0.0,0.001,0.0
0.344,0.003,5.186,0.0,-0.017,0.0
0.344,0.003,5.314,0.0,-0.032,0.0
0.344,0.003,3.703,0.0,-0.01,0.0
0.344,0.003,4.833,0.0,0.001,0.0
0.344,0.003,6.125,0.0,-0.006,0.0
0.344,0.003,4.884,0.0,0.007,0.0
0.344,0.003,5.34,0.0,-0.006,0.0
0.344,0.003,3.955,0.0,-0.02,0.0
0.344,0.003,3.705,0.0,0.005,0.0
0.344,0.003,4.026,0.0,-0.008,0.0
0.344,0.003,4.215,0.0,0.003,0.0
0.344,0.003,5.507,0.0,-0.007,0.0
0.344,0.003,5.352,0.0,0.001,0.0
0.344,0.003,5.664,0.0,-0.012,0.0
0.344,0.003,4.764,0.0,-0.017,0.0
0.344,0.003,6.032,0.0,-0.017,0.0
0.344,0.003,5.548,0.0,-0.026,0.0
0.344,0.003,4.067,0.0,-0.001,0.0
0.344,0.003,4.686,0.0,-0.026,0.0
0.344,0.003,4.33,0.0,-0.018,0.0
0.344,0.003,5.581,0.0,-0.0,0.0
0.344,0.003,4.221,0.0,-0.02,0.0
0.344,0.003,4.55,0.0,0.001,0.0
0.344,0.003,5.173,0.0,0.014,0.0
0.344,0.003,4.711,0.0,-0.023,0.0
0.344,0.003,5.628,0.0,-0.017,0.0
0.344,0.003,4.221,0.0,-0.002,0.0
0.344,0.003,4.883,0.0,-0.009,0.0
0.344,0.003,5.12,0.0,-0.011,0.0
0.344,0.003,4.965,0.0,0.011,0.0
0.344,0.003,3.974,0.0,-0.009,0.0
0.344,0.003,5.071,0.0,-0.022,0.0
0.344,0.003,4.015,0.0,-0.001,0.0
0.344,0.003,4.142,0.0,0.001,0.0
0.344,0.003,5.091,0.0,-0.018,0.0
0.344,0.003,4.721,0.0,-0.024,0.0
0.344,0.003,4.983,0.0,-0.001,0.0
0.344,0.003,4.62,0.0,0.004,0.0
0.344,0.003,5.172,0.0,-0.002,0.0
0.344,0.003,6.114,0.0,-0.007,0.0
0.344,0.003,5.067,0.0,-0.01,0.0
0.344,0.003,3.718,0.0,0.005,0.0
0.344,0.003,5.441,0.0,-0.023,0.0
0.344,0.003,4.787,0.0,0.012,0.0
0.344,0.003,5.797,0.0,-0.005,0.0
0.344,0.003,5.54,0.0,0.011,0.0
0.344,0.003,4.28,0.0,-0.017,0.0
0.344,0.003,4.791,0.0,-0.03,0.0
0.344,0.003,4.904,0.0,-0.006,0.0
0.344,0.003,4.937,0.0,-0.022,0.0
0.344,0.003,4.874,0.0,0.008,0.0
0.344,0.003,3.823,0.0,0.009,0.0
0.344,0.003,6.017,0.0,-0.005,0.0
0.344,0.003,5.838,0.0,-0.014,0.0
0.344,0.003,4.977,0.0,0.008,0.0
0.344,0.003,5.455,0.0,-0.014,0.0
0.344,0.003,4.586,0.0,0.002,0.0
0.344,0.003,3.428,0.0,-0.03,0.0
0.344,0.003,5.568,0.0,-0.012,0.0
0.344,0.003,4.413,0.0,-0.001,0.0
0.344,0.003,4.411,0.0,-0.015,0.0
0.344,0.003,5.226,0.0,-0.005,0.0
0.344,0.003,4.795,0.0,-0.019,0.0
0.344,0.003,4.54,0.0,-0.014,0.0
0.344,0.003,5.389,0.0,-0.005,0.0
0.344,0.003,5.572,0.0,-0.012,0.0
0.345,0.003,5.758,0.0,0.013,0.0
0.345,0.003,5.231,0.0,0.004,0.0
0.345,0.003,3.476,0.0,0.009,0.0
0.345,0.003,4.2,0.0,0.012,0.0
0.345,0.003,6.61,0.0,-0.014,0.0
0.345,0.003,5.641,0.0,-0.021,0.0
0.345,0.003,5.072,0.0,0.008,0.0
0.345,0.003,4.647,0.0,-0.006,0.0
0.345,0.003,5.211,0.0,-0.022,0.0
0.345,0.003,4.52,0.0,-0.009,0.0
0.345,0.003,5.059,0.0,-0.014,0.0
0.345,0.003,5.463,0.0,0.003,0.0
0.345,0.003,3.715,0.0,-0.009,0.0
0.345,0.003,4.711,0.0,-0.008,0.0
0.345,0.003,3.98,0.0,0.004,0.0
0.345,0.003,4.204,0.0,-0.018,0.0
0.345,0.003,3.505,0.0,-0.012,0.0
0.345,0.003,4.749,0.0,0.004,0.0
0.345,0.003,6.024,0.0,-0.011,0.0
0.345,0.003,4.068,0.0,-0.004,0.0
0.345,0.003,5.115,0.0,0.004,0.0
0.345,0.003,4.396,0.0,-0.011,0.0
0.345,0.003,5.296,0.0,0.011,0.0
0.345,0.003,5.46,0.0,-0.004,0.0
0.345,0.003,4.168,0.0,-0.001,0.0
0.345,0.003,5.128,0.0,-0.001,0.0
0.345,0.003,5.572,0.0,0.014,0.0
0.345,0.003,4.78,0.0,-0.008,0.0
0.345,0.003,5.029,0.0,0.018,0.0
0.345,0.003,4.958,0.0,-0.003,0.0
0.345,0.003,5.783,0.0,-0.023,0.0
0.345,0.003,5.062,0.0,-0.011,0.0
0.345,0.003,5.442,0.0,-0.024,0.0
0.345,0.003,5.349,0.0,0.007,0.0
0.345,0.003,5.002,0.0,-0.009,0.0
0.345,0.003,4.855,0.0,-0.007,0.0
0.345,0.003,4.769,0.0,-0.012,0.0
0.345,0.003,6.27,0.0,-0.026,0.0
0.345,0.003,4.24,0.0,-0.001,0.0
0.345,0.003,5.205,0.0,-0.003,0.0
0.345,0.003,5.293,0.0,-0.008,0.0
0.345,0.003,5.526,0.0,-0.001,0.0
0.345,0.003,4.135,0.0,-0.002,0.0
0.345,0.003,5.689,0.0,-0.01,0.0
0.345,0.003,4.472,0.0,-0.01,0.0
0.345,0.003,5.361,0.0,-0.021,0.0
0.345,0.003,4.287,0.0,-0.019,0.0
0.345,0.003,4.409,0.0,-0.003,0.0
0.345,0.003,4.931,0.0,0.003,0.0
0.345,0.003,5.468,0.0,0.004,0.0
0.345,0.003,5.163,0.0,-0.004,0.0
0.345,0.003,4.498,0.0,-0.012,0.0
0.345,0.003,5.979,0.0,0.003,0.0
0.345,0.003,4.764,0.0,0.011,0.0
0.345,0.003,5.384,0.0,0.001,0.0
0.345,0.003,5.241,0.0,-0.01,0.0
0.345,0.003,6.446,0.0,-0.011,0.0
0.345,0.003,6.526,0.0,-0.012,0.0
0.345,0.003,5.672,0.0,-0.036,0.0
0.345,0.003,5.877,0.0,0.002,0.0
0.345,0.003,5.579,0.0,-0.016,0.0
0.345,0.003,4.644,0.0,-0.008,0.0
0.345,0.003,4.433,0.0,-0.008,0.0
0.345,0.003,4.058,0.0,-0.001,0.0
0.345,0.003,6.119,0.0,-0.019,0.0
0.345,0.003,5.467,0.0,0.006,0.0
0.345,0.003,5.586,0.0,-0.02,0.0
0.345,0.003,5.922,0.0,-0.03,0.0
0.345,0.003,5.351,0.0,-0.008,0.0
0.345,0.003,4.978,0.0,0.007,0.0
0.345,0.003,6.104,0.0,-0.013,0.0
0.345,0.003,4.717,0.0,-0.016,0.0
0.345,0.003,5.612,0.0,-0.027,0.0
0.345,0.003,5.289,0.0,0.011,0.0
0.345,0.003,4.607,0.0,-0.019,0.0
0.345,0.003,5.263,0.0,-0.016,0.0
0.345,0.003,5.091,0.0,-0.004,0.0
0.345,0.003,4.725,0.0,-0.017,0.0
0.345,0.003,5.566,0.0,-0.014,0.0
0.345,0.003,5.457,0.0,0.01,0.0
0.345,0.003,5.513,0.0,0.001,0.0
0.345,0.003,4.434,0.0,-0.001,0.0
0.345,0.003,4.395,0.0,-0.01,0.0
0.345,0.003,4.846,0.0,0.005,0.0
0.345,0.003,4.957,0.0,-0.006,0.0
0.345,0.003,4.857,0.0,-0.001,0.0
0.345,0.003,5.016,0.0,0.004,0.0
0.345,0.003,4.327,0.0,-0.022,0.0
0.346,0.003,5.261,0.0,-0.012,0.0
0.346,0.003,5.084,0.0,-0.017,0.0
0.346,0.003,4.839,0.0,-0.023,0.0
0.346,0.003,5.639,0.0,-0.023,0.0
0.346,0.003,7.044,0.0,0.002,0.0
0.346,0.003,4.356,0.0,-0.008,0.0
0.346,0.003,5.098,0.0,-0.008,0.0
0.346,0.003,5.916,0.0,-0.035,0.0
0.346,0.003,5.338,0.0,-0.033,0.0
0.346,0.003,4.635,0.0,-0.004,0.0
0.346,0.003,4.821,0.0,-0.008,0.0
0.346,0.003,5.905,0.0,0.014,0.0
0.346,0.003,5.529,0.0,0.009,0.0
0.346,0.003,5.147,0.0,0.005,0.0
0.346,0.003,5.441,0.0,-0.008,0.0
0.346,0.003,5.655,0.0,-0.011,0.0
0.346,0.003,4.524,0.0,0.001,0.0
0.346,0.003,5.075,0.0,0.004,0.0
0.346,0.003,3.852,0.0,0.01,0.0
0.346,0.003,5.339,0.0,-0.004,0.0
0.346,0.003,4.787,0.0,-0.016,0.0
0.346,0.003,5.213,0.0,-0.015,0.0
0.346,0.003,5.045,0.0,-0.001,0.0
0.346,0.003,6.079,0.0,-0.013,0.0
0.346,0.003,6.021,0.0,-0.007,0.0
0.346,0.003,5.271,0.0,-0.015,0.0
0.346,0.003,5.076,0.0,-0.005,0.0
0.346,0.003,6.018,0.0,-0.006,0.0
0.346,0.003,5.362,0.0,-0.015,0.0
0.346,0.003,5.391,0.0,0.002,0.0
0.346,0.003,5.099,0.0,-0.013,0.0
0.346,0.003,5.521,0.0,-0.011,0.0
0.346,0.003,3.958,0.0,-0.022,0.0
0.346,0.003,5.312,0.0,-0.022,0.0
0.346,0.003,5.329,0.0,-0.005,0.0
0.346,0.003,5.405,0.0,0.005,0.0
0.346,0.003,4.024,0.0,-0.005,0.0
0.346,0.003,4.949,0.0,0.009,0.0
0.346,0.003,3.87,0.0,0.008,0.0
0.346,0.003,4.809,0.0,-0.003,0.0
0.346,0.003,6.247,0.0,-0.012,0.0
0.346,0.003,4.742,0.0,-0.011,0.0
0.346,0.003,5.517,0.0,0.014,0.0
0.346,0.003,5.306,0.0,-0.004,0.0
0.346,0.003,4.462,0.0,-0.001,0.0
0.346,0.003,5.771,0.0,-0.008,0.0
0.346,0.003,3.938,0.0,-0.009,0.0
0.346,0.003,5.167,0.0,0.007,0.0
0.346,0.003,5.101,0.0,0.001,0.0
0.346,0.003,4.876,0.0,0.002,0.0
0.347,0.003,4.26,0.0,-0.014,0.0
0.347,0.003,4.775,0.0,-0.019,0.0
0.347,0.003,4.415,0.0,-0.016,0.0
0.347,0.003,5.431,0.0,0.005,0.0
0.347,0.003,3.981,0.0,0.005,0.0
0.347,0.003,6.012,0.0,-0.006,0.0
0.347,0.003,6.106,0.0,-0.011,0.0
0.347,0.003,5.16,0.0,0.008,0.0
0.347,0.003,6.28,0.0,-0.018,0.0
0.347,0.003,4.715,0.0,-0.021,0.0
0.347,0.003,5.598,0.0,0.011,0.0
0.347,0.003,5.681,0.0,-0.023,0.0
0.347,0.003,5.186,0.0,-0.012,0.0
0.347,0.003,5.141,0.0,-0.008,0.0
0.347,0.003,5.32,0.0,-0.009,0.0
0.347,0.003,5.667,0.0,-0.015,0.0
0.347,0.003,6.235,0.0,-0.016,0.0
0.347,0.003,4.675,0.0,-0.012,0.0
0.347,0.003,4.675,0.0,-0.015,0.0
0.347,0.003,4.769,0.0,-0.001,0.0
0.347,0.003,5.576,0.0,-0.01,0.0
0.347,0.003,5.186,0.333,-0.007,0.0
0.347,0.003,5.272,0.0,0.016,0.0
0.347,0.003,5.015,0.0,-0.004,0.0
0.347,0.003,5.229,0.0,0.01,0.0
0.347,0.003,6.717,0.0,0.01,0.0
0.347,0.003,5.322,0.0,0.007,0.0
0.347,0.003,4.494,0.0,0.019,0.0
0.347,0.003,4.961,0.0,-0.015,0.0
0.347,0.003,4.596,0.0,-0.004,0.0
0.347,0.003,6.661,0.0,0.004,0.0
0.347,0.003,4.444,0.0,-0.014,0.0
0.347,0.003,4.441,0.0,-0.017,0.0
0.347,0.003,4.922,0.0,-0.011,0.0
0.347,0.003,4.588,0.0,-0.001,0.0
0.347,0.003,4.408,0.0,-0.006,0.0
0.347,0.003,4.826,0.0,-0.016,0.0
0.347,0.003,4.461,0.0,-0.018,0.0
0.347,0.003,4.293,0.0,-0.009,0.0
0.347,0.003,5.455,0.0,-0.015,0.0
0.347,0.003,4.817,0.0,-0.02,0.0
0.347,0.003,5.189,0.0,-0.02,0.0
0.347,0.003,5.945,0.0,-0.011,0.0
0.347,0.003,4.695,0.0,-0.01,0.0
0.347,0.003,4.883,0.0,-0.018,0.0
0.347,0.003,4.966,0.0,0.008,0.0
0.347,0.003,4.671,0.0,0.005,0.0
0.347,0.003,5.673,0.0,-0.008,0.0
0.347,0.003,5.341,0.0,-0.009,0.0
0.347,0.003,4.928,0.0,-0.012,0.0
0.347,0.003,6.112,0.0,0.001,0.0
0.347,0.003,5.314,0.0,-0.019,0.0
0.347,0.003,5.585,0.0,0.001,0.0
0.347,0.003,5.102,0.0,0.017,0.0
0.347,0.003,4.228,0.0,0.007,0.0
0.347,0.003,5.579,0.0,0.005,0.0
0.347,0.003,5.262,0.0,0.004,0.0
0.347,0.003,5.63,0.0,-0.004,0.0
0.347,0.003,4.863,0.0,-0.014,0.0
0.347,0.003,4.796,0.0,-0.01,0.0
0.347,0.003,5.37,0.0,0.0,0.0
0.347,0.003,3.638,0.0,0.011,0.0
0.347,0.003,4.916,0.0,0.008,0.0
0.347,0.003,5.323,0.0,-0.007,0.0
0.347,0.003,5.126,0.0,-0.004,0.0
0.347,0.003,5.654,0.0,0.012,0.0
0.347,0.003,5.709,0.0,-0.004,0.0
0.348,0.003,5.242,0.0,-0.001,0.0
0.348,0.003,5.279,0.0,-0.018,0.0
0.348,0.003,5.778,0.0,-0.027,0.0
0.348,0.003,5.139,0.0,-0.011,0.0
0.348,0.003,2.762,0.0,-0.002,0.0
0.348,0.003,5.229,0.0,0.003,0.0
0.348,0.003,6.047,0.0,0.0,0.0
0.348,0.003,5.092,0.0,-0.008,0.0
0.348,0.003,4.961,0.0,-0.024,0.0
0.348,0.003,6.219,0.0,0.01,0.0
0.348,0.003,5.049,0.0,-0.029,0.0
0.348,0.003,4.609,0.0,0.007,0.0
0.348,0.003,5.849,0.0,-0.007,0.0
0.348,0.003,4.576,0.0,-0.011,0.0
0.348,0.003,4.684,0.0,-0.001,0.0
0.348,0.003,5.174,0.0,-0.02,0.0
0.348,0.003,4.565,0.0,-0.006,0.0
0.348,0.003,4.917,0.0,0.012,0.0
0.348,0.003,5.144,0.0,-0.001,0.0
0.348,0.003,5.631,0.0,0.004,0.0
0.348,0.003,4.757,0.0,0.006,0.0
0.348,0.003,4.506,0.0,-0.02,0.0
0.348,0.003,2.512,0.0,-0.004,0.0
0.348,0.003,6.574,0.0,-0.024,0.0
0.348,0.003,4.543,0.0,0.002,0.0
0.348,0.003,4.347,0.0,-0.017,0.0
0.348,0.003,5.623,0.0,-0.013,0.0
0.348,0.003,5.632,0.0,0.011,0.0
0.348,0.003,4.712,0.0,-0.011,0.0
0.348,0.003,5.144,0.0,0.029,0.0
0.348,0.003,5.139,0.0,-0.016,0.0
0.348,0.003,5.83,0.0,0.003,0.0
0.348,0.003,5.788,0.0,0.001,0.0
0.348,0.003,5.534,0.0,-0.005,0.0
0.348,0.003,5.219,0.0,-0.017,0.0
0.348,0.003,5.103,0.0,-0.018,0.0
0.348,0.003,3.721,0.0,0.001,0.0
0.348,0.003,5.217,0.0,-0.005,0.0
0.348,0.003,5.759,0.0,0.012,0.0
0.348,0.003,6.318,0.0,-0.027,0.0
0.348,0.003,3.721,0.0,0.008,0.0
0.348,0.003,5.17,0.0,-0.008,0.0
0.348,0.003,5.18,0.0,-0.017,0.0
0.348,0.003,4.214,0.0,-0.002,0.0
0.348,0.003,5.248,0.0,-0.016,0.0
0.348,0.003,5.775,0.0,-0.007,0.0
0.348,0.003,5.148,0.0,-0.028,0.0
0.348,0.003,5.789,0.0,-0.045,0.0
0.348,0.003,5.449,0.0,-0.008,0.0
0.348,0.003,4.727,0.0,-0.023,0.0
0.348,0.003,5.448,0.0,0.005,0.0
0.348,0.003,5.562,0.0,-0.013,0.0
0.348,0.003,5.106,0.0,-0.009,0.0
0.348,0.003,5.242,0.0,0.012,0.0
0.348,0.003,4.806,0.0,-0.002,0.0
0.348,0.003,4.676,0.0,-0.014,0.0
0.348,0.003,6.617,0.0,0.005,0.0
0.348,0.003,4.805,0.0,-0.019,0.0
0.348,0.003,5.044,0.0,-0.014,0.0
0.348,0.003,5.857,0.0,-0.009,0.0
0.348,0.003,4.354,0.0,-0.011,0.0
0.348,0.003,4.586,0.0,0.004,0.0
0.348,0.003,5.36,0.0,-0.012,0.0
0.348,0.003,4.363,0.0,0.014,0.0
0.348,0.003,3.907,0.0,-0.004,0.0
0.348,0.003,4.796,0.0,-0.006,0.0
0.348,0.003,5.93,0.0,-0.013,0.0
0.348,0.003,5.267,0.0,-0.021,0.0
0.348,0.003,4.85,0.0,-0.004,0.0
0.348,0.003,6.318,0.0,0.01,0.0
0.348,0.003,4.981,0.0,-0.019,0.0
0.348,0.003,3.971,0.0,0.019,0.0
0.348,0.003,5.701,0.0,0.008,0.0
0.349,0.003,4.481,0.0,-0.008,0.0
0.349,0.003,6.345,0.0,-0.011,0.0
0.349,0.003,6.131,0.0,-0.009,0.0
0.349,0.003,5.659,0.0,-0.016,0.0
0.349,0.003,4.721,0.0,-0.012,0.0
0.349,0.003,4.856,0.0,-0.008,0.0
0.349,0.003,5.405,0.0,-0.012,0.0
0.349,0.003,4.573,0.0,-0.009,0.0
0.349,0.003,5.369,0.0,0.0,0.0
0.349,0.003,6.785,0.0,-0.016,0.0
0.349,0.003,4.705,0.0,-0.008,0.0
0.349,0.003,5.289,0.0,-0.009,0.0
0.349,0.003,5.502,0.0,-0.026,0.0
0.349,0.003,5.164,0.0,-0.018,0.0
0.349,0.003,4.481,0.0,-0.004,0.0
0.349,0.003,4.045,0.0,-0.007,0.0
0.349,0.003,4.734,0.0,-0.022,0.0
0.349,0.003,4.331,0.0,-0.01,0.0
0.349,0.003,4.321,0.0,0.002,0.0
0.349,0.003,5.767,0.0,-0.012,0.0
0.349,0.003,4.737,0.0,-0.018,0.0
0.349,0.003,5.163,0.0,-0.017,0.0
0.349,0.003,4.718,0.0,0.009,0.0
0.349,0.003,5.866,0.0,-0.004,0.0
0.349,0.003,4.263,0.0,-0.016,0.0
0.349,0.003,5.285,0.0,-0.013,0.0
0.349,0.003,4.752,0.0,-0.01,0.0
0.349,0.003,5.244,0.0,-0.01,0.0
0.349,0.003,5.396,0.0,-0.021,0.0
0.349,0.003,4.339,0.0,-0.017,0.0
0.349,0.003,6.304,0.0,-0.007,0.0
0.349,0.003,4.252,0.0,0.001,0.0
0.349,0.003,4.966,0.0,-0.011,0.0
0.349,0.003,4.81,0.0,-0.029,0.0
0.349,0.003,4.762,0.0,-0.004,0.0
0.349,0.003,3.773,0.0,-0.001,0.0
0.349,0.003,5.168,0.0,-0.002,0.0
0.349,0.003,4.802,0.0,-0.016,0.0
0.349,0.003,5.032,0.0,-0.014,0.0
0.349,0.003,4.314,0.0,-0.023,0.0
0.349,0.003,5.743,0.0,-0.007,0.0
0.349,0.003,4.357,0.0,-0.01,0.0
0.349,0.003,4.218,0.0,0.002,0.0
0.349,0.003,5.076,0.0,-0.031,0.0
0.349,0.003,5.133,0.0,0.015,0.0
0.349,0.003,6.27,0.0,0.005,0.0
0.349,0.003,5.72,0.0,0.011,0.0
0.349,0.003,6.502,0.0,-0.013,0.0
0.349,0.003,3.982,0.0,0.013,0.0
0.349,0.003,5.02,0.0,-0.018,0.0
0.349,0.003,5.12,0.0,-0.027,0.0
0.349,0.003,4.049,0.0,0.002,0.0
0.349,0.003,5.676,0.0,0.002,0.0
0.349,0.003,5.248,0.0,-0.003,0.0
0.349,0.003,6.126,0.0,-0.001,0.0
0.349,0.003,4.911,0.0,0.017,0.0
0.349,0.003,4.847,0.0,0.012,0.0
0.349,0.003,4.221,0.0,-0.008,0.0
0.349,0.003,5.44,0.0,-0.004,0.0
0.349,0.003,5.555,0.0,0.018,0.0
0.349,0.003,5.255,0.0,0.014,0.0
0.349,0.003,5.092,0.0,-0.006,0.0
0.349,0.003,5.942,0.0,0.001,0.0
0.349,0.003,5.022,0.0,-0.006,0.0
0.349,0.003,5.408,0.0,-0.009,0.0
0.349,0.003,4.774,0.0,-0.002,0.0
0.349,0.003,4.021,0.0,-0.004,0.0
0.349,0.003,4.597,0.0,-0.02,0.0
0.349,0.003,5.907,0.0,0.005,0.0
0.349,0.003,5.154,0.0,-0.008,0.0
0.35,0.003,5.432,0.0,0.004,0.0
0.35,0.007,4.464,0.0,0.002,0.0
0.35,0.003,5.565,0.0,0.004,0.0
0.35,0.003,4.599,0.0,-0.018,0.0
0.35,0.003,5.393,0.0,-0.017,0.0
0.35,0.003,5.587,0.0,-0.013,0.0
0.35,0.003,4.91,0.0,-0.012,0.0
0.35,0.003,4.951,0.0,-0.016,0.0
0.35,0.003,4.621,0.0,-0.027,0.0
0.35,0.003,5.164,0.0,-0.013,0.0
0.35,0.003,5.402,0.0,0.012,0.0
0.35,0.003,4.344,0.0,-0.001,0.0
0.35,0.003,4.692,0.0,-0.029,0.0
0.35,0.003,5.001,0.0,-0.005,0.0
0.35,0.003,4.376,0.0,0.007,0.0
0.35,0.003,5.689,0.0,-0.016,0.0
0.35,0.003,4.935,0.0,0.004,0.0
0.35,0.003,5.047,0.0,0.001,0.0
0.35,0.003,5.958,0.0,0.005,0.0
0.35,0.003,4.534,0.0,0.002,0.0
0.35,0.003,4.634,0.0,0.006,0.0
0.35,0.003,5.508,0.0,-0.002,0.0
0.35,0.003,5.562,0.0,-0.016,0.0
0.35,0.003,5.072,0.0,-0.016,0.0
0.35,0.003,5.474,0.0,-0.011,0.0
0.35,0.003,4.945,0.0,0.002,0.0
0.35,0.003,5.594,0.0,0.004,0.0
0.35,0.003,4.398,0.0,-0.005,0.0
0.35,0.003,4.548,0.0,-0.021,0.0
0.35,0.003,5.278,0.0,-0.034,0.0
0.35,0.003,5.156,0.0,0.008,0.0
0.35,0.003,3.917,0.0,0.01,0.0
0.35,0.003,5.244,0.0,0.009,0.0
0.35,0.003,4.724,0.0,-0.01,0.0
0.35,0.003,4.461,0.0,-0.009,0.0
0.35,0.003,4.39,0.0,-0.022,0.0
0.35,0.003,4.573,0.0,-0.0,0.0
0.35,0.003,4.309,0.0,-0.013,0.0
0.35,0.003,4.89,0.0,-0.016,0.0
0.35,0.003,3.535,0.0,-0.021,0.0
0.35,0.003,5.417,0.0,-0.019,0.0
0.35,0.003,6.185,0.0,-0.011,0.0
0.35,0.003,4.81,0.0,-0.005,0.0
0.35,0.003,3.979,0.0,0.01,0.0
0.35,0.003,4.363,0.0,-0.024,0.0
0.35,0.003,5.134,0.0,-0.007,0.0
0.35,0.003,4.113,0.0,0.005,0.0
0.35,0.003,4.527,0.0,0.008,0.0
0.35,0.003,5.65,0.0,0.004,0.0
0.35,0.003,4.49,0.0,-0.019,0.0
0.35,0.003,5.414,0.0,0.004,0.0
0.35,0.003,5.255,0.0,0.003,0.0
0.35,0.003,4.884,0.0,-0.006,0.0
0.35,0.003,4.425,0.0,-0.02,0.0
0.35,0.003,4.771,0.0,-0.006,0.0
0.35,0.003,3.998,0.0,0.006,0.0
0.35,0.003,5.399,0.0,-0.019,0.0
0.35,0.003,5.189,0.0,-0.016,0.0
0.35,0.003,4.859,0.0,-0.007,0.0
0.35,0.003,4.845,0.0,-0.02,0.0
0.35,0.003,4.649,0.0,-0.02,0.0
0.35,0.003,3.761,0.0,-0.015,0.0
0.35,0.003,5.663,0.0,-0.019,0.0
0.35,0.003,4.967,0.0,-0.014,0.0
0.35,0.003,5.322,0.0,0.017,0.0
0.35,0.003,4.551,0.0,0.008,0.0
0.35,0.003,5.406,0.0,-0.005,0.0
0.35,0.003,5.086,0.0,0.007,0.0
0.35,0.003,4.414,0.0,-0.019,0.0
0.35,0.003,4.253,0.0,-0.002,0.0
0.35,0.003,4.141,0.0,-0.015,0.0
0.35,0.003,4.544,0.0,-0.012,0.0
0.35,0.003,5.463,0.0,0.01,0.0
0.35,0.003,5.247,0.0,-0.028,0.0
0.35,0.003,5.268,0.0,-0.007,0.0
0.351,0.003,4.106,0.0,0.002,0.0
0.351,0.003,5.82,0.0,-0.005,0.0
0.351,0.003,5.007,0.0,0.015,0.0
0.351,0.003,4.657,0.0,-0.013,0.0
0.351,0.003,5.608,0.0,-0.018,0.0
0.351,0.003,5.004,0.0,-0.009,0.0
0.351,0.003,6.541,0.0,-0.001,0.0
0.351,0.003,5.225,0.0,-0.017,0.0
0.351,0.003,4.89,0.0,0.0,0.0
0.351,0.003,5.043,0.0,-0.007,0.0
0.351,0.003,6.848,0.0,-0.026,0.0
0.351,0.003,4.814,0.0,-0.01,0.0
0.351,0.003,4.399,0.0,-0.019,0.0
0.351,0.003,4.486,0.0,-0.008,0.0
0.351,0.003,5.131,0.0,-0.019,0.0
0.351,0.003,4.31,0.0,0.013,0.0
0.351,0.003,5.324,0.0,0.011,0.0
0.351,0.003,4.173,0.0,0.011,0.0
0.351,0.003,5.711,0.0,-0.013,0.0
0.351,0.003,5.775,0.0,-0.008,0.0
0.351,0.003,4.805,0.0,-0.014,0.0
0.351,0.003,5.442,0.0,-0.004,0.0
0.351,0.003,6.589,0.0,-0.011,0.0
0.351,0.003,3.391,0.0,-0.001,0.0
0.351,0.003,5.167,0.0,-0.007,0.0
0.351,0.003,5.404,0.0,-0.013,0.0
0.351,0.003,5.452,0.0,-0.01,0.0
0.351,0.003,4.118,0.0,-0.01,0.0
0.351,0.003,4.966,0.0,-0.003,0.0
0.351,0.003,5.571,0.0,0.005,0.0
0.351,0.003,5.151,0.0,-0.023,0.0
0.351,0.003,4.887,0.0,-0.014,0.0
0.351,0.003,4.837,0.0,-0.007,0.0
0.351,0.003,6.063,0.0,-0.004,0.0
0.351,0.003,4.884,0.0,0.014,0.0
0.351,0.003,3.381,0.0,-0.007,0.0
0.351,0.003,5.009,0.0,-0.001,0.0
0.351,0.003,3.969,0.0,0.003,0.0
0.351,0.003,5.674,0.0,0.0,0.0
0.351,0.003,3.482,0.0,-0.003,0.0
0.351,0.003,5.7,0.0,0.016,0.0
0.351,0.003,5.158,0.0,-0.001,0.0
0.351,0.003,5.495,0.0,-0.016,0.0
0.351,0.003,4.884,0.0,0.004,0.0
0.351,0.003,4.79,0.0,-0.011,0.0
0.351,0.003,4.437,0.0,-0.003,0.0
0.351,0.003,3.402,0.0,0.009,0.0
0.351,0.003,5.277,0.0,-0.002,0.0
0.351,0.003,5.477,0.0,0.016,0.0
0.351,0.003,5.291,0.0,-0.012,0.0
0.351,0.003,4.825,0.0,-0.016,0.0
0.351,0.003,4.579,0.0,-0.003,0.0
0.351,0.003,5.887,0.0,-0.017,0.0
0.351,0.003,4.519,0.0,-0.009,0.0
0.351,0.003,5.398,0.0,-0.001,0.0
0.351,0.003,5.667,0.0,0.001,0.0
0.351,0.003,5.746,0.0,-0.012,0.0
0.351,0.003,5.832,0.0,-0.009,0.0
0.351,0.003,4.855,0.0,-0.018,0.0
0.351,0.003,5.673,0.0,0.016,0.0
0.351,0.003,5.242,0.0,0.0,0.0
0.351,0.003,4.275,0.0,0.007,0.0
0.351,0.003,5.905,0.0,-0.011,0.0
0.351,0.003,4.96,0.0,0.001,0.0
0.351,0.003,6.281,0.0,-0.01,0.0
0.351,0.003,3.314,0.0,0.006,0.0
0.352,0.003,5.667,0.0,-0.014,0.0
0.352,0.003,6.178,0.0,-0.011,0.0
0.352,0.003,4.252,0.0,0.007,0.0
0.352,0.003,4.96,0.0,0.008,0.0
0.352,0.003,4.038,0.0,-0.022,0.0
0.352,0.003,4.548,0.0,0.002,0.0
0.352,0.003,5.257,0.0,0.011,0.0
0.352,0.003,5.598,0.0,0.003,0.0
0.352,0.003,4.388,0.0,0.013,0.0
0.352,0.003,4.225,0.0,-0.024,0.0
0.352,0.003,5.097,0.0,-0.011,0.0
0.352,0.003,5.076,0.0,-0.011,0.0
0.352,0.003,4.781,0.0,-0.011,0.0
0.352,0.003,5.747,0.0,-0.004,0.0
0.352,0.003,4.598,0.0,-0.011,0.0
0.352,0.007,4.877,0.0,-0.016,0.0
0.352,0.003,6.544,0.0,-0.023,0.0
0.352,0.003,5.577,0.0,-0.009,0.0
0.352,0.003,4.423,0.0,0.002,0.0
0.352,0.003,4.457,0.0,-0.017,0.0
0.352,0.003,5.367,0.0,0.007,0.0
0.352,0.003,4.535,0.0,-0.019,0.0
0.352,0.003,5.596,0.0,-0.003,0.0
0.352,0.003,5.043,0.0,-0.003,0.0
0.352,0.003,6.152,0.0,-0.01,0.0
0.352,0.003,6.465,0.0,-0.004,0.0
0.352,0.003,5.231,0.0,-0.002,0.0
0.352,0.003,4.418,0.0,0.009,0.0
0.352,0.003,3.912,0.0,0.016,0.0
0.352,0.003,4.281,0.0,-0.007,0.0
0.352,0.003,5.046,0.0,-0.011,0.0
0.352,0.003,4.406,0.0,0.005,0.0
0.352,0.003,4.987,0.0,-0.002,0.0
0.352,0.003,5.081,0.0,-0.007,0.0
0.352,0.003,5.528,0.0,-0.003,0.0
0.352,0.003,4.596,0.0,-0.002,0.0
0.352,0.003,5.837,0.0,-0.009,0.0
0.352,0.003,5.119,0.0,-0.018,0.0
0.352,0.003,5.511,0.0,-0.018,0.0
0.352,0.003,4.733,0.0,-0.011,0.0
0.352,0.003,4.651,0.0,-0.011,0.0
0.352,0.003,4.977,0.0,-0.028,0.0
0.352,0.003,4.302,0.0,-0.025,0.0
0.352,0.003,5.86,0.0,-0.018,0.0
0.352,0.003,5.274,0.0,0.003,0.0
0.352,0.003,3.684,0.0,-0.003,0.0
0.352,0.003,4.969,0.0,-0.019,0.0
0.352,0.003,4.712,0.0,-0.003,0.0
0.352,0.003,4.324,0.0,-0.017,0.0
0.352,0.003,4.798,0.0,-0.017,0.0
0.352,0.003,4.72,0.0,-0.009,0.0
0.352,0.003,5.553,0.0,-0.031,0.0
0.352,0.003,5.665,0.0,0.013,0.0
0.352,0.003,6.337,0.0,-0.009,0.0
0.352,0.003,4.904,0.0,-0.002,0.0
0.352,0.003,4.928,0.0,-0.017,0.0
0.352,0.003,5.462,0.0,-0.024,0.0
0.352,0.003,4.211,0.0,0.015,0.0
0.352,0.003,4.769,0.0,-0.013,0.0
0.352,0.003,5.389,0.0,-0.024,0.0
0.352,0.003,5.083,0.0,-0.022,0.0
0.352,0.003,3.75,0.0,-0.002,0.0
0.352,0.003,5.196,0.0,0.0,0.0
0.353,0.003,4.751,0.0,0.0,0.0
0.353,0.003,4.31,0.0,0.013,0.0
0.353,0.003,5.432,0.0,-0.011,0.0
0.353,0.003,6.009,0.0,-0.008,0.0
0.353,0.003,5.26,0.0,0.003,0.0
0.353,0.003,4.212,0.0,0.005,0.0
0.353,0.003,3.435,0.0,0.011,0.0
0.353,0.003,5.43,0.0,-0.014,0.0
0.353,0.003,4.309,0.0,-0.0,0.0
0.353,0.003,5.253,0.0,-0.006,0.0
0.353,0.003,5.942,0.0,-0.007,0.0
0.353,0.003,4.831,0.0,-0.007,0.0
0.353,0.003,4.121,0.0,0.014,0.0
0.353,0.003,4.968,0.0,0.001,0.0
0.353,0.003,5.441,0.0,-0.023,0.0
0.353,0.003,4.575,0.0,-0.01,0.0
0.353,0.003,4.078,0.0,0.006,0.0
0.353,0.003,5.654,0.0,-0.019,0.0
0.353,0.003,5.165,0.0,-0.006,0.0
0.353,0.003,5.521,0.0,-0.016,0.0
0.353,0.003,4.987,0.0,0.017,0.0
0.353,0.003,6.828,0.0,0.001,0.0
0.353,0.003,4.852,0.0,-0.007,0.0
0.353,0.003,4.533,0.0,-0.001,0.0
0.353,0.003,5.401,0.0,0.008,0.0
0.353,0.003,4.205,0.0,-0.008,0.0
0.353,0.003,4.976,0.0,-0.02,0.0
0.353,0.003,5.152,0.0,0.001,0.0
0.353,0.003,5.114,0.0,-0.013,0.0
0.353,0.003,4.461,0.0,-0.006,0.0
0.353,0.003,4.551,0.0,0.011,0.0
0.353,0.003,4.619,0.0,-0.023,0.0
0.353,0.003,4.194,0.0,0.002,0.0
0.353,0.003,4.71,0.0,-0.016,0.0
0.353,0.003,4.506,0.0,-0.02,0.0
0.353,0.003,5.298,0.0,-0.016,0.0
0.353,0.003,4.189,0.0,0.002,0.0
0.353,0.003,4.256,0.0,-0.009,0.0
0.353,0.003,4.738,0.0,-0.015,0.0
0.353,0.003,5.5,0.0,-0.018,0.0
0.353,0.003,4.971,0.0,-0.015,0.0
0.353,0.003,4.629,0.0,0.02,0.0
0.353,0.003,4.978,0.0,-0.01,0.0
0.353,0.003,4.622,0.0,0.002,0.0
0.353,0.003,5.539,0.0,0.005,0.0
0.353,0.003,5.912,0.0,0.005,0.0
0.353,0.003,5.387,0.0,0.002,0.0
0.353,0.003,4.968,0.0,0.007,0.0
0.353,0.003,5.769,0.0,-0.012,0.0
0.353,0.003,3.226,0.0,-0.011,0.0
0.353,0.003,4.68,0.0,-0.001,0.0
0.353,0.003,4.063,0.0,-0.002,0.0
0.353,0.003,4.082,0.0,0.017,0.0
0.353,0.003,5.457,0.0,0.005,0.0
0.353,0.003,6.107,0.0,-0.013,0.0
0.353,0.003,4.896,0.0,-0.013,0.0
0.353,0.003,5.884,0.0,-0.01,0.0
0.353,0.003,5.06,0.0,-0.022,0.0
0.353,0.003,5.519,0.0,-0.013,0.0
0.353,0.003,5.428,0.0,-0.014,0.0
0.353,0.003,5.126,0.0,-0.021,0.0
0.353,0.003,4.883,0.0,0.011,0.0
0.353,0.003,5.303,0.0,0.002,0.0
0.353,0.003,4.561,0.0,0.002,0.0
0.353,0.003,4.915,0.0,0.001,0.0
0.353,0.003,4.484,0.0,0.007,0.0
0.353,0.003,6.107,0.0,-0.012,0.0
0.354,0.003,5.72,0.0,0.004,0.0
0.354,0.003,5.299,0.0,0.008,0.0
0.354,0.003,4.87,0.0,-0.001,0.0
0.354,0.003,4.614,0.0,0.004,0.0
0.354,0.003,4.676,0.0,-0.01,0.0
0.354,0.003,4.728,0.0,-0.008,0.0
0.354,0.003,5.788,0.0,-0.003,0.0
0.354,0.003,4.743,0.0,-0.003,0.0
0.354,0.003,4.675,0.0,0.019,0.0
0.354,0.003,4.824,0.0,0.001,0.0
0.354,0.003,4.728,0.0,-0.026,0.0
0.354,0.003,4.851,0.0,0.0,0.0
0.354,0.003,5.252,0.0,0.01,0.0
0.354,0.003,6.407,0.0,-0.007,0.0
0.354,0.003,4.295,0.0,-0.009,0.0
0.354,0.003,4.777,0.0,-0.025,0.0
0.354,0.003,5.428,0.0,-0.02,0.0
0.354,0.003,4.094,0.0,-0.015,0.0
0.354,0.003,5.18,0.0,-0.008,0.0
0.354,0.003,4.743,0.0,0.007,0.0
0.354,0.003,4.849,0.0,-0.017,0.0
0.354,0.003,4.193,0.0,0.002,0.0
0.354,0.003,4.708,0.0,-0.003,0.0
0.354,0.003,6.325,0.0,0.002,0.0
0.354,0.003,5.438,0.0,-0.013,0.0
0.354,0.003,5.903,0.0,-0.003,0.0
0.354,0.003,5.038,0.0,-0.022,0.0
0.354,0.003,4.414,0.0,-0.003,0.0
0.354,0.003,5.676,0.0,-0.019,0.0
0.354,0.003,5.98,0.0,-0.006,0.0
0.354,0.003,4.89,0.0,0.014,0.0
0.354,0.003,4.072,0.0,0.001,0.0
0.354,0.003,5.738,0.0,-0.005,0.0
0.354,0.003,4.983,0.0,-0.005,0.0
0.354,0.003,5.69,0.0,0.004,0.0
0.354,0.003,5.306,0.0,-0.018,0.0
0.354,0.003,4.491,0.0,-0.032,0.0
0.354,0.003,5.7,0.0,-0.016,0.0
0.354,0.003,3.421,0.0,-0.018,0.0
0.354,0.003,5.773,0.0,-0.014,0.0
0.354,0.003,4.424,0.0,-0.015,0.0
0.354,0.003,4.752,0.0,0.022,0.0
0.354,0.003,3.775,0.0,-0.016,0.0
0.354,0.003,4.698,0.0,-0.011,0.0
0.354,0.003,5.847,0.0,-0.026,0.0
0.354,0.003,6.146,0.0,-0.017,0.0
0.354,0.003,4.03,0.0,-0.008,0.0
0.354,0.003,5.947,0.0,-0.002,0.0
0.354,0.003,3.981,0.0,-0.013,0.0
0.354,0.003,5.243,0.0,-0.001,0.0
0.354,0.003,5.751,0.0,0.0,0.0
0.354,0.003,5.523,0.0,-0.013,0.0
0.354,0.003,4.054,0.0,-0.016,0.0
0.354,0.003,6.238,0.0,-0.007,0.0
0.354,0.003,4.361,0.0,0.01,0.0
0.354,0.003,5.343,0.0,0.011,0.0
0.354,0.003,3.845,0.0,0.014,0.0
0.354,0.003,5.107,0.0,-0.007,0.0
0.354,0.003,5.617,0.0,-0.002,0.0
0.354,0.003,4.806,0.0,0.004,0.0
0.354,0.003,5.215,0.0,-0.004,0.0
0.354,0.003,4.879,0.0,-0.005,0.0
0.354,0.003,4.562,0.0,0.019,0.0
0.354,0.003,4.884,0.0,-0.005,0.0
0.354,0.003,5.926,0.0,-0.003,0.0
0.354,0.003,5.661,0.0,-0.008,0.0
0.354,0.003,4.333,0.0,0.004,0.0
0.354,0.003,4.49,0.0,0.008,0.0
0.354,0.003,4.903,0.0,-0.009,0.0
0.354,0.003,5.781,0.0,-0.023,0.0
0.354,0.003,4.807,0.0,0.003,0.0
0.354,0.003,4.938,0.0,-0.028,0.0
0.355,0.003,5.81,0.0,-0.007,0.0
0.355,0.003,5.629,0.0,0.011,0.0
0.355,0.003,5.201,0.0,-0.003,0.0
0.355,0.003,5.725,0.0,-0.0,0.0
0.355,0.003,6.252,0.0,-0.002,0.0
0.355,0.003,4.68,0.0,-0.021,0.0
0.355,0.003,4.544,0.0,-0.008,0.0
0.355,0.003,5.368,0.0,-0.03,0.0
0.355,0.003,6.147,0.0,-0.014,0.0
0.355,0.003,4.242,0.0,-0.002,0.0
0.355,0.003,4.667,0.0,-0.012,0.0
0.355,0.003,5.05,0.0,0.002,0.0
0.355,0.003,5.731,0.0,-0.005,0.0
0.355,0.003,5.153,0.0,-0.004,0.0
0.355,0.003,5.425,0.0,-0.001,0.0
0.355,0.003,3.91,0.0,0.011,0.0
0.355,0.003,4.471,0.0,-0.005,0.0
0.355,0.003,2.529,0.0,0.007,0.0
0.355,0.003,4.962,0.0,0.003,0.0
0.355,0.003,5.498,0.0,-0.009,0.0
0.355,0.003,6.06,0.0,-0.018,0.0
0.355,0.003,4.744,0.0,-0.013,0.0
0.355,0.003,4.278,0.0,0.002,0.0
0.355,0.003,4.97,0.0,-0.001,0.0
0.355,0.003,4.207,0.0,-0.002,0.0
0.355,0.003,4.294,0.0,-0.014,0.0
0.355,0.003,4.693,0.0,0.011,0.0
0.355,0.003,4.066,0.0,0.008,0.0
0.355,0.003,5.254,0.0,0.015,0.0
0.355,0.003,4.262,0.0,-0.018,0.0
0.355,0.003,4.368,0.0,0.002,0.0
0.355,0.003,5.969,0.0,-0.001,0.0
0.355,0.003,5.055,0.0,-0.009,0.0
0.355,0.003,5.154,0.0,-0.02,0.0
0.355,0.003,3.512,0.0,0.017,0.0
0.355,0.003,5.295,0.0,-0.016,0.0
0.355,0.003,6.581,0.0,-0.005,0.0
0.355,0.003,4.843,0.0,-0.005,0.0
0.355,0.003,4.959,0.0,-0.008,0.0
0.355,0.003,4.438,0.0,0.002,0.0
0.355,0.003,6.116,0.0,-0.024,0.0
0.355,0.003,6.125,0.0,-0.02,0.0
0.355,0.003,4.233,0.0,-0.01,0.0
0.355,0.003,4.618,0.0,0.0,0.0
0.355,0.003,4.225,0.0,-0.003,0.0
0.355,0.003,4.331,0.0,-0.005,0.0
0.355,0.003,4.265,0.0,0.005,0.0
0.355,0.003,4.719,0.0,-0.004,0.0
0.355,0.003,4.941,0.0,-0.01,0.0
0.355,0.003,5.133,0.0,-0.024,0.0
0.355,0.003,5.661,0.0,-0.003,0.0
0.355,0.003,4.495,0.0,-0.012,0.0
0.355,0.003,5.887,0.0,-0.018,0.0
0.355,0.003,4.377,0.0,-0.011,0.0
0.355,0.003,4.905,0.0,-0.005,0.0
0.355,0.003,4.9,0.0,0.001,0.0
0.355,0.003,4.343,0.0,0.006,0.0
0.355,0.003,4.075,0.0,-0.018,0.0
0.355,0.003,5.062,0.0,-0.01,0.0
0.355,0.003,4.161,0.0,0.004,0.0
0.355,0.003,4.33,0.0,-0.005,0.0
0.355,0.003,6.055,0.0,-0.017,0.0
0.355,0.003,5.491,0.0,0.013,0.0
0.355,0.003,4.076,0.0,-0.001,0.0
0.355,0.003,4.772,0.0,-0.006,0.0
0.355,0.003,4.174,0.0,-0.017,0.0
0.355,0.003,6.157,0.0,-0.017,0.0
0.355,0.003,5.249,0.0,0.001,0.0
0.355,0.003,4.962,0.0,-0.004,0.0
0.355,0.003,4.11,0.0,-0.019,0.0
0.355,0.003,3.943,0.0,-0.002,0.0
0.356,0.003,5.036,0.0,-0.018,0.0
0.356,0.003,4.496,0.0,0.004,0.0
0.356,0.003,5.741,0.0,-0.009,0.0
0.356,0.003,4.737,0.0,0.017,0.0
0.356,0.003,4.64,0.0,-0.027,0.0
0.356,0.003,4.763,0.0,0.006,0.0
0.356,0.003,4.869,0.0,-0.014,0.0
0.356,0.003,4.201,0.0,0.001,0.0
0.356,0.003,5.351,0.0,-0.025,0.0
0.356,0.003,5.558,0.0,-0.008,0.0
0.356,0.003,4.35,0.0,-0.003,0.0
0.356,0.003,4.161,0.0,-0.006,0.0
0.356,0.003,5.762,0.0,0.012,0.0
0.356,0.003,3.797,0.0,0.003,0.0
0.356,0.003,4.805,0.0,-0.004,0.0
0.356,0.003,5.017,0.0,0.026,0.0
0.356,0.003,4.659,0.0,-0.003,0.0
0.356,0.003,4.022,0.0,-0.021,0.0
0.356,0.003,3.872,0.0,-0.0,0.0
0.356,0.003,5.297,0.0,-0.014,0.0
0.356,0.003,4.412,0.0,0.004,0.0
0.356,0.003,5.245,0.0,0.014,0.0
0.356,0.003,3.88,0.0,0.001,0.0
0.356,0.003,5.847,0.0,0.01,0.0
0.356,0.003,6.554,0.0,-0.012,0.0
0.356,0.003,5.232,0.0,-0.008,0.0
0.356,0.003,5.735,0.0,-0.011,0.0
0.356,0.003,6.136,0.0,-0.006,0.0
0.356,0.003,5.165,0.0,-0.012,0.0
0.356,0.003,3.742,0.0,0.009,0.0
0.356,0.003,4.491,0.0,-0.019,0.0
0.356,0.003,3.969,0.0,-0.008,0.0
0.356,0.003,4.992,0.0,-0.003,0.0
0.356,0.003,6.096,0.0,-0.007,0.0
0.356,0.003,5.614,0.0,0.005,0.0
0.356,0.003,6.216,0.0,0.002,0.0
0.356,0.003,5.891,0.0,-0.02,0.0
0.356,0.003,4.316,0.0,-0.008,0.0
0.356,0.003,4.484,0.0,-0.007,0.0
0.356,0.003,4.957,0.0,0.004,0.0
0.356,0.003,4.353,0.0,0.008,0.0
0.356,0.003,5.53,0.0,0.002,0.0
0.356,0.003,5.305,0.0,0.005,0.0
0.356,0.003,4.595,0.0,0.004,0.0
0.356,0.003,4.39,0.0,-0.012,0.0
0.356,0.003,4.537,0.0,0.007,0.0
0.356,0.003,4.36,0.0,-0.001,0.0
0.356,0.003,4.776,0.0,-0.038,0.0
0.356,0.003,4.776,0.0,-0.008,0.0
0.356,0.003,4.435,0.0,0.004,0.0
0.356,0.003,5.777,0.0,0.002,0.0
0.356,0.003,3.012,0.0,0.003,0.0
0.356,0.003,4.121,0.0,-0.01,0.0
0.356,0.003,4.65,0.0,-0.019,0.0
0.356,0.003,4.67,0.0,-0.001,0.0
0.356,0.003,4.548,0.0,-0.007,0.0
0.356,0.003,5.25,0.0,-0.003,0.0
0.356,0.003,4.007,0.0,-0.015,0.0
0.356,0.003,5.295,0.0,-0.005,0.0
0.356,0.003,2.735,0.0,0.001,0.0
0.356,0.003,7.086,0.0,-0.028,0.0
0.356,0.003,6.293,0.0,-0.009,0.0
0.356,0.003,4.698,0.0,-0.023,0.0
0.356,0.003,6.072,0.0,0.003,0.0
0.356,0.003,5.522,0.0,0.011,0.0
0.356,0.003,4.643,0.0,-0.021,0.0
0.357,0.003,3.869,0.0,-0.002,0.0
0.357,0.003,4.028,0.0,0.01,0.0
0.357,0.003,5.089,0.0,-0.006,0.0
0.357,0.003,5.741,0.0,0.0,0.0
0.357,0.003,5.898,0.0,-0.009,0.0
0.357,0.003,5.492,0.0,-0.032,0.0
0.357,0.003,5.282,0.0,-0.024,0.0
0.357,0.003,4.832,0.0,-0.02,0.0
0.357,0.003,4.197,0.0,0.01,0.0
0.357,0.003,5.73,0.0,0.004,0.0
0.357,0.003,4.162,0.0,0.004,0.0
0.357,0.003,4.853,0.0,-0.015,0.0
0.357,0.003,4.131,0.0,-0.008,0.0
0.357,0.003,4.469,0.0,0.005,0.0
0.357,0.003,4.999,0.0,0.006,0.0
0.357,0.003,4.787,0.0,-0.01,0.0
0.357,0.003,5.212,0.0,0.006,0.0
0.357,0.003,3.639,0.0,0.007,0.0
0.357,0.003,4.981,0.0,-0.02,0.0
0.357,0.003,6.162,0.0,0.002,0.0
0.357,0.003,4.628,0.0,-0.002,0.0
0.357,0.003,6.075,0.0,-0.017,0.0
0.357,0.003,5.411,0.0,0.006,0.0
0.357,0.003,5.067,0.0,-0.002,0.0
0.357,0.003,5.315,0.0,-0.02,0.0
0.357,0.003,4.525,0.0,0.003,0.0
0.357,0.003,4.229,0.0,0.006,0.0
0.357,0.003,5.246,0.0,-0.015,0.0
0.357,0.003,5.592,0.0,-0.022,0.0
0.357,0.003,4.875,0.0,-0.005,0.0
0.357,0.003,4.081,0.0,0.012,0.0
0.357,0.003,4.272,0.0,0.017,0.0
0.357,0.003,4.933,0.0,-0.005,0.0
0.357,0.003,5.213,0.0,0.005,0.0
0.357,0.003,4.405,0.0,0.011,0.0
0.357,0.003,4.182,0.0,-0.023,0.0
0.357,0.003,3.76,0.0,-0.02,0.0
0.357,0.003,4.392,0.0,-0.019,0.0
0.357,0.003,4.732,0.0,-0.008,0.0
0.357,0.003,5.014,0.0,-0.004,0.0
0.357,0.003,5.992,0.0,-0.003,0.0
0.357,0.003,5.585,0.0,0.005,0.0
0.357,0.003,5.181,0.0,-0.018,0.0
0.357,0.003,5.583,0.0,0.012,0.0
0.357,0.003,4.357,0.0,0.004,0.0
0.357,0.003,4.67,0.0,-0.018,0.0
0.357,0.003,4.019,0.0,-0.013,0.0
0.357,0.003,4.586,0.0,-0.007,0.0
0.357,0.003,5.004,0.0,0.013,0.0
0.357,0.003,5.259,0.0,0.008,0.0
0.357,0.003,5.365,0.0,-0.005,0.0
0.357,0.003,6.134,0.0,-0.006,0.0
0.357,0.003,5.647,0.0,0.002,0.0
0.357,0.003,4.81,0.0,-0.035,0.0
0.357,0.003,4.542,0.0,0.002,0.0
0.357,0.003,4.258,0.0,0.001,0.0
0.357,0.003,3.812,0.0,-0.008,0.0
0.358,0.003,4.903,0.0,-0.015,0.0
0.358,0.003,5.724,0.0,-0.013,0.0
0.358,0.003,5.967,0.0,-0.01,0.0
0.358,0.003,4.053,0.0,0.0,0.0
0.358,0.003,3.817,0.0,-0.016,0.0
0.358,0.003,3.908,0.0,0.011,0.0
0.358,0.003,5.776,0.0,-0.009,0.0
0.358,0.003,5.126,0.0,0.018,0.0
0.358,0.003,5.113,0.0,-0.004,0.0
0.358,0.003,5.023,0.0,0.015,0.0
0.358,0.003,5.059,0.0,0.004,0.0
0.358,0.003,5.091,0.0,0.002,0.0
0.358,0.003,5.13,0.0,-0.018,0.0
0.358,0.003,4.934,0.0,-0.012,0.0
0.358,0.003,4.709,0.0,0.007,0.0
0.358,0.003,5.065,0.0,-0.004,0.0
0.358,0.003,5.024,0.0,0.022,0.0
0.358,0.003,5.686,0.0,0.01,0.0
0.358,0.003,4.457,0.0,-0.029,0.0
0.358,0.003,5.345,0.0,0.006,0.0
0.358,0.003,5.131,0.0,-0.023,0.0
0.358,0.003,6.322,0.0,-0.012,0.0
0.358,0.003,6.168,0.0,0.001,0.0
0.358,0.003,4.228,0.0,-0.016,0.0
0.358,0.003,4.069,0.0,-0.006,0.0
0.358,0.003,5.141,0.0,-0.014,0.0
0.358,0.003,4.451,0.0,0.002,0.0
0.358,0.003,5.057,0.0,-0.002,0.0
0.358,0.003,4.378,0.0,-0.007,0.0
0.358,0.003,6.677,0.0,0.003,0.0
0.358,0.003,4.368,0.0,-0.014,0.0
0.358,0.003,4.677,0.0,-0.011,0.0
0.358,0.003,4.241,0.0,0.003,0.0
0.358,0.003,5.467,0.0,-0.004,0.0
0.358,0.003,4.553,0.0,-0.023,0.0
0.358,0.003,4.886,0.0,-0.004,0.0
0.358,0.003,5.249,0.0,-0.02,0.0
0.358,0.003,4.947,0.0,-0.009,0.0
0.358,0.003,4.541,0.0,-0.003,0.0
0.358,0.003,5.611,0.0,-0.003,0.0
0.358,0.003,4.68,0.0,0.001,0.0
0.358,0.003,6.089,0.0,-0.01,0.0
0.358,0.003,5.606,0.0,0.002,0.0
0.358,0.003,4.905,0.0,-0.009,0.0
0.358,0.003,4.963,0.0,-0.035,0.0
0.358,0.003,4.188,0.0,-0.004,0.0
0.358,0.003,6.343,0.0,-0.013,0.0
0.358,0.003,5.1,0.0,-0.023,0.0
0.358,0.003,4.81,0.0,-0.013,0.0
0.358,0.003,5.112,0.0,0.005,0.0
0.358,0.003,5.622,0.0,-0.011,0.0
0.358,0.003,4.594,0.0,0.009,0.0
0.358,0.003,3.788,0.0,0.007,0.0
0.358,0.003,5.342,0.0,0.011,0.0
0.358,0.003,7.364,0.0,-0.005,0.0
0.358,0.003,2.754,0.0,-0.002,0.0
0.358,0.003,3.878,0.0,-0.011,0.0
0.358,0.003,5.443,0.0,-0.017,0.0
0.358,0.003,5.339,0.0,-0.01,0.0
0.358,0.003,4.378,0.0,0.002,0.0
0.358,0.003,5.671,0.0,-0.007,0.0
0.358,0.003,4.828,0.0,-0.021,0.0
0.358,0.003,5.496,0.0,-0.021,0.0
0.358,0.003,5.666,0.0,-0.004,0.0
0.358,0.003,4.643,0.0,-0.018,0.0
0.359,0.003,4.921,0.0,-0.024,0.0
0.359,0.003,4.44,0.0,0.002,0.0
0.359,0.003,3.782,0.0,0.014,0.0
0.359,0.003,3.97,0.0,0.004,0.0
0.359,0.003,3.998,0.0,-0.018,0.0
0.359,0.003,5.526,0.0,0.001,0.0
0.359,0.003,4.007,0.0,0.002,0.0
0.359,0.003,4.261,0.0,-0.014,0.0
0.359,0.003,4.89,0.0,-0.013,0.0
0.359,0.003,5.042,0.0,0.005,0.0
0.359,0.003,4.907,0.0,-0.017,0.0
0.359,0.003,4.419,0.0,-0.012,0.0
0.359,0.003,4.313,0.0,-0.003,0.0
0.359,0.003,4.22,0.0,-0.025,0.0
0.359,0.003,5.163,0.0,-0.026,0.0
0.359,0.003,5.068,0.0,-0.003,0.0
0.359,0.003,4.654,0.0,0.0,0.0
0.359,0.003,5.166,0.0,-0.027,0.0
0.359,0.003,5.26,0.0,0.011,0.0
0.359,0.003,4.246,0.0,0.009,0.0
0.359,0.003,4.767,0.0,-0.019,0.0
0.359,0.003,5.564,0.0,-0.019,0.0
0.359,0.003,6.634,0.0,0.007,0.0
0.359,0.003,4.271,0.0,0.005,0.0
0.359,0.003,6.026,0.0,-0.01,0.0
0.359,0.003,5.732,0.0,-0.024,0.0
0.359,0.003,4.624,0.0,-0.005,0.0
0.359,0.003,4.978,0.0,-0.007,0.0
0.359,0.003,4.403,0.0,0.008,0.0
0.359,0.003,5.111,0.0,0.001,0.0
0.359,0.003,5.438,0.0,-0.018,0.0
0.359,0.003,4.084,0.0,-0.016,0.0
0.359,0.003,4.732,0.0,-0.022,0.0
0.359,0.003,5.675,0.0,-0.014,0.0
0.359,0.003,5.904,0.0,-0.009,0.0
0.359,0.003,3.94,0.0,0.008,0.0
0.359,0.003,4.588,0.0,0.0,0.0
0.359,0.003,4.465,0.0,0.004,0.0
0.359,0.003,4.634,0.0,-0.019,0.0
0.359,0.003,5.312,0.0,0.001,0.0
0.359,0.003,4.69,0.0,-0.002,0.0
0.359,0.003,4.488,0.0,-0.015,0.0
0.359,0.003,4.231,0.0,-0.002,0.0
0.359,0.003,4.236,0.0,-0.007,0.0
0.359,0.003,4.746,0.0,0.008,0.0
0.359,0.003,5.539,0.0,-0.003,0.0
0.359,0.003,5.14,0.0,-0.009,0.0
0.359,0.003,5.247,0.0,-0.005,0.0
0.359,0.003,5.215,0.0,-0.005,0.0
0.359,0.003,4.713,0.0,-0.011,0.0
0.359,0.003,4.492,0.0,-0.017,0.0
0.359,0.003,6.187,0.0,-0.023,0.0
0.359,0.003,4.126,0.0,0.006,0.0
0.359,0.003,5.183,0.0,-0.004,0.0
0.359,0.003,5.014,0.0,-0.016,0.0
0.359,0.003,5.027,0.0,-0.016,0.0
0.359,0.003,4.712,0.0,0.012,0.0
0.359,0.003,6.233,0.0,-0.016,0.0
0.359,0.003,5.385,0.0,0.026,0.0
0.359,0.003,3.436,0.0,-0.002,0.0
0.359,0.003,4.719,0.0,-0.008,0.0
0.359,0.003,4.784,0.0,-0.006,0.0
0.359,0.003,6.257,0.0,-0.005,0.0
0.359,0.003,6.253,0.0,-0.013,0.0
0.359,0.003,5.126,0.0,-0.009,0.0
0.359,0.003,4.693,0.0,0.012,0.0
0.359,0.003,4.219,0.0,0.006,0.0
0.359,0.003,4.747,0.0,0.003,0.0
0.359,0.003,4.135,0.0,-0.004,0.0
0.359,0.003,5.203,0.0,-0.018,0.0
0.359,0.003,5.241,0.0,0.001,0.0
0.359,0.003,5.789,0.0,0.014,0.0
0.359,0.003,4.454,0.0,0.003,0.0
0.36,0.003,4.853,0.0,-0.005,0.0
0.36,0.003,5.628,0.0,-0.011,0.0
0.36,0.003,6.012,0.0,-0.011,0.0
0.36,0.003,4.627,0.0,0.022,0.0
0.36,0.003,4.59,0.0,0.01,0.0
0.36,0.003,4.444,0.0,0.019,0.0
0.36,0.003,4.747,0.0,-0.019,0.0
0.36,0.003,6.555,0.0,-0.015,0.0
0.36,0.003,4.71,0.0,-0.001,0.0
0.36,0.003,5.2,0.0,-0.006,0.0
0.36,0.003,5.365,0.0,-0.02,0.0
0.36,0.003,5.131,0.0,-0.008,0.0
0.36,0.003,5.252,0.0,-0.018,0.0
0.36,0.003,4.977,0.0,0.014,0.0
0.36,0.003,4.656,0.0,0.001,0.0
0.36,0.003,5.283,0.0,-0.003,0.0
0.36,0.003,4.576,0.0,-0.018,0.0
0.36,0.003,5.874,0.0,-0.009,0.0
0.36,0.003,5.553,0.0,-0.011,0.0
0.36,0.003,5.151,0.0,-0.01,0.0
0.36,0.003,5.62,0.0,0.008,0.0
0.36,0.003,5.852,0.0,-0.009,0.0
0.36,0.003,3.058,0.0,0.014,0.0
0.36,0.003,4.249,0.0,-0.02,0.0
0.36,0.003,5.102,0.0,-0.015,0.0
0.36,0.003,4.915,0.0,-0.02,0.0
0.36,0.003,4.72,0.0,-0.025,0.0
0.36,0.003,5.017,0.0,0.001,0.0
0.36,0.003,5.135,0.0,-0.001,0.0
0.36,0.003,5.003,0.0,0.009,0.0
0.36,0.003,4.457,0.0,-0.023,0.0
0.36,0.003,4.948,0.0,0.005,0.0
0.36,0.003,4.409,0.0,0.007,0.0
0.36,0.003,4.728,0.0,0.0,0.0
0.36,0.003,5.163,0.0,-0.01,0.0
0.36,0.003,4.191,0.0,-0.018,0.0
0.36,0.003,5.073,0.0,0.013,0.0
0.36,0.003,5.732,0.0,0.004,0.0
0.36,0.003,4.59,0.0,-0.028,0.0
0.36,0.003,3.518,0.0,0.014,0.0
0.36,0.003,5.373,0.0,0.003,0.0
0.36,0.003,5.374,0.0,0.013,0.0
0.36,0.003,5.036,0.0,-0.014,0.0
0.36,0.003,5.214,0.0,0.009,0.0
0.36,0.003,3.967,0.0,-0.017,0.0
0.36,0.003,5.327,0.0,-0.002,0.0
0.36,0.003,4.59,0.0,-0.005,0.0
0.36,0.003,4.371,0.0,-0.02,0.0
0.36,0.003,4.825,0.0,-0.006,0.0
0.36,0.003,4.477,0.0,-0.015,0.0
0.36,0.003,4.804,0.0,-0.002,0.0
0.36,0.003,3.696,0.0,0.013,0.0
0.36,0.003,5.072,0.0,-0.009,0.0
0.36,0.003,4.272,0.0,0.0,0.0
0.36,0.003,4.456,0.0,-0.017,0.0
0.36,0.003,4.696,0.0,-0.021,0.0
0.36,0.003,5.454,0.0,-0.031,0.0
0.36,0.003,3.248,0.0,0.0,0.0
0.36,0.003,6.058,0.0,0.007,0.0
0.36,0.003,5.676,0.0,0.004,0.0
0.36,0.003,4.672,0.0,-0.008,0.0
0.361,0.003,4.38,0.0,-0.018,0.0
0.361,0.003,5.654,0.0,-0.003,0.0
0.361,0.003,4.879,0.0,0.002,0.0
0.361,0.003,4.455,0.0,0.008,0.0
0.361,0.003,5.987,0.0,-0.018,0.0
0.361,0.003,4.538,0.0,-0.003,0.0
0.361,0.003,4.812,0.0,-0.012,0.0
0.361,0.003,4.387,0.0,-0.006,0.0
0.361,0.003,4.63,0.0,-0.011,0.0
0.361,0.003,5.698,0.0,0.001,0.0
0.361,0.003,5.493,0.0,-0.004,0.0
0.361,0.003,4.846,0.0,-0.003,0.0
0.361,0.003,4.825,0.0,-0.021,0.0
0.361,0.003,5.755,0.0,-0.004,0.0
0.361,0.003,5.461,0.0,0.004,0.0
0.361,0.003,4.376,0.0,0.008,0.0
0.361,0.003,4.743,0.0,-0.017,0.0
0.361,0.003,4.319,0.0,-0.021,0.0
0.361,0.003,4.716,0.0,-0.014,0.0
0.361,0.003,4.535,0.0,-0.003,0.0
0.361,0.003,5.549,0.0,-0.013,0.0
0.361,0.003,5.334,0.0,-0.008,0.0
0.361,0.003,5.268,0.0,-0.012,0.0
0.361,0.003,4.14,0.0,0.011,0.0
0.361,0.003,4.068,0.0,-0.009,0.0
0.361,0.003,5.439,0.0,-0.001,0.0
0.361,0.003,5.062,0.0,-0.025,0.0
0.361,0.003,4.361,0.0,-0.001,0.0
0.361,0.003,5.595,0.0,-0.003,0.0
0.361,0.003,4.635,0.0,-0.004,0.0
0.361,0.003,5.53,0.0,-0.006,0.0
0.361,0.003,4.216,0.0,0.0,0.0
0.361,0.003,4.03,0.0,-0.002,0.0
0.361,0.003,5.837,0.0,-0.008,0.0
0.361,0.003,5.271,0.0,-0.019,0.0
0.361,0.003,4.348,0.0,0.001,0.0
0.361,0.003,6.262,0.0,-0.041,0.0
0.361,0.003,6.184,0.0,-0.023,0.0
0.361,0.003,4.172,0.0,-0.013,0.0
0.361,0.003,4.51,0.0,0.012,0.0
0.361,0.003,5.462,0.0,-0.013,0.0
0.361,0.003,5.113,0.0,0.0,0.0
0.361,0.003,5.525,0.0,-0.012,0.0
0.361,0.003,5.367,0.0,0.003,0.0
0.361,0.003,5.357,0.0,0.001,0.0
0.361,0.003,4.649,0.0,0.013,0.0
0.361,0.003,4.105,0.0,0.016,0.0
0.361,0.003,5.212,0.0,-0.002,0.0
0.361,0.003,5.504,0.0,-0.013,0.0
0.361,0.003,4.496,0.0,0.005,0.0
0.361,0.003,5.241,0.0,0.001,0.0
0.361,0.003,3.853,0.0,0.0,0.0
0.361,0.003,4.91,0.0,-0.007,0.0
0.361,0.003,5.164,0.0,-0.005,0.0
0.361,0.003,6.32,0.0,-0.011,0.0
0.361,0.003,4.13,0.0,-0.017,0.0
0.361,0.003,5.757,0.0,-0.011,0.0
0.361,0.003,4.71,0.0,-0.033,0.0
0.361,0.003,4.624,0.0,0.004,0.0
0.361,0.003,5.611,0.0,0.006,0.0
0.361,0.003,6.407,0.0,-0.025,0.0
0.361,0.003,3.562,0.0,-0.015,0.0
0.361,0.003,5.606,0.0,-0.016,0.0
0.361,0.003,5.624,0.0,-0.013,0.0
0.361,0.003,5.393,0.0,-0.009,0.0
0.361,0.003,5.726,0.0,0.003,0.0
0.361,0.003,5.719,0.0,0.001,0.0
0.361,0.003,4.865,0.0,-0.004,0.0
0.361,0.003,5.296,0.0,-0.014,0.0
0.361,0.003,3.139,0.0,-0.014,0.0
0.361,0.003,5.579,0.0,-0.003,0.0
0.361,0.003,5.203,0.0,0.002,0.0
0.362,0.003,5.982,0.0,-0.017,0.0
0.362,0.003,5.556,0.0,-0.025,0.0
0.362,0.003,5.117,0.0,0.004,0.0
0.362,0.003,4.537,0.0,0.004,0.0
0.362,0.003,4.681,0.0,-0.0,0.0
0.362,0.003,5.261,0.0,-0.019,0.0
0.362,0.003,4.532,0.0,-0.008,0.0
0.362,0.003,4.555,0.0,0.009,0.0
0.362,0.003,6.096,0.0,-0.007,0.0
0.362,0.003,4.925,0.0,-0.015,0.0
0.362,0.003,4.775,0.0,-0.013,0.0
0.362,0.003,5.826,0.0,-0.004,0.0
0.362,0.003,5.527,0.0,-0.012,0.0
0.362,0.003,3.641,0.0,0.009,0.0
0.362,0.003,4.941,0.0,0.002,0.0
0.362,0.003,6.012,0.0,-0.004,0.0
0.362,0.003,4.478,0.0,-0.006,0.0
0.362,0.003,4.633,0.0,0.003,0.0
0.362,0.003,5.141,0.0,-0.007,0.0
0.362,0.003,4.533,0.0,-0.019,0.0
0.362,0.003,3.884,0.0,0.004,0.0
0.362,0.003,5.505,0.0,-0.014,0.0
0.362,0.003,6.639,0.0,-0.02,0.0
0.362,0.003,6.021,0.0,-0.018,0.0
0.362,0.003,6.026,0.0,-0.017,0.0
0.362,0.003,4.843,0.0,0.007,0.0
0.362,0.003,6.13,0.0,-0.019,0.0
0.362,0.003,5.381,0.0,-0.004,0.0
0.362,0.003,5.284,0.0,-0.032,0.0
0.362,0.003,4.981,0.0,-0.022,0.0
0.362,0.003,4.477,0.0,0.005,0.0
0.362,0.003,3.651,0.0,0.019,0.0
0.362,0.003,5.896,0.0,-0.024,0.0
0.362,0.003,5.03,0.0,0.004,0.0
0.362,0.003,5.703,0.0,0.002,0.0
0.362,0.003,5.292,0.0,0.008,0.0
0.362,0.003,5.548,0.0,-0.007,0.0
0.362,0.003,5.365,0.0,-0.011,0.0
0.362,0.003,4.426,0.0,-0.008,0.0
0.362,0.003,4.357,0.0,0.011,0.0
0.362,0.003,4.508,0.0,-0.002,0.0
0.362,0.003,5.652,0.0,-0.005,0.0
0.362,0.003,5.396,0.0,0.009,0.0
0.362,0.003,5.127,0.0,-0.016,0.0
0.362,0.003,4.598,0.0,0.005,0.0
0.362,0.003,5.23,0.0,-0.021,0.0
0.362,0.003,4.964,0.0,-0.017,0.0
0.362,0.003,5.223,0.0,0.003,0.0
0.362,0.003,4.662,0.0,-0.005,0.0
0.362,0.003,4.606,0.0,-0.001,0.0
0.362,0.003,5.522,0.0,-0.018,0.0
0.362,0.003,4.911,0.0,-0.001,0.0
0.362,0.003,4.377,0.0,-0.011,0.0
0.362,0.003,5.146,0.0,-0.02,0.0
0.362,0.003,3.445,0.0,-0.023,0.0
0.362,0.003,4.381,0.0,-0.015,0.0
0.362,0.003,4.249,0.0,-0.004,0.0
0.362,0.003,5.29,0.0,0.013,0.0
0.362,0.003,4.138,0.0,0.0,0.0
0.362,0.003,3.935,0.0,-0.017,0.0
0.362,0.003,6.532,0.0,-0.01,0.0
0.362,0.003,4.146,0.0,0.002,0.0
0.362,0.003,7.069,0.0,-0.017,0.0
0.362,0.003,4.968,0.0,-0.005,0.0
0.362,0.003,4.996,0.0,-0.026,0.0
0.362,0.003,3.873,0.0,-0.014,0.0
0.362,0.003,4.753,0.0,-0.009,0.0
0.362,0.003,4.711,0.0,-0.026,0.0
0.363,0.003,6.508,0.0,-0.006,0.0
0.363,0.003,5.222,0.0,-0.013,0.0
0.363,0.003,4.329,0.0,-0.018,0.0
0.363,0.003,5.33,0.0,0.001,0.0
0.363,0.003,6.03,0.0,-0.011,0.0
0.363,0.003,4.593,0.0,-0.012,0.0
0.363,0.003,5.118,0.0,-0.002,0.0
0.363,0.003,5.221,0.0,-0.003,0.0
0.363,0.003,5.499,0.0,-0.014,0.0
0.363,0.003,4.872,0.0,0.013,0.0
0.363,0.003,5.876,0.0,-0.026,0.0
0.363,0.003,4.656,0.0,0.0,0.0
0.363,0.003,5.431,0.0,-0.002,0.0
0.363,0.003,5.136,0.0,-0.012,0.0
0.363,0.003,4.638,0.0,-0.028,0.0
0.363,0.003,4.536,0.0,0.003,0.0
0.363,0.003,5.552,0.0,-0.006,0.0
0.363,0.003,4.815,0.0,-0.01,0.0
0.363,0.003,6.231,0.0,0.001,0.0
0.363,0.003,5.772,0.0,0.022,0.0
0.363,0.003,6.099,0.0,-0.014,0.0
0.363,0.003,5.07,0.0,-0.017,0.0
0.363,0.003,5.411,0.0,-0.017,0.0
0.363,0.003,5.428,0.0,-0.008,0.0
0.363,0.003,6.134,0.0,-0.015,0.0
0.363,0.003,4.625,0.0,-0.017,0.0
0.363,0.003,5.42,0.0,-0.004,0.0
0.363,0.003,6.337,0.0,-0.022,0.0
0.363,0.003,5.657,0.0,0.006,0.0
0.363,0.003,4.225,0.0,0.006,0.0
0.363,0.003,4.728,0.0,-0.012,0.0
0.363,0.003,5.305,0.0,-0.026,0.0
0.363,0.003,5.543,0.0,-0.016,0.0
0.363,0.003,4.311,0.0,-0.022,0.0
0.363,0.003,5.318,0.0,-0.009,0.0
0.363,0.003,4.913,0.0,-0.019,0.0
0.363,0.003,5.411,0.0,0.013,0.0
0.363,0.003,4.486,0.0,0.008,0.0
0.363,0.003,5.061,0.0,0.008,0.0
0.363,0.003,4.565,0.0,0.001,0.0
0.363,0.003,5.964,0.0,-0.008,0.0
0.363,0.003,5.105,0.0,-0.017,0.0
0.363,0.003,4.767,0.0,-0.013,0.0
0.363,0.003,4.598,0.0,-0.029,0.0
0.363,0.003,5.025,0.0,-0.01,0.0
0.363,0.003,4.183,0.0,-0.003,0.0
0.363,0.003,4.784,0.0,0.014,0.0
0.363,0.003,4.974,0.0,0.022,0.0
0.363,0.003,4.804,0.0,-0.002,0.0
0.363,0.003,4.908,0.0,-0.017,0.0
0.363,0.003,5.146,0.0,-0.007,0.0
0.363,0.003,5.743,0.0,-0.022,0.0
0.363,0.003,5.744,0.0,-0.002,0.0
0.363,0.003,3.948,0.0,-0.022,0.0
0.363,0.003,5.87,0.0,-0.002,0.0
0.363,0.003,4.695,0.0,-0.011,0.0
0.363,0.003,5.886,0.0,-0.011,0.0
0.363,0.003,6.263,0.0,-0.003,0.0
0.363,0.003,5.822,0.0,-0.002,0.0
0.363,0.003,6.012,0.0,-0.032,0.0
0.363,0.003,4.477,0.0,-0.011,0.0
0.363,0.003,5.609,0.0,0.001,0.0
0.363,0.003,5.221,0.0,0.006,0.0
0.363,0.003,4.739,0.0,-0.004,0.0
0.363,0.003,4.806,0.0,-0.023,0.0
0.363,0.003,4.673,0.0,-0.007,0.0
0.363,0.003,6.032,0.0,-0.028,0.0
0.363,0.003,5.739,0.0,0.003,0.0
0.363,0.003,5.255,0.0,-0.014,0.0
0.363,0.003,4.858,0.0,-0.038,0.0
0.363,0.003,4.557,0.0,-0.001,0.0
0.363,0.003,4.609,0.0,-0.029,0.0
0.363,0.003,5.359,0.0,-0.004,0.0
0.363,0.003,5.158,0.0,-0.017,0.0
0.363,0.003,3.489,0.0,0.005,0.0
0.364,0.003,5.108,0.0,0.002,0.0
0.364,0.003,5.276,0.0,0.001,0.0
0.364,0.003,5.283,0.0,-0.017,0.0
0.364,0.003,5.192,0.0,-0.016,0.0
0.364,0.003,4.943,0.0,0.009,0.0
0.364,0.003,4.875,0.0,0.004,0.0
0.364,0.003,3.619,0.0,-0.021,0.0
0.364,0.003,4.632,0.0,-0.011,0.0
0.364,0.003,5.932,0.0,0.007,0.0
0.364,0.003,5.322,0.0,-0.027,0.0
0.364,0.003,4.918,0.0,-0.019,0.0
0.364,0.003,4.941,0.0,-0.017,0.0
0.364,0.003,4.34,0.0,-0.005,0.0
0.364,0.003,4.998,0.0,-0.007,0.0
0.364,0.003,4.425,0.0,-0.014,0.0
0.364,0.003,5.177,0.0,-0.005,0.0
0.364,0.003,5.459,0.0,0.003,0.0
0.364,0.003,5.02,0.0,-0.01,0.0
0.364,0.003,4.663,0.0,-0.016,0.0
0.364,0.003,3.613,0.0,0.007,0.0
0.364,0.003,5.384,0.0,-0.003,0.0
0.364,0.003,5.137,0.0,-0.009,0.0
0.364,0.003,5.458,0.0,-0.021,0.0
0.364,0.003,4.839,0.0,0.005,0.0
0.364,0.003,5.298,0.0,-0.004,0.0
0.364,0.003,4.832,0.0,-0.025,0.0
0.364,0.003,5.1,0.0,0.013,0.0
0.364,0.003,4.694,0.0,-0.02,0.0
0.364,0.003,4.606,0.0,-0.013,0.0
0.364,0.003,5.007,0.0,-0.001,0.0
0.364,0.003,5.5,0.0,-0.017,0.0
0.364,0.003,4.268,0.0,0.017,0.0
0.364,0.003,5.551,0.0,0.011,0.0
0.364,0.003,5.775,0.0,-0.007,0.0
0.364,0.003,5.529,0.0,-0.012,0.0
0.364,0.003,5.564,0.0,-0.001,0.0
0.364,0.003,5.19,0.0,-0.015,0.0
0.364,0.003,4.117,0.0,0.005,0.0
0.364,0.003,5.11,0.0,-0.012,0.0
0.364,0.003,5.712,0.0,-0.009,0.0
0.364,0.003,4.513,0.0,-0.02,0.0
0.364,0.003,4.522,0.0,-0.006,0.0
0.364,0.003,4.936,0.0,-0.008,0.0
0.364,0.003,4.554,0.0,-0.011,0.0
0.364,0.003,5.889,0.0,0.003,0.0
0.364,0.003,4.773,0.0,-0.015,0.0
0.364,0.003,4.17,0.0,-0.016,0.0
0.364,0.003,4.706,0.0,-0.03,0.0
0.364,0.003,6.244,0.0,-0.017,0.0
0.364,0.003,5.051,0.0,0.008,0.0
0.364,0.003,5.921,0.0,-0.005,0.0
0.364,0.003,5.576,0.0,-0.028,0.0
0.364,0.003,4.737,0.0,-0.013,0.0
0.364,0.003,4.019,0.0,-0.015,0.0
0.364,0.003,3.907,0.0,-0.001,0.0
0.364,0.003,5.278,0.0,-0.01,0.0
0.364,0.003,4.939,0.0,-0.012,0.0
0.364,0.003,4.753,0.0,0.017,0.0
0.364,0.003,4.912,0.0,-0.011,0.0
0.365,0.003,5.133,0.0,-0.007,0.0
0.365,0.003,4.689,0.0,0.009,0.0
0.365,0.003,6.818,0.0,-0.022,0.0
0.365,0.003,6.234,0.0,0.006,0.0
0.365,0.003,5.962,0.0,0.0,0.0
0.365,0.003,4.75,0.0,-0.01,0.0
0.365,0.003,4.138,0.0,-0.001,0.0
0.365,0.003,5.159,0.0,0.007,0.0
0.365,0.003,4.668,0.0,-0.005,0.0
0.365,0.003,6.6,0.0,-0.007,0.0
0.365,0.003,4.093,0.0,0.003,0.0
0.365,0.003,5.717,0.0,-0.02,0.0
0.365,0.003,5.575,0.0,0.01,0.0
0.365,0.003,5.652,0.0,-0.006,0.0
0.365,0.003,5.734,0.0,0.002,0.0
0.365,0.003,5.908,0.0,-0.008,0.0
0.365,0.003,4.346,0.0,-0.016,0.0
0.365,0.003,3.86,0.0,0.0,0.0
0.365,0.003,6.004,0.0,-0.009,0.0
0.365,0.003,5.249,0.0,0.006,0.0
0.365,0.003,5.879,0.0,-0.014,0.0
0.365,0.003,5.937,0.0,0.009,0.0
0.365,0.003,5.604,0.0,-0.006,0.0
0.365,0.003,4.984,0.0,-0.002,0.0
0.365,0.003,3.982,0.0,0.0,0.0
0.365,0.003,4.515,0.0,-0.02,0.0
0.365,0.003,5.151,0.0,-0.015,0.0
0.365,0.003,4.185,0.0,0.001,0.0
0.365,0.003,5.739,0.0,-0.006,0.0
0.365,0.003,6.275,0.0,-0.012,0.0
0.365,0.003,5.421,0.0,-0.022,0.0
0.365,0.003,3.748,0.0,0.007,0.0
0.365,0.003,4.816,0.0,-0.026,0.0
0.365,0.003,5.354,0.0,0.012,0.0
0.365,0.003,5.036,0.0,0.002,0.0
0.365,0.003,4.875,0.0,-0.022,0.0
0.365,0.003,4.88,0.0,-0.022,0.0
0.365,0.003,5.713,0.0,-0.006,0.0
0.365,0.003,4.835,0.0,-0.009,0.0
0.365,0.003,5.267,0.0,-0.019,0.0
0.365,0.003,5.343,0.0,0.006,0.0
0.365,0.003,5.436,0.0,-0.005,0.0
0.365,0.003,5.08,0.0,-0.017,0.0
0.365,0.003,3.856,0.0,-0.021,0.0
0.365,0.003,4.81,0.0,-0.003,0.0
0.365,0.003,4.229,0.0,0.002,0.0
0.365,0.003,5.461,0.0,-0.027,0.0
0.365,0.003,4.425,0.0,0.01,0.0
0.365,0.003,5.02,0.0,-0.033,0.0
0.365,0.003,4.13,0.0,-0.007,0.0
0.365,0.003,5.099,0.0,-0.007,0.0
0.365,0.003,5.504,0.0,0.011,0.0
0.365,0.003,5.581,0.0,-0.005,0.0
0.365,0.003,3.921,0.0,-0.001,0.0
0.365,0.003,7.574,0.0,-0.01,0.0
0.365,0.003,4.405,0.0,-0.001,0.0
0.365,0.003,5.164,0.0,-0.014,0.0
0.365,0.003,4.274,0.0,0.017,0.0
0.365,0.003,5.45,0.0,-0.002,0.0
0.365,0.003,4.474,0.0,-0.015,0.0
0.365,0.003,4.186,0.0,0.018,0.0
0.365,0.003,4.273,0.0,-0.011,0.0
0.365,0.003,4.986,0.0,-0.002,0.0
0.365,0.003,5.345,0.0,-0.009,0.0
0.365,0.003,4.665,0.0,-0.022,0.0
0.365,0.003,6.104,0.0,-0.009,0.0
0.365,0.003,5.439,0.0,-0.015,0.0
0.365,0.003,5.065,0.0,0.003,0.0
0.365,0.003,5.572,0.0,-0.005,0.0
0.365,0.003,4.668,0.0,0.008,0.0
0.366,0.003,4.861,0.0,-0.029,0.0
0.366,0.003,5.597,0.0,-0.019,0.0
0.366,0.003,5.162,0.0,-0.004,0.0
0.366,0.003,5.476,0.0,0.002,0.0
0.366,0.003,5.067,0.0,-0.011,0.0
0.366,0.003,5.785,0.0,0.001,0.0
0.366,0.003,5.024,0.0,-0.024,0.0
0.366,0.003,6.868,0.0,-0.018,0.0
0.366,0.003,4.274,0.0,-0.002,0.0
0.366,0.003,5.875,0.0,0.014,0.0
0.366,0.003,4.603,0.0,0.001,0.0
0.366,0.003,4.398,0.0,-0.004,0.0
0.366,0.003,5.263,0.0,-0.015,0.0
0.366,0.003,4.775,0.0,0.003,0.0
0.366,0.003,4.452,0.0,0.001,0.0
0.366,0.003,4.661,0.0,0.007,0.0
0.366,0.003,5.454,0.0,-0.012,0.0
0.366,0.003,5.552,0.0,-0.013,0.0
0.366,0.003,4.916,0.0,0.0,0.0
0.366,0.003,4.341,0.0,-0.011,0.0
0.366,0.003,5.136,0.0,0.006,0.0
0.366,0.003,4.986,0.0,0.007,0.0
0.366,0.003,5.242,0.0,-0.001,0.0
0.366,0.003,3.642,0.0,0.001,0.0
0.366,0.003,3.905,0.0,-0.001,0.0
0.366,0.003,6.754,0.0,-0.006,0.0
0.366,0.003,4.329,0.0,-0.009,0.0
0.366,0.003,4.882,0.0,0.003,0.0
0.366,0.003,5.368,0.0,-0.036,0.0
0.366,0.003,5.633,0.0,0.006,0.0
0.366,0.003,5.534,0.0,0.002,0.0
0.366,0.003,5.18,0.0,-0.015,0.0
0.366,0.003,5.357,0.0,-0.005,0.0
0.366,0.003,4.083,0.0,-0.002,0.0
0.366,0.003,5.147,0.0,-0.008,0.0
0.366,0.003,3.682,0.0,0.004,0.0
0.366,0.003,4.351,0.0,-0.003,0.0
0.366,0.003,3.578,0.0,0.001,0.0
0.366,0.003,5.652,0.0,-0.007,0.0
0.366,0.003,5.599,0.0,0.012,0.0
0.366,0.003,4.956,0.0,-0.004,0.0
0.366,0.003,4.733,0.0,-0.015,0.0
0.366,0.003,5.516,0.0,-0.017,0.0
0.366,0.003,4.239,0.0,-0.021,0.0
0.366,0.003,4.591,0.0,-0.002,0.0
0.366,0.003,5.026,0.0,-0.017,0.0
0.366,0.003,5.181,0.0,-0.007,0.0
0.366,0.003,5.211,0.0,0.006,0.0
0.366,0.003,4.823,0.0,-0.003,0.0
0.366,0.003,5.19,0.0,-0.006,0.0
0.366,0.003,5.358,0.0,-0.016,0.0
0.366,0.003,4.909,0.0,-0.018,0.0
0.366,0.003,4.836,0.0,-0.007,0.0
0.366,0.003,3.483,0.0,0.007,0.0
0.366,0.003,4.155,0.0,0.018,0.0
0.366,0.003,5.79,0.0,-0.0,0.0
0.366,0.003,5.658,0.0,-0.014,0.0
0.366,0.003,4.342,0.0,0.003,0.0
0.366,0.003,4.272,0.0,-0.007,0.0
0.366,0.003,4.395,0.0,-0.005,0.0
0.366,0.003,5.245,0.0,0.003,0.0
0.366,0.003,5.108,0.0,-0.007,0.0
0.366,0.003,3.883,0.0,-0.002,0.0
0.366,0.003,4.393,0.0,0.0,0.0
0.366,0.003,4.536,0.0,-0.018,0.0
0.366,0.003,5.83,0.0,-0.005,0.0
0.366,0.003,5.271,0.0,-0.011,0.0
0.366,0.003,6.245,0.0,-0.011,0.0
0.366,0.003,5.239,0.0,0.005,0.0
0.366,0.003,4.05,0.0,-0.011,0.0
0.366,0.003,3.886,0.0,0.01,0.0
0.367,0.003,5.754,0.0,-0.043,0.0
0.367,0.003,5.237,0.0,-0.014,0.0
0.367,0.003,5.071,0.0,-0.01,0.0
0.367,0.003,5.39,0.0,0.006,0.0
0.367,0.003,5.219,0.0,-0.016,0.0
0.367,0.003,4.369,0.0,-0.008,0.0
0.367,0.003,4.251,0.0,-0.013,0.0
0.367,0.003,4.196,0.0,0.008,0.0
0.367,0.003,4.398,0.0,0.009,0.0
0.367,0.003,4.132,0.0,0.022,0.0
0.367,0.003,4.351,0.0,-0.018,0.0
0.367,0.003,3.837,0.0,-0.004,0.0
0.367,0.003,5.26,0.0,-0.018,0.0
0.367,0.003,5.365,0.0,-0.018,0.0
0.367,0.003,4.388,0.0,-0.012,0.0
0.367,0.003,6.704,0.0,-0.011,0.0
0.367,0.003,4.425,0.0,0.009,0.0
0.367,0.003,4.518,0.0,-0.014,0.0
0.367,0.003,4.347,0.0,0.002,0.0
0.367,0.003,4.004,0.0,0.009,0.0
0.367,0.003,4.758,0.0,-0.037,0.0
0.367,0.003,5.283,0.0,0.006,0.0
0.367,0.003,4.436,0.0,-0.0,0.0
0.367,0.003,6.143,0.0,-0.013,0.0
0.367,0.003,5.839,0.0,-0.009,0.0
0.367,0.003,4.403,0.0,-0.011,0.0
0.367,0.003,5.873,0.0,-0.001,0.0
0.367,0.003,5.117,0.0,0.012,0.0
0.367,0.003,4.449,0.0,-0.007,0.0
0.367,0.003,4.533,0.0,0.013,0.0
0.367,0.003,5.403,0.0,-0.007,0.0
0.367,0.003,5.537,0.0,-0.004,0.0
0.367,0.003,4.826,0.0,0.011,0.0
0.367,0.003,7.124,0.0,-0.02,0.0
0.367,0.003,4.993,0.0,0.001,0.0
0.367,0.003,4.38,0.0,-0.019,0.0
0.367,0.003,4.503,0.0,0.002,0.0
0.367,0.003,5.473,0.0,-0.026,0.0
0.367,0.003,5.631,0.0,-0.025,0.0
0.367,0.003,4.757,0.0,-0.02,0.0
0.367,0.003,5.146,0.0,-0.005,0.0
0.367,0.003,5.787,0.0,-0.007,0.0
0.367,0.003,4.937,0.0,-0.016,0.0
0.367,0.003,4.883,0.0,-0.004,0.0
0.367,0.003,4.883,0.0,-0.012,0.0
0.367,0.003,4.745,0.0,-0.021,0.0
0.367,0.003,6.245,0.0,-0.006,0.0
0.367,0.003,4.676,0.0,0.001,0.0
0.367,0.003,4.789,0.0,-0.009,0.0
0.367,0.003,3.818,0.0,-0.004,0.0
0.367,0.003,4.682,0.0,-0.009,0.0
0.367,0.003,4.219,0.0,0.009,0.0
0.367,0.003,4.726,0.0,-0.02,0.0
0.367,0.003,4.328,0.0,-0.009,0.0
0.367,0.003,5.271,0.0,-0.004,0.0
0.367,0.003,4.366,0.0,0.01,0.0
0.367,0.003,4.18,0.0,-0.014,0.0
0.367,0.003,4.372,0.0,0.018,0.0
0.367,0.003,4.895,0.0,0.003,0.0
0.367,0.003,5.215,0.0,-0.013,0.0
0.367,0.003,5.779,0.0,-0.014,0.0
0.367,0.003,4.334,0.0,0.008,0.0
0.367,0.003,5.663,0.0,-0.005,0.0
0.367,0.003,4.658,0.0,-0.023,0.0
0.367,0.003,5.429,0.0,0.0,0.0
0.367,0.003,4.366,0.0,-0.033,0.0
0.367,0.003,4.507,0.0,-0.009,0.0
0.367,0.003,4.452,0.0,-0.028,0.0
0.367,0.003,3.943,0.0,-0.015,0.0
0.367,0.003,4.546,0.0,-0.011,0.0
0.367,0.003,4.655,0.0,0.007,0.0
0.367,0.003,5.216,0.0,-0.031,0.0
0.367,0.003,4.598,0.0,0.006,0.0
0.367,0.003,4.214,0.0,-0.011,0.0
0.367,0.003,4.683,0.0,-0.011,0.0
0.367,0.003,5.386,0.0,-0.013,0.0
0.367,0.003,5.998,0.0,-0.006,0.0
0.367,0.003,5.81,0.0,-0.006,0.0
0.367,0.003,4.851,0.0,-0.001,0.0
0.367,0.003,5.773,0.0,-0.007,0.0
0.367,0.003,5.433,0.0,-0.005,0.0
0.367,0.003,5.751,0.0,-0.005,0.0
0.367,0.003,4.436,0.0,0.002,0.0
0.367,0.003,6.88,0.0,-0.016,0.0
0.368,0.003,4.21,0.0,0.008,0.0
0.368,0.003,5.382,0.0,0.005,0.0
0.368,0.003,4.141,0.0,-0.008,0.0
0.368,0.003,5.25,0.0,0.019,0.0
0.368,0.003,4.493,0.0,-0.019,0.0
0.368,0.003,4.785,0.0,-0.023,0.0
0.368,0.003,4.807,0.0,-0.015,0.0
0.368,0.003,5.466,0.0,0.003,0.0
0.368,0.003,4.246,0.0,-0.01,0.0
0.368,0.003,5.893,0.0,-0.012,0.0
0.368,0.003,5.068,0.0,-0.008,0.0
0.368,0.003,6.343,0.0,-0.008,0.0
0.368,0.003,5.758,0.0,-0.014,0.0
0.368,0.003,5.52,0.0,-0.007,0.0
0.368,0.003,6.052,0.0,-0.024,0.0
0.368,0.003,4.504,0.0,-0.031,0.0
0.368,0.003,5.062,0.0,-0.007,0.0
0.368,0.003,4.395,0.0,-0.015,0.0
0.368,0.003,4.252,0.0,-0.021,0.0
0.368,0.003,5.031,0.0,-0.009,0.0
0.368,0.003,4.644,0.0,-0.008,0.0
0.368,0.003,5.596,0.0,0.001,0.0
0.368,0.003,5.396,0.0,-0.016,0.0
0.368,0.003,4.903,0.0,-0.003,0.0
0.368,0.003,4.618,0.0,-0.002,0.0
0.368,0.003,5.58,0.0,-0.005,0.0
0.368,0.003,4.301,0.0,-0.028,0.0
0.368,0.003,4.45,0.0,-0.008,0.0
0.368,0.003,4.837,0.0,0.016,0.0
0.368,0.003,4.297,0.0,0.003,0.0
0.368,0.003,4.282,0.0,0.0,0.0
0.368,0.003,3.094,0.0,0.008,0.0
0.368,0.003,5.228,0.0,-0.006,0.0
0.368,0.003,5.755,0.0,0.004,0.0
0.368,0.003,4.858,0.0,0.006,0.0
0.368,0.003,5.879,0.0,-0.004,0.0
0.368,0.003,4.003,0.0,0.004,0.0
0.368,0.003,4.259,0.0,-0.004,0.0
0.368,0.003,4.432,0.0,-0.019,0.0
0.368,0.003,4.093,0.0,-0.003,0.0
0.368,0.003,4.857,0.0,-0.0,0.0
0.368,0.003,4.618,0.0,-0.0,0.0
0.368,0.003,5.688,0.0,-0.003,0.0
0.368,0.003,4.313,0.0,-0.015,0.0
0.368,0.003,4.615,0.0,0.011,0.0
0.368,0.003,5.807,0.0,-0.006,0.0
0.368,0.003,4.981,0.0,0.008,0.0
0.368,0.003,4.306,0.0,-0.013,0.0
0.368,0.003,4.052,0.0,0.004,0.0
0.368,0.003,4.807,0.0,-0.027,0.0
0.368,0.003,4.538,0.0,-0.01,0.0
0.368,0.003,5.003,0.0,0.011,0.0
0.368,0.003,4.355,0.0,0.011,0.0
0.368,0.003,4.913,0.0,-0.016,0.0
0.368,0.003,5.491,0.0,-0.015,0.0
0.368,0.003,5.48,0.0,0.011,0.0
0.368,0.003,5.052,0.0,0.02,0.0
0.368,0.003,5.698,0.0,0.004,0.0
0.368,0.003,4.451,0.0,-0.002,0.0
0.368,0.003,4.402,0.0,-0.004,0.0
0.368,0.003,5.302,0.0,-0.02,0.0
0.368,0.003,2.808,0.0,0.003,0.0
0.368,0.003,5.071,0.0,-0.015,0.0
0.369,0.003,4.218,0.0,-0.001,0.0
0.369,0.003,5.419,0.0,0.005,0.0
0.369,0.003,4.172,0.0,0.012,0.0
0.369,0.003,4.494,0.0,-0.016,0.0
0.369,0.003,4.636,0.0,-0.017,0.0
0.369,0.003,3.773,0.0,-0.013,0.0
0.369,0.003,5.356,0.0,-0.022,0.0
0.369,0.003,5.206,0.0,-0.008,0.0
0.369,0.003,5.111,0.0,-0.019,0.0
0.369,0.003,4.801,0.0,-0.018,0.0
0.369,0.003,5.061,0.0,-0.012,0.0
0.369,0.003,4.742,0.0,-0.006,0.0
0.369,0.003,4.976,0.0,0.009,0.0
0.369,0.003,4.607,0.0,-0.013,0.0
0.369,0.003,5.434,0.0,-0.012,0.0
0.369,0.003,6.216,0.0,-0.015,0.0
0.369,0.003,5.242,0.0,-0.016,0.0
0.369,0.003,4.902,0.0,-0.021,0.0
0.369,0.003,5.526,0.0,-0.017,0.0
0.369,0.003,4.914,0.0,-0.019,0.0
0.369,0.003,3.866,0.0,-0.015,0.0
0.369,0.003,3.911,0.0,0.019,0.0
0.369,0.003,4.476,0.0,-0.018,0.0
0.369,0.003,4.53,0.0,0.001,0.0
0.369,0.003,4.32,0.0,-0.019,0.0
0.369,0.003,4.079,0.0,0.019,0.0
0.369,0.003,5.128,0.0,-0.001,0.0
0.369,0.003,4.536,0.0,-0.007,0.0
0.369,0.003,5.586,0.0,-0.005,0.0
0.369,0.003,5.237,0.0,-0.01,0.0
0.369,0.003,6.594,0.0,0.002,0.0
0.369,0.003,5.485,0.0,0.002,0.0
0.369,0.003,4.793,0.0,-0.012,0.0
0.369,0.003,4.729,0.0,-0.012,0.0
0.369,0.003,5.553,0.0,-0.03,0.0
0.369,0.003,5.62,0.0,-0.002,0.0
0.369,0.003,5.544,0.0,-0.007,0.0
0.369,0.003,4.693,0.0,0.003,0.0
0.369,0.003,5.309,0.0,-0.014,0.0
0.369,0.003,4.884,0.0,-0.004,0.0
0.369,0.003,4.982,0.0,-0.021,0.0
0.369,0.003,4.814,0.0,-0.01,0.0
0.369,0.003,5.059,0.0,-0.024,0.0
0.369,0.003,5.174,0.0,0.017,0.0
0.369,0.003,4.391,0.0,0.004,0.0
0.369,0.003,5.2,0.0,0.007,0.0
0.369,0.003,3.869,0.0,-0.006,0.0
0.369,0.003,6.027,0.0,0.008,0.0
0.369,0.003,4.836,0.0,-0.013,0.0
0.369,0.003,5.572,0.0,-0.008,0.0
0.369,0.003,4.593,0.0,-0.02,0.0
0.369,0.003,4.882,0.0,-0.009,0.0
0.369,0.003,4.955,0.0,0.002,0.0
0.369,0.003,5.385,0.0,-0.0,0.0
0.369,0.003,5.257,0.0,-0.003,0.0
0.369,0.003,5.438,0.0,-0.025,0.0
0.369,0.003,5.768,0.0,-0.007,0.0
0.369,0.003,4.795,0.0,0.001,0.0
0.369,0.003,4.505,0.0,-0.026,0.0
0.369,0.003,4.509,0.0,-0.015,0.0
0.369,0.003,5.729,0.0,-0.009,0.0
0.369,0.003,5.793,0.0,0.003,0.0
0.37,0.003,4.533,0.0,-0.01,0.0
0.37,0.003,5.206,0.0,-0.006,0.0
0.37,0.003,4.01,0.0,-0.023,0.0
0.37,0.003,4.183,0.0,-0.019,0.0
0.37,0.003,4.778,0.0,-0.015,0.0
0.37,0.003,5.214,0.0,-0.023,0.0
0.37,0.003,5.876,0.0,-0.004,0.0
0.37,0.003,4.087,0.0,-0.004,0.0
0.37,0.003,4.804,0.0,-0.005,0.0
0.37,0.003,5.968,0.0,-0.021,0.0
0.37,0.003,3.913,0.0,-0.018,0.0
0.37,0.003,4.56,0.0,-0.013,0.0
0.37,0.003,5.174,0.0,-0.012,0.0
0.37,0.003,5.849,0.0,-0.023,0.0
0.37,0.003,4.808,0.0,-0.005,0.0
0.37,0.003,4.645,0.0,-0.014,0.0
0.37,0.003,4.495,0.0,0.003,0.0
0.37,0.003,4.503,0.0,-0.004,0.0
0.37,0.003,6.446,0.0,-0.012,0.0
0.37,0.003,4.982,0.0,-0.01,0.0
0.37,0.003,4.562,0.0,-0.014,0.0
0.37,0.003,3.182,0.0,-0.017,0.0
0.37,0.003,4.625,0.0,0.01,0.0
0.37,0.003,4.165,0.0,0.008,0.0
0.37,0.003,4.787,0.0,0.006,0.0
0.37,0.003,5.267,0.0,-0.007,0.0
0.37,0.003,5.043,0.0,-0.003,0.0
0.37,0.003,6.675,0.0,-0.004,0.0
0.37,0.003,4.219,0.0,-0.017,0.0
0.37,0.003,5.229,0.0,-0.028,0.0
0.37,0.003,5.272,0.0,0.019,0.0
0.37,0.003,5.31,0.0,0.001,0.0
0.37,0.003,3.819,0.0,0.02,0.0
0.37,0.003,4.93,0.0,-0.011,0.0
0.37,0.003,4.407,0.0,0.014,0.0
0.37,0.003,4.558,0.0,0.011,0.0
0.37,0.003,4.167,0.0,0.011,0.0
0.37,0.003,6.317,0.0,-0.005,0.0
0.37,0.003,4.113,0.0,0.004,0.0
0.37,0.003,4.943,0.0,-0.004,0.0
0.37,0.003,6.055,0.0,-0.019,0.0
0.37,0.003,5.159,0.0,-0.002,0.0
0.37,0.003,5.83,0.0,0.002,0.0
0.37,0.003,4.908,0.0,0.011,0.0
0.37,0.003,4.649,0.0,-0.016,0.0
0.37,0.003,5.174,0.0,-0.011,0.0
0.37,0.003,4.491,0.0,-0.002,0.0
0.37,0.003,5.972,0.0,0.013,0.0
0.37,0.003,4.97,0.0,-0.015,0.0
0.37,0.003,4.512,0.0,-0.0,0.0
0.37,0.003,4.523,0.0,0.017,0.0
0.37,0.003,4.612,0.0,0.001,0.0
0.37,0.003,4.498,0.0,-0.015,0.0
0.37,0.003,4.986,0.0,-0.006,0.0
0.37,0.003,4.267,0.0,0.001,0.0
0.37,0.003,4.455,0.0,-0.004,0.0
0.37,0.003,6.611,0.0,-0.001,0.0
0.37,0.003,5.89,0.0,0.001,0.0
0.37,0.003,4.564,0.0,-0.001,0.0
0.37,0.003,4.819,0.0,-0.011,0.0
0.37,0.003,3.735,0.0,0.016,0.0
0.37,0.003,4.563,0.0,-0.004,0.0
0.37,0.003,5.324,0.0,-0.018,0.0
0.37,0.003,4.804,0.0,-0.016,0.0
0.37,0.003,5.088,0.0,0.002,0.0
0.37,0.003,5.225,0.0,-0.0,0.0
0.37,0.003,5.157,0.0,-0.012,0.0
0.37,0.003,4.93,0.0,-0.006,0.0
0.37,0.003,5.719,0.0,-0.004,0.0
0.37,0.003,4.154,0.0,-0.018,0.0
0.37,0.003,4.265,0.0,0.004,0.0
0.37,0.003,5.617,0.0,-0.021,0.0
0.37,0.003,4.142,0.0,-0.02,0.0
0.37,0.003,5.486,0.0,-0.019,0.0
0.37,0.003,5.134,0.0,-0.021,0.0
0.37,0.003,5.518,0.0,-0.023,0.0
0.37,0.003,6.933,0.0,-0.001,0.0
0.37,0.003,5.57,0.0,-0.01,0.0
0.37,0.003,4.362,0.0,-0.01,0.0
0.37,0.003,4.319,0.0,-0.005,0.0
0.371,0.003,5.908,0.0,-0.004,0.0
0.371,0.003,5.345,0.0,-0.008,0.0
0.371,0.003,4.393,0.0,-0.002,0.0
0.371,0.003,6.058,0.0,0.003,0.0
0.371,0.003,5.167,0.0,-0.015,0.0
0.371,0.003,3.352,0.0,0.003,0.0
0.371,0.003,4.337,0.0,-0.016,0.0
0.371,0.003,4.182,0.0,-0.007,0.0
0.371,0.003,5.556,0.0,-0.017,0.0
0.371,0.003,5.987,0.0,0.009,0.0
0.371,0.003,4.406,0.0,0.013,0.0
0.371,0.003,5.147,0.0,-0.022,0.0
0.371,0.003,5.63,0.0,-0.001,0.0
0.371,0.003,5.551,0.0,-0.014,0.0
0.371,0.003,3.579,0.0,-0.014,0.0
0.371,0.003,4.667,0.0,0.009,0.0
0.371,0.003,4.936,0.0,-0.02,0.0
0.371,0.003,4.463,0.0,-0.015,0.0
0.371,0.003,6.165,0.0,-0.011,0.0
0.371,0.003,5.347,0.0,-0.009,0.0
0.371,0.003,4.71,0.0,0.01,0.0
0.371,0.003,6.592,0.0,-0.009,0.0
0.371,0.003,4.522,0.0,-0.013,0.0
0.371,0.003,7.331,0.0,-0.015,0.0
0.371,0.003,5.229,0.0,-0.008,0.0
0.371,0.003,5.259,0.0,0.01,0.0
0.371,0.003,4.078,0.0,-0.002,0.0
0.371,0.003,4.656,0.0,-0.001,0.0
0.371,0.003,5.09,0.0,0.018,0.0
0.371,0.003,6.001,0.0,-0.015,0.0
0.371,0.003,5.116,0.0,-0.022,0.0
0.371,0.003,4.545,0.0,-0.011,0.0
0.371,0.003,4.554,0.0,-0.0,0.0
0.371,0.003,4.856,0.0,-0.002,0.0
0.371,0.003,4.526,0.0,0.016,0.0
0.371,0.003,4.505,0.0,0.005,0.0
0.371,0.003,4.563,0.0,0.005,0.0
0.371,0.003,5.182,0.0,0.016,0.0
0.371,0.003,5.417,0.0,-0.008,0.0
0.371,0.003,5.592,0.0,0.014,0.0
0.371,0.003,4.146,0.0,-0.007,0.0
0.371,0.003,5.47,0.0,-0.0,0.0
0.371,0.003,2.372,0.0,-0.005,0.0
0.371,0.003,4.81,0.0,-0.006,0.0
0.371,0.003,5.195,0.0,0.002,0.0
0.371,0.003,5.338,0.0,-0.019,0.0
0.371,0.003,4.764,0.0,-0.006,0.0
0.371,0.003,4.863,0.0,-0.006,0.0
0.371,0.003,4.685,0.0,0.003,0.0
0.371,0.003,4.619,0.0,0.007,0.0
0.371,0.003,5.295,0.0,-0.006,0.0
0.371,0.003,5.083,0.0,-0.008,0.0
0.371,0.003,6.341,0.0,-0.011,0.0
0.371,0.003,5.987,0.0,-0.026,0.0
0.371,0.003,5.129,0.0,-0.013,0.0
0.371,0.003,5.209,0.0,0.011,0.0
0.371,0.003,5.316,0.0,0.001,0.0
0.371,0.003,3.777,0.0,-0.007,0.0
0.371,0.003,5.198,0.0,-0.01,0.0
0.371,0.003,5.716,0.0,-0.012,0.0
0.371,0.003,4.379,0.0,-0.017,0.0
0.371,0.003,5.168,0.0,-0.005,0.0
0.371,0.003,4.941,0.0,0.002,0.0
0.371,0.003,5.44,0.0,-0.009,0.0
0.371,0.003,5.341,0.0,-0.009,0.0
0.371,0.003,6.438,0.0,-0.017,0.0
0.371,0.003,4.616,0.0,-0.018,0.0
0.371,0.003,4.9,0.0,-0.005,0.0
0.371,0.003,5.71,0.0,-0.01,0.0
0.371,0.003,4.473,0.0,0.01,0.0
0.372,0.003,4.316,0.0,0.01,0.0
0.372,0.003,3.783,0.0,-0.01,0.0
0.372,0.003,5.858,0.0,0.003,0.0
0.372,0.003,4.405,0.0,-0.001,0.0
0.372,0.003,3.823,0.0,-0.02,0.0
0.372,0.003,4.832,0.0,0.008,0.0
0.372,0.003,4.593,0.0,0.004,0.0
0.372,0.003,4.716,0.0,0.002,0.0
0.372,0.003,4.107,0.0,-0.004,0.0
0.372,0.003,5.51,0.0,-0.0,0.0
0.372,0.003,5.371,0.0,0.004,0.0
0.372,0.003,3.98,0.0,0.001,0.0
0.372,0.003,4.388,0.0,0.008,0.0
0.372,0.003,5.602,0.0,0.006,0.0
0.372,0.003,5.052,0.0,-0.013,0.0
0.372,0.003,5.094,0.0,-0.004,0.0
0.372,0.003,4.282,0.0,0.0,0.0
0.372,0.003,5.563,0.0,0.01,0.0
0.372,0.003,5.212,0.0,-0.003,0.0
0.372,0.003,4.817,0.0,-0.018,0.0
0.372,0.003,4.772,0.0,-0.002,0.0
0.372,0.003,5.709,0.0,-0.01,0.0
0.372,0.003,4.867,0.0,-0.008,0.0
0.372,0.003,4.643,0.0,-0.005,0.0
0.372,0.003,5.844,0.0,-0.018,0.0
0.372,0.003,4.969,0.0,0.003,0.0
0.372,0.003,4.812,0.0,-0.021,0.0
0.372,0.003,4.382,0.0,-0.004,0.0
0.372,0.003,5.463,0.0,-0.003,0.0
0.372,0.003,5.592,0.0,0.004,0.0
0.372,0.003,5.874,0.0,0.005,0.0
0.372,0.003,4.344,0.0,-0.012,0.0
0.372,0.003,5.178,0.0,-0.008,0.0
0.372,0.003,4.383,0.0,-0.001,0.0
0.372,0.003,4.534,0.0,-0.028,0.0
0.372,0.003,4.799,0.0,-0.02,0.0
0.372,0.003,2.711,0.0,-0.006,0.0
0.372,0.003,3.679,0.0,0.01,0.0
0.372,0.003,4.949,0.0,0.005,0.0
0.372,0.003,4.249,0.0,-0.021,0.0
0.372,0.003,6.035,0.0,-0.005,0.0
0.372,0.003,5.294,0.0,-0.005,0.0
0.372,0.003,5.222,0.0,0.006,0.0
0.372,0.003,5.101,0.0,0.01,0.0
0.372,0.003,4.489,0.0,-0.006,0.0
0.372,0.003,6.649,0.0,0.007,0.0
0.372,0.003,5.658,0.0,-0.01,0.0
0.372,0.003,4.569,0.0,-0.015,0.0
0.372,0.003,5.28,0.0,-0.0,0.0
0.372,0.003,4.586,0.0,0.014,0.0
0.372,0.003,4.744,0.0,0.009,0.0
0.372,0.003,4.153,0.0,0.014,0.0
0.372,0.003,4.976,0.0,-0.017,0.0
0.372,0.003,5.415,0.0,-0.005,0.0
0.372,0.003,6.093,0.0,-0.024,0.0
0.372,0.003,5.324,0.0,-0.007,0.0
0.372,0.003,5.746,0.0,-0.008,0.0
0.372,0.003,4.797,0.0,-0.008,0.0
0.372,0.003,4.705,0.0,0.002,0.0
0.372,0.003,3.94,0.0,-0.027,0.0
0.372,0.003,4.853,0.0,-0.005,0.0
0.372,0.003,6.938,0.0,-0.006,0.0
0.372,0.003,5.701,0.0,0.006,0.0
0.372,0.003,5.026,0.0,-0.014,0.0
0.372,0.003,4.218,0.0,-0.016,0.0
0.372,0.003,4.769,0.0,-0.009,0.0
0.372,0.003,4.813,0.0,-0.009,0.0
0.372,0.003,4.769,0.0,0.017,0.0
0.372,0.003,6.626,0.0,-0.024,0.0
0.372,0.003,4.124,0.0,0.004,0.0
0.372,0.003,3.968,0.0,0.001,0.0
0.372,0.003,4.591,0.0,-0.018,0.0
0.372,0.003,4.534,0.0,0.011,0.0
0.372,0.003,4.903,0.0,-0.008,0.0
0.372,0.003,4.399,0.0,0.006,0.0
0.372,0.003,5.161,0.0,0.002,0.0
0.372,0.003,5.127,0.0,0.002,0.0
0.372,0.003,5.727,0.0,-0.015,0.0
0.372,0.003,4.61,0.0,0.003,0.0
0.372,0.003,5.343,0.0,-0.01,0.0
0.372,0.003,5.4,0.0,-0.018,0.0
0.373,0.003,4.775,0.0,-0.006,0.0
0.373,0.003,3.716,0.0,0.009,0.0
0.373,0.003,4.778,0.0,0.002,0.0
0.373,0.003,4.403,0.0,0.018,0.0
0.373,0.003,4.874,0.0,-0.019,0.0
0.373,0.003,4.835,0.0,-0.002,0.0
0.373,0.003,4.839,0.0,-0.008,0.0
0.373,0.003,5.724,0.0,-0.03,0.0
0.373,0.003,5.236,0.0,-0.018,0.0
0.373,0.003,5.521,0.0,-0.012,0.0
0.373,0.003,4.787,0.0,0.004,0.0
0.373,0.003,4.272,0.0,0.011,0.0
0.373,0.003,5.58,0.0,0.018,0.0
0.373,0.003,4.04,0.0,-0.025,0.0
0.373,0.003,4.574,0.0,-0.001,0.0
0.373,0.003,5.078,0.0,0.0,0.0
0.373,0.003,4.905,0.0,-0.011,0.0
0.373,0.003,5.075,0.0,-0.006,0.0
0.373,0.003,5.711,0.0,-0.008,0.0
0.373,0.003,4.911,0.0,-0.008,0.0
0.373,0.003,6.219,0.0,-0.012,0.0
0.373,0.003,4.807,0.0,-0.017,0.0
0.373,0.003,5.239,0.0,0.003,0.0
0.373,0.003,4.352,0.0,0.004,0.0
0.373,0.003,5.756,0.0,-0.005,0.0
0.373,0.003,4.509,0.0,-0.023,0.0
0.373,0.003,5.348,0.0,-0.014,0.0
0.373,0.003,5.413,0.0,-0.012,0.0
0.373,0.003,5.303,0.0,-0.005,0.0
0.373,0.003,4.645,0.0,-0.001,0.0
0.373,0.003,3.709,0.0,-0.008,0.0
0.373,0.003,3.952,0.0,0.002,0.0
0.373,0.003,4.413,0.0,-0.019,0.0
0.373,0.003,4.723,0.0,0.007,0.0
0.373,0.003,6.004,0.0,0.003,0.0
0.373,0.003,4.31,0.0,-0.029,0.0
0.373,0.003,3.791,0.0,-0.006,0.0
0.373,0.003,5.084,0.0,0.002,0.0
0.373,0.003,4.336,0.0,-0.002,0.0
0.373,0.003,4.88,0.0,-0.02,0.0
0.373,0.003,5.305,0.0,-0.007,0.0
0.373,0.003,4.808,0.0,0.003,0.0
0.373,0.003,4.6,0.0,0.0,0.0
0.373,0.003,3.902,0.0,0.002,0.0
0.373,0.003,5.127,0.0,-0.017,0.0
0.373,0.003,5.008,0.0,-0.014,0.0
0.373,0.003,4.946,0.0,-0.011,0.0
0.373,0.003,5.246,0.0,-0.007,0.0
0.373,0.003,4.708,0.0,0.016,0.0
0.373,0.003,5.278,0.0,-0.005,0.0
0.373,0.003,6.216,0.0,-0.0,0.0
0.373,0.003,5.167,0.0,-0.001,0.0
0.373,0.003,4.615,0.0,-0.017,0.0
0.373,0.003,4.841,0.0,0.006,0.0
0.373,0.003,3.391,0.0,-0.012,0.0
0.373,0.003,5.018,0.0,0.018,0.0
0.373,0.003,4.081,0.0,-0.008,0.0
0.373,0.003,5.554,0.0,-0.011,0.0
0.373,0.003,4.994,0.0,-0.016,0.0
0.373,0.003,4.435,0.0,0.006,0.0
0.373,0.003,5.499,0.0,-0.005,0.0
0.373,0.003,4.774,0.0,-0.006,0.0
0.373,0.003,4.95,0.0,-0.008,0.0
0.373,0.003,5.651,0.0,0.014,0.0
0.373,0.003,5.493,0.0,-0.004,0.0
0.373,0.003,5.09,0.0,-0.019,0.0
0.373,0.003,4.827,0.0,-0.011,0.0
0.373,0.003,5.327,0.0,-0.006,0.0
0.373,0.003,4.287,0.0,0.002,0.0
0.373,0.003,4.926,0.0,-0.01,0.0
0.373,0.003,5.922,0.0,-0.024,0.0
0.373,0.003,4.57,0.0,-0.006,0.0
0.373,0.003,5.152,0.0,0.003,0.0
0.373,0.003,6.283,0.0,0.01,0.0
0.374,0.003,4.48,0.0,-0.004,0.0
0.374,0.003,4.673,0.0,-0.004,0.0
0.374,0.003,6.215,0.0,-0.005,0.0
0.374,0.003,5.864,0.0,-0.002,0.0
0.374,0.003,6.432,0.0,0.007,0.0
0.374,0.003,3.625,0.0,0.017,0.0
0.374,0.003,4.947,0.0,-0.009,0.0
0.374,0.003,5.099,0.0,0.001,0.0
0.374,0.003,4.769,0.0,-0.006,0.0
0.374,0.003,5.163,0.0,0.006,0.0
0.374,0.003,5.606,0.0,-0.009,0.0
0.374,0.003,5.496,0.0,0.017,0.0
0.374,0.003,6.095,0.0,-0.004,0.0
0.374,0.003,5.634,0.0,-0.031,0.0
0.374,0.003,3.608,0.0,-0.002,0.0
0.374,0.003,4.571,0.0,0.005,0.0
0.374,0.003,5.62,0.0,-0.009,0.0
0.374,0.003,5.861,0.0,-0.037,0.0
0.374,0.003,5.501,0.0,-0.008,0.0
0.374,0.003,6.135,0.0,-0.014,0.0
0.374,0.003,5.706,0.0,-0.008,0.0
0.374,0.003,4.595,0.0,-0.015,0.0
0.374,0.003,6.101,0.0,-0.008,0.0
0.374,0.003,6.426,0.0,-0.025,0.0
0.374,0.003,5.526,0.0,0.02,0.0
0.374,0.003,5.627,0.0,-0.012,0.0
0.374,0.003,5.388,0.0,-0.015,0.0
0.374,0.003,5.079,0.0,0.002,0.0
0.374,0.003,6.493,0.0,0.007,0.0
0.374,0.003,4.458,0.0,-0.009,0.0
0.374,0.003,4.971,0.0,0.012,0.0
0.374,0.003,4.892,0.0,-0.004,0.0
0.374,0.003,4.339,0.0,-0.019,0.0
0.374,0.003,4.752,0.0,0.002,0.0
0.374,0.003,4.851,0.0,-0.005,0.0
0.374,0.003,4.184,0.0,-0.004,0.0
0.374,0.003,3.448,0.0,-0.005,0.0
0.374,0.003,6.195,0.0,-0.006,0.0
0.374,0.003,4.485,0.0,0.007,0.0
0.374,0.003,5.572,0.0,0.006,0.0
0.374,0.003,5.855,0.0,0.013,0.0
0.374,0.003,5.849,0.0,-0.019,0.0
0.374,0.003,4.663,0.0,0.002,0.0
0.374,0.003,5.009,0.0,-0.025,0.0
0.374,0.003,6.408,0.0,-0.005,0.0
0.374,0.003,4.804,0.0,0.005,0.0
0.374,0.003,3.978,0.0,0.008,0.0
0.374,0.003,4.793,0.0,-0.005,0.0
0.374,0.003,5.617,0.0,-0.017,0.0
0.374,0.003,4.463,0.0,-0.016,0.0
0.374,0.003,5.703,0.0,-0.018,0.0
0.374,0.003,4.547,0.0,0.007,0.0
0.374,0.003,3.583,0.0,0.008,0.0
0.374,0.003,5.46,0.0,0.012,0.0
0.374,0.003,4.818,0.0,-0.027,0.0
0.374,0.003,4.65,0.0,0.003,0.0
0.374,0.003,4.723,0.0,-0.018,0.0
0.374,0.003,4.474,0.0,-0.022,0.0
0.374,0.003,5.256,0.0,-0.004,0.0
0.374,0.003,6.342,0.0,-0.013,0.0
0.374,0.003,4.97,0.0,-0.016,0.0
0.374,0.003,6.012,0.0,-0.007,0.0
0.374,0.003,4.676,0.0,0.015,0.0
0.374,0.003,4.484,0.0,0.0,0.0
0.374,0.003,4.028,0.0,0.002,0.0
0.374,0.003,4.122,0.0,-0.001,0.0
0.374,0.003,4.762,0.0,-0.003,0.0
0.374,0.003,4.842,0.0,-0.006,0.0
0.374,0.003,4.871,0.0,0.017,0.0
0.374,0.003,5.216,0.0,-0.009,0.0
0.374,0.003,4.283,0.0,-0.016,0.0
0.374,0.003,5.273,0.0,0.001,0.0
0.374,0.003,6.58,0.0,-0.003,0.0
0.374,0.003,4.188,0.0,0.005,0.0
0.374,0.003,5.789,0.0,-0.016,0.0
0.375,0.003,5.12,0.0,-0.001,0.0
0.375,0.003,4.853,0.0,0.029,0.0
0.375,0.003,5.696,0.0,0.011,0.0
0.375,0.003,3.532,0.0,0.004,0.0
0.375,0.003,5.21,0.0,0.003,0.0
0.375,0.003,6.262,0.0,-0.021,0.0
0.375,0.003,4.941,0.0,-0.002,0.0
0.375,0.003,4.883,0.0,-0.01,0.0
0.375,0.003,4.937,0.0,-0.022,0.0
0.375,0.003,4.07,0.0,0.019,0.0
0.375,0.003,4.699,0.0,-0.014,0.0
0.375,0.003,4.514,0.0,0.003,0.0
0.375,0.003,4.716,0.0,0.012,0.0
0.375,0.003,5.937,0.0,0.003,0.0
0.375,0.003,4.746,0.0,0.006,0.0
0.375,0.003,3.936,0.0,-0.012,0.0
0.375,0.003,4.701,0.0,0.02,0.0
0.375,0.003,3.585,0.0,-0.025,0.0
0.375,0.003,5.155,0.0,0.003,0.0
0.375,0.003,3.679,0.0,0.006,0.0
0.375,0.003,4.571,0.0,0.005,0.0
0.375,0.003,4.356,0.0,-0.002,0.0
0.375,0.003,5.092,0.0,-0.005,0.0
0.375,0.003,5.411,0.0,-0.016,0.0
0.375,0.003,4.49,0.0,-0.01,0.0
0.375,0.003,5.085,0.0,-0.009,0.0
0.375,0.003,5.311,0.0,-0.012,0.0
0.375,0.003,5.715,0.0,-0.018,0.0
0.375,0.003,4.773,0.0,0.0,0.0
0.375,0.003,5.043,0.0,-0.002,0.0
0.375,0.003,6.281,0.0,0.01,0.0
0.375,0.003,3.782,0.0,0.006,0.0
0.375,0.003,3.83,0.0,0.01,0.0
0.375,0.003,5.016,0.0,-0.002,0.0
0.375,0.003,4.866,0.0,0.009,0.0
0.375,0.003,4.662,0.0,0.013,0.0
0.375,0.003,5.885,0.0,0.011,0.0
0.375,0.003,5.138,0.0,-0.008,0.0
0.375,0.003,5.685,0.0,0.005,0.0
0.375,0.003,5.533,0.0,-0.003,0.0
0.375,0.003,4.914,0.0,-0.017,0.0
0.375,0.003,4.947,0.0,-0.021,0.0
0.375,0.003,5.854,0.0,-0.017,0.0
0.375,0.003,4.185,0.0,-0.022,0.0
0.375,0.003,4.06,0.0,0.011,0.0
0.375,0.003,4.262,0.0,-0.01,0.0
0.375,0.003,5.156,0.0,-0.008,0.0
0.375,0.003,4.76,0.0,-0.026,0.0
0.375,0.003,5.382,0.0,0.002,0.0
0.375,0.003,5.866,0.0,0.002,0.0
0.375,0.003,4.959,0.0,-0.001,0.0
0.375,0.003,4.843,0.0,0.003,0.0
0.375,0.003,5.417,0.0,-0.026,0.0
0.375,0.003,4.919,0.0,-0.005,0.0
0.375,0.003,4.766,0.0,-0.002,0.0
0.375,0.003,5.367,0.0,0.021,0.0
0.375,0.003,4.809,0.0,0.01,0.0
0.375,0.003,5.242,0.0,-0.012,0.0
0.375,0.003,5.308,0.0,0.006,0.0
0.375,0.003,4.985,0.0,0.015,0.0
0.375,0.003,4.048,0.0,0.008,0.0
0.375,0.003,5.534,0.0,-0.011,0.0
0.375,0.003,4.132,0.0,0.008,0.0
0.375,0.003,5.426,0.0,-0.001,0.0
0.375,0.003,3.838,0.0,-0.005,0.0
0.375,0.003,4.246,0.0,-0.021,0.0
0.375,0.003,5.86,0.0,-0.001,0.0
0.375,0.003,5.278,0.0,-0.023,0.0
0.375,0.003,4.541,0.0,-0.027,0.0
0.375,0.003,4.405,0.0,-0.004,0.0
0.375,0.003,4.896,0.0,-0.007,0.0
0.375,0.003,5.136,0.0,-0.011,0.0
0.375,0.003,4.412,0.0,-0.006,0.0
0.375,0.003,5.47,0.0,-0.02,0.0
0.375,0.003,5.479,0.0,0.005,0.0
0.375,0.003,6.38,0.0,-0.012,0.0
0.375,0.003,6.015,0.0,0.015,0.0
0.375,0.003,5.361,0.0,0.004,0.0
0.375,0.003,5.888,0.0,-0.009,0.0
0.375,0.003,4.941,0.0,-0.004,0.0
0.375,0.003,6.001,0.0,-0.014,0.0
0.375,0.003,4.543,0.0,0.006,0.0
0.375,0.003,4.705,0.0,0.006,0.0
0.375,0.003,5.52,0.0,-0.042,0.0
0.375,0.003,5.683,0.0,-0.005,0.0
0.375,0.003,5.177,0.0,-0.008,0.0
0.375,0.003,4.78,0.0,-0.007,0.0
0.375,0.003,5.078,0.0,-0.008,0.0
0.375,0.003,6.699,0.0,0.006,0.0
0.375,0.003,5.871,0.0,0.007,0.0
0.375,0.003,5.457,0.0,-0.003,0.0
0.375,0.003,5.015,0.0,-0.011,0.0
0.375,0.003,4.695,0.0,-0.012,0.0
0.375,0.003,4.727,0.0,-0.012,0.0
0.375,0.003,4.579,0.0,-0.012,0.0
0.375,0.003,4.723,0.0,-0.002,0.0
0.375,0.003,4.191,0.0,0.02,0.0
0.375,0.003,4.637,0.0,-0.01,0.0
0.376,0.003,4.414,0.0,-0.015,0.0
0.376,0.003,5.232,0.0,0.003,0.0
0.376,0.003,5.211,0.0,-0.012,0.0
0.376,0.003,6.864,0.0,0.004,0.0
0.376,0.003,4.444,0.0,0.006,0.0
0.376,0.003,4.566,0.0,-0.019,0.0
0.376,0.003,5.025,0.0,-0.005,0.0
0.376,0.003,5.698,0.0,-0.002,0.0
0.376,0.003,4.595,0.0,-0.007,0.0
0.376,0.003,5.444,0.0,0.012,0.0
0.376,0.003,4.539,0.0,-0.011,0.0
0.376,0.003,3.531,0.0,-0.003,0.0
0.376,0.003,4.394,0.0,-0.012,0.0
0.376,0.003,3.579,0.0,-0.012,0.0
0.376,0.003,4.493,0.0,-0.002,0.0
0.376,0.003,4.879,0.0,-0.011,0.0
0.376,0.003,4.871,0.0,-0.026,0.0
0.376,0.003,5.372,0.0,0.004,0.0
0.376,0.003,6.187,0.0,0.005,0.0
0.376,0.003,5.1,0.0,-0.003,0.0
0.376,0.003,5.748,0.0,0.001,0.0
0.376,0.003,4.741,0.0,0.001,0.0
0.376,0.003,5.134,0.0,-0.024,0.0
0.376,0.003,5.515,0.0,-0.018,0.0
0.376,0.003,5.695,0.0,-0.023,0.0
0.376,0.003,5.579,0.0,-0.013,0.0
0.376,0.003,4.688,0.0,0.005,0.0
0.376,0.003,3.403,0.0,-0.002,0.0
0.376,0.003,5.327,0.0,-0.014,0.0
0.376,0.003,4.505,0.0,0.004,0.0
0.376,0.003,4.5,0.0,-0.01,0.0
0.376,0.003,4.442,0.0,0.011,0.0
0.376,0.003,5.771,0.0,-0.014,0.0
0.376,0.003,4.124,0.0,0.004,0.0
0.376,0.003,4.733,0.0,0.005,0.0
0.376,0.003,4.616,0.0,0.003,0.0
0.376,0.003,6.02,0.0,-0.001,0.0
0.376,0.003,3.9,0.0,0.023,0.0
0.376,0.003,4.957,0.0,-0.001,0.0
0.376,0.003,4.805,0.0,-0.019,0.0
0.376,0.003,6.124,0.0,-0.013,0.0
0.376,0.003,5.864,0.0,-0.015,0.0
0.376,0.003,5.386,0.0,-0.011,0.0
0.376,0.003,5.141,0.0,0.007,0.0
0.376,0.003,5.6,0.0,-0.014,0.0
0.376,0.003,5.813,0.0,-0.014,0.0
0.376,0.003,5.059,0.0,0.003,0.0
0.376,0.003,5.535,0.0,0.004,0.0
0.376,0.003,5.0,0.0,-0.011,0.0
0.376,0.003,4.297,0.0,-0.006,0.0
0.376,0.003,5.852,0.0,-0.004,0.0
0.376,0.003,5.289,0.0,-0.003,0.0
0.376,0.003,4.982,0.0,-0.008,0.0
0.376,0.003,3.668,0.0,0.012,0.0
0.376,0.003,5.368,0.0,-0.005,0.0
0.376,0.003,5.264,0.0,0.004,0.0
0.376,0.003,3.639,0.0,0.011,0.0
0.376,0.003,4.624,0.0,-0.022,0.0
0.376,0.003,5.631,0.0,0.009,0.0
0.376,0.003,5.353,0.0,0.004,0.0
0.376,0.003,4.297,0.0,-0.022,0.0
0.376,0.003,5.988,0.0,-0.005,0.0
0.376,0.003,4.404,0.0,0.001,0.0
0.376,0.003,5.192,0.0,-0.001,0.0
0.376,0.003,6.387,0.0,-0.001,0.0
0.376,0.003,4.707,0.0,-0.011,0.0
0.376,0.003,5.085,0.0,0.003,0.0
0.376,0.003,5.581,0.0,-0.017,0.0
0.376,0.003,5.416,0.0,-0.007,0.0
0.376,0.003,4.842,0.0,0.001,0.0
0.376,0.003,5.354,0.0,-0.009,0.0
0.376,0.003,4.664,0.0,-0.022,0.0
0.376,0.003,4.574,0.0,0.011,0.0
0.376,0.003,5.018,0.0,-0.002,0.0
0.376,0.003,4.298,0.0,0.004,0.0
0.376,0.003,5.444,0.0,-0.001,0.0
0.376,0.003,4.096,0.0,-0.002,0.0
0.376,0.003,4.062,0.0,0.008,0.0
0.376,0.003,4.38,0.0,-0.005,0.0
0.376,0.003,4.275,0.0,-0.009,0.0
0.376,0.003,5.461,0.0,-0.013,0.0
0.376,0.003,5.107,0.0,-0.009,0.0
0.377,0.003,5.103,0.0,-0.004,0.0
0.377,0.003,4.724,0.0,-0.014,0.0
0.377,0.003,5.144,0.0,-0.006,0.0
0.377,0.003,5.828,0.0,-0.001,0.0
0.377,0.003,4.866,0.0,-0.004,0.0
0.377,0.003,5.011,0.0,0.002,0.0
0.377,0.003,4.865,0.0,-0.007,0.0
0.377,0.003,5.258,0.0,-0.014,0.0
0.377,0.003,4.368,0.0,-0.009,0.0
0.377,0.003,4.488,0.0,-0.009,0.0
0.377,0.003,5.184,0.0,-0.013,0.0
0.377,0.003,4.297,0.0,0.002,0.0
0.377,0.003,4.51,0.0,-0.009,0.0
0.377,0.003,5.448,0.0,0.009,0.0
0.377,0.003,5.881,0.0,0.0,0.0
0.377,0.003,5.423,0.0,-0.027,0.0
0.377,0.003,3.989,0.0,-0.022,0.0
0.377,0.003,4.576,0.0,-0.015,0.0
0.377,0.003,5.258,0.0,-0.013,0.0
0.377,0.003,6.035,0.0,-0.001,0.0
0.377,0.003,4.752,0.0,-0.021,0.0
0.377,0.003,4.16,0.0,0.004,0.0
0.377,0.003,5.565,0.0,-0.003,0.0
0.377,0.003,5.047,0.0,0.004,0.0
0.377,0.003,5.543,0.0,0.006,0.0
0.377,0.003,4.668,0.0,-0.004,0.0
0.377,0.003,4.872,0.0,-0.024,0.0
0.377,0.003,5.064,0.0,-0.024,0.0
0.377,0.003,5.405,0.0,0.001,0.0
0.377,0.003,4.897,0.0,0.006,0.0
0.377,0.003,4.462,0.0,-0.007,0.0
0.377,0.003,4.717,0.0,-0.028,0.0
0.377,0.003,5.548,0.0,0.003,0.0
0.377,0.003,4.794,0.0,-0.005,0.0
0.377,0.003,5.387,0.0,-0.03,0.0
0.377,0.003,4.704,0.0,-0.001,0.0
0.377,0.003,4.401,0.0,0.01,0.0
0.377,0.003,4.782,0.0,-0.019,0.0
0.377,0.003,4.726,0.0,0.007,0.0
0.377,0.003,4.219,0.0,0.002,0.0
0.377,0.003,5.62,0.0,0.003,0.0
0.377,0.003,4.736,0.0,0.001,0.0
0.377,0.003,5.264,0.0,-0.007,0.0
0.377,0.003,3.959,0.0,0.005,0.0
0.377,0.003,4.674,0.0,-0.01,0.0
0.377,0.003,3.618,0.0,-0.003,0.0
0.377,0.003,3.754,0.0,-0.007,0.0
0.377,0.003,5.518,0.0,-0.005,0.0
0.377,0.003,4.968,0.0,0.002,0.0
0.377,0.003,4.779,0.0,-0.011,0.0
0.377,0.003,5.091,0.0,-0.001,0.0
0.377,0.003,4.145,0.0,-0.017,0.0
0.377,0.003,5.094,0.0,-0.008,0.0
0.377,0.003,4.357,0.0,0.0,0.0
0.377,0.003,4.384,0.0,0.014,0.0
0.377,0.003,4.956,0.0,-0.008,0.0
0.377,0.003,4.621,0.0,-0.005,0.0
0.377,0.003,5.722,0.0,0.0,0.0
0.377,0.003,4.465,0.0,0.004,0.0
0.377,0.003,6.228,0.0,-0.015,0.0
0.377,0.007,5.171,0.0,-0.012,0.0
0.377,0.003,5.145,0.0,0.006,0.0
0.377,0.003,3.827,0.0,-0.003,0.0
0.377,0.003,4.443,0.0,-0.007,0.0
0.377,0.003,5.487,0.0,0.007,0.0
0.377,0.003,5.178,0.0,-0.004,0.0
0.377,0.003,3.637,0.0,-0.01,0.0
0.377,0.003,4.512,0.0,-0.001,0.0
0.377,0.003,4.227,0.0,-0.019,0.0
0.377,0.007,4.838,0.0,0.006,0.0
0.377,0.003,5.487,0.0,-0.01,0.0
0.377,0.003,5.443,0.0,-0.005,0.0
0.377,0.003,5.329,0.0,-0.026,0.0
0.377,0.003,4.491,0.0,-0.019,0.0
0.377,0.003,4.456,0.0,0.005,0.0
0.377,0.003,4.649,0.0,0.002,0.0
0.377,0.003,4.328,0.0,-0.015,0.0
0.378,0.003,5.342,0.0,-0.004,0.0
0.378,0.003,5.074,0.0,-0.021,0.0
0.378,0.003,5.144,0.0,0.011,0.0
0.378,0.003,4.477,0.0,-0.019,0.0
0.378,0.003,5.676,0.0,-0.003,0.0
0.378,0.003,5.413,0.0,0.001,0.0
0.378,0.003,4.922,0.0,0.011,0.0
0.378,0.003,5.016,0.0,-0.014,0.0
0.378,0.003,5.087,0.0,-0.005,0.0
0.378,0.003,4.132,0.0,-0.007,0.0
0.378,0.003,5.037,0.0,-0.032,0.0
0.378,0.003,5.692,0.0,0.002,0.0
0.378,0.003,4.813,0.0,-0.014,0.0
0.378,0.003,4.994,0.0,0.001,0.0
0.378,0.003,4.428,0.0,-0.015,0.0
0.378,0.003,4.842,0.0,0.02,0.0
0.378,0.003,5.742,0.0,-0.015,0.0
0.378,0.003,5.388,0.0,-0.004,0.0
0.378,0.003,4.464,0.0,-0.007,0.0
0.378,0.003,5.436,0.0,0.002,0.0
0.378,0.003,5.973,0.0,0.004,0.0
0.378,0.003,4.325,0.0,0.004,0.0
0.378,0.003,5.049,0.0,-0.006,0.0
0.378,0.003,4.616,0.0,-0.007,0.0
0.378,0.003,5.546,0.0,-0.012,0.0
0.378,0.003,4.926,0.0,-0.011,0.0
0.378,0.003,5.33,0.0,-0.021,0.0
0.378,0.003,4.088,0.0,-0.017,0.0
0.378,0.003,6.635,0.0,-0.013,0.0
0.378,0.003,4.906,0.0,-0.004,0.0
0.378,0.003,6.188,0.0,-0.008,0.0
0.378,0.003,5.972,0.0,-0.023,0.0
0.378,0.003,4.004,0.0,-0.001,0.0
0.378,0.003,5.404,0.0,-0.006,0.0
0.378,0.003,5.662,0.0,-0.024,0.0
0.378,0.003,5.023,0.0,-0.019,0.0
0.378,0.003,4.193,0.0,0.004,0.0
0.378,0.003,4.402,0.0,-0.02,0.0
0.378,0.003,3.836,0.0,-0.018,0.0
0.378,0.003,3.852,0.0,0.003,0.0
0.378,0.003,6.399,0.0,-0.02,0.0
0.378,0.003,5.227,0.0,-0.02,0.0
0.378,0.003,5.455,0.0,-0.02,0.0
0.378,0.003,5.444,0.0,-0.008,0.0
0.378,0.003,4.15,0.0,0.003,0.0
0.378,0.003,5.045,0.0,-0.014,0.0
0.378,0.003,5.375,0.0,0.007,0.0
0.378,0.003,4.406,0.0,-0.005,0.0
0.378,0.003,3.788,0.0,0.011,0.0
0.378,0.003,5.59,0.0,-0.003,0.0
0.378,0.003,4.877,0.0,0.002,0.0
0.378,0.003,4.04,0.0,0.018,0.0
0.378,0.003,5.802,0.0,0.003,0.0
0.378,0.003,5.964,0.0,-0.019,0.0
0.378,0.003,4.115,0.0,-0.002,0.0
0.378,0.003,4.727,0.0,-0.036,0.0
0.378,0.003,4.301,0.0,0.006,0.0
0.378,0.003,4.042,0.0,0.001,0.0
0.378,0.003,5.363,0.0,0.011,0.0
0.378,0.003,5.099,0.0,-0.032,0.0
0.378,0.003,6.073,0.0,0.011,0.0
0.378,0.003,4.769,0.0,-0.006,0.0
0.378,0.003,5.297,0.0,-0.01,0.0
0.378,0.003,5.219,0.0,0.012,0.0
0.378,0.003,5.378,0.0,-0.008,0.0
0.378,0.003,4.733,0.0,-0.013,0.0
0.379,0.003,5.316,0.0,-0.02,0.0
0.379,0.003,4.872,0.0,0.003,0.0
0.379,0.003,6.487,0.0,-0.011,0.0
0.379,0.003,5.442,0.0,0.006,0.0
0.379,0.003,4.19,0.0,-0.009,0.0
0.379,0.003,5.066,0.0,-0.018,0.0
0.379,0.003,4.101,0.0,-0.015,0.0
0.379,0.003,5.174,0.0,0.015,0.0
0.379,0.003,4.871,0.0,-0.014,0.0
0.379,0.003,4.167,0.0,-0.02,0.0
0.379,0.003,5.409,0.0,0.004,0.0
0.379,0.003,5.552,0.0,-0.008,0.0
0.379,0.003,5.125,0.0,-0.021,0.0
0.379,0.003,3.977,0.0,-0.004,0.0
0.379,0.003,5.598,0.0,-0.01,0.0
0.379,0.003,3.744,0.0,0.007,0.0
0.379,0.003,4.757,0.0,-0.008,0.0
0.379,0.003,4.173,0.0,-0.006,0.0
0.379,0.003,5.08,0.0,-0.001,0.0
0.379,0.007,4.722,0.0,0.016,0.0
0.379,0.003,4.528,0.0,-0.01,0.0
0.379,0.003,5.105,0.0,-0.001,0.0
0.379,0.003,4.837,0.0,-0.015,0.0
0.379,0.003,5.447,0.0,-0.007,0.0
0.379,0.003,5.264,0.0,0.001,0.0
0.379,0.003,6.93,0.0,0.0,0.0
0.379,0.003,5.206,0.0,-0.013,0.0
0.379,0.003,5.627,0.0,-0.006,0.0
0.379,0.003,5.271,0.0,0.005,0.0
0.379,0.003,5.391,0.0,0.006,0.0
0.379,0.003,3.846,0.0,-0.011,0.0
0.379,0.003,4.585,0.0,-0.023,0.0
0.379,0.003,4.15,0.0,0.017,0.0
0.379,0.003,4.638,0.0,-0.017,0.0
0.379,0.003,5.094,0.0,-0.007,0.0
0.379,0.003,5.572,0.0,-0.028,0.0
0.379,0.003,5.265,0.0,-0.008,0.0
0.379,0.003,4.208,0.0,0.009,0.0
0.379,0.003,4.594,0.0,-0.005,0.0
0.379,0.003,4.928,0.0,0.001,0.0
0.379,0.003,5.133,0.0,-0.013,0.0
0.379,0.003,4.897,0.0,-0.006,0.0
0.379,0.003,4.913,0.0,-0.005,0.0
0.379,0.003,4.67,0.0,-0.012,0.0
0.379,0.003,3.416,0.0,0.003,0.0
0.379,0.003,4.011,0.0,-0.002,0.0
0.379,0.003,5.543,0.0,-0.005,0.0
0.379,0.003,6.582,0.0,0.008,0.0
0.379,0.003,5.612,0.0,-0.009,0.0
0.379,0.003,4.817,0.0,-0.012,0.0
0.379,0.003,6.258,0.0,-0.024,0.0
0.379,0.003,5.668,0.0,-0.032,0.0
0.379,0.003,5.231,0.0,0.006,0.0
0.379,0.003,4.091,0.0,-0.004,0.0
0.379,0.003,5.447,0.0,-0.001,0.0
0.379,0.003,4.878,0.0,0.011,0.0
0.379,0.003,4.015,0.0,0.013,0.0
0.379,0.003,4.697,0.0,-0.009,0.0
0.379,0.003,4.203,0.0,-0.004,0.0
0.379,0.003,5.939,0.0,0.002,0.0
0.379,0.003,4.6,0.0,-0.021,0.0
0.379,0.003,5.091,0.0,-0.013,0.0
0.379,0.003,4.896,0.0,0.003,0.0
0.379,0.003,5.432,0.0,-0.002,0.0
0.379,0.003,5.295,0.0,0.003,0.0
0.379,0.003,4.497,0.0,-0.012,0.0
0.379,0.003,4.871,0.0,-0.01,0.0
0.379,0.003,5.199,0.0,-0.009,0.0
0.379,0.003,3.827,0.0,0.007,0.0
0.379,0.003,5.122,0.0,0.003,0.0
0.379,0.003,4.77,0.0,-0.012,0.0
0.379,0.003,6.269,0.0,-0.012,0.0
0.38,0.003,4.896,0.0,-0.012,0.0
0.38,0.003,5.767,0.0,-0.001,0.0
0.38,0.003,4.086,0.0,0.002,0.0
0.38,0.003,6.027,0.0,-0.006,0.0
0.38,0.003,5.263,0.0,-0.017,0.0
0.38,0.003,4.234,0.0,0.008,0.0
0.38,0.003,6.015,0.0,-0.01,0.0
0.38,0.003,5.955,0.0,-0.015,0.0
0.38,0.003,4.701,0.0,0.002,0.0
0.38,0.003,5.827,0.0,0.008,0.0
0.38,0.003,3.796,0.0,-0.002,0.0
0.38,0.003,4.025,0.0,0.004,0.0
0.38,0.003,5.969,0.0,-0.006,0.0
0.38,0.003,5.414,0.0,-0.01,0.0
0.38,0.003,4.804,0.0,-0.019,0.0
0.38,0.003,4.547,0.0,-0.009,0.0
0.38,0.003,4.998,0.0,-0.014,0.0
0.38,0.003,4.251,0.0,0.0,0.0
0.38,0.003,4.463,0.0,-0.002,0.0
0.38,0.003,4.129,0.0,-0.004,0.0
0.38,0.003,5.151,0.0,-0.002,0.0
0.38,0.003,5.907,0.0,-0.027,0.0
0.38,0.003,4.234,0.0,-0.015,0.0
0.38,0.003,4.423,0.0,-0.009,0.0
0.38,0.003,4.664,0.0,-0.006,0.0
0.38,0.003,5.122,0.0,-0.006,0.0
0.38,0.003,4.998,0.0,-0.008,0.0
0.38,0.003,6.035,0.0,-0.009,0.0
0.38,0.003,5.729,0.0,-0.004,0.0
0.38,0.003,4.729,0.0,-0.013,0.0
0.38,0.003,4.085,0.0,-0.003,0.0
0.38,0.003,5.896,0.0,-0.035,0.0
0.38,0.003,3.944,0.0,-0.014,0.0
0.38,0.003,5.173,0.0,-0.017,0.0
0.38,0.003,5.34,0.0,-0.011,0.0
0.38,0.003,3.798,0.0,-0.014,0.0
0.38,0.003,5.688,0.0,-0.002,0.0
0.38,0.003,3.979,0.0,0.002,0.0
0.38,0.003,4.902,0.0,0.009,0.0
0.38,0.003,4.193,0.0,0.015,0.0
0.38,0.003,4.747,0.0,-0.018,0.0
0.38,0.003,5.853,0.0,-0.011,0.0
0.38,0.003,4.82,0.0,-0.008,0.0
0.38,0.003,5.543,0.0,-0.01,0.0
0.38,0.003,4.526,0.0,0.005,0.0
0.38,0.003,4.773,0.0,-0.019,0.0
0.38,0.003,6.955,0.0,0.002,0.0
0.38,0.003,3.795,0.0,-0.001,0.0
0.38,0.003,4.618,0.0,-0.006,0.0
0.38,0.003,5.381,0.0,-0.013,0.0
0.38,0.003,4.296,0.0,-0.008,0.0
0.38,0.003,3.719,0.0,0.013,0.0
0.38,0.003,4.518,0.0,-0.001,0.0
0.38,0.003,3.962,0.0,0.005,0.0
0.38,0.003,5.033,0.0,-0.015,0.0
0.38,0.003,4.315,0.0,-0.005,0.0
0.38,0.003,4.356,0.0,-0.003,0.0
0.38,0.003,5.509,0.0,-0.005,0.0
0.38,0.003,5.722,0.0,-0.015,0.0
0.38,0.003,4.802,0.0,0.006,0.0
0.38,0.003,4.851,0.0,-0.016,0.0
0.38,0.003,5.4,0.0,0.005,0.0
0.38,0.003,5.176,0.0,-0.002,0.0
0.38,0.003,5.413,0.0,-0.019,0.0
0.38,0.003,6.146,0.0,0.016,0.0
0.38,0.003,5.089,0.0,-0.005,0.0
0.38,0.003,4.403,0.0,0.001,0.0
0.38,0.003,4.407,0.0,0.013,0.0
0.38,0.003,4.194,0.0,0.002,0.0
0.38,0.003,5.615,0.0,-0.011,0.0
0.38,0.003,5.967,0.0,-0.002,0.0
0.38,0.003,4.637,0.0,-0.004,0.0
0.381,0.003,4.8,0.0,-0.004,0.0
0.381,0.003,5.58,0.0,-0.018,0.0
0.381,0.003,6.06,0.0,0.002,0.0
0.381,0.003,4.164,0.0,-0.02,0.0
0.381,0.003,3.805,0.0,-0.025,0.0
0.381,0.003,5.394,0.0,-0.027,0.0
0.381,0.003,5.877,0.0,-0.036,0.0
0.381,0.003,5.439,0.0,-0.001,0.0
0.381,0.003,4.283,0.0,-0.011,0.0
0.381,0.003,4.705,0.0,0.006,0.0
0.381,0.003,4.311,0.0,0.002,0.0
0.381,0.003,5.37,0.0,0.014,0.0
0.381,0.003,5.571,0.0,-0.009,0.0
0.381,0.003,5.186,0.0,0.001,0.0
0.381,0.007,5.216,0.0,-0.007,0.0
0.381,0.003,6.056,0.0,-0.004,0.0
0.381,0.003,4.827,0.0,-0.007,0.0
0.381,0.003,6.033,0.0,-0.011,0.0
0.381,0.003,4.986,0.0,0.001,0.0
0.381,0.003,4.558,0.333,-0.005,0.0
0.381,0.003,5.048,0.0,0.007,0.0
0.381,0.003,3.67,0.0,-0.011,0.0
0.381,0.003,5.469,0.0,-0.016,0.0
0.381,0.003,4.005,0.0,-0.004,0.0
0.381,0.003,5.258,0.0,0.003,0.0
0.381,0.003,5.91,0.0,-0.024,0.0
0.381,0.003,4.209,0.0,-0.007,0.0
0.381,0.003,4.886,0.0,-0.008,0.0
0.381,0.003,5.913,0.0,-0.018,0.0
0.381,0.003,4.546,0.0,0.003,0.0
0.381,0.003,5.008,0.0,0.003,0.0
0.381,0.003,3.736,0.0,-0.005,0.0
0.381,0.003,4.974,0.0,-0.01,0.0
0.381,0.003,4.599,0.0,0.0,0.0
0.381,0.003,4.969,0.0,-0.013,0.0
0.381,0.003,4.795,0.0,-0.003,0.0
0.381,0.003,4.712,0.0,-0.021,0.0
0.381,0.003,5.03,0.0,-0.015,0.0
0.381,0.003,5.134,0.0,-0.019,0.0
0.381,0.003,5.099,0.0,0.011,0.0
0.381,0.003,4.593,0.0,-0.016,0.0
0.381,0.003,5.416,0.0,0.015,0.0
0.381,0.003,4.228,0.0,0.011,0.0
0.381,0.003,4.211,0.0,0.006,0.0
0.381,0.003,4.542,0.0,-0.011,0.0
0.381,0.003,4.572,0.0,-0.007,0.0
0.381,0.003,4.889,0.0,-0.008,0.0
0.381,0.003,3.668,0.0,0.01,0.0
0.381,0.003,5.4,0.0,-0.001,0.0
0.381,0.003,5.046,0.0,-0.019,0.0
0.381,0.003,5.59,0.0,-0.027,0.0
0.381,0.003,5.48,0.0,-0.003,0.0
0.381,0.003,4.152,0.0,0.01,0.0
0.381,0.003,5.917,0.0,0.01,0.0
0.381,0.003,4.397,0.0,-0.003,0.0
0.381,0.003,4.773,0.0,0.005,0.0
0.381,0.003,6.064,0.0,-0.008,0.0
0.381,0.003,5.493,0.0,-0.007,0.0
0.381,0.003,5.158,0.0,-0.003,0.0
0.381,0.003,4.606,0.0,0.005,0.0
0.381,0.003,4.693,0.0,-0.015,0.0
0.381,0.003,6.022,0.0,-0.006,0.0
0.381,0.003,4.765,0.0,-0.008,0.0
0.381,0.003,4.211,0.0,0.013,0.0
0.381,0.003,5.713,0.0,-0.018,0.0
0.381,0.003,5.148,0.0,-0.008,0.0
0.381,0.003,4.808,0.0,-0.001,0.0
0.381,0.003,4.894,0.0,-0.004,0.0
0.381,0.003,3.828,0.0,-0.005,0.0
0.381,0.003,4.49,0.0,0.018,0.0
0.381,0.003,4.438,0.0,0.009,0.0
0.381,0.003,3.958,0.0,0.01,0.0
0.381,0.003,3.974,0.0,-0.013,0.0
0.381,0.003,4.394,0.0,-0.023,0.0
0.381,0.003,4.544,0.0,-0.007,0.0
0.381,0.003,4.833,0.0,-0.009,0.0
0.381,0.003,5.734,0.0,-0.014,0.0
0.381,0.003,4.385,0.0,0.004,0.0
0.381,0.003,5.029,0.0,-0.014,0.0
0.381,0.003,4.817,0.0,-0.003,0.0
0.381,0.003,4.952,0.0,0.002,0.0
0.381,0.003,4.813,0.0,-0.017,0.0
0.381,0.003,6.0,0.0,0.011,0.0
0.381,0.003,5.243,0.0,0.001,0.0
0.381,0.003,5.577,0.0,-0.004,0.0
0.381,0.003,5.61,0.0,0.01,0.0
0.381,0.003,3.024,0.0,0.006,0.0
0.381,0.003,4.7,0.0,-0.002,0.0
0.381,0.003,3.645,0.0,-0.009,0.0
0.381,0.003,4.799,0.0,0.005,0.0
0.381,0.003,4.471,0.0,0.005,0.0
0.382,0.003,4.488,0.0,0.001,0.0
0.382,0.003,5.385,0.0,-0.022,0.0
0.382,0.003,6.855,0.0,-0.005,0.0
0.382,0.003,5.273,0.0,-0.006,0.0
0.382,0.003,5.205,0.0,-0.022,0.0
0.382,0.003,4.864,0.0,0.002,0.0
0.382,0.003,4.132,0.0,-0.003,0.0
0.382,0.003,5.941,0.0,-0.018,0.0
0.382,0.003,5.049,0.0,0.007,0.0
0.382,0.003,5.442,0.0,-0.02,0.0
0.382,0.003,4.385,0.0,-0.02,0.0
0.382,0.003,5.91,0.0,-0.025,0.0
0.382,0.003,5.2,0.0,-0.004,0.0
0.382,0.003,5.137,0.0,0.008,0.0
0.382,0.003,4.408,0.0,-0.005,0.0
0.382,0.003,5.557,0.0,-0.004,0.0
0.382,0.003,3.644,0.0,0.013,0.0
0.382,0.003,4.348,0.0,0.006,0.0
0.382,0.003,5.84,0.0,-0.011,0.0
0.382,0.003,5.181,0.0,-0.005,0.0
0.382,0.003,5.688,0.0,0.004,0.0
0.382,0.003,3.706,0.0,-0.009,0.0
0.382,0.003,4.39,0.0,0.004,0.0
0.382,0.003,4.963,0.0,-0.011,0.0
0.382,0.003,5.16,0.0,-0.002,0.0
0.382,0.003,4.541,0.0,-0.001,0.0
0.382,0.003,5.502,0.0,0.009,0.0
0.382,0.003,5.611,0.0,0.001,0.0
0.382,0.003,4.704,0.0,0.003,0.0
0.382,0.003,6.296,0.0,-0.007,0.0
0.382,0.003,5.14,0.0,-0.02,0.0
0.382,0.003,5.52,0.0,-0.01,0.0
0.382,0.003,5.731,0.0,-0.009,0.0
0.382,0.003,4.715,0.0,-0.02,0.0
0.382,0.003,3.815,0.0,-0.001,0.0
0.382,0.003,4.864,0.0,0.001,0.0
0.382,0.003,4.865,0.0,-0.001,0.0
0.382,0.003,5.307,0.0,-0.019,0.0
0.382,0.003,4.158,0.0,-0.019,0.0
0.382,0.003,4.903,0.0,-0.006,0.0
0.382,0.003,4.282,0.0,0.009,0.0
0.382,0.003,5.357,0.0,-0.015,0.0
0.382,0.003,5.583,0.0,-0.013,0.0
0.382,0.003,4.097,0.0,-0.001,0.0
0.382,0.003,4.85,0.0,-0.018,0.0
0.382,0.003,5.654,0.0,-0.0,0.0
0.382,0.003,5.03,0.0,-0.005,0.0
0.382,0.003,4.97,0.0,-0.01,0.0
0.382,0.003,6.242,0.0,0.007,0.0
0.382,0.003,5.426,0.0,-0.01,0.0
0.382,0.003,4.934,0.0,0.004,0.0
0.382,0.003,5.056,0.0,-0.016,0.0
0.382,0.003,4.72,0.0,0.003,0.0
0.382,0.003,6.88,0.0,-0.013,0.0
0.382,0.003,5.786,0.0,-0.013,0.0
0.382,0.003,4.403,0.0,-0.002,0.0
0.382,0.003,3.83,0.0,0.001,0.0
0.382,0.003,5.87,0.0,0.004,0.0
0.382,0.003,4.751,0.0,-0.014,0.0
0.382,0.003,5.399,0.0,-0.003,0.0
0.382,0.003,6.064,0.0,-0.014,0.0
0.382,0.003,5.204,0.0,0.012,0.0
0.382,0.003,4.748,0.0,-0.013,0.0
0.382,0.003,4.659,0.0,-0.007,0.0
0.382,0.003,5.349,0.0,-0.013,0.0
0.382,0.003,4.126,0.0,-0.0,0.0
0.382,0.003,6.295,0.0,-0.019,0.0
0.382,0.003,4.63,0.0,-0.01,0.0
0.382,0.003,4.827,0.0,-0.012,0.0
0.382,0.003,5.218,0.0,-0.007,0.0
0.382,0.003,5.136,0.0,-0.003,0.0
0.382,0.003,3.566,0.0,-0.0,0.0
0.382,0.003,4.36,0.0,0.009,0.0
0.382,0.003,3.966,0.0,-0.023,0.0
0.382,0.003,5.075,0.0,-0.006,0.0
0.382,0.003,4.325,0.0,0.01,0.0
0.382,0.003,5.85,0.0,-0.01,0.0
0.382,0.003,4.753,0.0,-0.021,0.0
0.382,0.003,5.002,0.0,-0.004,0.0
0.382,0.003,4.656,0.0,0.004,0.0
0.382,0.003,6.085,0.0,0.007,0.0
0.382,0.003,4.632,0.0,-0.026,0.0
0.382,0.003,4.616,0.0,-0.001,0.0
0.382,0.003,4.515,0.0,0.015,0.0
0.382,0.003,3.745,0.0,-0.012,0.0
0.382,0.003,6.265,0.0,-0.017,0.0
0.382,0.003,4.398,0.0,-0.002,0.0
0.382,0.003,5.263,0.0,-0.012,0.0
0.382,0.003,4.54,0.0,-0.009,0.0
0.383,0.003,5.649,0.0,-0.017,0.0
0.383,0.003,3.594,0.0,-0.013,0.0
0.383,0.003,4.99,0.0,0.008,0.0
0.383,0.003,5.891,0.0,-0.014,0.0
0.383,0.003,6.089,0.0,-0.004,0.0
0.383,0.003,4.94,0.0,0.001,0.0
0.383,0.003,3.987,0.0,0.008,0.0
0.383,0.003,4.773,0.0,-0.018,0.0
0.383,0.003,4.947,0.0,-0.004,0.0
0.383,0.003,5.599,0.0,-0.028,0.0
0.383,0.003,5.635,0.0,0.016,0.0
0.383,0.003,6.156,0.0,-0.009,0.0
0.383,0.003,5.102,0.0,0.008,0.0
0.383,0.003,5.745,0.0,-0.007,0.0
0.383,0.003,4.899,0.0,0.001,0.0
0.383,0.003,5.293,0.0,0.011,0.0
0.383,0.003,3.534,0.0,-0.008,0.0
0.383,0.003,4.786,0.0,0.017,0.0
0.383,0.003,6.933,0.0,-0.001,0.0
0.383,0.003,3.856,0.0,-0.013,0.0
0.383,0.003,4.819,0.0,-0.003,0.0
0.383,0.003,6.049,0.0,-0.025,0.0
0.383,0.003,4.782,0.0,-0.008,0.0
0.383,0.003,4.163,0.0,-0.013,0.0
0.383,0.003,4.82,0.0,0.003,0.0
0.383,0.003,5.194,0.0,0.008,0.0
0.383,0.003,4.344,0.0,0.004,0.0
0.383,0.003,4.847,0.0,-0.003,0.0
0.383,0.003,4.537,0.0,-0.013,0.0
0.383,0.003,4.64,0.0,0.009,0.0
0.383,0.003,3.875,0.0,-0.021,0.0
0.383,0.003,6.462,0.0,-0.017,0.0
0.383,0.003,5.235,0.0,0.004,0.0
0.383,0.003,4.975,0.0,0.001,0.0
0.383,0.003,4.876,0.0,0.001,0.0
0.383,0.003,5.732,0.0,0.003,0.0
0.383,0.003,5.112,0.0,0.007,0.0
0.383,0.003,4.291,0.0,0.012,0.0
0.383,0.003,5.05,0.0,0.013,0.0
0.383,0.003,6.231,0.0,0.002,0.0
0.383,0.003,4.99,0.0,-0.019,0.0
0.383,0.003,5.407,0.0,0.001,0.0
0.383,0.003,5.748,0.0,-0.013,0.0
0.383,0.003,5.366,0.0,-0.027,0.0
0.383,0.003,3.875,0.0,-0.015,0.0
0.383,0.003,5.982,0.0,0.003,0.0
0.383,0.003,6.076,0.0,-0.006,0.0
0.383,0.003,5.825,0.0,0.006,0.0
0.383,0.003,5.34,0.0,0.007,0.0
0.383,0.003,4.956,0.0,0.004,0.0
0.383,0.003,4.452,0.0,-0.011,0.0
0.383,0.003,5.888,0.0,-0.001,0.0
0.383,0.003,5.352,0.0,0.003,0.0
0.383,0.003,3.995,0.0,-0.017,0.0
0.383,0.003,4.525,0.0,-0.001,0.0
0.383,0.003,4.384,0.0,-0.017,0.0
0.383,0.003,6.237,0.0,-0.009,0.0
0.383,0.003,4.674,0.0,-0.013,0.0
0.383,0.003,4.681,0.0,-0.016,0.0
0.383,0.003,5.328,0.0,-0.014,0.0
0.383,0.003,4.085,0.0,0.005,0.0
0.383,0.003,5.772,0.0,0.002,0.0
0.383,0.003,5.804,0.0,0.011,0.0
0.383,0.003,5.814,0.0,-0.006,0.0
0.383,0.003,6.316,0.0,-0.009,0.0
0.383,0.003,4.772,0.0,-0.018,0.0
0.383,0.003,5.373,0.0,-0.021,0.0
0.383,0.003,4.269,0.0,-0.005,0.0
0.383,0.003,4.841,0.0,-0.013,0.0
0.384,0.003,4.273,0.0,-0.01,0.0
0.384,0.003,6.302,0.0,-0.005,0.0
0.384,0.003,5.492,0.0,-0.008,0.0
0.384,0.003,3.964,0.0,-0.005,0.0
0.384,0.003,4.262,0.0,0.006,0.0
0.384,0.003,5.045,0.0,-0.013,0.0
0.384,0.003,4.429,0.0,0.006,0.0
0.384,0.003,4.123,0.0,-0.012,0.0
0.384,0.003,3.521,0.0,-0.014,0.0
0.384,0.003,5.681,0.0,0.024,0.0
0.384,0.003,5.822,0.0,-0.009,0.0
0.384,0.003,4.656,0.0,-0.011,0.0
0.384,0.003,4.604,0.0,-0.01,0.0
0.384,0.003,4.266,0.0,-0.003,0.0
0.384,0.003,5.336,0.0,-0.006,0.0
0.384,0.003,4.434,0.0,0.012,0.0
0.384,0.003,5.334,0.0,0.001,0.0
0.384,0.003,3.836,0.0,-0.005,0.0
0.384,0.003,5.157,0.0,-0.011,0.0
0.384,0.003,4.76,0.0,0.008,0.0
0.384,0.003,4.287,0.0,0.002,0.0
0.384,0.003,4.802,0.0,-0.003,0.0
0.384,0.003,4.429,0.0,0.001,0.0
0.384,0.003,4.239,0.0,0.009,0.0
0.384,0.003,5.248,0.0,-0.013,0.0
0.384,0.003,4.729,0.0,-0.012,0.0
0.384,0.003,5.177,0.0,-0.017,0.0
0.384,0.003,5.842,0.0,0.009,0.0
0.384,0.003,5.229,0.0,-0.002,0.0
0.384,0.003,5.781,0.0,-0.001,0.0
0.384,0.003,5.845,0.0,-0.018,0.0
0.384,0.003,4.521,0.0,0.001,0.0
0.384,0.003,5.605,0.0,-0.027,0.0
0.384,0.003,5.137,0.0,0.004,0.0
0.384,0.003,5.194,0.0,-0.001,0.0
0.384,0.003,4.055,0.0,-0.007,0.0
0.384,0.003,3.605,0.0,-0.008,0.0
0.384,0.003,4.518,0.0,0.008,0.0
0.384,0.003,5.492,0.0,-0.007,0.0
0.384,0.003,4.485,0.0,0.023,0.0
0.384,0.003,5.97,0.0,0.018,0.0
0.384,0.003,6.193,0.0,0.005,0.0
0.384,0.003,3.668,0.0,-0.016,0.0
0.384,0.003,3.59,0.0,0.008,0.0
0.384,0.003,4.452,0.0,0.002,0.0
0.384,0.003,6.004,0.0,0.009,0.0
0.384,0.003,3.864,0.0,-0.016,0.0
0.384,0.003,4.726,0.0,-0.011,0.0
0.384,0.003,4.022,0.0,-0.019,0.0
0.384,0.003,4.612,0.0,-0.0,0.0
0.384,0.003,5.343,0.0,-0.013,0.0
0.384,0.003,4.232,0.0,-0.012,0.0
0.384,0.003,4.336,0.0,-0.01,0.0
0.384,0.003,4.323,0.0,-0.033,0.0
0.384,0.003,4.976,0.0,-0.016,0.0
0.384,0.003,5.067,0.0,-0.038,0.0
0.384,0.003,4.897,0.0,-0.011,0.0
0.384,0.003,4.962,0.0,-0.023,0.0
0.384,0.003,5.189,0.0,0.001,0.0
0.384,0.003,5.262,0.0,-0.004,0.0
0.384,0.003,5.294,0.0,0.015,0.0
0.384,0.003,4.749,0.0,-0.014,0.0
0.384,0.003,7.004,0.0,0.009,0.0
0.384,0.003,4.08,0.0,0.006,0.0
0.384,0.003,4.006,0.0,-0.011,0.0
0.384,0.003,5.455,0.0,0.005,0.0
0.384,0.003,4.818,0.0,0.004,0.0
0.384,0.003,5.741,0.0,-0.002,0.0
0.384,0.003,4.446,0.0,-0.016,0.0
0.385,0.003,4.945,0.0,-0.008,0.0
0.385,0.003,5.554,0.0,-0.022,0.0
0.385,0.003,4.142,0.0,-0.003,0.0
0.385,0.003,5.401,0.0,-0.024,0.0
0.385,0.003,3.931,0.0,0.007,0.0
0.385,0.003,5.064,0.0,-0.031,0.0
0.385,0.003,4.969,0.0,-0.004,0.0
0.385,0.003,4.285,0.0,-0.019,0.0
0.385,0.003,4.534,0.0,-0.017,0.0
0.385,0.003,3.989,0.0,-0.006,0.0
0.385,0.003,5.407,0.0,-0.015,0.0
0.385,0.003,4.524,0.0,0.001,0.0
0.385,0.003,4.764,0.0,-0.011,0.0
0.385,0.003,4.294,0.0,0.006,0.0
0.385,0.003,3.551,0.0,-0.012,0.0
0.385,0.003,4.245,0.0,-0.001,0.0
0.385,0.003,5.408,0.0,-0.002,0.0
0.385,0.003,5.436,0.0,0.015,0.0
0.385,0.003,6.131,0.0,-0.019,0.0
0.385,0.003,4.963,0.0,0.003,0.0
0.385,0.003,4.171,0.0,-0.009,0.0
0.385,0.003,5.509,0.0,-0.011,0.0
0.385,0.003,5.298,0.0,-0.012,0.0
0.385,0.003,4.618,0.0,-0.002,0.0
0.385,0.003,4.298,0.0,-0.021,0.0
0.385,0.003,6.838,0.0,-0.02,0.0
0.385,0.003,6.672,0.0,-0.013,0.0
0.385,0.003,3.988,0.0,0.006,0.0
0.385,0.003,5.026,0.0,0.002,0.0
0.385,0.003,4.971,0.0,0.007,0.0
0.385,0.003,6.201,0.0,-0.015,0.0
0.385,0.003,5.113,0.0,-0.009,0.0
0.385,0.003,4.8,0.0,0.003,0.0
0.385,0.003,4.331,0.0,-0.022,0.0
0.385,0.003,3.298,0.0,0.019,0.0
0.385,0.003,5.35,0.0,-0.016,0.0
0.385,0.003,4.704,0.0,0.001,0.0
0.385,0.003,4.905,0.0,-0.012,0.0
0.385,0.003,5.457,0.0,-0.021,0.0
0.385,0.003,5.567,0.0,0.004,0.0
0.385,0.003,5.941,0.0,0.007,0.0
0.385,0.003,4.753,0.0,0.008,0.0
0.385,0.003,5.385,0.0,-0.005,0.0
0.385,0.003,5.016,0.0,-0.013,0.0
0.385,0.003,3.95,0.0,-0.018,0.0
0.385,0.003,4.89,0.0,-0.003,0.0
0.385,0.003,5.719,0.0,0.001,0.0
0.385,0.003,6.025,0.0,0.006,0.0
0.385,0.003,5.669,0.0,-0.014,0.0
0.385,0.003,4.597,0.0,-0.007,0.0
0.385,0.003,5.052,0.0,0.001,0.0
0.385,0.003,5.953,0.0,-0.014,0.0
0.385,0.003,4.43,0.0,-0.018,0.0
0.385,0.003,4.436,0.0,0.002,0.0
0.385,0.003,4.909,0.0,-0.001,0.0
0.385,0.003,5.105,0.0,-0.001,0.0
0.385,0.003,5.027,0.0,0.0,0.0
0.385,0.003,4.683,0.0,-0.015,0.0
0.385,0.003,5.15,0.0,0.018,0.0
0.385,0.003,4.861,0.0,-0.012,0.0
0.385,0.003,5.398,0.0,-0.033,0.0
0.385,0.003,4.193,0.0,-0.017,0.0
0.385,0.003,3.986,0.0,0.002,0.0
0.385,0.003,5.845,0.0,-0.001,0.0
0.385,0.003,4.456,0.0,0.005,0.0
0.385,0.003,4.571,0.0,-0.029,0.0
0.385,0.003,5.245,0.0,0.016,0.0
0.385,0.003,4.315,0.0,-0.006,0.0
0.385,0.003,3.686,0.0,-0.02,0.0
0.385,0.003,4.981,0.0,-0.018,0.0
0.385,0.003,4.226,0.0,0.008,0.0
0.385,0.003,5.288,0.0,-0.022,0.0
0.386,0.003,4.859,0.0,-0.01,0.0
0.386,0.003,4.459,0.0,-0.004,0.0
0.386,0.003,5.095,0.0,0.004,0.0
0.386,0.003,6.103,0.0,-0.008,0.0
0.386,0.003,6.08,0.0,-0.006,0.0
0.386,0.003,5.172,0.0,0.007,0.0
0.386,0.003,5.151,0.0,-0.006,0.0
0.386,0.003,5.089,0.0,-0.014,0.0
0.386,0.003,5.034,0.0,-0.01,0.0
0.386,0.003,5.078,0.0,-0.014,0.0
0.386,0.003,4.298,0.0,0.007,0.0
0.386,0.003,6.183,0.0,-0.0,0.0
0.386,0.003,4.895,0.0,0.002,0.0
0.386,0.003,3.745,0.0,-0.018,0.0
0.386,0.003,6.477,0.0,-0.018,0.0
0.386,0.003,5.47,0.0,-0.017,0.0
0.386,0.003,4.439,0.0,-0.005,0.0
0.386,0.003,4.649,0.0,-0.009,0.0
0.386,0.003,5.109,0.0,0.011,0.0
0.386,0.003,5.544,0.0,-0.008,0.0
0.386,0.003,5.406,0.0,0.003,0.0
0.386,0.003,4.215,0.0,0.003,0.0
0.386,0.003,4.496,0.0,-0.006,0.0
0.386,0.003,5.606,0.0,-0.022,0.0
0.386,0.003,4.171,0.0,0.004,0.0
0.386,0.003,4.959,0.0,-0.024,0.0
0.386,0.003,4.829,0.0,-0.008,0.0
0.386,0.003,5.195,0.0,-0.015,0.0
0.386,0.003,4.973,0.0,0.009,0.0
0.386,0.003,3.9,0.0,-0.022,0.0
0.386,0.003,4.495,0.0,0.024,0.0
0.386,0.003,6.3,0.0,-0.002,0.0
0.386,0.003,5.471,0.0,-0.01,0.0
0.386,0.003,4.911,0.0,0.0,0.0
0.386,0.003,4.809,0.0,0.023,0.0
0.386,0.003,5.075,0.0,-0.007,0.0
0.386,0.003,4.777,0.0,-0.001,0.0
0.386,0.003,6.998,0.0,0.002,0.0
0.386,0.003,3.994,0.333,-0.024,0.0
0.386,0.003,5.306,0.0,0.001,0.0
0.386,0.003,5.163,0.0,-0.0,0.0
0.386,0.003,6.046,0.0,0.01,0.0
0.386,0.003,4.725,0.0,0.011,0.0
0.386,0.003,5.279,0.0,-0.018,0.0
0.386,0.003,5.077,0.0,-0.016,0.0
0.386,0.003,5.248,0.0,0.01,0.0
0.386,0.003,5.058,0.0,-0.004,0.0
0.386,0.003,5.188,0.0,-0.023,0.0
0.386,0.003,5.915,0.0,0.002,0.0
0.386,0.003,5.041,0.0,0.005,0.0
0.386,0.003,6.6,0.0,0.014,0.0
0.386,0.003,5.006,0.0,-0.011,0.0
0.386,0.003,3.247,0.0,0.005,0.0
0.386,0.003,4.821,0.0,0.015,0.0
0.386,0.003,5.067,0.0,0.009,0.0
0.386,0.003,4.52,0.0,0.021,0.0
0.386,0.003,3.844,0.0,0.001,0.0
0.386,0.003,4.882,0.0,0.0,0.0
0.386,0.003,3.659,0.0,-0.001,0.0
0.386,0.003,4.224,0.0,-0.004,0.0
0.386,0.003,4.511,0.0,0.006,0.0
0.386,0.003,5.148,0.0,-0.009,0.0
0.386,0.003,4.195,0.0,0.01,0.0
0.386,0.003,3.868,0.0,-0.01,0.0
0.386,0.003,5.046,0.0,0.002,0.0
0.386,0.003,5.863,0.0,-0.014,0.0
0.386,0.003,5.376,0.0,-0.002,0.0
0.386,0.003,6.011,0.0,-0.006,0.0
0.386,0.003,5.437,0.0,-0.008,0.0
0.386,0.003,4.662,0.0,-0.001,0.0
0.386,0.003,5.481,0.0,-0.008,0.0
0.386,0.003,4.805,0.0,-0.022,0.0
0.386,0.003,5.046,0.0,-0.005,0.0
0.386,0.003,5.794,0.0,-0.014,0.0
0.386,0.003,4.952,0.0,-0.011,0.0
0.386,0.003,5.025,0.0,0.025,0.0
0.386,0.003,4.091,0.0,0.017,0.0
0.386,0.003,5.113,0.0,0.015,0.0
0.386,0.003,5.287,0.0,-0.016,0.0
0.387,0.003,4.168,0.0,-0.004,0.0
0.387,0.003,5.245,0.0,-0.002,0.0
0.387,0.003,4.371,0.0,0.01,0.0
0.387,0.003,4.961,0.0,-0.023,0.0
0.387,0.003,5.045,0.0,-0.004,0.0
0.387,0.003,4.459,0.0,-0.015,0.0
0.387,0.003,5.072,0.0,-0.004,0.0
0.387,0.003,4.865,0.0,-0.015,0.0
0.387,0.003,4.999,0.0,0.004,0.0
0.387,0.003,5.704,0.0,-0.026,0.0
0.387,0.003,6.209,0.0,0.001,0.0
0.387,0.003,4.938,0.0,-0.007,0.0
0.387,0.003,5.228,0.0,0.01,0.0
0.387,0.003,5.031,0.0,0.012,0.0
0.387,0.003,4.714,0.0,-0.009,0.0
0.387,0.003,4.94,0.0,-0.001,0.0
0.387,0.003,5.497,0.0,-0.002,0.0
0.387,0.003,6.037,0.0,-0.012,0.0
0.387,0.003,4.847,0.0,0.005,0.0
0.387,0.003,4.604,0.0,0.002,0.0
0.387,0.003,4.863,0.0,0.009,0.0
0.387,0.003,4.038,0.0,-0.005,0.0
0.387,0.003,5.047,0.0,-0.006,0.0
0.387,0.003,5.915,0.0,0.024,0.0
0.387,0.003,5.495,0.0,-0.0,0.0
0.387,0.003,4.917,0.0,-0.021,0.0
0.387,0.003,4.191,0.0,-0.016,0.0
0.387,0.003,5.229,0.0,0.004,0.0
0.387,0.003,4.384,0.0,-0.014,0.0
0.387,0.003,5.249,0.0,-0.006,0.0
0.387,0.003,4.704,0.0,0.007,0.0
0.387,0.003,3.954,0.0,-0.015,0.0
0.387,0.003,4.431,0.0,-0.011,0.0
0.387,0.003,5.449,0.0,-0.005,0.0
0.387,0.003,6.431,0.0,0.0,0.0
0.387,0.003,5.884,0.0,0.0,0.0
0.387,0.003,5.09,0.0,-0.011,0.0
0.387,0.003,5.498,0.0,-0.0,0.0
0.387,0.003,4.093,0.0,0.002,0.0
0.387,0.003,4.923,0.0,0.015,0.0
0.387,0.003,4.816,0.0,-0.019,0.0
0.387,0.003,5.299,0.0,-0.004,0.0
0.387,0.003,4.317,0.0,0.007,0.0
0.387,0.003,5.154,0.0,0.003,0.0
0.387,0.003,5.316,0.0,-0.021,0.0
0.387,0.003,5.239,0.0,-0.014,0.0
0.387,0.003,3.701,0.0,-0.002,0.0
0.387,0.003,4.817,0.0,-0.011,0.0
0.387,0.003,4.958,0.0,-0.017,0.0
0.387,0.003,4.944,0.0,0.015,0.0
0.387,0.003,5.937,0.0,0.011,0.0
0.387,0.003,4.387,0.0,0.002,0.0
0.387,0.003,4.933,0.0,-0.008,0.0
0.387,0.003,5.46,0.0,-0.01,0.0
0.387,0.003,4.068,0.0,-0.003,0.0
0.387,0.003,5.255,0.0,0.012,0.0
0.387,0.003,4.028,0.0,0.016,0.0
0.387,0.003,6.128,0.0,-0.022,0.0
0.387,0.003,4.952,0.0,0.007,0.0
0.387,0.003,4.643,0.0,-0.01,0.0
0.387,0.003,3.873,0.0,-0.011,0.0
0.387,0.003,5.091,0.0,-0.014,0.0
0.387,0.003,4.986,0.0,0.005,0.0
0.387,0.003,5.168,0.0,0.005,0.0
0.387,0.003,4.346,0.0,0.004,0.0
0.387,0.003,4.841,0.0,-0.001,0.0
0.387,0.003,4.176,0.0,-0.016,0.0
0.387,0.003,4.166,0.0,-0.015,0.0
0.387,0.003,5.234,0.0,-0.005,0.0
0.387,0.003,3.992,0.0,-0.021,0.0
0.387,0.003,6.203,0.0,-0.006,0.0
0.388,0.003,4.564,0.0,-0.017,0.0
0.388,0.003,5.072,0.0,-0.003,0.0
0.388,0.003,5.678,0.0,-0.027,0.0
0.388,0.003,4.788,0.0,0.013,0.0
0.388,0.003,4.823,0.0,-0.023,0.0
0.388,0.003,4.981,0.0,-0.009,0.0
0.388,0.003,5.588,0.0,0.001,0.0
0.388,0.003,4.084,0.0,0.004,0.0
0.388,0.003,4.611,0.0,-0.007,0.0
0.388,0.003,4.547,0.0,-0.023,0.0
0.388,0.003,4.65,0.0,0.006,0.0
0.388,0.003,5.233,0.0,-0.0,0.0
0.388,0.003,4.267,0.0,-0.019,0.0
0.388,0.003,5.342,0.0,-0.005,0.0
0.388,0.003,5.736,0.0,-0.012,0.0
0.388,0.003,5.144,0.0,0.009,0.0
0.388,0.003,5.134,0.0,-0.008,0.0
0.388,0.003,5.192,0.0,0.004,0.0
0.388,0.003,4.419,0.0,0.001,0.0
0.388,0.003,4.971,0.0,0.014,0.0
0.388,0.003,4.376,0.0,-0.007,0.0
0.388,0.003,5.423,0.0,-0.02,0.0
0.388,0.003,5.845,0.0,0.007,0.0
0.388,0.003,3.976,0.0,0.0,0.0
0.388,0.003,5.778,0.0,-0.003,0.0
0.388,0.003,5.676,0.0,-0.018,0.0
0.388,0.003,5.415,0.0,0.006,0.0
0.388,0.003,3.999,0.0,0.003,0.0
0.388,0.003,5.066,0.0,0.001,0.0
0.388,0.003,5.529,0.0,-0.0,0.0
0.388,0.003,4.499,0.0,-0.009,0.0
0.388,0.003,4.497,0.0,-0.009,0.0
0.388,0.003,6.782,0.0,-0.003,0.0
0.388,0.003,5.12,0.0,-0.028,0.0
0.388,0.003,5.838,0.0,-0.018,0.0
0.388,0.003,4.428,0.0,0.005,0.0
0.388,0.003,5.815,0.0,-0.023,0.0
0.388,0.003,4.995,0.0,0.01,0.0
0.388,0.003,4.767,0.0,-0.007,0.0
0.388,0.003,5.059,0.0,-0.005,0.0
0.388,0.003,4.846,0.0,0.0,0.0
0.388,0.003,5.752,0.0,-0.019,0.0
0.388,0.003,4.414,0.0,0.012,0.0
0.388,0.003,4.201,0.0,0.002,0.0
0.388,0.003,4.296,0.0,0.011,0.0
0.388,0.003,5.265,0.0,-0.004,0.0
0.388,0.003,3.865,0.0,0.015,0.0
0.388,0.003,5.235,0.0,0.012,0.0
0.388,0.003,5.442,0.0,-0.02,0.0
0.388,0.003,5.272,0.0,-0.023,0.0
0.388,0.003,4.991,0.0,-0.005,0.0
0.388,0.003,5.036,0.0,-0.027,0.0
0.388,0.003,5.945,0.0,0.008,0.0
0.388,0.003,5.281,0.0,-0.013,0.0
0.388,0.003,3.889,0.0,-0.013,0.0
0.388,0.003,3.93,0.0,-0.001,0.0
0.388,0.003,5.88,0.0,-0.013,0.0
0.388,0.003,4.94,0.0,0.019,0.0
0.388,0.003,5.02,0.0,-0.013,0.0
0.388,0.003,4.822,0.0,-0.029,0.0
0.388,0.003,4.879,0.0,-0.02,0.0
0.388,0.003,4.2,0.0,-0.001,0.0
0.388,0.003,4.49,0.0,-0.004,0.0
0.388,0.003,5.01,0.0,-0.006,0.0
0.388,0.003,3.789,0.0,0.003,0.0
0.388,0.003,3.676,0.0,-0.024,0.0
0.388,0.003,5.285,0.0,0.01,0.0
0.388,0.003,6.311,0.0,-0.006,0.0
0.388,0.003,4.183,0.0,-0.011,0.0
0.388,0.003,4.796,0.0,-0.017,0.0
0.388,0.003,4.216,0.0,0.013,0.0
0.388,0.003,5.769,0.0,-0.011,0.0
0.388,0.003,4.501,0.0,-0.004,0.0
0.388,0.003,4.399,0.0,-0.011,0.0
0.388,0.003,5.554,0.0,-0.011,0.0
0.388,0.003,4.968,0.0,-0.006,0.0
0.388,0.003,5.329,0.0,-0.015,0.0
0.389,0.003,5.488,0.0,-0.02,0.0
0.389,0.003,5.47,0.0,0.018,0.0
0.389,0.003,4.105,0.0,0.017,0.0
0.389,0.003,7.019,0.0,0.002,0.0
0.389,0.003,5.004,0.0,-0.021,0.0
0.389,0.003,5.873,0.0,0.007,0.0
0.389,0.003,3.683,0.0,0.001,0.0
0.389,0.003,5.318,0.0,-0.014,0.0
0.389,0.003,4.704,0.0,-0.005,0.0
0.389,0.003,4.434,0.0,-0.011,0.0
0.389,0.003,3.884,0.0,0.013,0.0
0.389,0.003,5.241,0.0,0.014,0.0
0.389,0.003,4.485,0.0,-0.001,0.0
0.389,0.003,4.205,0.0,-0.014,0.0
0.389,0.003,5.105,0.0,-0.02,0.0
0.389,0.003,5.008,0.0,-0.014,0.0
0.389,0.003,4.618,0.0,0.011,0.0
0.389,0.003,5.984,0.0,0.007,0.0
0.389,0.003,4.879,0.0,0.008,0.0
0.389,0.003,4.103,0.0,-0.003,0.0
0.389,0.003,5.437,0.0,0.001,0.0
0.389,0.003,5.433,0.0,-0.001,0.0
0.389,0.003,3.808,0.0,-0.007,0.0
0.389,0.003,4.6,0.0,0.007,0.0
0.389,0.003,3.541,0.0,-0.018,0.0
0.389,0.003,5.476,0.0,-0.0,0.0
0.389,0.003,4.058,0.0,0.0,0.0
0.389,0.003,4.742,0.0,-0.014,0.0
0.389,0.003,4.829,0.0,-0.011,0.0
0.389,0.003,4.221,0.0,0.007,0.0
0.389,0.003,4.953,0.0,0.005,0.0
0.389,0.003,4.276,0.0,0.007,0.0
0.389,0.003,5.216,0.0,-0.004,0.0
0.389,0.003,6.106,0.0,-0.041,0.0
0.389,0.003,5.046,0.0,0.003,0.0
0.389,0.003,4.307,0.0,-0.007,0.0
0.389,0.003,4.682,0.0,-0.011,0.0
0.389,0.003,5.747,0.0,0.001,0.0
0.389,0.003,4.957,0.0,-0.005,0.0
0.389,0.003,4.775,0.0,-0.012,0.0
0.389,0.003,5.341,0.0,-0.014,0.0
0.389,0.003,3.759,0.0,0.012,0.0
0.389,0.003,4.755,0.0,0.001,0.0
0.389,0.003,5.03,0.0,0.009,0.0
0.389,0.003,5.226,0.0,-0.01,0.0
0.389,0.003,4.573,0.0,-0.018,0.0
0.389,0.003,5.187,0.0,0.002,0.0
0.389,0.003,4.726,0.0,-0.002,0.0
0.389,0.003,5.587,0.0,-0.019,0.0
0.389,0.003,4.417,0.0,-0.017,0.0
0.389,0.003,4.81,0.0,-0.004,0.0
0.389,0.003,5.078,0.0,-0.019,0.0
0.389,0.003,4.657,0.0,0.006,0.0
0.389,0.003,4.842,0.0,0.006,0.0
0.389,0.003,5.022,0.0,-0.007,0.0
0.389,0.003,5.787,0.0,-0.004,0.0
0.389,0.003,5.117,0.0,0.004,0.0
0.389,0.003,4.806,0.0,-0.015,0.0
0.389,0.003,4.954,0.0,-0.012,0.0
0.389,0.003,5.043,0.0,0.006,0.0
0.389,0.003,4.784,0.0,-0.004,0.0
0.389,0.003,4.972,0.0,-0.025,0.0
0.389,0.003,4.25,0.0,-0.006,0.0
0.389,0.003,5.193,0.0,-0.017,0.0
0.389,0.003,3.693,0.0,-0.017,0.0
0.389,0.003,4.559,0.0,-0.009,0.0
0.389,0.003,5.005,0.0,-0.001,0.0
0.389,0.003,3.908,0.0,0.001,0.0
0.389,0.003,5.559,0.0,0.01,0.0
0.389,0.003,4.863,0.0,0.012,0.0
0.389,0.003,6.011,0.0,-0.011,0.0
0.389,0.003,3.887,0.0,-0.009,0.0
0.389,0.003,4.864,0.0,0.005,0.0
0.389,0.003,5.879,0.0,-0.025,0.0
0.389,0.003,5.083,0.0,-0.005,0.0
0.389,0.003,5.522,0.0,-0.012,0.0
0.389,0.003,4.566,0.0,-0.001,0.0
0.389,0.003,5.249,0.0,-0.001,0.0
0.389,0.003,6.249,0.0,-0.013,0.0
0.389,0.003,5.812,0.0,0.004,0.0
0.389,0.003,6.496,0.0,-0.0,0.0
0.389,0.003,6.212,0.0,-0.017,0.0
0.389,0.003,2.812,0.0,0.008,0.0
0.389,0.003,3.847,0.0,-0.011,0.0
0.389,0.003,4.783,0.0,-0.016,0.0
0.389,0.003,5.111,0.0,0.001,0.0
0.39,0.003,4.862,0.0,0.001,0.0
0.39,0.003,3.923,0.0,-0.012,0.0
0.39,0.003,5.677,0.0,-0.002,0.0
0.39,0.003,4.93,0.0,-0.007,0.0
0.39,0.003,6.351,0.0,-0.024,0.0
0.39,0.003,6.161,0.0,0.011,0.0
0.39,0.003,4.602,0.0,-0.024,0.0
0.39,0.003,4.943,0.0,-0.008,0.0
0.39,0.003,5.772,0.0,0.006,0.0
0.39,0.003,4.794,0.0,-0.025,0.0
0.39,0.003,5.776,0.0,-0.02,0.0
0.39,0.003,4.994,0.0,-0.008,0.0
0.39,0.003,4.938,0.0,0.009,0.0
0.39,0.003,6.003,0.0,-0.026,0.0
0.39,0.003,4.864,0.0,-0.005,0.0
0.39,0.003,4.869,0.0,-0.014,0.0
0.39,0.003,4.429,0.0,-0.021,0.0
0.39,0.003,4.7,0.0,-0.015,0.0
0.39,0.003,5.954,0.0,-0.003,0.0
0.39,0.003,4.208,0.0,0.006,0.0
0.39,0.003,5.654,0.0,-0.009,0.0
0.39,0.003,5.27,0.0,-0.032,0.0
0.39,0.003,4.911,0.0,-0.012,0.0
0.39,0.003,5.544,0.0,0.001,0.0
0.39,0.003,6.241,0.0,-0.02,0.0
0.39,0.003,5.035,0.0,-0.014,0.0
0.39,0.003,4.899,0.0,-0.003,0.0
0.39,0.003,4.765,0.0,0.025,0.0
0.39,0.003,5.259,0.0,0.009,0.0
0.39,0.003,3.746,0.0,-0.014,0.0
0.39,0.003,4.583,0.0,-0.007,0.0
0.39,0.003,4.12,0.0,0.002,0.0
0.39,0.003,4.982,0.0,-0.0,0.0
0.39,0.003,4.373,0.0,-0.009,0.0
0.39,0.003,5.789,0.0,-0.006,0.0
0.39,0.003,4.885,0.0,-0.005,0.0
0.39,0.003,5.057,0.0,-0.005,0.0
0.39,0.003,5.39,0.0,-0.02,0.0
0.39,0.003,4.364,0.0,0.006,0.0
0.39,0.003,5.367,0.0,-0.0,0.0
0.39,0.003,5.838,0.0,-0.011,0.0
0.39,0.003,5.186,0.0,0.002,0.0
0.39,0.003,5.324,0.0,0.001,0.0
0.39,0.003,4.197,0.0,-0.003,0.0
0.39,0.003,4.547,0.0,-0.001,0.0
0.39,0.003,5.498,0.0,-0.0,0.0
0.39,0.003,4.602,0.0,-0.004,0.0
0.39,0.003,5.138,0.0,-0.002,0.0
0.39,0.003,4.169,0.0,0.018,0.0
0.39,0.003,4.958,0.0,-0.001,0.0
0.39,0.003,5.16,0.0,-0.01,0.0
0.39,0.003,4.926,0.0,-0.018,0.0
0.39,0.003,5.182,0.0,-0.009,0.0
0.39,0.003,5.506,0.0,-0.007,0.0
0.39,0.003,6.66,0.0,-0.009,0.0
0.39,0.003,5.976,0.0,-0.013,0.0
0.39,0.003,4.808,0.0,-0.012,0.0
0.39,0.003,5.504,0.0,0.009,0.0
0.39,0.003,4.066,0.0,0.01,0.0
0.39,0.003,4.285,0.0,0.001,0.0
0.39,0.003,4.291,0.0,0.004,0.0
0.39,0.003,4.301,0.0,-0.012,0.0
0.39,0.003,4.367,0.0,-0.005,0.0
0.39,0.003,5.096,0.0,-0.01,0.0
0.39,0.003,4.833,0.0,-0.019,0.0
0.39,0.003,5.558,0.0,0.012,0.0
0.39,0.003,5.398,0.0,-0.007,0.0
0.39,0.003,5.642,0.0,0.002,0.0
0.39,0.003,4.91,0.0,-0.002,0.0
0.39,0.003,4.04,0.0,-0.01,0.0
0.39,0.003,4.258,0.0,-0.008,0.0
0.39,0.003,4.36,0.0,-0.007,0.0
0.39,0.003,4.492,0.0,0.021,0.0
0.39,0.003,5.272,0.0,-0.007,0.0
0.39,0.003,4.442,0.0,0.008,0.0
0.39,0.003,4.82,0.0,0.002,0.0
0.391,0.003,5.047,0.0,0.003,0.0
0.391,0.003,4.197,0.0,-0.01,0.0
0.391,0.003,4.641,0.0,-0.001,0.0
0.391,0.003,4.705,0.0,0.004,0.0
0.391,0.003,5.319,0.0,0.002,0.0
0.391,0.003,4.956,0.0,0.025,0.0
0.391,0.003,5.584,0.0,-0.005,0.0
0.391,0.003,3.775,0.0,-0.004,0.0
0.391,0.003,4.934,0.0,-0.003,0.0
0.391,0.003,4.683,0.0,-0.013,0.0
0.391,0.003,4.944,0.0,0.0,0.0
0.391,0.003,5.297,0.0,-0.002,0.0
0.391,0.003,5.276,0.0,-0.007,0.0
0.391,0.003,4.417,0.0,-0.016,0.0
0.391,0.003,4.623,0.0,-0.02,0.0
0.391,0.003,4.028,0.0,-0.001,0.0
0.391,0.003,4.309,0.0,0.004,0.0
0.391,0.003,4.678,0.0,-0.003,0.0
0.391,0.003,5.174,0.0,-0.012,0.0
0.391,0.003,5.912,0.0,-0.002,0.0
0.391,0.003,5.177,0.0,-0.015,0.0
0.391,0.003,5.196,0.0,0.011,0.0
0.391,0.003,4.602,0.0,-0.01,0.0
0.391,0.003,5.357,0.0,-0.006,0.0
0.391,0.003,5.63,0.0,-0.016,0.0
0.391,0.003,3.725,0.0,0.0,0.0
0.391,0.003,3.458,0.0,0.021,0.0
0.391,0.003,5.852,0.0,0.013,0.0
0.391,0.003,4.258,0.0,0.004,0.0
0.391,0.003,4.682,0.0,0.001,0.0
0.391,0.003,6.944,0.0,0.016,0.0
0.391,0.003,4.522,0.0,-0.015,0.0
0.391,0.003,4.631,0.0,0.003,0.0
0.391,0.003,5.847,0.0,-0.006,0.0
0.391,0.003,4.145,0.0,-0.012,0.0
0.391,0.003,4.796,0.0,-0.02,0.0
0.391,0.003,4.794,0.0,-0.017,0.0
0.391,0.003,4.372,0.0,0.001,0.0
0.391,0.003,4.509,0.0,-0.014,0.0
0.391,0.003,5.512,0.0,-0.002,0.0
0.391,0.003,4.696,0.0,0.001,0.0
0.391,0.003,4.925,0.0,0.002,0.0
0.391,0.003,5.417,0.0,-0.024,0.0
0.391,0.003,5.192,0.0,-0.009,0.0
0.391,0.003,5.496,0.0,0.014,0.0
0.391,0.003,6.059,0.0,0.007,0.0
0.391,0.003,4.029,0.0,0.0,0.0
0.391,0.003,5.19,0.0,-0.008,0.0
0.391,0.003,5.739,0.0,-0.003,0.0
0.391,0.003,5.405,0.0,0.003,0.0
0.391,0.003,4.25,0.0,0.016,0.0
0.391,0.003,3.799,0.0,0.008,0.0
0.391,0.003,5.15,0.0,0.012,0.0
0.391,0.003,4.508,0.0,-0.005,0.0
0.391,0.003,4.551,0.0,0.013,0.0
0.391,0.003,4.605,0.0,0.006,0.0
0.391,0.003,4.647,0.0,-0.02,0.0
0.391,0.003,4.594,0.0,-0.007,0.0
0.391,0.003,4.519,0.0,-0.016,0.0
0.391,0.003,4.663,0.0,0.003,0.0
0.391,0.003,6.647,0.0,0.008,0.0
0.391,0.003,6.159,0.0,-0.027,0.0
0.391,0.003,4.09,0.0,-0.02,0.0
0.391,0.003,3.782,0.0,0.008,0.0
0.391,0.003,5.577,0.0,-0.019,0.0
0.391,0.003,3.824,0.0,-0.018,0.0
0.391,0.003,4.779,0.0,-0.002,0.0
0.391,0.003,4.389,0.0,-0.018,0.0
0.391,0.003,5.501,0.0,0.008,0.0
0.391,0.003,4.96,0.0,0.014,0.0
0.391,0.003,4.586,0.0,-0.013,0.0
0.391,0.003,5.548,0.0,-0.025,0.0
0.391,0.003,6.037,0.0,0.003,0.0
0.391,0.003,3.877,0.0,-0.002,0.0
0.391,0.003,5.012,0.0,0.023,0.0
0.391,0.003,6.019,0.0,-0.04,0.0
0.391,0.003,3.976,0.0,-0.004,0.0
0.391,0.003,4.09,0.0,-0.016,0.0
0.391,0.003,4.8,0.0,-0.001,0.0
0.391,0.003,4.877,0.0,-0.009,0.0
0.391,0.003,4.542,0.0,-0.025,0.0
0.391,0.003,4.53,0.0,0.011,0.0
0.391,0.003,5.658,0.0,-0.015,0.0
0.391,0.003,5.965,0.0,-0.002,0.0
0.391,0.003,5.306,0.0,-0.023,0.0
0.392,0.003,4.953,0.0,-0.003,0.0
0.392,0.003,4.927,0.0,-0.001,0.0
0.392,0.003,4.361,0.0,0.012,0.0
0.392,0.003,5.24,0.0,-0.005,0.0
0.392,0.003,4.868,0.0,-0.015,0.0
0.392,0.003,4.754,0.0,-0.015,0.0
0.392,0.003,5.183,0.0,-0.008,0.0
0.392,0.003,4.832,0.0,-0.016,0.0
0.392,0.003,5.17,0.0,-0.016,0.0
0.392,0.003,5.606,0.0,-0.017,0.0
0.392,0.003,5.063,0.0,0.011,0.0
0.392,0.003,3.612,0.0,0.012,0.0
0.392,0.003,4.715,0.0,0.002,0.0
0.392,0.003,4.337,0.0,-0.015,0.0
0.392,0.003,4.584,0.0,-0.018,0.0
0.392,0.003,4.753,0.0,0.008,0.0
0.392,0.003,5.215,0.0,-0.006,0.0
0.392,0.003,4.889,0.0,0.001,0.0
0.392,0.003,4.772,0.0,-0.022,0.0
0.392,0.003,3.754,0.0,0.01,0.0
0.392,0.003,5.848,0.0,-0.01,0.0
0.392,0.003,5.388,0.0,-0.013,0.0
0.392,0.003,4.931,0.0,-0.001,0.0
0.392,0.003,4.505,0.0,-0.009,0.0
0.392,0.003,4.471,0.0,-0.003,0.0
0.392,0.003,5.375,0.0,-0.001,0.0
0.392,0.003,4.808,0.0,-0.014,0.0
0.392,0.003,4.479,0.0,0.001,0.0
0.392,0.003,5.848,0.0,-0.012,0.0
0.392,0.003,4.703,0.0,-0.002,0.0
0.392,0.003,4.131,0.0,-0.017,0.0
0.392,0.003,4.142,0.0,-0.026,0.0
0.392,0.003,4.809,0.0,0.007,0.0
0.392,0.003,5.187,0.0,-0.013,0.0
0.392,0.003,3.981,0.0,-0.016,0.0
0.392,0.003,5.725,0.0,0.009,0.0
0.392,0.003,2.507,0.0,0.004,0.0
0.392,0.003,4.557,0.0,-0.004,0.0
0.392,0.003,5.495,0.0,-0.009,0.0
0.392,0.003,4.703,0.0,-0.012,0.0
0.392,0.003,4.744,0.0,-0.003,0.0
0.392,0.003,6.292,0.0,-0.013,0.0
0.392,0.003,6.427,0.0,-0.015,0.0
0.392,0.003,3.712,0.0,-0.004,0.0
0.392,0.003,5.71,0.0,-0.012,0.0
0.392,0.003,5.328,0.0,-0.008,0.0
0.392,0.003,4.106,0.0,-0.005,0.0
0.392,0.003,4.658,0.0,0.013,0.0
0.392,0.003,4.637,0.0,-0.016,0.0
0.392,0.003,5.667,0.0,-0.005,0.0
0.392,0.003,4.19,0.0,-0.008,0.0
0.392,0.003,5.549,0.0,0.002,0.0
0.392,0.003,4.782,0.0,0.001,0.0
0.392,0.003,4.121,0.0,-0.007,0.0
0.392,0.003,4.225,0.0,0.005,0.0
0.392,0.003,4.557,0.0,0.011,0.0
0.392,0.003,5.423,0.0,0.004,0.0
0.392,0.003,5.12,0.0,0.002,0.0
0.392,0.003,4.812,0.0,-0.029,0.0
0.392,0.003,6.83,0.0,0.003,0.0
0.392,0.003,4.677,0.0,-0.013,0.0
0.392,0.003,4.743,0.0,-0.007,0.0
0.392,0.003,4.257,0.0,-0.016,0.0
0.392,0.003,5.285,0.0,0.005,0.0
0.392,0.003,3.901,0.0,-0.001,0.0
0.392,0.003,7.233,0.0,-0.014,0.0
0.392,0.003,4.809,0.0,0.001,0.0
0.392,0.003,4.66,0.0,0.007,0.0
0.392,0.003,5.43,0.0,-0.013,0.0
0.392,0.003,4.631,0.0,-0.005,0.0
0.392,0.003,5.31,0.0,-0.016,0.0
0.392,0.003,6.825,0.0,-0.014,0.0
0.392,0.003,4.238,0.0,-0.008,0.0
0.392,0.003,4.768,0.0,-0.015,0.0
0.392,0.003,5.006,0.0,0.007,0.0
0.392,0.003,4.257,0.0,0.013,0.0
0.392,0.003,4.704,0.0,-0.019,0.0
0.392,0.003,3.74,0.0,0.016,0.0
0.392,0.003,3.625,0.0,-0.021,0.0
0.392,0.003,4.344,0.0,-0.016,0.0
0.392,0.003,4.305,0.0,0.005,0.0
0.392,0.003,5.39,0.0,-0.023,0.0
0.392,0.003,4.599,0.0,-0.005,0.0
0.392,0.003,4.626,0.0,-0.01,0.0
0.392,0.003,5.568,0.0,-0.015,0.0
0.392,0.003,4.076,0.0,0.004,0.0
0.393,0.003,4.82,0.0,0.004,0.0
0.393,0.003,4.556,0.0,-0.004,0.0
0.393,0.003,3.989,0.0,0.019,0.0
0.393,0.003,6.095,0.0,-0.012,0.0
0.393,0.003,4.081,0.0,-0.019,0.0
0.393,0.003,4.349,0.0,-0.001,0.0
0.393,0.003,5.662,0.0,-0.02,0.0
0.393,0.003,4.627,0.0,-0.0,0.0
0.393,0.003,4.917,0.0,-0.015,0.0
0.393,0.003,5.869,0.0,0.012,0.0
0.393,0.003,4.783,0.0,-0.012,0.0
0.393,0.003,5.699,0.0,-0.007,0.0
0.393,0.003,4.393,0.0,-0.016,0.0
0.393,0.003,5.463,0.0,-0.004,0.0
0.393,0.003,5.522,0.0,-0.003,0.0
0.393,0.003,4.842,0.0,-0.028,0.0
0.393,0.003,5.447,0.0,-0.013,0.0
0.393,0.003,5.946,0.0,0.001,0.0
0.393,0.003,5.4,0.0,0.005,0.0
0.393,0.003,4.691,0.0,0.002,0.0
0.393,0.003,4.594,0.0,-0.004,0.0
0.393,0.003,4.249,0.0,-0.019,0.0
0.393,0.003,5.318,0.0,-0.006,0.0
0.393,0.003,3.934,0.0,0.005,0.0
0.393,0.003,6.095,0.0,-0.01,0.0
0.393,0.003,4.986,0.0,0.004,0.0
0.393,0.003,4.085,0.0,-0.011,0.0
0.393,0.003,4.506,0.0,-0.015,0.0
0.393,0.003,4.161,0.0,0.016,0.0
0.393,0.003,4.935,0.0,0.003,0.0
0.393,0.003,4.101,0.0,0.002,0.0
0.393,0.003,5.062,0.0,-0.008,0.0
0.393,0.003,6.616,0.0,-0.015,0.0
0.393,0.003,3.782,0.0,0.011,0.0
0.393,0.003,5.721,0.0,-0.005,0.0
0.393,0.003,4.984,0.0,-0.025,0.0
0.393,0.003,5.07,0.0,-0.001,0.0
0.393,0.003,4.772,0.0,0.014,0.0
0.393,0.003,4.581,0.0,-0.001,0.0
0.393,0.003,6.288,0.0,0.001,0.0
0.393,0.003,4.682,0.0,0.021,0.0
0.393,0.003,4.806,0.0,0.007,0.0
0.393,0.003,5.734,0.0,0.004,0.0
0.393,0.003,3.87,0.0,-0.0,0.0
0.393,0.003,6.252,0.0,-0.01,0.0
0.393,0.003,4.838,0.0,-0.001,0.0
0.393,0.003,5.032,0.0,0.01,0.0
0.393,0.003,5.374,0.0,-0.008,0.0
0.393,0.003,5.079,0.0,-0.009,0.0
0.393,0.003,4.514,0.0,0.015,0.0
0.393,0.003,4.337,0.0,0.006,0.0
0.393,0.003,4.62,0.0,-0.004,0.0
0.393,0.003,5.03,0.0,-0.018,0.0
0.393,0.003,4.306,0.0,-0.009,0.0
0.393,0.003,5.053,0.0,-0.001,0.0
0.393,0.003,4.02,0.0,-0.009,0.0
0.393,0.003,5.292,0.0,0.004,0.0
0.393,0.003,3.907,0.0,0.001,0.0
0.393,0.003,4.317,0.0,0.01,0.0
0.393,0.003,4.543,0.0,0.033,0.0
0.393,0.003,4.271,0.0,-0.025,0.0
0.393,0.003,4.511,0.0,-0.011,0.0
0.393,0.003,4.14,0.0,0.006,0.0
0.393,0.003,4.228,0.0,0.013,0.0
0.393,0.003,4.426,0.0,-0.001,0.0
0.393,0.003,4.337,0.0,-0.004,0.0
0.393,0.003,5.047,0.0,-0.02,0.0
0.393,0.003,3.939,0.0,0.0,0.0
0.393,0.003,4.912,0.0,-0.01,0.0
0.393,0.003,5.057,0.0,0.01,0.0
0.393,0.003,4.783,0.0,-0.001,0.0
0.393,0.003,4.275,0.0,-0.012,0.0
0.393,0.003,3.916,0.0,0.003,0.0
0.393,0.003,4.653,0.0,-0.015,0.0
0.393,0.003,5.579,0.0,-0.012,0.0
0.394,0.003,5.157,0.0,0.005,0.0
0.394,0.003,5.865,0.0,-0.013,0.0
0.394,0.003,5.371,0.0,0.003,0.0
0.394,0.003,3.835,0.0,-0.005,0.0
0.394,0.003,4.196,0.0,0.013,0.0
0.394,0.003,4.566,0.0,-0.004,0.0
0.394,0.003,4.786,0.0,-0.01,0.0
0.394,0.003,3.76,0.0,-0.01,0.0
0.394,0.003,4.745,0.0,-0.001,0.0
0.394,0.003,4.898,0.0,0.005,0.0
0.394,0.003,6.496,0.0,0.012,0.0
0.394,0.003,5.304,0.0,-0.018,0.0
0.394,0.003,5.238,0.0,-0.028,0.0
0.394,0.003,4.507,0.0,-0.002,0.0
0.394,0.003,4.753,0.0,-0.006,0.0
0.394,0.003,4.446,0.0,0.009,0.0
0.394,0.003,4.28,0.0,-0.014,0.0
0.394,0.003,5.213,0.0,0.007,0.0
0.394,0.003,4.841,0.0,0.012,0.0
0.394,0.003,4.433,0.0,0.007,0.0
0.394,0.003,4.43,0.0,0.013,0.0
0.394,0.003,5.614,0.0,0.014,0.0
0.394,0.003,5.988,0.0,-0.002,0.0
0.394,0.003,5.092,0.0,0.021,0.0
0.394,0.003,3.907,0.0,-0.006,0.0
0.394,0.003,4.531,0.0,-0.021,0.0
0.394,0.003,4.713,0.0,0.002,0.0
0.394,0.003,4.594,0.0,-0.025,0.0
0.394,0.003,5.055,0.0,-0.017,0.0
0.394,0.003,4.624,0.0,-0.016,0.0
0.394,0.003,4.293,0.0,0.017,0.0
0.394,0.003,5.496,0.0,0.01,0.0
0.394,0.003,5.742,0.0,0.008,0.0
0.394,0.003,4.688,0.0,-0.011,0.0
0.394,0.003,4.666,0.0,0.008,0.0
0.394,0.003,5.069,0.0,-0.006,0.0
0.394,0.003,4.048,0.0,-0.001,0.0
0.394,0.003,4.883,0.0,-0.011,0.0
0.394,0.003,4.814,0.0,-0.014,0.0
0.394,0.003,4.699,0.0,-0.015,0.0
0.394,0.003,6.127,0.0,-0.01,0.0
0.394,0.003,5.624,0.0,0.0,0.0
0.394,0.003,4.933,0.0,-0.009,0.0
0.394,0.003,5.96,0.0,-0.02,0.0
0.394,0.003,5.875,0.0,-0.009,0.0
0.394,0.003,5.642,0.0,0.018,0.0
0.394,0.003,5.39,0.0,-0.005,0.0
0.394,0.003,5.176,0.0,0.007,0.0
0.394,0.003,5.286,0.0,-0.023,0.0
0.394,0.003,4.247,0.0,-0.008,0.0
0.394,0.003,4.781,0.0,0.006,0.0
0.394,0.003,7.033,0.0,-0.01,0.0
0.394,0.003,5.414,0.0,-0.016,0.0
0.394,0.003,5.378,0.0,-0.02,0.0
0.394,0.003,4.884,0.0,-0.011,0.0
0.394,0.003,4.597,0.0,-0.003,0.0
0.394,0.003,4.585,0.0,0.001,0.0
0.394,0.003,4.737,0.0,0.002,0.0
0.394,0.003,4.976,0.0,0.006,0.0
0.394,0.003,4.972,0.0,-0.018,0.0
0.394,0.003,4.335,0.0,-0.015,0.0
0.394,0.003,4.497,0.0,-0.005,0.0
0.394,0.003,5.286,0.0,-0.023,0.0
0.394,0.003,4.606,0.0,-0.014,0.0
0.394,0.003,5.341,0.0,-0.012,0.0
0.394,0.003,5.113,0.0,0.002,0.0
0.394,0.003,4.299,0.0,-0.003,0.0
0.394,0.003,3.432,0.0,0.005,0.0
0.394,0.003,4.811,0.0,-0.005,0.0
0.394,0.003,4.537,0.0,-0.01,0.0
0.394,0.003,6.045,0.0,0.008,0.0
0.394,0.003,4.429,0.0,0.0,0.0
0.394,0.003,4.278,0.0,0.006,0.0
0.394,0.003,4.55,0.0,-0.014,0.0
0.394,0.003,4.768,0.0,0.012,0.0
0.394,0.003,4.519,0.0,0.013,0.0
0.394,0.003,5.908,0.0,-0.007,0.0
0.394,0.003,5.222,0.0,-0.004,0.0
0.394,0.003,4.15,0.0,0.004,0.0
0.394,0.003,5.515,0.0,-0.007,0.0
0.394,0.003,5.187,0.0,0.001,0.0
0.394,0.003,5.003,0.0,-0.015,0.0
0.394,0.003,6.854,0.0,0.014,0.0
0.394,0.003,4.58,0.0,-0.006,0.0
0.394,0.003,4.678,0.0,0.019,0.0
0.394,0.003,5.541,0.0,-0.0,0.0
0.394,0.003,5.073,0.0,0.001,0.0
0.395,0.003,7.143,0.0,-0.011,0.0
0.395,0.003,4.898,0.0,0.006,0.0
0.395,0.003,5.106,0.0,-0.011,0.0
0.395,0.003,4.089,0.0,0.004,0.0
0.395,0.003,4.338,0.0,-0.001,0.0
0.395,0.003,5.265,0.0,-0.002,0.0
0.395,0.003,5.525,0.0,-0.005,0.0
0.395,0.003,4.109,0.0,-0.01,0.0
0.395,0.003,5.717,0.0,0.003,0.0
0.395,0.003,5.692,0.0,0.029,0.0
0.395,0.003,5.029,0.0,-0.024,0.0
0.395,0.003,5.42,0.0,-0.009,0.0
0.395,0.003,5.423,0.0,-0.027,0.0
0.395,0.003,5.013,0.0,-0.031,0.0
0.395,0.003,5.62,0.0,-0.009,0.0
0.395,0.003,5.737,0.0,-0.009,0.0
0.395,0.003,4.478,0.0,-0.006,0.0
0.395,0.003,6.414,0.0,-0.014,0.0
0.395,0.003,4.07,0.0,-0.017,0.0
0.395,0.003,5.54,0.0,0.016,0.0
0.395,0.003,4.525,0.0,0.005,0.0
0.395,0.003,4.908,0.0,-0.003,0.0
0.395,0.003,4.399,0.0,0.004,0.0
0.395,0.003,5.235,0.0,-0.011,0.0
0.395,0.003,6.358,0.0,-0.0,0.0
0.395,0.003,5.412,0.0,0.0,0.0
0.395,0.003,4.7,0.0,-0.008,0.0
0.395,0.003,5.996,0.0,-0.012,0.0
0.395,0.003,4.833,0.0,-0.001,0.0
0.395,0.003,4.671,0.0,0.01,0.0
0.395,0.003,4.552,0.0,0.008,0.0
0.395,0.003,5.258,0.0,-0.009,0.0
0.395,0.003,5.006,0.0,-0.002,0.0
0.395,0.003,4.741,0.0,-0.0,0.0
0.395,0.003,3.873,0.0,-0.024,0.0
0.395,0.003,4.711,0.0,0.004,0.0
0.395,0.003,5.673,0.0,-0.01,0.0
0.395,0.003,4.94,0.0,-0.026,0.0
0.395,0.003,5.403,0.0,-0.011,0.0
0.395,0.003,4.566,0.0,-0.019,0.0
0.395,0.003,4.243,0.0,0.007,0.0
0.395,0.003,5.28,0.0,-0.018,0.0
0.395,0.003,6.506,0.0,-0.012,0.0
0.395,0.003,4.92,0.0,-0.006,0.0
0.395,0.003,5.101,0.0,-0.012,0.0
0.395,0.003,5.094,0.0,-0.007,0.0
0.395,0.003,3.826,0.0,0.024,0.0
0.395,0.003,4.932,0.0,-0.004,0.0
0.395,0.003,5.079,0.0,-0.01,0.0
0.395,0.003,6.148,0.0,-0.019,0.0
0.395,0.003,5.128,0.0,-0.016,0.0
0.395,0.003,5.838,0.0,-0.013,0.0
0.395,0.003,5.708,0.0,-0.007,0.0
0.395,0.003,4.949,0.0,-0.025,0.0
0.395,0.003,5.064,0.0,-0.02,0.0
0.395,0.003,4.86,0.0,-0.007,0.0
0.395,0.003,4.541,0.0,-0.016,0.0
0.395,0.003,5.251,0.0,-0.005,0.0
0.395,0.003,4.434,0.0,-0.005,0.0
0.395,0.003,4.11,0.0,-0.018,0.0
0.395,0.003,7.123,0.0,-0.003,0.0
0.395,0.003,3.285,0.0,-0.001,0.0
0.395,0.003,6.35,0.0,0.009,0.0
0.395,0.003,5.605,0.0,0.008,0.0
0.395,0.003,6.114,0.0,-0.002,0.0
0.395,0.003,5.942,0.0,-0.022,0.0
0.395,0.003,4.683,0.0,-0.016,0.0
0.395,0.003,5.071,0.0,0.001,0.0
0.395,0.003,4.271,0.0,0.023,0.0
0.395,0.003,5.346,0.0,-0.024,0.0
0.395,0.003,4.415,0.0,0.013,0.0
0.395,0.003,5.752,0.0,-0.002,0.0
0.395,0.003,4.65,0.0,-0.007,0.0
0.395,0.003,5.586,0.0,-0.007,0.0
0.395,0.003,5.231,0.0,-0.011,0.0
0.395,0.003,4.768,0.0,0.011,0.0
0.395,0.003,4.872,0.0,-0.005,0.0
0.395,0.003,5.778,0.0,-0.007,0.0
0.395,0.003,5.93,0.0,-0.02,0.0
0.395,0.003,4.864,0.0,-0.001,0.0
0.395,0.003,4.797,0.0,-0.017,0.0
0.395,0.003,5.371,0.0,-0.004,0.0
0.395,0.003,4.52,0.0,-0.012,0.0
0.395,0.003,5.171,0.0,0.003,0.0
0.395,0.003,5.246,0.0,-0.006,0.0
0.395,0.003,5.447,0.0,-0.006,0.0
0.395,0.003,5.943,0.0,-0.021,0.0
0.395,0.003,4.695,0.0,0.002,0.0
0.395,0.003,4.702,0.0,-0.011,0.0
0.395,0.003,4.14,0.0,-0.02,0.0
0.395,0.003,4.84,0.0,0.006,0.0
0.396,0.003,6.786,0.0,-0.017,0.0
0.396,0.003,4.541,0.0,-0.005,0.0
0.396,0.003,5.409,0.0,0.005,0.0
0.396,0.003,5.087,0.0,-0.026,0.0
0.396,0.003,3.647,0.0,0.019,0.0
0.396,0.003,5.017,0.0,0.001,0.0
0.396,0.003,4.964,0.0,-0.004,0.0
0.396,0.003,6.101,0.0,-0.01,0.0
0.396,0.003,5.382,0.0,-0.012,0.0
0.396,0.003,4.66,0.0,0.01,0.0
0.396,0.003,4.414,0.0,-0.028,0.0
0.396,0.003,4.797,0.0,0.002,0.0
0.396,0.003,4.434,0.0,-0.002,0.0
0.396,0.003,4.734,0.0,0.005,0.0
0.396,0.003,5.049,0.0,-0.009,0.0
0.396,0.003,5.406,0.0,0.012,0.0
0.396,0.003,5.046,0.0,-0.012,0.0
0.396,0.003,4.642,0.0,-0.018,0.0
0.396,0.003,5.478,0.0,-0.005,0.0
0.396,0.003,5.06,0.0,0.001,0.0
0.396,0.003,5.373,0.0,0.008,0.0
0.396,0.003,4.886,0.0,-0.008,0.0
0.396,0.003,5.128,0.0,0.024,0.0
0.396,0.003,5.749,0.0,-0.003,0.0
0.396,0.003,4.707,0.0,-0.017,0.0
0.396,0.003,5.144,0.0,0.005,0.0
0.396,0.003,5.383,0.0,-0.014,0.0
0.396,0.003,5.106,0.0,-0.004,0.0
0.396,0.003,5.633,0.0,-0.014,0.0
0.396,0.003,5.337,0.0,-0.005,0.0
0.396,0.003,5.384,0.0,0.016,0.0
0.396,0.003,4.576,0.0,0.002,0.0
0.396,0.003,4.285,0.0,-0.015,0.0
0.396,0.003,4.984,0.0,-0.027,0.0
0.396,0.003,3.89,0.0,-0.005,0.0
0.396,0.003,6.791,0.0,-0.007,0.0
0.396,0.003,5.783,0.0,-0.005,0.0
0.396,0.003,4.774,0.0,-0.017,0.0
0.396,0.003,5.098,0.0,0.001,0.0
0.396,0.003,4.154,0.0,-0.008,0.0
0.396,0.003,5.127,0.0,0.003,0.0
0.396,0.003,3.858,0.0,-0.009,0.0
0.396,0.003,5.263,0.0,-0.002,0.0
0.396,0.003,4.688,0.0,0.002,0.0
0.396,0.003,4.623,0.0,0.012,0.0
0.396,0.003,4.659,0.0,-0.01,0.0
0.396,0.003,4.757,0.0,-0.009,0.0
0.396,0.003,4.293,0.0,0.008,0.0
0.396,0.003,5.696,0.0,-0.002,0.0
0.396,0.003,5.41,0.0,-0.014,0.0
0.396,0.003,4.185,0.0,-0.0,0.0
0.396,0.003,4.301,0.0,0.002,0.0
0.396,0.003,5.251,0.0,-0.027,0.0
0.396,0.003,6.589,0.0,-0.008,0.0
0.396,0.003,5.041,0.0,-0.001,0.0
0.396,0.003,4.741,0.0,0.001,0.0
0.396,0.003,4.436,0.0,-0.004,0.0
0.396,0.003,5.028,0.0,0.02,0.0
0.396,0.003,5.196,0.0,0.002,0.0
0.396,0.003,5.023,0.0,-0.005,0.0
0.396,0.003,5.109,0.0,-0.002,0.0
0.396,0.003,4.834,0.0,-0.006,0.0
0.396,0.003,5.255,0.0,-0.006,0.0
0.396,0.003,4.47,0.0,0.007,0.0
0.396,0.003,4.479,0.0,-0.006,0.0
0.396,0.003,4.106,0.0,-0.013,0.0
0.396,0.003,5.418,0.0,0.006,0.0
0.396,0.003,5.694,0.0,-0.0,0.0
0.396,0.003,5.752,0.0,-0.027,0.0
0.396,0.003,4.564,0.0,-0.002,0.0
0.396,0.003,4.468,0.0,0.006,0.0
0.396,0.003,5.92,0.0,0.011,0.0
0.396,0.003,5.445,0.0,-0.009,0.0
0.396,0.003,5.442,0.0,-0.006,0.0
0.396,0.003,4.275,0.0,0.004,0.0
0.396,0.003,4.069,0.0,-0.007,0.0
0.396,0.003,5.209,0.0,-0.008,0.0
0.396,0.003,4.131,0.0,0.014,0.0
0.396,0.003,4.413,0.0,-0.018,0.0
0.397,0.003,7.001,0.0,0.011,0.0
0.397,0.003,4.435,0.0,-0.01,0.0
0.397,0.003,4.468,0.0,0.011,0.0
0.397,0.003,4.051,0.0,-0.004,0.0
0.397,0.003,4.861,0.0,0.003,0.0
0.397,0.003,5.23,0.0,-0.009,0.0
0.397,0.003,4.034,0.0,0.016,0.0
0.397,0.003,5.118,0.0,-0.019,0.0
0.397,0.003,5.164,0.0,-0.01,0.0
0.397,0.003,6.179,0.0,-0.018,0.0
0.397,0.003,4.99,0.0,0.013,0.0
0.397,0.003,4.733,0.0,-0.0,0.0
0.397,0.003,4.612,0.0,-0.009,0.0
0.397,0.003,4.801,0.0,0.002,0.0
0.397,0.003,4.466,0.0,-0.017,0.0
0.397,0.003,4.16,0.0,-0.021,0.0
0.397,0.003,4.781,0.0,-0.016,0.0
0.397,0.003,5.927,0.0,0.005,0.0
0.397,0.003,5.006,0.0,0.013,0.0
0.397,0.003,5.349,0.0,-0.026,0.0
0.397,0.003,4.927,0.0,-0.021,0.0
0.397,0.003,4.626,0.0,0.007,0.0
0.397,0.003,5.584,0.0,-0.002,0.0
0.397,0.003,5.838,0.0,-0.01,0.0
0.397,0.003,4.179,0.0,-0.003,0.0
0.397,0.003,4.812,0.0,0.003,0.0
0.397,0.003,6.008,0.0,-0.006,0.0
0.397,0.003,5.293,0.0,-0.012,0.0
0.397,0.003,6.222,0.0,-0.009,0.0
0.397,0.003,4.873,0.0,-0.014,0.0
0.397,0.003,4.091,0.0,-0.006,0.0
0.397,0.003,4.279,0.0,-0.005,0.0
0.397,0.003,6.401,0.0,-0.015,0.0
0.397,0.003,4.732,0.0,-0.018,0.0
0.397,0.003,5.077,0.0,-0.006,0.0
0.397,0.003,5.177,0.0,0.005,0.0
0.397,0.003,5.673,0.0,0.012,0.0
0.397,0.003,5.175,0.0,-0.011,0.0
0.397,0.003,3.615,0.0,0.0,0.0
0.397,0.003,5.806,0.0,-0.032,0.0
0.397,0.003,5.078,0.0,-0.008,0.0
0.397,0.003,4.416,0.0,0.013,0.0
0.397,0.003,5.501,0.0,0.001,0.0
0.397,0.003,5.491,0.0,-0.024,0.0
0.397,0.003,2.931,0.0,0.008,0.0
0.397,0.003,4.868,0.0,0.003,0.0
0.397,0.003,4.186,0.0,-0.019,0.0
0.397,0.003,4.164,0.0,0.003,0.0
0.397,0.003,5.004,0.0,0.004,0.0
0.397,0.003,5.601,0.0,-0.014,0.0
0.397,0.003,5.466,0.0,-0.006,0.0
0.397,0.003,4.884,0.0,0.001,0.0
0.397,0.003,5.324,0.0,-0.015,0.0
0.397,0.003,6.434,0.0,-0.002,0.0
0.397,0.003,5.879,0.0,0.0,0.0
0.397,0.003,4.875,0.0,-0.014,0.0
0.397,0.003,5.169,0.0,0.001,0.0
0.397,0.003,4.968,0.0,-0.011,0.0
0.397,0.003,5.403,0.0,-0.025,0.0
0.397,0.003,4.546,0.0,-0.014,0.0
0.397,0.003,4.347,0.0,0.012,0.0
0.397,0.003,6.014,0.0,-0.021,0.0
0.397,0.003,5.31,0.0,0.005,0.0
0.397,0.003,4.228,0.0,0.002,0.0
0.397,0.003,4.684,0.0,-0.026,0.0
0.397,0.003,5.246,0.0,0.013,0.0
0.397,0.003,3.925,0.0,-0.025,0.0
0.397,0.003,4.952,0.0,-0.022,0.0
0.397,0.003,4.233,0.0,0.013,0.0
0.397,0.003,4.371,0.0,0.002,0.0
0.397,0.003,6.314,0.0,0.006,0.0
0.397,0.003,4.202,0.0,0.001,0.0
0.397,0.003,4.055,0.0,-0.0,0.0
0.397,0.003,5.651,0.0,-0.012,0.0
0.397,0.003,4.863,0.0,-0.021,0.0
0.397,0.003,5.251,0.0,-0.009,0.0
0.397,0.003,5.262,0.0,-0.018,0.0
0.397,0.003,4.395,0.0,-0.007,0.0
0.397,0.003,4.253,0.0,-0.021,0.0
0.397,0.003,5.325,0.0,0.018,0.0
0.398,0.003,6.577,0.0,-0.015,0.0
0.398,0.003,3.925,0.0,-0.008,0.0
0.398,0.003,4.583,0.0,-0.021,0.0
0.398,0.003,4.999,0.0,-0.009,0.0
0.398,0.003,5.857,0.0,0.009,0.0
0.398,0.003,4.906,0.0,-0.007,0.0
0.398,0.003,4.062,0.0,-0.016,0.0
0.398,0.003,4.455,0.0,-0.021,0.0
0.398,0.003,4.828,0.0,0.004,0.0
0.398,0.003,5.141,0.0,-0.005,0.0
0.398,0.003,6.056,0.0,0.005,0.0
0.398,0.003,4.847,0.0,-0.021,0.0
0.398,0.003,4.85,0.0,0.024,0.0
0.398,0.003,5.976,0.0,-0.027,0.0
0.398,0.003,5.199,0.0,0.011,0.0
0.398,0.003,5.603,0.0,-0.001,0.0
0.398,0.003,5.619,0.0,-0.01,0.0
0.398,0.003,4.746,0.0,-0.022,0.0
0.398,0.003,5.207,0.0,-0.012,0.0
0.398,0.003,5.282,0.0,0.009,0.0
0.398,0.003,5.245,0.0,-0.013,0.0
0.398,0.003,5.102,0.0,-0.004,0.0
0.398,0.003,5.452,0.0,-0.017,0.0
0.398,0.003,4.521,0.0,-0.018,0.0
0.398,0.003,5.335,0.0,0.003,0.0
0.398,0.003,6.298,0.0,-0.011,0.0
0.398,0.003,4.889,0.0,0.001,0.0
0.398,0.003,3.92,0.0,-0.007,0.0
0.398,0.003,4.745,0.0,-0.021,0.0
0.398,0.003,7.012,0.0,0.006,0.0
0.398,0.003,6.761,0.0,0.001,0.0
0.398,0.003,4.501,0.0,-0.022,0.0
0.398,0.003,5.051,0.0,-0.017,0.0
0.398,0.003,4.143,0.0,0.005,0.0
0.398,0.003,4.923,0.0,-0.016,0.0
0.398,0.003,4.222,0.0,-0.004,0.0
0.398,0.003,5.874,0.0,-0.013,0.0
0.398,0.003,5.284,0.0,-0.004,0.0
0.398,0.003,4.696,0.0,-0.008,0.0
0.398,0.003,4.701,0.0,-0.006,0.0
0.398,0.003,5.47,0.0,-0.004,0.0
0.398,0.003,4.989,0.0,-0.005,0.0
0.398,0.003,4.848,0.0,-0.032,0.0
0.398,0.003,4.638,0.0,0.002,0.0
0.398,0.003,5.459,0.0,0.013,0.0
0.398,0.003,4.533,0.0,-0.009,0.0
0.398,0.003,4.382,0.0,-0.007,0.0
0.398,0.003,5.476,0.0,0.016,0.0
0.398,0.003,4.704,0.0,0.005,0.0
0.398,0.003,3.907,0.0,-0.012,0.0
0.398,0.003,3.929,0.0,0.001,0.0
0.398,0.003,6.205,0.0,-0.015,0.0
0.398,0.003,4.656,0.0,-0.0,0.0
0.398,0.003,5.968,0.0,-0.007,0.0
0.398,0.003,4.869,0.0,-0.02,0.0
0.398,0.003,5.853,0.0,-0.001,0.0
0.398,0.003,3.699,0.0,0.005,0.0
0.398,0.003,3.892,0.0,-0.014,0.0
0.398,0.003,4.494,0.0,0.007,0.0
0.398,0.003,4.503,0.0,0.001,0.0
0.398,0.003,5.779,0.0,0.002,0.0
0.398,0.003,4.47,0.0,-0.015,0.0
0.398,0.003,4.818,0.0,0.016,0.0
0.398,0.003,5.904,0.0,-0.022,0.0
0.398,0.003,5.112,0.0,0.004,0.0
0.398,0.003,3.618,0.0,-0.018,0.0
0.398,0.003,5.072,0.0,0.003,0.0
0.398,0.003,5.112,0.0,-0.018,0.0
0.398,0.003,4.808,0.0,-0.015,0.0
0.398,0.003,3.727,0.0,-0.004,0.0
0.398,0.003,4.846,0.0,-0.005,0.0
0.398,0.003,5.99,0.0,-0.009,0.0
0.398,0.003,5.984,0.0,0.001,0.0
0.399,0.003,6.441,0.0,-0.0,0.0
0.399,0.003,5.995,0.0,-0.013,0.0
0.399,0.003,4.299,0.0,-0.016,0.0
0.399,0.003,4.733,0.0,0.001,0.0
0.399,0.003,5.52,0.0,-0.023,0.0
0.399,0.003,4.803,0.0,0.009,0.0
0.399,0.003,4.923,0.0,0.0,0.0
0.399,0.003,5.055,0.0,-0.013,0.0
0.399,0.003,5.18,0.0,-0.018,0.0
0.399,0.003,4.234,0.0,-0.008,0.0
0.399,0.003,4.618,0.0,-0.013,0.0
0.399,0.003,5.57,0.0,-0.004,0.0
0.399,0.003,5.711,0.0,0.005,0.0
0.399,0.003,4.751,0.0,-0.016,0.0
0.399,0.003,4.671,0.0,-0.013,0.0
0.399,0.003,5.498,0.0,-0.013,0.0
0.399,0.003,5.063,0.0,0.009,0.0
0.399,0.003,6.099,0.0,-0.007,0.0
0.399,0.003,5.093,0.0,0.004,0.0
0.399,0.003,4.968,0.0,-0.007,0.0
0.399,0.003,4.9,0.0,-0.013,0.0
0.399,0.003,5.072,0.0,0.006,0.0
0.399,0.003,5.527,0.0,-0.003,0.0
0.399,0.003,3.638,0.0,-0.011,0.0
0.399,0.003,4.246,0.0,-0.011,0.0
0.399,0.003,4.311,0.0,-0.013,0.0
0.399,0.003,4.563,0.0,-0.006,0.0
0.399,0.003,4.696,0.0,0.001,0.0
0.399,0.003,5.036,0.0,-0.005,0.0
0.399,0.003,4.529,0.0,-0.006,0.0
0.399,0.003,4.611,0.0,-0.002,0.0
0.399,0.003,4.541,0.0,-0.014,0.0
0.399,0.003,3.074,0.0,-0.014,0.0
0.399,0.003,4.172,0.0,0.011,0.0
0.399,0.003,4.921,0.0,-0.01,0.0
0.399,0.003,3.308,0.0,-0.01,0.0
0.399,0.003,5.245,0.0,-0.002,0.0
0.399,0.003,5.531,0.0,-0.018,0.0
0.399,0.003,4.15,0.0,-0.011,0.0
0.399,0.003,6.37,0.0,-0.009,0.0
0.399,0.003,4.5,0.0,0.009,0.0
0.399,0.003,4.641,0.0,-0.006,0.0
0.399,0.003,5.713,0.0,0.007,0.0
0.399,0.003,6.092,0.0,-0.002,0.0
0.399,0.003,5.463,0.0,-0.002,0.0
0.399,0.003,5.772,0.0,0.015,0.0
0.399,0.003,4.229,0.0,0.018,0.0
0.399,0.003,4.342,0.0,0.021,0.0
0.399,0.003,5.294,0.0,0.003,0.0
0.399,0.003,3.957,0.0,-0.006,0.0
0.399,0.003,5.512,0.0,-0.008,0.0
0.399,0.003,5.209,0.0,0.0,0.0
0.399,0.003,5.124,0.0,-0.016,0.0
0.399,0.003,3.385,0.0,-0.005,0.0
0.399,0.003,7.19,0.0,-0.017,0.0
0.399,0.003,4.394,0.0,0.003,0.0
0.399,0.003,3.867,0.0,0.008,0.0
0.399,0.003,4.326,0.0,-0.005,0.0
0.399,0.003,5.438,0.0,-0.012,0.0
0.399,0.003,5.164,0.0,0.003,0.0
0.399,0.003,4.326,0.0,-0.015,0.0
0.399,0.003,4.002,0.0,-0.002,0.0
0.399,0.003,6.08,0.0,-0.003,0.0
0.399,0.003,4.332,0.0,-0.006,0.0
0.399,0.003,5.962,0.0,-0.002,0.0
0.399,0.003,5.318,0.0,-0.001,0.0
0.399,0.003,4.953,0.0,0.017,0.0
0.399,0.003,5.243,0.0,0.019,0.0
0.399,0.003,4.573,0.0,0.015,0.0
0.399,0.003,6.285,0.0,-0.018,0.0
0.399,0.003,3.651,0.0,-0.021,0.0
0.399,0.003,5.95,0.0,-0.009,0.0
0.399,0.003,3.242,0.0,-0.017,0.0
0.399,0.003,5.452,0.0,0.006,0.0
0.399,0.003,4.427,0.0,-0.018,0.0
0.399,0.003,5.205,0.0,-0.009,0.0
0.399,0.003,6.067,0.0,-0.002,0.0
0.399,0.003,5.592,0.0,0.008,0.0
0.399,0.003,4.8,0.0,0.016,0.0
0.399,0.003,5.132,0.0,-0.026,0.0
0.399,0.003,4.911,0.0,0.016,0.0
0.399,0.003,4.111,0.0,-0.009,0.0
0.399,0.003,5.451,0.0,-0.001,0.0
0.399,0.003,4.758,0.0,0.011,0.0
0.399,0.003,4.857,0.0,-0.001,0.0
0.399,0.003,5.342,0.0,-0.018,0.0
0.399,0.003,5.214,0.0,0.004,0.0
0.4,0.003,5.35,0.0,-0.009,0.0
0.4,0.003,5.351,0.0,-0.014,0.0
0.4,0.003,4.903,0.0,-0.001,0.0
0.4,0.003,5.514,0.0,0.001,0.0
0.4,0.003,3.922,0.0,-0.003,0.0
0.4,0.003,6.216,0.0,-0.017,0.0
0.4,0.003,4.056,0.0,0.0,0.0
0.4,0.003,5.496,0.0,-0.007,0.0
0.4,0.003,4.693,0.0,-0.015,0.0
0.4,0.003,4.776,0.0,-0.027,0.0
0.4,0.003,5.921,0.0,-0.019,0.0
0.4,0.003,4.683,0.0,-0.009,0.0
0.4,0.003,5.481,0.0,0.024,0.0
0.4,0.003,5.476,0.0,-0.017,0.0
0.4,0.003,5.192,0.0,-0.001,0.0
0.4,0.003,5.389,0.0,-0.006,0.0
0.4,0.003,4.014,0.0,-0.018,0.0
0.4,0.003,4.868,0.0,0.012,0.0
0.4,0.003,5.036,0.0,-0.022,0.0
0.4,0.003,4.559,0.0,-0.029,0.0
0.4,0.003,4.617,0.0,-0.029,0.0
0.4,0.003,4.702,0.0,0.015,0.0
0.4,0.003,6.176,0.0,-0.0,0.0
0.4,0.003,5.354,0.0,-0.006,0.0
0.4,0.003,6.021,0.0,0.018,0.0
0.4,0.003,5.051,0.0,-0.022,0.0
0.4,0.003,4.916,0.0,-0.005,0.0
0.4,0.003,4.737,0.0,0.006,0.0
0.4,0.003,4.47,0.0,-0.019,0.0
0.4,0.003,5.173,0.0,0.003,0.0
0.4,0.003,4.383,0.0,0.006,0.0
0.4,0.003,4.807,0.0,0.002,0.0
0.4,0.003,4.283,0.0,0.02,0.0
0.4,0.003,4.862,0.0,-0.031,0.0
0.4,0.003,4.603,0.0,0.001,0.0
0.4,0.003,3.985,0.0,-0.016,0.0
0.4,0.003,6.501,0.0,-0.008,0.0
0.4,0.003,4.191,0.0,-0.026,0.0
0.4,0.003,4.384,0.0,-0.001,0.0
0.4,0.003,3.263,0.0,-0.018,0.0
0.4,0.003,4.6,0.0,-0.021,0.0
0.4,0.003,5.797,0.0,-0.011,0.0
0.4,0.003,4.995,0.0,0.01,0.0
0.4,0.003,5.122,0.0,-0.016,0.0
0.4,0.003,4.631,0.0,0.005,0.0
0.4,0.003,5.471,0.0,-0.03,0.0
0.4,0.003,3.815,0.0,-0.002,0.0
0.4,0.003,5.344,0.0,0.003,0.0
0.4,0.003,5.039,0.0,-0.011,0.0
0.4,0.003,5.901,0.0,0.001,0.0
0.4,0.003,5.162,0.0,-0.008,0.0
0.4,0.003,4.541,0.0,-0.007,0.0
0.4,0.003,4.99,0.0,-0.025,0.0
0.4,0.003,4.624,0.0,-0.005,0.0
0.4,0.003,6.161,0.0,-0.011,0.0
0.4,0.003,4.74,0.0,0.005,0.0
0.4,0.003,5.527,0.0,0.014,0.0
0.4,0.003,4.432,0.0,0.016,0.0
0.4,0.003,5.015,0.0,-0.009,0.0
0.4,0.003,4.63,0.0,-0.001,0.0
0.4,0.003,4.676,0.0,-0.0,0.0
0.4,0.003,5.16,0.0,-0.013,0.0
0.4,0.003,4.454,0.0,0.002,0.0
0.4,0.003,5.265,0.0,-0.001,0.0
0.4,0.003,4.464,0.0,0.003,0.0
0.4,0.003,4.803,0.0,-0.027,0.0
0.4,0.003,5.309,0.0,-0.007,0.0
0.4,0.003,4.835,0.0,-0.013,0.0
0.4,0.003,4.957,0.0,-0.005,0.0
0.4,0.003,4.963,0.0,-0.026,0.0
0.4,0.003,4.593,0.0,-0.015,0.0
0.4,0.003,5.656,0.0,0.025,0.0
0.4,0.003,6.113,0.0,-0.006,0.0
0.4,0.003,4.948,0.0,-0.014,0.0
0.4,0.003,4.534,0.0,0.013,0.0
0.4,0.003,4.559,0.0,-0.006,0.0
0.4,0.003,5.282,0.0,-0.001,0.0
0.4,0.003,4.651,0.0,0.007,0.0
0.4,0.003,4.633,0.0,-0.005,0.0
0.4,0.003,5.344,0.0,-0.005,0.0
0.4,0.003,4.279,0.0,0.008,0.0
0.4,0.003,4.084,0.0,-0.015,0.0
0.4,0.003,5.373,0.0,-0.01,0.0
0.4,0.003,5.005,0.0,0.015,0.0
0.4,0.003,4.629,0.0,-0.005,0.0
0.4,0.003,5.129,0.0,-0.015,0.0
0.4,0.003,5.648,0.0,-0.003,0.0
0.4,0.003,5.327,0.0,0.016,0.0
0.4,0.003,5.345,0.0,-0.009,0.0
0.4,0.003,4.872,0.0,-0.024,0.0
0.4,0.003,4.921,0.0,-0.0,0.0
0.4,0.003,4.738,0.0,0.001,0.0
0.401,0.003,4.738,0.0,-0.024,0.0
0.401,0.003,5.571,0.0,-0.018,0.0
0.401,0.003,5.432,0.0,0.0,0.0
0.401,0.003,4.481,0.0,-0.002,0.0
0.401,0.003,4.443,0.0,-0.014,0.0
0.401,0.003,5.094,0.0,0.002,0.0
0.401,0.003,5.737,0.0,-0.007,0.0
0.401,0.003,4.682,0.0,-0.028,0.0
0.401,0.003,5.931,0.0,-0.003,0.0
0.401,0.003,3.996,0.0,0.011,0.0
0.401,0.003,5.643,0.0,-0.007,0.0
0.401,0.003,5.075,0.0,0.009,0.0
0.401,0.003,4.261,0.0,-0.01,0.0
0.401,0.003,4.127,0.0,-0.023,0.0
0.401,0.003,6.398,0.0,-0.011,0.0
0.401,0.003,5.424,0.0,-0.002,0.0
0.401,0.003,3.308,0.0,0.02,0.0
0.401,0.003,4.333,0.0,-0.019,0.0
0.401,0.003,4.964,0.0,-0.013,0.0
0.401,0.003,5.22,0.0,-0.012,0.0
0.401,0.003,4.708,0.0,-0.001,0.0
0.401,0.003,4.538,0.0,-0.009,0.0
0.401,0.003,4.491,0.0,-0.004,0.0
0.401,0.003,5.423,0.0,0.02,0.0
0.401,0.003,4.95,0.0,-0.019,0.0
0.401,0.003,5.706,0.0,-0.024,0.0
0.401,0.003,3.636,0.0,-0.013,0.0
0.401,0.003,6.049,0.0,-0.008,0.0
0.401,0.003,4.875,0.0,-0.007,0.0
0.401,0.003,4.953,0.0,0.021,0.0
0.401,0.003,5.347,0.0,-0.013,0.0
0.401,0.003,4.601,0.0,-0.001,0.0
0.401,0.003,6.31,0.0,0.004,0.0
0.401,0.003,4.691,0.0,0.011,0.0
0.401,0.003,6.066,0.0,0.002,0.0
0.401,0.003,5.891,0.0,-0.008,0.0
0.401,0.003,4.165,0.0,-0.005,0.0
0.401,0.003,4.986,0.0,-0.0,0.0
0.401,0.003,5.635,0.0,0.011,0.0
0.401,0.003,4.185,0.0,-0.015,0.0
0.401,0.003,5.653,0.0,0.021,0.0
0.401,0.003,5.515,0.0,-0.004,0.0
0.401,0.003,6.209,0.0,-0.01,0.0
0.401,0.003,4.738,0.0,0.007,0.0
0.401,0.003,6.79,0.0,0.019,0.0
0.401,0.003,4.328,0.0,-0.008,0.0
0.401,0.003,5.808,0.0,-0.013,0.0
0.401,0.003,5.733,0.0,-0.028,0.0
0.401,0.003,5.137,0.0,-0.008,0.0
0.401,0.003,5.081,0.0,-0.018,0.0
0.401,0.003,5.039,0.0,0.004,0.0
0.401,0.003,5.823,0.0,0.003,0.0
0.401,0.003,5.965,0.0,-0.005,0.0
0.401,0.003,5.561,0.0,-0.034,0.0
0.401,0.003,4.401,0.0,-0.013,0.0
0.401,0.003,4.198,0.0,-0.014,0.0
0.401,0.003,5.667,0.0,0.003,0.0
0.401,0.003,4.469,0.0,0.005,0.0
0.401,0.003,4.086,0.0,0.004,0.0
0.401,0.003,4.739,0.0,-0.021,0.0
0.401,0.003,4.515,0.0,-0.003,0.0
0.401,0.003,4.143,0.0,-0.019,0.0
0.401,0.003,5.286,0.0,0.006,0.0
0.401,0.003,4.648,0.0,-0.014,0.0
0.401,0.003,5.312,0.0,-0.001,0.0
0.401,0.003,6.063,0.0,0.001,0.0
0.401,0.003,4.742,0.0,0.003,0.0
0.401,0.003,5.652,0.0,0.001,0.0
0.401,0.003,5.499,0.0,-0.013,0.0
0.401,0.003,4.79,0.0,-0.035,0.0
0.401,0.003,5.373,0.0,0.004,0.0
0.401,0.003,5.677,0.0,0.007,0.0
0.401,0.003,5.02,0.0,0.006,0.0
0.401,0.003,6.001,0.0,-0.02,0.0
0.401,0.003,4.997,0.0,-0.008,0.0
0.401,0.003,5.31,0.0,-0.004,0.0
0.401,0.003,4.711,0.0,-0.013,0.0
0.401,0.003,5.926,0.0,0.008,0.0
0.401,0.003,5.165,0.0,-0.02,0.0
0.401,0.003,5.882,0.0,-0.003,0.0
0.401,0.003,6.434,0.0,0.004,0.0
0.401,0.003,5.906,0.0,-0.014,0.0
0.401,0.003,6.868,0.0,-0.018,0.0
0.401,0.003,3.749,0.0,0.001,0.0
0.401,0.003,5.059,0.0,-0.016,0.0
0.401,0.003,5.425,0.0,0.004,0.0
0.401,0.003,4.631,0.0,0.005,0.0
0.401,0.003,4.378,0.0,-0.015,0.0
0.402,0.003,5.379,0.0,0.001,0.0
0.402,0.003,3.475,0.0,0.009,0.0
0.402,0.003,5.425,0.0,-0.004,0.0
0.402,0.003,4.626,0.0,-0.02,0.0
0.402,0.003,5.204,0.0,-0.012,0.0
0.402,0.003,5.434,0.0,0.01,0.0
0.402,0.003,4.919,0.0,-0.0,0.0
0.402,0.003,4.812,0.0,-0.01,0.0
0.402,0.003,5.952,0.0,0.0,0.0
0.402,0.003,5.295,0.0,0.015,0.0
0.402,0.003,5.127,0.0,-0.009,0.0
0.402,0.003,4.779,0.0,-0.003,0.0
0.402,0.003,4.17,0.0,-0.008,0.0
0.402,0.003,5.52,0.0,0.005,0.0
0.402,0.003,5.099,0.0,-0.011,0.0
0.402,0.003,3.916,0.0,-0.01,0.0
0.402,0.003,5.189,0.0,0.011,0.0
0.402,0.003,4.533,0.0,-0.015,0.0
0.402,0.003,4.195,0.0,0.0,0.0
0.402,0.003,5.428,0.0,-0.006,0.0
0.402,0.003,5.771,0.0,-0.01,0.0
0.402,0.003,5.93,0.0,-0.011,0.0
0.402,0.003,3.928,0.0,0.002,0.0
0.402,0.003,5.39,0.0,0.001,0.0
0.402,0.003,4.403,0.0,-0.003,0.0
0.402,0.003,5.972,0.0,-0.013,0.0
0.402,0.003,6.907,0.0,0.001,0.0
0.402,0.003,4.947,0.0,-0.022,0.0
0.402,0.003,6.193,0.0,-0.023,0.0
0.402,0.003,5.048,0.0,-0.008,0.0
0.402,0.003,5.948,0.0,-0.009,0.0
0.402,0.003,5.959,0.0,-0.004,0.0
0.402,0.003,4.114,0.0,0.015,0.0
0.402,0.003,5.235,0.0,-0.021,0.0
0.402,0.003,5.416,0.0,0.006,0.0
0.402,0.003,4.262,0.0,-0.009,0.0
0.402,0.003,5.598,0.0,-0.004,0.0
0.402,0.003,5.832,0.0,0.017,0.0
0.402,0.003,4.579,0.0,-0.0,0.0
0.402,0.003,5.259,0.0,-0.012,0.0
0.402,0.003,4.952,0.0,0.002,0.0
0.402,0.003,4.974,0.0,-0.012,0.0
0.402,0.003,4.53,0.0,-0.005,0.0
0.402,0.003,5.095,0.0,-0.011,0.0
0.402,0.003,5.025,0.0,-0.024,0.0
0.402,0.003,5.526,0.0,-0.021,0.0
0.402,0.003,4.566,0.0,-0.011,0.0
0.402,0.003,4.525,0.0,0.007,0.0
0.402,0.003,5.461,0.0,-0.004,0.0
0.402,0.003,4.763,0.0,-0.001,0.0
0.402,0.003,4.632,0.0,-0.005,0.0
0.402,0.003,4.324,0.0,-0.012,0.0
0.402,0.003,5.24,0.0,0.005,0.0
0.402,0.003,4.481,0.0,-0.008,0.0
0.402,0.003,5.142,0.0,-0.006,0.0
0.402,0.003,5.487,0.0,-0.016,0.0
0.402,0.003,5.049,0.0,-0.004,0.0
0.402,0.003,3.565,0.0,-0.011,0.0
0.402,0.003,5.679,0.0,0.004,0.0
0.402,0.003,6.231,0.0,0.001,0.0
0.402,0.003,5.087,0.0,-0.007,0.0
0.402,0.003,4.106,0.0,-0.003,0.0
0.402,0.003,4.889,0.0,0.002,0.0
0.402,0.003,5.595,0.0,0.012,0.0
0.402,0.003,6.144,0.0,-0.005,0.0
0.402,0.003,5.915,0.0,-0.002,0.0
0.402,0.003,5.654,0.0,0.005,0.0
0.402,0.003,4.81,0.0,-0.017,0.0
0.402,0.003,3.886,0.0,-0.015,0.0
0.402,0.003,5.104,0.0,-0.011,0.0
0.402,0.003,4.416,0.0,-0.01,0.0
0.402,0.003,5.667,0.0,0.012,0.0
0.402,0.003,5.411,0.0,-0.013,0.0
0.402,0.003,4.208,0.0,0.008,0.0
0.402,0.003,6.008,0.0,-0.008,0.0
0.402,0.003,4.797,0.0,-0.003,0.0
0.402,0.003,5.122,0.0,0.01,0.0
0.402,0.003,5.114,0.0,-0.017,0.0
0.402,0.003,4.701,0.0,0.011,0.0
0.402,0.003,6.719,0.0,-0.006,0.0
0.402,0.003,4.717,0.0,-0.002,0.0
0.402,0.003,4.858,0.0,0.002,0.0
0.402,0.003,5.558,0.0,-0.017,0.0
0.402,0.003,2.776,0.0,0.012,0.0
0.403,0.003,4.928,0.0,-0.014,0.0
0.403,0.003,5.26,0.333,-0.031,0.0
0.403,0.003,3.767,0.0,-0.005,0.0
0.403,0.003,4.663,0.0,0.003,0.0
0.403,0.003,5.039,0.0,-0.012,0.0
0.403,0.003,4.965,0.0,0.0,0.0
0.403,0.003,4.349,0.0,0.004,0.0
0.403,0.003,5.53,0.0,-0.025,0.0
0.403,0.003,5.468,0.0,-0.014,0.0
0.403,0.003,6.12,0.0,-0.002,0.0
0.403,0.003,5.455,0.0,-0.006,0.0
0.403,0.003,4.488,0.0,-0.001,0.0
0.403,0.003,5.414,0.0,0.016,0.0
0.403,0.003,3.816,0.0,0.007,0.0
0.403,0.003,4.179,0.0,0.011,0.0
0.403,0.003,5.143,0.0,0.004,0.0
0.403,0.003,5.236,0.0,-0.014,0.0
0.403,0.003,4.14,0.0,0.009,0.0
0.403,0.003,4.876,0.0,-0.014,0.0
0.403,0.003,5.983,0.0,0.004,0.0
0.403,0.003,4.985,0.0,-0.019,0.0
0.403,0.003,5.704,0.0,-0.028,0.0
0.403,0.003,7.115,0.0,-0.025,0.0
0.403,0.003,5.415,0.0,-0.011,0.0
0.403,0.003,5.482,0.0,-0.008,0.0
0.403,0.003,4.985,0.0,0.01,0.0
0.403,0.003,4.846,0.0,-0.011,0.0
0.403,0.003,4.497,0.0,0.009,0.0
0.403,0.003,4.15,0.0,-0.028,0.0
0.403,0.003,5.194,0.0,-0.01,0.0
0.403,0.003,5.498,0.0,-0.016,0.0
0.403,0.003,4.603,0.0,-0.023,0.0
0.403,0.003,3.91,0.0,-0.024,0.0
0.403,0.003,5.059,0.0,-0.011,0.0
0.403,0.003,4.767,0.0,-0.009,0.0
0.403,0.003,5.709,0.0,0.0,0.0
0.403,0.003,4.073,0.0,0.016,0.0
0.403,0.003,6.446,0.0,-0.001,0.0
0.403,0.003,5.193,0.0,0.001,0.0
0.403,0.003,4.188,0.0,0.009,0.0
0.403,0.003,6.373,0.0,-0.014,0.0
0.403,0.003,4.889,0.0,-0.01,0.0
0.403,0.003,5.126,0.0,-0.017,0.0
0.403,0.003,4.608,0.0,-0.007,0.0
0.403,0.003,6.928,0.0,0.012,0.0
0.403,0.003,4.301,0.0,-0.007,0.0
0.403,0.003,4.32,0.0,-0.006,0.0
0.403,0.003,5.862,0.0,-0.018,0.0
0.403,0.003,5.41,0.0,0.021,0.0
0.403,0.003,5.408,0.0,-0.018,0.0
0.403,0.003,4.939,0.0,0.002,0.0
0.403,0.003,4.979,0.0,0.008,0.0
0.403,0.003,5.742,0.0,0.002,0.0
0.403,0.003,5.1,0.0,-0.028,0.0
0.403,0.003,4.724,0.0,0.019,0.0
0.403,0.003,4.437,0.0,0.001,0.0
0.403,0.003,5.05,0.0,-0.003,0.0
0.403,0.003,5.82,0.0,0.014,0.0
0.403,0.003,3.971,0.0,0.013,0.0
0.403,0.003,4.802,0.0,-0.014,0.0
0.403,0.003,4.351,0.0,-0.015,0.0
0.403,0.003,4.916,0.0,-0.008,0.0
0.403,0.003,4.958,0.0,-0.011,0.0
0.403,0.003,5.142,0.0,-0.024,0.0
0.403,0.003,4.596,0.0,0.009,0.0
0.403,0.003,5.203,0.0,-0.007,0.0
0.403,0.003,4.487,0.0,-0.007,0.0
0.403,0.003,4.233,0.0,-0.005,0.0
0.403,0.003,5.597,0.0,-0.0,0.0
0.403,0.003,5.161,0.0,-0.015,0.0
0.403,0.003,4.73,0.0,-0.002,0.0
0.403,0.003,4.247,0.0,-0.006,0.0
0.403,0.003,4.364,0.0,0.004,0.0
0.403,0.003,5.234,0.0,-0.001,0.0
0.403,0.003,5.425,0.0,-0.016,0.0
0.403,0.003,5.432,0.0,0.016,0.0
0.403,0.003,4.665,0.0,0.006,0.0
0.403,0.003,5.343,0.0,0.007,0.0
0.404,0.003,4.671,0.0,-0.006,0.0
0.404,0.003,4.888,0.0,-0.016,0.0
0.404,0.003,5.394,0.0,-0.021,0.0
0.404,0.003,4.841,0.0,-0.025,0.0
0.404,0.003,3.687,0.0,0.0,0.0
0.404,0.003,4.59,0.0,-0.007,0.0
0.404,0.003,5.334,0.0,-0.004,0.0
0.404,0.003,5.129,0.0,0.004,0.0
0.404,0.003,4.319,0.0,0.007,0.0
0.404,0.003,5.392,0.0,-0.012,0.0
0.404,0.003,4.762,0.0,-0.004,0.0
0.404,0.003,5.258,0.0,-0.001,0.0
0.404,0.003,6.333,0.0,-0.005,0.0
0.404,0.003,4.712,0.0,-0.012,0.0
0.404,0.003,5.113,0.0,0.006,0.0
0.404,0.003,5.177,0.0,-0.017,0.0
0.404,0.003,4.745,0.0,-0.019,0.0
0.404,0.003,5.318,0.0,-0.023,0.0
0.404,0.003,4.97,0.0,-0.013,0.0
0.404,0.003,5.586,0.0,-0.003,0.0
0.404,0.003,5.986,0.0,0.012,0.0
0.404,0.003,4.143,0.0,-0.005,0.0
0.404,0.003,5.939,0.0,-0.005,0.0
0.404,0.003,4.238,0.0,0.002,0.0
0.404,0.003,5.258,0.0,-0.008,0.0
0.404,0.003,5.798,0.0,-0.005,0.0
0.404,0.003,4.6,0.0,-0.021,0.0
0.404,0.003,5.047,0.0,-0.021,0.0
0.404,0.003,6.52,0.0,0.015,0.0
0.404,0.003,5.222,0.0,-0.015,0.0
0.404,0.003,4.633,0.0,0.012,0.0
0.404,0.003,4.751,0.0,-0.009,0.0
0.404,0.003,5.14,0.0,-0.004,0.0
0.404,0.003,4.932,0.0,-0.011,0.0
0.404,0.003,5.357,0.0,-0.019,0.0
0.404,0.003,4.357,0.0,-0.01,0.0
0.404,0.003,5.053,0.0,0.021,0.0
0.404,0.003,5.646,0.0,0.009,0.0
0.404,0.003,5.364,0.0,-0.001,0.0
0.404,0.003,4.354,0.0,0.002,0.0
0.404,0.003,4.124,0.0,-0.013,0.0
0.404,0.003,4.51,0.0,0.008,0.0
0.404,0.003,4.464,0.0,0.001,0.0
0.404,0.003,5.232,0.0,0.015,0.0
0.404,0.003,3.701,0.0,0.015,0.0
0.404,0.003,5.243,0.0,-0.032,0.0
0.404,0.003,6.739,0.0,-0.014,0.0
0.404,0.003,4.139,0.0,0.003,0.0
0.404,0.003,5.671,0.0,-0.002,0.0
0.404,0.003,3.95,0.0,0.008,0.0
0.404,0.003,4.845,0.0,0.021,0.0
0.404,0.003,5.076,0.0,-0.029,0.0
0.404,0.003,4.822,0.0,-0.025,0.0
0.404,0.003,5.797,0.0,-0.008,0.0
0.404,0.003,3.829,0.0,0.02,0.0
0.404,0.003,4.696,0.0,-0.011,0.0
0.404,0.003,5.16,0.0,0.004,0.0
0.404,0.003,4.943,0.0,-0.007,0.0
0.404,0.003,5.712,0.0,-0.0,0.0
0.404,0.003,5.119,0.0,0.009,0.0
0.404,0.003,5.112,0.0,0.011,0.0
0.404,0.003,4.668,0.0,-0.026,0.0
0.404,0.003,4.098,0.0,-0.016,0.0
0.404,0.003,4.162,0.0,-0.003,0.0
0.404,0.003,5.917,0.0,0.001,0.0
0.404,0.003,4.979,0.0,-0.005,0.0
0.404,0.003,4.945,0.0,-0.002,0.0
0.404,0.003,5.411,0.0,0.006,0.0
0.404,0.003,4.489,0.0,0.003,0.0
0.404,0.003,5.119,0.0,0.008,0.0
0.404,0.003,4.009,0.0,-0.02,0.0
0.404,0.003,4.312,0.0,-0.025,0.0
0.404,0.003,5.584,0.0,-0.024,0.0
0.404,0.003,5.6,0.0,-0.011,0.0
0.404,0.003,4.397,0.0,-0.011,0.0
0.404,0.003,4.97,0.0,-0.013,0.0
0.404,0.003,4.826,0.0,0.002,0.0
0.404,0.003,5.086,0.0,-0.006,0.0
0.404,0.003,4.41,0.0,0.015,0.0
0.404,0.003,4.737,0.0,-0.004,0.0
0.404,0.003,4.995,0.0,-0.014,0.0
0.404,0.003,3.565,0.0,0.011,0.0
0.404,0.003,5.505,0.0,-0.023,0.0
0.404,0.003,5.073,0.0,-0.008,0.0
0.404,0.003,5.323,0.0,0.009,0.0
0.404,0.003,3.471,0.0,0.021,0.0
0.404,0.003,5.08,0.0,-0.005,0.0
0.404,0.003,5.085,0.0,0.009,0.0
0.404,0.003,4.983,0.0,0.002,0.0
0.404,0.003,4.673,0.0,0.006,0.0
0.404,0.003,5.672,0.0,-0.01,0.0
0.405,0.003,4.489,0.0,0.017,0.0
0.405,0.003,4.006,0.0,-0.01,0.0
0.405,0.003,4.874,0.0,0.005,0.0
0.405,0.003,3.834,0.0,0.003,0.0
0.405,0.003,5.211,0.0,-0.003,0.0
0.405,0.003,3.95,0.0,-0.005,0.0
0.405,0.003,5.352,0.0,-0.015,0.0
0.405,0.003,4.535,0.0,-0.015,0.0
0.405,0.003,4.94,0.0,-0.01,0.0
0.405,0.003,5.605,0.0,0.005,0.0
0.405,0.003,5.889,0.0,-0.0,0.0
0.405,0.003,6.109,0.0,-0.002,0.0
0.405,0.003,3.863,0.0,0.006,0.0
0.405,0.003,4.844,0.0,-0.001,0.0
0.405,0.003,4.087,0.0,-0.01,0.0
0.405,0.003,5.484,0.0,-0.011,0.0
0.405,0.003,5.896,0.0,-0.003,0.0
0.405,0.003,6.666,0.0,-0.011,0.0
0.405,0.003,5.567,0.0,0.005,0.0
0.405,0.003,5.792,0.0,0.007,0.0
0.405,0.003,5.406,0.0,-0.011,0.0
0.405,0.003,6.198,0.0,0.003,0.0
0.405,0.003,4.544,0.0,-0.017,0.0
0.405,0.003,4.82,0.0,-0.006,0.0
0.405,0.003,6.154,0.0,-0.016,0.0
0.405,0.003,4.553,0.0,-0.002,0.0
0.405,0.003,5.451,0.0,-0.007,0.0
0.405,0.003,6.566,0.0,0.009,0.0
0.405,0.003,5.112,0.0,0.012,0.0
0.405,0.003,4.605,0.0,0.001,0.0
0.405,0.003,4.728,0.0,0.017,0.0
0.405,0.003,5.02,0.0,0.007,0.0
0.405,0.003,4.301,0.0,0.01,0.0
0.405,0.003,4.139,0.0,-0.005,0.0
0.405,0.003,4.875,0.0,0.006,0.0
0.405,0.003,4.425,0.0,-0.001,0.0
0.405,0.003,5.478,0.0,-0.0,0.0
0.405,0.003,4.605,0.0,-0.004,0.0
0.405,0.003,4.622,0.0,-0.004,0.0
0.405,0.003,5.345,0.0,0.002,0.0
0.405,0.003,5.431,0.0,-0.013,0.0
0.405,0.003,6.214,0.0,0.004,0.0
0.405,0.003,5.669,0.0,-0.012,0.0
0.405,0.003,4.02,0.0,0.005,0.0
0.405,0.003,5.964,0.0,-0.021,0.0
0.405,0.003,4.045,0.0,-0.015,0.0
0.405,0.003,5.296,0.0,-0.018,0.0
0.405,0.003,4.772,0.0,0.011,0.0
0.405,0.003,4.513,0.0,-0.004,0.0
0.405,0.003,5.829,0.0,0.001,0.0
0.405,0.003,5.669,0.0,-0.002,0.0
0.405,0.003,5.325,0.0,0.012,0.0
0.405,0.003,5.28,0.0,-0.025,0.0
0.405,0.003,5.235,0.0,-0.013,0.0
0.405,0.003,4.699,0.0,-0.004,0.0
0.405,0.003,4.952,0.0,-0.007,0.0
0.405,0.003,5.674,0.0,0.008,0.0
0.405,0.003,5.463,0.0,0.009,0.0
0.405,0.003,6.008,0.0,-0.005,0.0
0.405,0.003,4.465,0.0,-0.02,0.0
0.405,0.003,5.491,0.0,-0.013,0.0
0.405,0.003,5.675,0.0,0.007,0.0
0.405,0.003,5.772,0.0,-0.02,0.0
0.405,0.003,3.648,0.0,-0.005,0.0
0.405,0.003,4.564,0.0,-0.001,0.0
0.405,0.003,7.235,0.0,-0.018,0.0
0.405,0.003,4.854,0.0,-0.002,0.0
0.405,0.003,4.015,0.0,-0.015,0.0
0.405,0.003,5.756,0.0,-0.005,0.0
0.405,0.003,5.189,0.0,-0.001,0.0
0.405,0.003,4.465,0.0,-0.001,0.0
0.405,0.003,3.81,0.0,-0.001,0.0
0.405,0.003,3.695,0.0,0.007,0.0
0.405,0.003,5.377,0.0,-0.008,0.0
0.405,0.003,4.06,0.0,-0.012,0.0
0.405,0.003,5.505,0.0,-0.001,0.0
0.406,0.003,4.239,0.0,0.009,0.0
0.406,0.003,5.032,0.0,-0.009,0.0
0.406,0.003,6.012,0.0,-0.002,0.0
0.406,0.003,5.204,0.0,-0.014,0.0
0.406,0.003,4.802,0.0,-0.014,0.0
0.406,0.003,5.469,0.0,-0.001,0.0
0.406,0.003,4.497,0.0,-0.016,0.0
0.406,0.003,4.338,0.0,-0.003,0.0
0.406,0.003,5.663,0.0,0.013,0.0
0.406,0.003,5.662,0.0,-0.006,0.0
0.406,0.003,4.225,0.0,0.02,0.0
0.406,0.003,5.668,0.0,-0.015,0.0
0.406,0.003,5.935,0.0,0.005,0.0
0.406,0.003,6.42,0.0,-0.012,0.0
0.406,0.003,6.413,0.0,-0.013,0.0
0.406,0.003,4.688,0.0,-0.007,0.0
0.406,0.003,6.201,0.0,-0.005,0.0
0.406,0.003,4.507,0.0,-0.01,0.0
0.406,0.003,4.9,0.0,-0.003,0.0
0.406,0.003,4.762,0.0,-0.003,0.0
0.406,0.003,4.595,0.0,-0.006,0.0
0.406,0.003,5.378,0.0,-0.002,0.0
0.406,0.003,5.079,0.0,0.003,0.0
0.406,0.003,4.965,0.0,-0.016,0.0
0.406,0.003,6.661,0.0,-0.026,0.0
0.406,0.003,5.664,0.0,-0.007,0.0
0.406,0.003,4.585,0.0,-0.013,0.0
0.406,0.003,5.981,0.0,-0.003,0.0
0.406,0.003,5.841,0.0,0.004,0.0
0.406,0.003,5.132,0.0,-0.015,0.0
0.406,0.003,4.999,0.0,-0.015,0.0
0.406,0.003,5.152,0.0,-0.005,0.0
0.406,0.003,4.083,0.0,0.0,0.0
0.406,0.003,4.948,0.0,-0.026,0.0
0.406,0.003,5.618,0.0,0.01,0.0
0.406,0.003,4.999,0.0,-0.01,0.0
0.406,0.003,6.051,0.0,-0.017,0.0
0.406,0.003,5.288,0.0,-0.004,0.0
0.406,0.003,4.971,0.0,0.011,0.0
0.406,0.003,5.629,0.0,-0.007,0.0
0.406,0.003,4.656,0.0,0.011,0.0
0.406,0.003,4.331,0.0,0.006,0.0
0.406,0.003,4.604,0.0,-0.005,0.0
0.406,0.003,4.143,0.0,0.004,0.0
0.406,0.003,4.394,0.0,0.016,0.0
0.406,0.003,4.715,0.0,0.015,0.0
0.406,0.003,4.3,0.0,-0.008,0.0
0.406,0.003,5.135,0.0,-0.019,0.0
0.406,0.003,4.878,0.0,-0.019,0.0
0.406,0.003,5.536,0.0,-0.009,0.0
0.406,0.003,4.758,0.0,-0.028,0.0
0.406,0.003,5.297,0.0,0.006,0.0
0.406,0.003,5.264,0.0,0.012,0.0
0.406,0.003,5.528,0.0,0.004,0.0
0.406,0.003,5.686,0.0,-0.007,0.0
0.406,0.003,6.189,0.0,0.005,0.0
0.406,0.003,3.212,0.0,0.012,0.0
0.406,0.003,5.016,0.0,-0.007,0.0
0.406,0.003,5.449,0.0,-0.013,0.0
0.406,0.003,5.671,0.0,0.002,0.0
0.406,0.003,6.035,0.0,-0.014,0.0
0.406,0.003,5.55,0.0,-0.008,0.0
0.406,0.003,5.153,0.0,-0.012,0.0
0.406,0.003,5.451,0.0,0.02,0.0
0.406,0.003,4.733,0.0,0.006,0.0
0.406,0.003,5.09,0.0,0.005,0.0
0.406,0.003,4.499,0.0,-0.003,0.0
0.406,0.003,5.339,0.0,-0.004,0.0
0.406,0.003,2.713,0.0,0.011,0.0
0.406,0.003,5.027,0.0,-0.021,0.0
0.406,0.003,5.761,0.0,0.001,0.0
0.406,0.003,3.866,0.0,0.007,0.0
0.406,0.003,5.193,0.0,0.005,0.0
0.407,0.003,6.352,0.0,0.005,0.0
0.407,0.003,7.047,0.0,-0.019,0.0
0.407,0.003,5.647,0.0,-0.024,0.0
0.407,0.003,5.126,0.0,-0.006,0.0
0.407,0.003,4.386,0.0,-0.017,0.0
0.407,0.003,4.747,0.0,-0.002,0.0
0.407,0.003,5.602,0.0,-0.004,0.0
0.407,0.003,4.612,0.0,-0.005,0.0
0.407,0.003,5.032,0.0,-0.004,0.0
0.407,0.003,5.349,0.0,0.005,0.0
0.407,0.003,5.386,0.0,0.01,0.0
0.407,0.003,5.369,0.0,-0.003,0.0
0.407,0.003,6.115,0.0,-0.003,0.0
0.407,0.003,5.286,0.0,0.01,0.0
0.407,0.003,4.748,0.0,-0.019,0.0
0.407,0.003,5.921,0.0,-0.002,0.0
0.407,0.003,5.176,0.0,0.002,0.0
0.407,0.003,4.279,0.0,-0.004,0.0
0.407,0.003,3.856,0.0,0.001,0.0
0.407,0.003,6.503,0.0,-0.008,0.0
0.407,0.003,4.89,0.0,0.011,0.0
0.407,0.003,5.587,0.0,0.005,0.0
0.407,0.003,6.298,0.0,-0.013,0.0
0.407,0.003,4.727,0.0,-0.007,0.0
0.407,0.003,4.572,0.0,0.006,0.0
0.407,0.003,5.102,0.0,-0.003,0.0
0.407,0.003,5.918,0.0,-0.02,0.0
0.407,0.003,5.517,0.0,-0.0,0.0
0.407,0.003,4.876,0.0,-0.003,0.0
0.407,0.003,4.936,0.0,0.01,0.0
0.407,0.003,5.488,0.0,-0.008,0.0
0.407,0.003,5.344,0.0,-0.014,0.0
0.407,0.003,4.128,0.0,0.0,0.0
0.407,0.003,4.967,0.0,-0.008,0.0
0.407,0.003,4.625,0.0,-0.007,0.0
0.407,0.003,3.984,0.0,0.01,0.0
0.407,0.003,4.427,0.0,-0.011,0.0
0.407,0.003,5.125,0.0,-0.012,0.0
0.407,0.003,5.906,0.0,-0.008,0.0
0.407,0.003,5.006,0.0,-0.036,0.0
0.407,0.003,5.076,0.0,-0.017,0.0
0.407,0.003,5.773,0.0,0.005,0.0
0.407,0.003,4.501,0.0,0.004,0.0
0.407,0.003,6.272,0.0,-0.013,0.0
0.407,0.003,5.603,0.0,-0.039,0.0
0.407,0.003,3.623,0.0,0.005,0.0
0.407,0.003,4.482,0.0,-0.015,0.0
0.407,0.003,4.674,0.0,0.003,0.0
0.407,0.003,4.118,0.0,-0.003,0.0
0.407,0.003,6.159,0.0,-0.008,0.0
0.407,0.003,5.262,0.0,-0.003,0.0
0.407,0.003,5.095,0.0,-0.009,0.0
0.407,0.003,6.252,0.0,-0.011,0.0
0.407,0.003,6.493,0.0,-0.003,0.0
0.407,0.003,4.995,0.0,-0.005,0.0
0.407,0.003,5.205,0.0,0.012,0.0
0.407,0.003,5.23,0.0,-0.006,0.0
0.407,0.003,4.387,0.0,-0.005,0.0
0.407,0.003,5.786,0.0,-0.007,0.0
0.407,0.003,4.172,0.0,-0.011,0.0
0.407,0.003,4.466,0.0,-0.003,0.0
0.407,0.003,4.955,0.0,-0.004,0.0
0.407,0.003,4.348,0.0,-0.02,0.0
0.407,0.003,3.598,0.0,-0.007,0.0
0.407,0.003,4.273,0.0,-0.022,0.0
0.407,0.003,5.866,0.0,-0.015,0.0
0.407,0.003,4.692,0.0,-0.0,0.0
0.407,0.003,4.397,0.0,-0.019,0.0
0.407,0.003,4.329,0.0,-0.008,0.0
0.407,0.003,4.82,0.0,0.016,0.0
0.407,0.003,4.434,0.0,-0.021,0.0
0.407,0.003,6.462,0.0,-0.007,0.0
0.407,0.003,4.363,0.0,-0.013,0.0
0.407,0.003,5.004,0.0,0.01,0.0
0.407,0.003,5.856,0.0,-0.01,0.0
0.407,0.003,6.729,0.0,0.007,0.0
0.407,0.003,4.384,0.0,-0.007,0.0
0.407,0.003,4.75,0.0,0.004,0.0
0.407,0.003,5.573,0.0,-0.019,0.0
0.407,0.003,5.342,0.0,-0.022,0.0
0.407,0.003,5.591,0.0,0.0,0.0
0.408,0.003,4.497,0.0,0.002,0.0
0.408,0.003,4.34,0.0,-0.014,0.0
0.408,0.003,4.744,0.0,0.015,0.0
0.408,0.003,4.679,0.0,-0.025,0.0
0.408,0.003,5.382,0.0,-0.006,0.0
0.408,0.003,5.84,0.0,-0.016,0.0
0.408,0.003,2.949,0.0,0.004,0.0
0.408,0.003,4.569,0.0,-0.005,0.0
0.408,0.003,5.48,0.0,-0.016,0.0
0.408,0.003,4.563,0.0,-0.015,0.0
0.408,0.003,4.885,0.0,-0.02,0.0
0.408,0.003,5.489,0.0,0.008,0.0
0.408,0.003,4.347,0.0,-0.022,0.0
0.408,0.003,4.552,0.0,-0.009,0.0
0.408,0.003,4.705,0.0,-0.03,0.0
0.408,0.003,3.853,0.0,0.016,0.0
0.408,0.003,5.166,0.0,0.005,0.0
0.408,0.003,4.413,0.0,0.01,0.0
0.408,0.003,4.201,0.0,0.011,0.0
0.408,0.003,4.442,0.0,-0.008,0.0
0.408,0.003,5.493,0.0,-0.02,0.0
0.408,0.003,4.82,0.0,-0.011,0.0
0.408,0.003,4.801,0.0,-0.019,0.0
0.408,0.003,4.428,0.0,-0.009,0.0
0.408,0.003,4.961,0.0,-0.02,0.0
0.408,0.003,4.918,0.0,0.004,0.0
0.408,0.003,4.448,0.0,-0.006,0.0
0.408,0.003,5.252,0.0,-0.029,0.0
0.408,0.003,4.5,0.0,-0.005,0.0
0.408,0.003,3.923,0.0,-0.007,0.0
0.408,0.003,4.384,0.0,0.003,0.0
0.408,0.003,4.522,0.0,0.002,0.0
0.408,0.003,5.239,0.0,0.0,0.0
0.408,0.003,3.786,0.0,0.004,0.0
0.408,0.003,5.142,0.0,0.002,0.0
0.408,0.003,5.982,0.0,-0.007,0.0
0.408,0.003,5.112,0.0,-0.009,0.0
0.408,0.003,4.135,0.0,-0.018,0.0
0.408,0.003,4.978,0.0,0.011,0.0
0.408,0.003,4.866,0.0,-0.028,0.0
0.408,0.003,5.587,0.0,-0.025,0.0
0.408,0.003,5.611,0.0,0.005,0.0
0.408,0.003,6.174,0.0,0.006,0.0
0.408,0.003,5.322,0.0,0.005,0.0
0.408,0.003,4.247,0.0,0.007,0.0
0.408,0.003,5.202,0.0,-0.019,0.0
0.408,0.003,5.277,0.0,0.015,0.0
0.408,0.003,5.036,0.0,-0.015,0.0
0.408,0.003,4.892,0.0,0.005,0.0
0.408,0.003,5.429,0.0,-0.017,0.0
0.408,0.003,6.262,0.0,-0.009,0.0
0.408,0.003,5.939,0.0,-0.008,0.0
0.408,0.003,5.264,0.0,-0.028,0.0
0.408,0.003,5.706,0.0,-0.024,0.0
0.408,0.003,6.995,0.0,-0.014,0.0
0.408,0.003,4.57,0.0,-0.007,0.0
0.408,0.003,5.715,0.0,0.028,0.0
0.408,0.003,5.009,0.0,-0.011,0.0
0.408,0.003,5.544,0.0,-0.009,0.0
0.408,0.003,5.28,0.0,0.002,0.0
0.408,0.003,6.066,0.0,0.027,0.0
0.408,0.003,5.366,0.0,0.014,0.0
0.408,0.003,5.253,0.0,0.013,0.0
0.408,0.003,6.28,0.0,-0.01,0.0
0.408,0.003,5.808,0.0,-0.018,0.0
0.408,0.003,5.816,0.0,0.008,0.0
0.408,0.003,4.904,0.0,0.004,0.0
0.408,0.003,4.772,0.0,0.006,0.0
0.408,0.003,5.606,0.0,-0.002,0.0
0.408,0.003,4.945,0.0,0.006,0.0
0.408,0.003,3.821,0.0,-0.009,0.0
0.408,0.003,5.703,0.0,0.004,0.0
0.408,0.003,4.477,0.0,-0.01,0.0
0.408,0.003,5.324,0.0,0.001,0.0
0.408,0.003,4.024,0.0,-0.002,0.0
0.408,0.003,5.963,0.0,-0.015,0.0
0.408,0.003,4.426,0.0,-0.014,0.0
0.408,0.003,5.127,0.0,0.017,0.0
0.408,0.003,3.8,0.0,-0.0,0.0
0.408,0.003,6.202,0.0,0.002,0.0
0.408,0.003,5.59,0.0,-0.006,0.0
0.408,0.003,4.61,0.0,-0.002,0.0
0.408,0.003,4.385,0.0,0.016,0.0
0.408,0.003,5.403,0.0,-0.01,0.0
0.408,0.003,4.485,0.0,-0.003,0.0
0.408,0.003,2.859,0.0,0.006,0.0
0.409,0.003,4.317,0.0,-0.009,0.0
0.409,0.003,4.579,0.0,-0.007,0.0
0.409,0.003,6.543,0.0,0.002,0.0
0.409,0.003,5.407,0.0,-0.005,0.0
0.409,0.003,5.196,0.0,-0.019,0.0
0.409,0.003,4.941,0.0,0.006,0.0
0.409,0.003,3.939,0.0,-0.014,0.0
0.409,0.003,3.86,0.0,0.002,0.0
0.409,0.003,3.889,0.0,-0.013,0.0
0.409,0.003,4.364,0.0,-0.002,0.0
0.409,0.003,4.082,0.0,-0.005,0.0
0.409,0.003,5.978,0.0,-0.004,0.0
0.409,0.003,4.815,0.0,0.002,0.0
0.409,0.003,4.83,0.0,-0.033,0.0
0.409,0.003,5.886,0.0,-0.005,0.0
0.409,0.003,5.169,0.0,-0.011,0.0
0.409,0.003,6.365,0.0,0.005,0.0
0.409,0.003,5.367,0.0,-0.024,0.0
0.409,0.003,4.653,0.0,-0.009,0.0
0.409,0.003,5.194,0.0,-0.045,0.0
0.409,0.003,5.763,0.0,0.003,0.0
0.409,0.003,4.528,0.0,-0.009,0.0
0.409,0.003,6.051,0.0,-0.007,0.0
0.409,0.003,5.708,0.0,-0.006,0.0
0.409,0.003,5.348,0.0,0.025,0.0
0.409,0.003,4.49,0.0,0.003,0.0
0.409,0.003,4.76,0.0,-0.011,0.0
0.409,0.003,5.972,0.0,-0.017,0.0
0.409,0.003,5.568,0.0,-0.004,0.0
0.409,0.003,5.904,0.0,-0.024,0.0
0.409,0.003,5.801,0.0,-0.005,0.0
0.409,0.003,3.291,0.0,0.007,0.0
0.409,0.003,4.712,0.0,0.017,0.0
0.409,0.003,5.286,0.0,0.013,0.0
0.409,0.003,4.575,0.0,-0.02,0.0
0.409,0.003,6.673,0.0,-0.013,0.0
0.409,0.003,4.016,0.0,-0.01,0.0
0.409,0.003,4.861,0.0,-0.003,0.0
0.409,0.003,5.714,0.0,-0.009,0.0
0.409,0.003,4.36,0.0,-0.01,0.0
0.409,0.003,5.033,0.0,-0.007,0.0
0.409,0.003,5.705,0.0,-0.003,0.0
0.409,0.003,4.667,0.0,0.014,0.0
0.409,0.003,4.828,0.0,-0.002,0.0
0.409,0.003,5.072,0.0,0.004,0.0
0.409,0.003,5.083,0.0,0.005,0.0
0.409,0.003,3.78,0.0,-0.017,0.0
0.409,0.003,4.924,0.0,-0.032,0.0
0.409,0.003,3.922,0.0,-0.006,0.0
0.409,0.003,5.034,0.0,-0.001,0.0
0.409,0.003,5.005,0.0,-0.007,0.0
0.409,0.003,5.342,0.0,0.004,0.0
0.409,0.003,4.486,0.0,-0.006,0.0
0.409,0.003,4.326,0.0,0.002,0.0
0.409,0.003,4.314,0.0,0.003,0.0
0.409,0.003,3.637,0.0,-0.006,0.0
0.409,0.003,5.549,0.0,-0.015,0.0
0.409,0.003,4.055,0.0,-0.016,0.0
0.409,0.003,4.448,0.0,0.004,0.0
0.409,0.003,6.144,0.0,-0.011,0.0
0.409,0.003,5.53,0.0,-0.013,0.0
0.409,0.003,4.929,0.0,-0.015,0.0
0.409,0.003,4.524,0.0,0.021,0.0
0.409,0.003,4.933,0.0,0.007,0.0
0.409,0.003,5.234,0.0,-0.015,0.0
0.409,0.003,5.854,0.0,-0.019,0.0
0.409,0.003,4.31,0.0,-0.008,0.0
0.409,0.003,4.265,0.0,0.0,0.0
0.409,0.003,4.485,0.0,-0.027,0.0
0.409,0.003,4.63,0.0,0.008,0.0
0.409,0.003,5.087,0.0,-0.013,0.0
0.409,0.003,5.982,0.0,-0.005,0.0
0.409,0.003,4.841,0.0,-0.0,0.0
0.409,0.003,5.854,0.0,0.004,0.0
0.409,0.003,3.856,0.0,-0.009,0.0
0.409,0.003,4.898,0.0,-0.008,0.0
0.409,0.003,5.456,0.0,-0.007,0.0
0.41,0.003,4.876,0.0,-0.002,0.0
0.41,0.003,4.932,0.0,-0.0,0.0
0.41,0.003,5.644,0.0,-0.037,0.0
0.41,0.003,4.554,0.0,-0.005,0.0
0.41,0.003,5.211,0.0,-0.022,0.0
0.41,0.003,3.803,0.0,-0.014,0.0
0.41,0.003,5.24,0.0,0.006,0.0
0.41,0.003,4.298,0.0,-0.003,0.0
0.41,0.003,3.924,0.0,-0.009,0.0
0.41,0.003,4.356,0.0,-0.013,0.0
0.41,0.003,5.062,0.0,-0.004,0.0
0.41,0.003,5.422,0.0,0.014,0.0
0.41,0.003,5.508,0.0,-0.01,0.0
0.41,0.003,4.06,0.0,0.017,0.0
0.41,0.003,4.899,0.0,0.014,0.0
0.41,0.003,3.772,0.0,-0.012,0.0
0.41,0.003,6.126,0.0,-0.014,0.0
0.41,0.003,4.355,0.0,-0.025,0.0
0.41,0.003,4.662,0.0,-0.011,0.0
0.41,0.003,5.194,0.0,0.002,0.0
0.41,0.003,3.728,0.0,-0.014,0.0
0.41,0.003,4.533,0.0,-0.006,0.0
0.41,0.003,4.156,0.0,-0.006,0.0
0.41,0.003,6.097,0.0,-0.015,0.0
0.41,0.003,5.004,0.0,-0.01,0.0
0.41,0.003,3.351,0.0,0.017,0.0
0.41,0.003,6.411,0.0,-0.002,0.0
0.41,0.003,3.723,0.0,-0.004,0.0
0.41,0.003,5.71,0.0,-0.011,0.0
0.41,0.003,4.844,0.0,-0.02,0.0
0.41,0.003,4.877,0.0,-0.013,0.0
0.41,0.003,4.945,0.0,-0.003,0.0
0.41,0.003,5.462,0.0,-0.004,0.0
0.41,0.003,5.231,0.0,-0.002,0.0
0.41,0.003,3.713,0.0,-0.007,0.0
0.41,0.003,4.849,0.0,0.005,0.0
0.41,0.003,4.096,0.0,-0.008,0.0
0.41,0.003,5.938,0.0,-0.006,0.0
0.41,0.003,4.925,0.0,-0.013,0.0
0.41,0.003,4.397,0.0,-0.013,0.0
0.41,0.003,4.356,0.0,-0.007,0.0
0.41,0.003,6.251,0.0,-0.012,0.0
0.41,0.003,6.847,0.0,0.004,0.0
0.41,0.003,5.573,0.0,0.0,0.0
0.41,0.003,4.127,0.0,0.007,0.0
0.41,0.003,4.954,0.0,0.008,0.0
0.41,0.003,5.479,0.0,-0.003,0.0
0.41,0.003,5.502,0.0,-0.003,0.0
0.41,0.003,4.855,0.0,-0.001,0.0
0.41,0.003,5.016,0.0,0.022,0.0
0.41,0.003,5.303,0.0,0.018,0.0
0.41,0.003,4.427,0.0,0.009,0.0
0.41,0.003,5.058,0.0,-0.021,0.0
0.41,0.003,6.865,0.0,-0.011,0.0
0.41,0.003,5.884,0.0,-0.021,0.0
0.41,0.003,3.694,0.0,0.015,0.0
0.41,0.003,4.764,0.0,-0.003,0.0
0.41,0.003,4.162,0.0,0.003,0.0
0.41,0.003,4.357,0.0,0.001,0.0
0.41,0.003,4.351,0.0,-0.002,0.0
0.41,0.003,4.273,0.0,-0.013,0.0
0.41,0.003,5.446,0.0,-0.015,0.0
0.41,0.003,4.181,0.0,-0.005,0.0
0.41,0.003,4.32,0.0,-0.002,0.0
0.41,0.003,4.444,0.0,-0.012,0.0
0.41,0.003,5.017,0.0,-0.017,0.0
0.41,0.003,5.488,0.0,-0.013,0.0
0.41,0.003,4.241,0.0,-0.002,0.0
0.41,0.003,4.485,0.0,-0.005,0.0
0.41,0.003,5.384,0.0,-0.018,0.0
0.41,0.003,3.874,0.0,-0.02,0.0
0.41,0.003,5.003,0.0,0.012,0.0
0.41,0.003,4.939,0.0,0.013,0.0
0.41,0.003,4.221,0.0,-0.008,0.0
0.41,0.003,5.499,0.0,-0.013,0.0
0.41,0.003,4.59,0.0,-0.022,0.0
0.41,0.003,4.664,0.0,0.0,0.0
0.41,0.003,5.893,0.0,-0.017,0.0
0.41,0.003,4.539,0.0,-0.019,0.0
0.41,0.003,4.818,0.0,-0.024,0.0
0.41,0.003,4.49,0.0,-0.001,0.0
0.41,0.003,4.847,0.0,-0.015,0.0
0.41,0.003,4.512,0.0,-0.002,0.0
0.41,0.003,4.591,0.0,0.0,0.0
0.41,0.003,4.22,0.0,-0.003,0.0
0.41,0.003,4.643,0.0,-0.011,0.0
0.41,0.003,6.263,0.0,-0.019,0.0
0.41,0.003,4.895,0.0,0.005,0.0
0.41,0.003,5.466,0.0,-0.005,0.0
0.41,0.003,5.221,0.0,-0.011,0.0
0.41,0.003,4.87,0.0,-0.008,0.0
0.41,0.003,4.066,0.0,0.014,0.0
0.41,0.003,5.079,0.0,-0.023,0.0
0.41,0.003,5.568,0.0,-0.01,0.0
0.411,0.003,4.15,0.0,-0.007,0.0
0.411,0.003,6.126,0.0,0.006,0.0
0.411,0.003,4.472,0.0,-0.01,0.0
0.411,0.003,4.538,0.0,-0.01,0.0
0.411,0.003,4.56,0.0,-0.005,0.0
0.411,0.003,5.535,0.0,-0.016,0.0
0.411,0.003,5.385,0.0,0.0,0.0
0.411,0.003,3.883,0.0,0.016,0.0
0.411,0.003,5.005,0.0,0.013,0.0
0.411,0.003,5.934,0.0,-0.013,0.0
0.411,0.003,4.764,0.0,-0.006,0.0
0.411,0.003,4.354,0.0,-0.009,0.0
0.411,0.003,4.449,0.0,0.011,0.0
0.411,0.003,5.267,0.0,-0.01,0.0
0.411,0.003,4.483,0.0,0.007,0.0
0.411,0.003,3.546,0.0,-0.014,0.0
0.411,0.003,4.79,0.0,-0.008,0.0
0.411,0.003,4.181,0.0,0.015,0.0
0.411,0.003,4.654,0.0,-0.007,0.0
0.411,0.003,3.339,0.0,0.012,0.0
0.411,0.003,4.069,0.0,0.012,0.0
0.411,0.003,4.296,0.0,-0.011,0.0
0.411,0.003,5.248,0.0,-0.006,0.0
0.411,0.003,4.136,0.0,0.015,0.0
0.411,0.003,5.208,0.0,0.002,0.0
0.411,0.003,4.292,0.0,-0.029,0.0
0.411,0.003,5.858,0.0,-0.012,0.0
0.411,0.003,4.905,0.0,-0.028,0.0
0.411,0.003,4.882,0.0,-0.001,0.0
0.411,0.003,5.081,0.0,-0.014,0.0
0.411,0.003,4.121,0.0,-0.002,0.0
0.411,0.003,4.639,0.0,-0.026,0.0
0.411,0.003,4.211,0.0,-0.022,0.0
0.411,0.003,5.187,0.0,0.007,0.0
0.411,0.003,5.693,0.0,-0.014,0.0
0.411,0.003,4.807,0.0,-0.011,0.0
0.411,0.003,5.472,0.0,-0.004,0.0
0.411,0.003,5.822,0.0,-0.026,0.0
0.411,0.003,5.057,0.0,0.002,0.0
0.411,0.003,4.677,0.0,0.01,0.0
0.411,0.003,6.293,0.0,-0.006,0.0
0.411,0.003,6.011,0.0,-0.021,0.0
0.411,0.003,5.327,0.0,-0.012,0.0
0.411,0.003,4.047,0.0,-0.004,0.0
0.411,0.003,4.575,0.0,-0.014,0.0
0.411,0.003,4.746,0.0,-0.005,0.0
0.411,0.003,4.68,0.0,0.009,0.0
0.411,0.003,5.395,0.0,0.017,0.0
0.411,0.003,4.887,0.0,0.022,0.0
0.411,0.003,5.62,0.0,-0.003,0.0
0.411,0.003,6.656,0.0,-0.027,0.0
0.411,0.003,5.636,0.0,0.005,0.0
0.411,0.003,5.096,0.0,-0.009,0.0
0.411,0.003,5.383,0.0,-0.001,0.0
0.411,0.003,7.175,0.0,0.003,0.0
0.411,0.003,5.969,0.0,-0.016,0.0
0.411,0.003,5.392,0.0,-0.024,0.0
0.411,0.003,5.789,0.0,-0.005,0.0
0.411,0.003,4.188,0.0,0.007,0.0
0.411,0.003,4.083,0.0,-0.002,0.0
0.411,0.003,5.212,0.0,-0.0,0.0
0.411,0.003,4.841,0.0,-0.01,0.0
0.411,0.003,5.31,0.0,-0.004,0.0
0.411,0.003,3.897,0.0,-0.025,0.0
0.411,0.003,4.27,0.0,0.005,0.0
0.411,0.003,4.819,0.0,0.023,0.0
0.411,0.003,4.651,0.0,-0.014,0.0
0.411,0.003,4.222,0.0,-0.012,0.0
0.411,0.003,6.141,0.0,0.001,0.0
0.411,0.003,4.708,0.0,-0.014,0.0
0.411,0.003,5.612,0.0,-0.01,0.0
0.411,0.003,3.842,0.0,-0.005,0.0
0.411,0.003,5.339,0.0,-0.014,0.0
0.411,0.003,5.447,0.0,0.004,0.0
0.411,0.003,5.124,0.0,0.01,0.0
0.411,0.003,4.008,0.0,-0.001,0.0
0.411,0.003,4.982,0.0,-0.004,0.0
0.411,0.003,4.919,0.0,0.003,0.0
0.411,0.003,5.715,0.0,-0.004,0.0
0.411,0.003,5.333,0.0,-0.009,0.0
0.411,0.003,4.511,0.0,0.008,0.0
0.411,0.003,5.42,0.0,0.006,0.0
0.412,0.003,3.23,0.0,0.009,0.0
0.412,0.003,4.764,0.0,-0.033,0.0
0.412,0.003,6.393,0.0,-0.001,0.0
0.412,0.003,4.514,0.0,0.019,0.0
0.412,0.003,5.006,0.0,0.005,0.0
0.412,0.003,5.349,0.0,-0.006,0.0
0.412,0.003,5.285,0.0,-0.026,0.0
0.412,0.003,6.042,0.0,-0.001,0.0
0.412,0.003,5.676,0.0,0.006,0.0
0.412,0.003,5.57,0.0,-0.011,0.0
0.412,0.003,6.55,0.0,-0.005,0.0
0.412,0.003,5.477,0.0,0.007,0.0
0.412,0.003,5.425,0.0,0.005,0.0
0.412,0.003,6.417,0.0,-0.009,0.0
0.412,0.003,4.945,0.0,-0.011,0.0
0.412,0.003,5.01,0.0,0.015,0.0
0.412,0.003,3.72,0.0,0.016,0.0
0.412,0.003,5.095,0.0,-0.011,0.0
0.412,0.003,4.696,0.0,-0.016,0.0
0.412,0.003,6.211,0.0,-0.008,0.0
0.412,0.003,6.105,0.0,-0.015,0.0
0.412,0.003,4.366,0.0,0.007,0.0
0.412,0.003,5.178,0.0,-0.023,0.0
0.412,0.003,4.89,0.0,-0.012,0.0
0.412,0.003,5.926,0.0,-0.002,0.0
0.412,0.003,4.514,0.0,-0.011,0.0
0.412,0.003,4.233,0.0,0.004,0.0
0.412,0.003,5.346,0.0,-0.003,0.0
0.412,0.003,5.629,0.0,0.009,0.0
0.412,0.003,5.274,0.0,-0.01,0.0
0.412,0.003,4.25,0.0,-0.011,0.0
0.412,0.003,5.407,0.0,-0.022,0.0
0.412,0.003,4.526,0.0,-0.005,0.0
0.412,0.003,5.566,0.0,-0.005,0.0
0.412,0.003,5.079,0.0,0.002,0.0
0.412,0.003,4.948,0.0,0.006,0.0
0.412,0.003,5.882,0.0,-0.001,0.0
0.412,0.003,4.875,0.0,-0.02,0.0
0.412,0.003,5.359,0.0,-0.006,0.0
0.412,0.003,6.092,0.0,-0.021,0.0
0.412,0.003,4.579,0.0,-0.006,0.0
0.412,0.003,5.603,0.0,-0.011,0.0
0.412,0.003,5.368,0.0,-0.018,0.0
0.412,0.003,5.934,0.0,0.008,0.0
0.412,0.003,5.428,0.0,-0.005,0.0
0.412,0.003,5.322,0.0,-0.006,0.0
0.412,0.003,5.63,0.0,-0.019,0.0
0.412,0.003,5.15,0.0,-0.018,0.0
0.412,0.003,3.951,0.0,0.021,0.0
0.412,0.003,4.657,0.0,-0.011,0.0
0.412,0.003,4.384,0.0,-0.012,0.0
0.412,0.003,5.1,0.0,-0.004,0.0
0.412,0.003,3.824,0.0,0.011,0.0
0.412,0.003,5.404,0.0,-0.023,0.0
0.412,0.003,4.145,0.0,0.018,0.0
0.412,0.003,4.134,0.0,0.014,0.0
0.412,0.003,3.809,0.0,0.001,0.0
0.412,0.003,3.722,0.0,0.007,0.0
0.412,0.003,4.822,0.0,-0.004,0.0
0.412,0.003,4.604,0.0,0.0,0.0
0.412,0.003,4.682,0.0,-0.01,0.0
0.412,0.003,5.49,0.0,0.001,0.0
0.412,0.003,4.379,0.0,-0.011,0.0
0.412,0.003,4.838,0.0,-0.005,0.0
0.412,0.003,5.208,0.0,-0.022,0.0
0.412,0.003,5.023,0.0,0.014,0.0
0.412,0.003,5.333,0.0,-0.004,0.0
0.412,0.003,3.9,0.0,0.023,0.0
0.412,0.003,5.718,0.0,-0.008,0.0
0.412,0.003,4.77,0.0,0.022,0.0
0.412,0.003,3.894,0.0,-0.024,0.0
0.412,0.003,5.065,0.0,-0.013,0.0
0.412,0.003,4.288,0.0,0.002,0.0
0.412,0.003,5.069,0.0,0.003,0.0
0.412,0.003,2.521,0.0,0.002,0.0
0.412,0.003,5.597,0.0,-0.01,0.0
0.412,0.003,3.778,0.0,-0.016,0.0
0.412,0.003,5.258,0.0,-0.009,0.0
0.412,0.003,4.217,0.0,0.003,0.0
0.412,0.003,4.909,0.0,-0.017,0.0
0.412,0.003,5.586,0.0,0.006,0.0
0.412,0.003,5.204,0.0,0.009,0.0
0.412,0.003,4.613,0.0,-0.003,0.0
0.412,0.003,5.648,0.0,-0.001,0.0
0.412,0.003,4.871,0.0,-0.018,0.0
0.413,0.003,5.334,0.0,-0.006,0.0
0.413,0.003,4.358,0.0,0.004,0.0
0.413,0.003,4.545,0.0,-0.017,0.0
0.413,0.003,5.775,0.0,-0.02,0.0
0.413,0.003,4.96,0.0,0.008,0.0
0.413,0.003,4.416,0.0,-0.0,0.0
0.413,0.003,3.949,0.0,0.013,0.0
0.413,0.003,4.935,0.0,0.004,0.0
0.413,0.003,4.528,0.0,0.003,0.0
0.413,0.003,4.87,0.0,0.01,0.0
0.413,0.003,5.571,0.0,0.015,0.0
0.413,0.003,4.987,0.0,0.002,0.0
0.413,0.003,4.499,0.0,-0.005,0.0
0.413,0.003,4.845,0.0,-0.01,0.0
0.413,0.003,4.194,0.0,-0.001,0.0
0.413,0.003,6.66,0.0,-0.01,0.0
0.413,0.003,4.891,0.0,0.024,0.0
0.413,0.003,4.841,0.0,-0.028,0.0
0.413,0.003,4.521,0.0,-0.014,0.0
0.413,0.003,5.408,0.0,-0.013,0.0
0.413,0.003,5.31,0.0,0.01,0.0
0.413,0.003,5.841,0.0,-0.005,0.0
0.413,0.003,4.777,0.0,-0.001,0.0
0.413,0.003,4.395,0.333,-0.024,0.0
0.413,0.003,4.582,0.0,-0.002,0.0
0.413,0.003,3.964,0.0,0.009,0.0
0.413,0.003,5.155,0.0,-0.003,0.0
0.413,0.003,3.982,0.0,0.004,0.0
0.413,0.003,4.538,0.0,-0.02,0.0
0.413,0.003,4.609,0.0,-0.01,0.0
0.413,0.003,5.404,0.0,0.014,0.0
0.413,0.003,5.768,0.0,-0.025,0.0
0.413,0.003,4.852,0.0,0.007,0.0
0.413,0.003,4.775,0.0,0.004,0.0
0.413,0.003,5.279,0.0,-0.014,0.0
0.413,0.003,3.733,0.0,0.009,0.0
0.413,0.003,5.555,0.0,-0.007,0.0
0.413,0.003,4.944,0.0,0.006,0.0
0.413,0.003,4.948,0.0,0.004,0.0
0.413,0.003,4.108,0.0,-0.023,0.0
0.413,0.003,5.756,0.0,-0.008,0.0
0.413,0.003,5.59,0.0,-0.006,0.0
0.413,0.003,6.192,0.0,-0.007,0.0
0.413,0.003,4.417,0.0,-0.003,0.0
0.413,0.003,5.933,0.0,0.016,0.0
0.413,0.003,5.763,0.0,-0.006,0.0
0.413,0.003,5.377,0.0,-0.002,0.0
0.413,0.003,4.009,0.0,0.011,0.0
0.413,0.003,4.635,0.0,-0.004,0.0
0.413,0.003,4.252,0.0,0.017,0.0
0.413,0.003,5.391,0.0,-0.008,0.0
0.413,0.003,5.716,0.0,-0.008,0.0
0.413,0.003,3.94,0.0,0.018,0.0
0.413,0.003,4.104,0.0,-0.025,0.0
0.413,0.003,4.572,0.0,0.001,0.0
0.413,0.003,5.184,0.0,-0.003,0.0
0.413,0.003,4.58,0.0,-0.01,0.0
0.413,0.003,6.437,0.0,-0.014,0.0
0.413,0.003,5.672,0.0,-0.011,0.0
0.413,0.003,4.257,0.0,-0.005,0.0
0.413,0.003,3.405,0.0,-0.001,0.0
0.413,0.003,5.278,0.0,-0.015,0.0
0.413,0.003,5.126,0.0,0.015,0.0
0.413,0.003,4.201,0.0,0.013,0.0
0.413,0.003,2.551,0.0,0.004,0.0
0.413,0.003,5.908,0.0,-0.012,0.0
0.413,0.003,5.926,0.0,-0.005,0.0
0.413,0.003,4.676,0.0,0.003,0.0
0.413,0.003,4.6,0.0,-0.01,0.0
0.413,0.003,5.638,0.0,-0.015,0.0
0.413,0.003,5.805,0.0,0.006,0.0
0.414,0.003,4.501,0.0,-0.012,0.0
0.414,0.003,5.164,0.0,-0.01,0.0
0.414,0.003,6.212,0.0,-0.002,0.0
0.414,0.003,5.192,0.0,-0.023,0.0
0.414,0.003,4.092,0.0,0.001,0.0
0.414,0.003,5.796,0.0,-0.009,0.0
0.414,0.003,4.864,0.0,-0.017,0.0
0.414,0.003,3.809,0.0,-0.028,0.0
0.414,0.003,5.909,0.0,-0.006,0.0
0.414,0.003,4.923,0.0,-0.02,0.0
0.414,0.003,4.82,0.0,-0.002,0.0
0.414,0.003,4.141,0.0,-0.019,0.0
0.414,0.003,4.922,0.0,-0.004,0.0
0.414,0.003,4.942,0.0,-0.019,0.0
0.414,0.003,5.555,0.0,0.005,0.0
0.414,0.003,4.943,0.0,-0.016,0.0
0.414,0.003,4.656,0.0,-0.022,0.0
0.414,0.003,4.358,0.0,-0.02,0.0
0.414,0.003,5.738,0.0,-0.003,0.0
0.414,0.003,5.113,0.0,-0.01,0.0
0.414,0.003,3.833,0.0,0.019,0.0
0.414,0.003,5.817,0.0,-0.01,0.0
0.414,0.003,4.243,0.0,0.002,0.0
0.414,0.003,5.372,0.0,-0.01,0.0
0.414,0.003,5.402,0.0,0.014,0.0
0.414,0.003,5.273,0.0,-0.001,0.0
0.414,0.003,5.634,0.0,0.002,0.0
0.414,0.003,5.577,0.0,-0.024,0.0
0.414,0.003,4.398,0.0,-0.006,0.0
0.414,0.003,5.947,0.0,-0.003,0.0
0.414,0.003,4.408,0.0,-0.008,0.0
0.414,0.003,4.937,0.0,-0.008,0.0
0.414,0.003,4.836,0.0,-0.006,0.0
0.414,0.003,5.821,0.0,-0.027,0.0
0.414,0.003,4.261,0.0,0.002,0.0
0.414,0.003,3.213,0.0,-0.021,0.0
0.414,0.003,4.811,0.0,-0.004,0.0
0.414,0.003,4.787,0.0,-0.008,0.0
0.414,0.003,5.576,0.0,-0.003,0.0
0.414,0.003,4.562,0.0,-0.02,0.0
0.414,0.003,4.826,0.0,-0.014,0.0
0.414,0.003,3.909,0.0,0.003,0.0
0.414,0.003,4.112,0.0,-0.01,0.0
0.414,0.003,3.927,0.0,0.02,0.0
0.414,0.003,4.127,0.0,-0.004,0.0
0.414,0.003,5.139,0.0,-0.012,0.0
0.414,0.003,4.812,0.0,-0.009,0.0
0.414,0.003,4.75,0.0,0.001,0.0
0.414,0.003,5.264,0.0,-0.014,0.0
0.414,0.003,5.765,0.0,-0.007,0.0
0.414,0.003,4.729,0.0,0.009,0.0
0.414,0.003,5.852,0.0,-0.031,0.0
0.414,0.003,5.751,0.0,-0.016,0.0
0.414,0.003,5.326,0.0,-0.018,0.0
0.414,0.003,4.392,0.0,0.008,0.0
0.414,0.003,5.154,0.0,-0.011,0.0
0.414,0.003,5.195,0.0,0.011,0.0
0.414,0.003,3.767,0.0,-0.022,0.0
0.414,0.003,5.582,0.0,-0.019,0.0
0.414,0.003,3.984,0.0,-0.008,0.0
0.414,0.003,4.738,0.0,-0.012,0.0
0.414,0.003,5.584,0.0,-0.001,0.0
0.414,0.003,3.912,0.0,-0.002,0.0
0.414,0.003,5.034,0.0,-0.018,0.0
0.414,0.003,4.632,0.0,0.003,0.0
0.414,0.003,6.272,0.0,-0.011,0.0
0.414,0.003,5.183,0.0,-0.014,0.0
0.414,0.003,5.55,0.0,0.0,0.0
0.414,0.003,5.525,0.0,-0.007,0.0
0.414,0.003,4.627,0.0,0.0,0.0
0.414,0.003,5.591,0.0,-0.005,0.0
0.414,0.003,4.936,0.0,-0.006,0.0
0.414,0.003,4.852,0.0,-0.008,0.0
0.414,0.003,4.249,0.0,-0.011,0.0
0.414,0.003,3.976,0.0,-0.011,0.0
0.414,0.003,5.001,0.0,0.003,0.0
0.414,0.003,4.572,0.0,-0.003,0.0
0.414,0.003,6.346,0.0,0.0,0.0
0.414,0.003,4.694,0.0,0.017,0.0
0.414,0.003,5.877,0.0,-0.009,0.0
0.414,0.003,5.149,0.0,-0.014,0.0
0.414,0.003,4.322,0.0,-0.001,0.0
0.414,0.003,3.025,0.0,0.022,0.0
0.414,0.003,6.263,0.0,-0.008,0.0
0.414,0.003,5.637,0.0,0.026,0.0
0.414,0.003,4.919,0.0,0.023,0.0
0.414,0.003,4.438,0.0,-0.011,0.0
0.414,0.003,5.56,0.0,-0.001,0.0
0.414,0.003,3.946,0.0,-0.004,0.0
0.414,0.003,5.582,0.0,-0.02,0.0
0.414,0.003,5.838,0.0,0.008,0.0
0.414,0.003,6.029,0.0,-0.004,0.0
0.414,0.003,4.099,0.0,-0.013,0.0
0.415,0.003,4.776,0.0,0.004,0.0
0.415,0.003,4.579,0.0,-0.01,0.0
0.415,0.003,4.593,0.0,0.018,0.0
0.415,0.003,5.684,0.0,-0.006,0.0
0.415,0.003,4.697,0.0,0.012,0.0
0.415,0.003,4.803,0.0,0.006,0.0
0.415,0.003,4.66,0.0,-0.005,0.0
0.415,0.003,3.375,0.0,-0.015,0.0
0.415,0.003,3.943,0.0,0.006,0.0
0.415,0.003,4.731,0.0,0.02,0.0
0.415,0.003,5.53,0.0,0.0,0.0
0.415,0.003,3.994,0.0,-0.014,0.0
0.415,0.003,4.776,0.0,0.018,0.0
0.415,0.003,5.551,0.0,0.005,0.0
0.415,0.003,5.473,0.0,-0.011,0.0
0.415,0.003,5.095,0.0,-0.008,0.0
0.415,0.003,4.682,0.0,0.003,0.0
0.415,0.003,5.596,0.0,-0.001,0.0
0.415,0.003,5.236,0.0,-0.001,0.0
0.415,0.003,4.293,0.0,0.007,0.0
0.415,0.003,4.809,0.0,-0.036,0.0
0.415,0.003,5.898,0.0,0.003,0.0
0.415,0.003,6.712,0.0,0.007,0.0
0.415,0.003,4.388,0.0,-0.011,0.0
0.415,0.003,3.999,0.0,-0.006,0.0
0.415,0.003,5.106,0.0,-0.009,0.0
0.415,0.003,5.032,0.0,0.007,0.0
0.415,0.003,4.469,0.0,0.004,0.0
0.415,0.003,2.671,0.0,0.0,0.0
0.415,0.003,4.637,0.0,-0.006,0.0
0.415,0.003,4.62,0.0,-0.027,0.0
0.415,0.003,6.543,0.0,-0.011,0.0
0.415,0.003,4.804,0.0,-0.007,0.0
0.415,0.003,5.359,0.0,-0.005,0.0
0.415,0.003,4.894,0.0,0.007,0.0
0.415,0.003,6.953,0.0,-0.011,0.0
0.415,0.003,3.871,0.0,-0.001,0.0
0.415,0.003,5.123,0.0,0.009,0.0
0.415,0.003,4.8,0.0,-0.01,0.0
0.415,0.003,4.321,0.0,0.004,0.0
0.415,0.003,5.723,0.0,-0.018,0.0
0.415,0.003,5.947,0.0,-0.004,0.0
0.415,0.003,5.347,0.0,-0.003,0.0
0.415,0.003,5.485,0.0,-0.01,0.0
0.415,0.003,4.745,0.0,-0.012,0.0
0.415,0.003,3.35,0.0,0.0,0.0
0.415,0.003,3.705,0.0,-0.005,0.0
0.415,0.003,4.921,0.0,-0.011,0.0
0.415,0.003,5.891,0.0,-0.025,0.0
0.415,0.003,4.098,0.0,-0.007,0.0
0.415,0.003,3.549,0.0,0.001,0.0
0.415,0.003,5.226,0.0,0.009,0.0
0.415,0.003,4.421,0.0,-0.001,0.0
0.415,0.003,4.197,0.0,0.016,0.0
0.415,0.003,4.527,0.0,0.002,0.0
0.415,0.003,5.449,0.0,0.004,0.0
0.415,0.003,4.873,0.0,0.005,0.0
0.415,0.003,5.743,0.0,-0.001,0.0
0.415,0.003,4.945,0.0,-0.012,0.0
0.415,0.003,4.49,0.0,-0.013,0.0
0.415,0.003,4.778,0.0,0.007,0.0
0.415,0.003,4.425,0.0,0.002,0.0
0.415,0.003,5.348,0.0,0.005,0.0
0.415,0.003,4.927,0.0,0.026,0.0
0.415,0.003,4.605,0.0,-0.008,0.0
0.415,0.003,6.079,0.0,0.001,0.0
0.415,0.003,3.891,0.0,0.024,0.0
0.415,0.003,3.809,0.0,0.02,0.0
0.415,0.003,5.434,0.0,-0.004,0.0
0.415,0.003,4.325,0.0,0.003,0.0
0.415,0.003,4.429,0.0,0.018,0.0
0.415,0.003,5.855,0.0,0.0,0.0
0.415,0.003,5.249,0.0,0.003,0.0
0.415,0.003,4.324,0.0,0.001,0.0
0.415,0.003,4.632,0.0,-0.006,0.0
0.415,0.003,5.667,0.0,-0.016,0.0
0.415,0.003,4.592,0.0,-0.016,0.0
0.415,0.003,4.122,0.0,0.004,0.0
0.415,0.003,3.666,0.0,0.015,0.0
0.415,0.003,5.351,0.0,0.001,0.0
0.415,0.003,4.541,0.0,0.009,0.0
0.415,0.003,4.987,0.0,0.002,0.0
0.416,0.003,5.093,0.0,-0.007,0.0
0.416,0.003,6.657,0.0,-0.002,0.0
0.416,0.003,6.169,0.0,-0.004,0.0
0.416,0.003,4.823,0.0,-0.013,0.0
0.416,0.003,4.728,0.0,-0.009,0.0
0.416,0.003,5.222,0.0,-0.012,0.0
0.416,0.003,4.864,0.0,-0.024,0.0
0.416,0.003,4.797,0.0,0.02,0.0
0.416,0.003,6.039,0.0,-0.006,0.0
0.416,0.003,4.856,0.0,-0.014,0.0
0.416,0.003,5.021,0.0,0.006,0.0
0.416,0.003,4.682,0.0,-0.006,0.0
0.416,0.003,5.002,0.0,0.002,0.0
0.416,0.007,4.703,0.0,-0.006,0.0
0.416,0.003,4.898,0.0,-0.014,0.0
0.416,0.003,4.353,0.0,-0.019,0.0
0.416,0.003,5.131,0.0,0.005,0.0
0.416,0.003,5.23,0.0,0.004,0.0
0.416,0.003,4.443,0.0,0.004,0.0
0.416,0.003,4.351,0.0,-0.005,0.0
0.416,0.003,5.1,0.0,-0.013,0.0
0.416,0.003,4.905,0.0,-0.007,0.0
0.416,0.003,5.172,0.0,-0.008,0.0
0.416,0.003,5.254,0.0,-0.012,0.0
0.416,0.003,5.759,0.0,0.021,0.0
0.416,0.003,5.404,0.0,-0.015,0.0
0.416,0.003,5.103,0.0,-0.005,0.0
0.416,0.003,4.68,0.0,0.01,0.0
0.416,0.003,4.933,0.0,-0.014,0.0
0.416,0.003,4.949,0.0,0.004,0.0
0.416,0.003,5.164,0.0,-0.004,0.0
0.416,0.003,5.093,0.0,-0.001,0.0
0.416,0.003,5.947,0.0,0.01,0.0
0.416,0.003,4.208,0.0,-0.021,0.0
0.416,0.003,4.421,0.0,-0.014,0.0
0.416,0.003,5.173,0.0,0.015,0.0
0.416,0.003,5.13,0.0,-0.0,0.0
0.416,0.003,3.992,0.0,-0.002,0.0
0.416,0.003,2.427,0.0,0.001,0.0
0.416,0.003,4.029,0.0,0.002,0.0
0.416,0.003,5.175,0.0,0.003,0.0
0.416,0.003,3.701,0.0,0.017,0.0
0.416,0.003,5.829,0.0,-0.013,0.0
0.416,0.003,6.304,0.0,-0.028,0.0
0.416,0.003,6.707,0.0,-0.023,0.0
0.416,0.003,4.285,0.0,0.011,0.0
0.416,0.003,4.501,0.0,-0.01,0.0
0.416,0.003,5.921,0.0,-0.035,0.0
0.416,0.003,5.096,0.0,-0.004,0.0
0.416,0.003,4.901,0.0,-0.003,0.0
0.416,0.003,5.146,0.0,0.001,0.0
0.416,0.003,4.626,0.0,-0.012,0.0
0.416,0.003,5.222,0.0,0.007,0.0
0.416,0.003,5.248,0.0,-0.014,0.0
0.416,0.003,5.052,0.0,0.006,0.0
0.416,0.003,5.229,0.0,-0.013,0.0
0.416,0.003,4.425,0.0,-0.018,0.0
0.416,0.003,4.535,0.0,0.007,0.0
0.416,0.003,4.595,0.0,0.0,0.0
0.416,0.003,5.362,0.0,-0.006,0.0
0.416,0.003,5.201,0.0,0.004,0.0
0.416,0.003,5.56,0.0,0.003,0.0
0.416,0.003,4.516,0.0,-0.012,0.0
0.416,0.003,4.187,0.0,0.001,0.0
0.416,0.003,4.5,0.0,-0.002,0.0
0.416,0.003,4.012,0.0,-0.006,0.0
0.416,0.003,5.799,0.0,-0.023,0.0
0.416,0.003,5.511,0.0,-0.004,0.0
0.416,0.003,4.305,0.0,-0.009,0.0
0.416,0.003,3.693,0.0,0.004,0.0
0.416,0.003,5.272,0.0,-0.017,0.0
0.416,0.003,4.177,0.0,0.012,0.0
0.416,0.003,4.645,0.0,-0.022,0.0
0.417,0.003,6.02,0.0,-0.013,0.0
0.417,0.003,4.175,0.0,-0.024,0.0
0.417,0.003,3.959,0.0,0.003,0.0
0.417,0.003,5.081,0.0,-0.017,0.0
0.417,0.003,4.092,0.0,0.006,0.0
0.417,0.003,4.927,0.0,0.003,0.0
0.417,0.003,4.423,0.0,-0.002,0.0
0.417,0.003,4.353,0.0,-0.006,0.0
0.417,0.003,5.878,0.0,0.003,0.0
0.417,0.003,4.732,0.0,-0.008,0.0
0.417,0.003,4.978,0.0,0.003,0.0
0.417,0.003,4.77,0.0,-0.018,0.0
0.417,0.003,4.609,0.0,-0.014,0.0
0.417,0.003,4.372,0.0,0.013,0.0
0.417,0.003,4.403,0.0,-0.012,0.0
0.417,0.003,3.718,0.0,-0.003,0.0
0.417,0.003,4.416,0.0,0.007,0.0
0.417,0.003,4.201,0.0,-0.014,0.0
0.417,0.003,5.624,0.0,0.005,0.0
0.417,0.003,4.97,0.0,-0.025,0.0
0.417,0.003,3.661,0.0,-0.01,0.0
0.417,0.003,4.067,0.0,-0.002,0.0
0.417,0.003,5.954,0.0,-0.004,0.0
0.417,0.003,4.565,0.0,0.004,0.0
0.417,0.003,5.25,0.0,-0.001,0.0
0.417,0.003,5.443,0.0,-0.018,0.0
0.417,0.003,3.128,0.0,-0.007,0.0
0.417,0.003,4.563,0.0,-0.0,0.0
0.417,0.003,5.049,0.0,0.008,0.0
0.417,0.003,4.219,0.0,-0.004,0.0
0.417,0.003,5.315,0.0,-0.0,0.0
0.417,0.003,5.596,0.0,0.004,0.0
0.417,0.003,4.779,0.0,0.003,0.0
0.417,0.003,4.966,0.0,-0.019,0.0
0.417,0.003,5.212,0.0,0.0,0.0
0.417,0.003,5.404,0.0,-0.025,0.0
0.417,0.003,5.095,0.0,-0.007,0.0
0.417,0.003,4.49,0.0,-0.022,0.0
0.417,0.003,5.121,0.0,-0.008,0.0
0.417,0.003,4.648,0.0,0.006,0.0
0.417,0.003,3.328,0.0,0.015,0.0
0.417,0.003,3.429,0.0,-0.026,0.0
0.417,0.003,5.106,0.0,0.002,0.0
0.417,0.003,4.912,0.0,0.0,0.0
0.417,0.003,5.394,0.0,-0.003,0.0
0.417,0.003,3.918,0.0,-0.009,0.0
0.417,0.003,5.054,0.0,-0.003,0.0
0.417,0.003,5.346,0.0,-0.007,0.0
0.417,0.003,4.677,0.0,-0.019,0.0
0.417,0.003,4.893,0.0,0.004,0.0
0.417,0.003,5.963,0.0,-0.007,0.0
0.417,0.003,4.822,0.0,-0.019,0.0
0.417,0.003,5.755,0.0,-0.021,0.0
0.417,0.003,4.895,0.0,0.006,0.0
0.417,0.003,4.823,0.0,-0.002,0.0
0.417,0.003,5.443,0.0,0.007,0.0
0.417,0.003,5.837,0.0,-0.01,0.0
0.417,0.003,4.052,0.0,-0.007,0.0
0.417,0.003,5.285,0.0,-0.002,0.0
0.417,0.003,4.11,0.0,0.001,0.0
0.417,0.003,4.408,0.0,-0.009,0.0
0.417,0.003,5.28,0.0,-0.007,0.0
0.417,0.003,5.346,0.0,-0.019,0.0
0.417,0.003,5.534,0.0,0.0,0.0
0.417,0.003,3.879,0.0,-0.003,0.0
0.417,0.003,4.565,0.0,-0.0,0.0
0.417,0.003,5.796,0.0,-0.01,0.0
0.417,0.003,3.877,0.0,-0.013,0.0
0.417,0.003,5.305,0.0,-0.013,0.0
0.417,0.003,5.123,0.0,0.025,0.0
0.417,0.003,5.63,0.0,0.007,0.0
0.417,0.003,4.526,0.0,0.004,0.0
0.417,0.003,4.65,0.0,-0.0,0.0
0.417,0.003,4.974,0.0,-0.014,0.0
0.417,0.003,4.725,0.0,-0.017,0.0
0.417,0.003,5.267,0.0,-0.004,0.0
0.417,0.003,4.872,0.0,0.002,0.0
0.417,0.003,4.982,0.0,-0.026,0.0
0.417,0.003,4.32,0.0,0.009,0.0
0.417,0.003,3.187,0.0,-0.01,0.0
0.417,0.003,5.044,0.0,-0.004,0.0
0.417,0.003,5.752,0.0,-0.018,0.0
0.417,0.003,5.301,0.0,0.011,0.0
0.417,0.003,5.425,0.0,-0.011,0.0
0.417,0.003,5.187,0.0,-0.017,0.0
0.417,0.003,5.46,0.0,-0.018,0.0
0.417,0.003,5.543,0.0,-0.0,0.0
0.417,0.003,6.477,0.0,0.008,0.0
0.417,0.003,5.011,0.0,0.004,0.0
0.417,0.003,4.232,0.0,0.026,0.0
0.418,0.003,4.758,0.0,-0.015,0.0
0.418,0.003,5.351,0.0,-0.001,0.0
0.418,0.003,4.834,0.0,-0.006,0.0
0.418,0.003,4.698,0.0,-0.022,0.0
0.418,0.003,5.119,0.0,0.006,0.0
0.418,0.003,4.9,0.0,0.01,0.0
0.418,0.003,4.783,0.0,-0.0,0.0
0.418,0.003,4.546,0.0,0.0,0.0
0.418,0.003,4.394,0.0,0.009,0.0
0.418,0.003,4.192,0.0,0.004,0.0
0.418,0.003,4.678,0.0,-0.014,0.0
0.418,0.003,5.001,0.0,0.008,0.0
0.418,0.003,5.714,0.0,0.0,0.0
0.418,0.003,4.873,0.0,0.003,0.0
0.418,0.003,4.496,0.0,0.01,0.0
0.418,0.003,6.148,0.0,-0.009,0.0
0.418,0.003,4.463,0.0,-0.0,0.0
0.418,0.003,4.829,0.0,-0.009,0.0
0.418,0.003,4.067,0.0,-0.002,0.0
0.418,0.003,4.479,0.0,0.009,0.0
0.418,0.003,5.17,0.0,-0.005,0.0
0.418,0.003,3.789,0.0,-0.011,0.0
0.418,0.003,3.631,0.0,0.002,0.0
0.418,0.003,5.4,0.0,-0.006,0.0
0.418,0.003,5.6,0.0,-0.019,0.0
0.418,0.003,6.307,0.0,-0.015,0.0
0.418,0.003,4.47,0.0,0.001,0.0
0.418,0.003,6.28,0.0,0.001,0.0
0.418,0.003,4.825,0.0,-0.003,0.0
0.418,0.003,4.899,0.0,0.007,0.0
0.418,0.003,7.071,0.0,-0.022,0.0
0.418,0.003,4.255,0.0,-0.001,0.0
0.418,0.003,5.872,0.0,0.009,0.0
0.418,0.003,5.07,0.0,-0.019,0.0
0.418,0.003,6.269,0.0,-0.023,0.0
0.418,0.003,3.82,0.0,-0.007,0.0
0.418,0.003,3.66,0.0,0.016,0.0
0.418,0.003,5.445,0.0,-0.008,0.0
0.418,0.003,4.351,0.0,0.012,0.0
0.418,0.003,6.016,0.0,-0.003,0.0
0.418,0.003,4.811,0.0,0.004,0.0
0.418,0.003,4.698,0.0,0.006,0.0
0.418,0.003,3.989,0.0,0.006,0.0
0.418,0.003,6.335,0.0,-0.022,0.0
0.418,0.003,4.851,0.0,-0.01,0.0
0.418,0.003,4.352,0.0,0.008,0.0
0.418,0.003,5.099,0.0,0.016,0.0
0.418,0.003,5.225,0.0,-0.02,0.0
0.418,0.003,5.548,0.0,-0.007,0.0
0.418,0.003,4.182,0.0,0.005,0.0
0.418,0.003,4.571,0.0,0.008,0.0
0.418,0.003,5.761,0.0,-0.0,0.0
0.418,0.003,3.15,0.0,-0.022,0.0
0.418,0.003,4.84,0.0,0.003,0.0
0.418,0.003,5.673,0.0,-0.009,0.0
0.418,0.003,4.577,0.0,0.001,0.0
0.418,0.003,4.709,0.0,0.008,0.0
0.418,0.003,4.354,0.0,-0.003,0.0
0.418,0.003,5.369,0.0,0.0,0.0
0.418,0.003,4.726,0.0,-0.003,0.0
0.418,0.003,5.042,0.0,0.016,0.0
0.418,0.003,5.491,0.0,-0.012,0.0
0.418,0.003,4.706,0.0,-0.023,0.0
0.418,0.003,4.752,0.0,-0.008,0.0
0.418,0.003,5.862,0.0,-0.014,0.0
0.418,0.003,4.69,0.0,-0.023,0.0
0.418,0.003,6.413,0.0,-0.002,0.0
0.418,0.003,5.508,0.0,0.001,0.0
0.418,0.003,4.498,0.0,0.016,0.0
0.418,0.003,4.628,0.0,-0.012,0.0
0.418,0.003,4.309,0.0,-0.018,0.0
0.418,0.003,4.236,0.0,-0.017,0.0
0.418,0.003,4.831,0.0,0.017,0.0
0.419,0.003,5.221,0.0,-0.012,0.0
0.419,0.003,5.288,0.0,-0.018,0.0
0.419,0.003,4.897,0.0,0.011,0.0
0.419,0.003,4.679,0.0,0.003,0.0
0.419,0.003,4.895,0.0,-0.007,0.0
0.419,0.003,4.559,0.0,-0.015,0.0
0.419,0.003,4.404,0.0,0.006,0.0
0.419,0.003,4.98,0.0,-0.014,0.0
0.419,0.003,5.906,0.0,-0.012,0.0
0.419,0.003,5.761,0.0,-0.017,0.0
0.419,0.003,4.168,0.0,-0.002,0.0
0.419,0.003,4.889,0.0,-0.021,0.0
0.419,0.003,4.495,0.0,-0.0,0.0
0.419,0.003,4.343,0.0,0.01,0.0
0.419,0.003,4.595,0.0,0.006,0.0
0.419,0.003,5.065,0.0,0.0,0.0
0.419,0.003,4.515,0.0,-0.01,0.0
0.419,0.003,5.81,0.0,-0.012,0.0
0.419,0.003,5.694,0.0,-0.011,0.0
0.419,0.003,5.757,0.0,-0.013,0.0
0.419,0.003,5.107,0.0,-0.0,0.0
0.419,0.003,5.421,0.0,-0.009,0.0
0.419,0.003,4.925,0.0,0.008,0.0
0.419,0.003,4.824,0.0,-0.016,0.0
0.419,0.003,5.921,0.0,-0.001,0.0
0.419,0.003,5.942,0.0,-0.014,0.0
0.419,0.003,4.244,0.0,-0.014,0.0
0.419,0.003,5.914,0.0,-0.002,0.0
0.419,0.003,5.09,0.0,-0.026,0.0
0.419,0.003,4.514,0.0,-0.011,0.0
0.419,0.003,6.449,0.0,-0.006,0.0
0.419,0.003,5.088,0.0,0.01,0.0
0.419,0.003,6.418,0.0,-0.015,0.0
0.419,0.003,5.516,0.0,-0.016,0.0
0.419,0.003,4.593,0.0,0.01,0.0
0.419,0.003,5.443,0.0,-0.005,0.0
0.419,0.003,5.573,0.0,-0.021,0.0
0.419,0.003,4.273,0.0,-0.024,0.0
0.419,0.003,4.722,0.0,-0.005,0.0
0.419,0.003,5.047,0.0,-0.01,0.0
0.419,0.003,5.854,0.0,-0.006,0.0
0.419,0.003,5.022,0.0,-0.002,0.0
0.419,0.003,4.543,0.0,0.001,0.0
0.419,0.003,3.075,0.0,-0.02,0.0
0.419,0.003,4.489,0.0,-0.005,0.0
0.419,0.003,4.896,0.0,-0.004,0.0
0.419,0.003,5.205,0.0,-0.002,0.0
0.419,0.003,4.965,0.0,-0.012,0.0
0.419,0.003,4.364,0.0,-0.009,0.0
0.419,0.003,4.007,0.0,-0.003,0.0
0.419,0.003,4.157,0.0,0.0,0.0
0.419,0.003,4.561,0.0,-0.008,0.0
0.419,0.003,3.548,0.0,0.015,0.0
0.419,0.003,5.167,0.0,0.007,0.0
0.419,0.003,5.438,0.0,-0.023,0.0
0.419,0.003,5.047,0.0,-0.002,0.0
0.419,0.003,4.148,0.0,0.004,0.0
0.419,0.003,4.295,0.0,0.01,0.0
0.419,0.003,4.629,0.0,-0.023,0.0
0.419,0.003,5.175,0.0,-0.01,0.0
0.419,0.003,6.085,0.0,0.007,0.0
0.419,0.003,5.918,0.0,-0.013,0.0
0.419,0.003,4.881,0.0,-0.002,0.0
0.419,0.003,4.191,0.0,0.005,0.0
0.419,0.003,4.689,0.0,-0.019,0.0
0.419,0.003,5.43,0.0,0.006,0.0
0.419,0.003,5.006,0.0,0.004,0.0
0.419,0.003,4.456,0.0,0.0,0.0
0.419,0.003,5.253,0.0,-0.012,0.0
0.419,0.003,5.913,0.0,-0.006,0.0
0.42,0.003,3.988,0.0,-0.002,0.0
0.42,0.003,6.299,0.0,0.014,0.0
0.42,0.003,4.361,0.0,-0.011,0.0
0.42,0.003,5.454,0.0,-0.009,0.0
0.42,0.003,4.257,0.0,-0.002,0.0
0.42,0.003,5.986,0.0,-0.021,0.0
0.42,0.003,5.991,0.0,-0.008,0.0
0.42,0.003,4.326,0.0,-0.006,0.0
0.42,0.003,6.195,0.0,0.013,0.0
0.42,0.003,4.697,0.0,-0.004,0.0
0.42,0.003,4.439,0.0,0.008,0.0
0.42,0.003,5.021,0.0,-0.02,0.0
0.42,0.003,3.846,0.0,-0.0,0.0
0.42,0.003,3.957,0.0,-0.026,0.0
0.42,0.003,6.128,0.0,0.018,0.0
0.42,0.003,4.603,0.0,-0.002,0.0
0.42,0.003,4.898,0.0,0.011,0.0
0.42,0.003,6.329,0.0,-0.002,0.0
0.42,0.003,4.881,0.0,0.002,0.0
0.42,0.003,4.575,0.0,-0.012,0.0
0.42,0.003,4.182,0.0,0.0,0.0
0.42,0.003,4.893,0.0,-0.008,0.0
0.42,0.003,5.649,0.0,-0.003,0.0
0.42,0.003,4.209,0.0,0.017,0.0
0.42,0.003,5.617,0.0,-0.006,0.0
0.42,0.003,4.789,0.0,-0.015,0.0
0.42,0.003,5.519,0.0,0.017,0.0
0.42,0.003,4.79,0.0,0.006,0.0
0.42,0.003,3.969,0.0,0.011,0.0
0.42,0.003,4.527,0.0,0.008,0.0
0.42,0.003,4.792,0.0,-0.006,0.0
0.42,0.003,4.992,0.0,-0.02,0.0
0.42,0.003,3.696,0.0,-0.004,0.0
0.42,0.003,4.475,0.0,0.001,0.0
0.42,0.003,4.634,0.0,0.003,0.0
0.42,0.003,4.266,0.0,0.002,0.0
0.42,0.003,5.674,0.0,0.013,0.0
0.42,0.003,4.062,0.0,0.007,0.0
0.42,0.003,4.843,0.0,-0.01,0.0
0.42,0.003,4.695,0.0,-0.014,0.0
0.42,0.003,4.152,0.0,0.003,0.0
0.42,0.003,4.368,0.0,-0.006,0.0
0.42,0.003,5.093,0.0,0.002,0.0
0.42,0.003,4.846,0.0,-0.007,0.0
0.42,0.003,4.637,0.0,0.008,0.0
0.42,0.003,4.171,0.0,-0.014,0.0
0.42,0.003,4.421,0.0,-0.001,0.0
0.42,0.003,4.15,0.0,-0.025,0.0
0.42,0.003,3.769,0.0,-0.007,0.0
0.42,0.003,4.243,0.0,0.01,0.0
0.42,0.003,4.862,0.0,-0.033,0.0
0.42,0.003,4.336,0.0,-0.014,0.0
0.42,0.003,4.367,0.0,-0.002,0.0
0.42,0.003,5.998,0.0,0.0,0.0
0.42,0.003,4.283,0.0,0.005,0.0
0.42,0.003,5.223,0.0,-0.012,0.0
0.42,0.003,2.883,0.0,0.004,0.0
0.42,0.003,4.917,0.0,-0.003,0.0
0.42,0.003,6.046,0.0,0.013,0.0
0.42,0.003,4.74,0.0,-0.028,0.0
0.42,0.003,4.908,0.0,-0.023,0.0
0.42,0.003,4.79,0.0,-0.012,0.0
0.42,0.003,4.774,0.0,-0.006,0.0
0.42,0.003,4.801,0.0,-0.022,0.0
0.42,0.003,4.741,0.0,-0.012,0.0
0.421,0.003,3.583,0.0,0.017,0.0
0.421,0.003,4.952,0.0,0.012,0.0
0.421,0.003,4.86,0.0,0.003,0.0
0.421,0.003,4.772,0.0,0.011,0.0
0.421,0.003,4.704,0.0,0.006,0.0
0.421,0.003,6.188,0.0,-0.022,0.0
0.421,0.003,4.546,0.0,-0.001,0.0
0.421,0.003,5.138,0.0,-0.006,0.0
0.421,0.003,4.433,0.0,-0.008,0.0
0.421,0.003,4.632,0.0,0.014,0.0
0.421,0.003,3.486,0.0,-0.01,0.0
0.421,0.003,4.84,0.0,-0.001,0.0
0.421,0.003,6.312,0.0,0.006,0.0
0.421,0.003,5.949,0.0,0.002,0.0
0.421,0.003,4.805,0.0,-0.008,0.0
0.421,0.003,4.634,0.0,-0.01,0.0
0.421,0.003,5.795,0.0,0.003,0.0
0.421,0.003,4.146,0.0,0.004,0.0
0.421,0.003,5.208,0.0,-0.015,0.0
0.421,0.003,6.817,0.0,-0.01,0.0
0.421,0.003,4.441,0.0,-0.018,0.0
0.421,0.003,4.356,0.0,0.008,0.0
0.421,0.003,4.181,0.0,-0.0,0.0
0.421,0.003,4.741,0.0,0.003,0.0
0.421,0.003,4.521,0.0,-0.012,0.0
0.421,0.003,4.479,0.0,-0.022,0.0
0.421,0.003,4.957,0.0,-0.031,0.0
0.421,0.003,4.57,0.0,-0.019,0.0
0.421,0.003,5.809,0.0,-0.005,0.0
0.421,0.003,5.637,0.0,0.014,0.0
0.421,0.003,6.277,0.0,-0.009,0.0
0.421,0.003,5.356,0.0,0.014,0.0
0.421,0.003,4.926,0.0,0.003,0.0
0.421,0.003,4.879,0.0,-0.004,0.0
0.421,0.003,4.397,0.0,-0.01,0.0
0.421,0.003,3.968,0.0,-0.014,0.0
0.421,0.003,5.972,0.0,-0.006,0.0
0.421,0.003,5.842,0.0,-0.007,0.0
0.421,0.003,5.876,0.0,0.007,0.0
0.421,0.003,5.239,0.0,-0.009,0.0
0.421,0.003,5.143,0.0,0.004,0.0
0.421,0.003,5.165,0.0,-0.028,0.0
0.421,0.003,5.475,0.0,0.008,0.0
0.421,0.003,4.125,0.0,-0.017,0.0
0.421,0.003,5.499,0.0,-0.015,0.0
0.421,0.003,4.791,0.0,-0.002,0.0
0.421,0.003,5.552,0.0,-0.023,0.0
0.421,0.003,4.816,0.0,-0.0,0.0
0.421,0.003,6.046,0.0,-0.007,0.0
0.421,0.003,4.535,0.0,-0.019,0.0
0.421,0.003,4.215,0.0,0.006,0.0
0.421,0.003,4.531,0.0,0.001,0.0
0.421,0.003,5.135,0.0,0.001,0.0
0.421,0.003,5.756,0.0,-0.005,0.0
0.421,0.003,3.927,0.0,0.0,0.0
0.421,0.003,4.286,0.0,-0.004,0.0
0.421,0.003,4.988,0.0,-0.005,0.0
0.421,0.003,5.228,0.0,0.0,0.0
0.421,0.003,5.412,0.0,-0.013,0.0
0.421,0.003,3.738,0.0,0.023,0.0
0.421,0.003,6.045,0.0,-0.008,0.0
0.421,0.003,4.613,0.0,-0.002,0.0
0.421,0.003,4.738,0.0,0.004,0.0
0.421,0.003,4.213,0.0,-0.007,0.0
0.421,0.003,5.749,0.0,-0.017,0.0
0.421,0.003,5.103,0.0,-0.019,0.0
0.421,0.003,5.105,0.0,0.007,0.0
0.421,0.003,4.262,0.0,-0.003,0.0
0.421,0.003,6.207,0.0,-0.002,0.0
0.421,0.003,5.003,0.0,0.001,0.0
0.421,0.003,5.894,0.0,0.0,0.0
0.421,0.003,4.615,0.0,0.006,0.0
0.422,0.003,4.591,0.0,-0.012,0.0
0.422,0.003,5.067,0.0,-0.009,0.0
0.422,0.003,4.907,0.0,-0.003,0.0
0.422,0.003,6.269,0.0,0.007,0.0
0.422,0.003,4.791,0.0,0.008,0.0
0.422,0.003,5.002,0.0,-0.007,0.0
0.422,0.003,5.139,0.0,-0.01,0.0
0.422,0.003,6.016,0.0,-0.022,0.0
0.422,0.003,4.723,0.0,-0.01,0.0
0.422,0.003,5.91,0.0,0.004,0.0
0.422,0.003,5.471,0.0,0.004,0.0
0.422,0.003,4.707,0.0,0.008,0.0
0.422,0.003,5.006,0.0,-0.013,0.0
0.422,0.003,5.291,0.0,-0.015,0.0
0.422,0.003,4.602,0.0,-0.012,0.0
0.422,0.003,4.727,0.0,-0.017,0.0
0.422,0.003,6.331,0.0,0.008,0.0
0.422,0.003,4.95,0.0,-0.018,0.0
0.422,0.003,4.64,0.0,0.004,0.0
0.422,0.003,5.887,0.0,-0.014,0.0
0.422,0.003,5.425,0.0,-0.018,0.0
0.422,0.003,4.448,0.0,0.022,0.0
0.422,0.003,4.833,0.0,-0.027,0.0
0.422,0.003,5.137,0.0,-0.008,0.0
0.422,0.003,4.592,0.0,-0.016,0.0
0.422,0.003,5.065,0.0,0.005,0.0
0.422,0.003,5.394,0.0,-0.017,0.0
0.422,0.003,4.17,0.0,0.001,0.0
0.422,0.003,5.084,0.0,-0.009,0.0
0.422,0.003,5.134,0.0,-0.017,0.0
0.422,0.003,5.369,0.0,-0.014,0.0
0.422,0.003,5.639,0.0,0.006,0.0
0.422,0.003,5.012,0.0,0.0,0.0
0.422,0.003,4.733,0.0,-0.02,0.0
0.422,0.003,5.125,0.0,0.007,0.0
0.422,0.003,5.575,0.0,0.002,0.0
0.422,0.003,3.917,0.0,0.007,0.0
0.422,0.003,4.251,0.0,-0.004,0.0
0.422,0.003,4.919,0.0,-0.003,0.0
0.422,0.003,4.424,0.0,-0.023,0.0
0.422,0.003,5.602,0.0,0.011,0.0
0.422,0.003,4.983,0.0,0.0,0.0
0.422,0.003,4.649,0.0,-0.015,0.0
0.422,0.003,4.564,0.0,-0.011,0.0
0.422,0.003,4.411,0.0,0.002,0.0
0.422,0.003,5.349,0.0,0.004,0.0
0.422,0.003,4.561,0.0,-0.011,0.0
0.422,0.003,5.051,0.0,-0.013,0.0
0.422,0.003,4.884,0.0,-0.007,0.0
0.422,0.003,5.786,0.0,-0.004,0.0
0.422,0.003,4.859,0.0,-0.019,0.0
0.422,0.003,5.171,0.0,-0.009,0.0
0.422,0.003,4.773,0.0,0.004,0.0
0.422,0.003,4.186,0.0,0.013,0.0
0.422,0.003,4.693,0.0,-0.0,0.0
0.422,0.003,5.257,0.0,-0.011,0.0
0.422,0.003,4.185,0.0,0.009,0.0
0.422,0.003,4.462,0.0,-0.024,0.0
0.422,0.003,5.252,0.0,0.001,0.0
0.422,0.003,4.6,0.0,-0.001,0.0
0.422,0.003,4.433,0.0,0.003,0.0
0.422,0.003,4.326,0.0,-0.021,0.0
0.422,0.003,4.838,0.0,0.004,0.0
0.422,0.003,4.598,0.0,-0.023,0.0
0.422,0.003,7.173,0.0,-0.025,0.0
0.422,0.003,5.003,0.0,0.0,0.0
0.422,0.003,5.18,0.0,-0.001,0.0
0.422,0.003,6.051,0.0,-0.018,0.0
0.422,0.003,3.754,0.0,-0.002,0.0
0.422,0.003,5.697,0.0,-0.001,0.0
0.422,0.003,5.11,0.0,-0.004,0.0
0.422,0.003,5.161,0.0,-0.014,0.0
0.422,0.003,6.132,0.0,-0.021,0.0
0.422,0.003,4.983,0.0,-0.002,0.0
0.422,0.003,5.892,0.0,-0.01,0.0
0.422,0.003,4.319,0.0,0.01,0.0
0.422,0.003,5.715,0.0,-0.001,0.0
0.422,0.003,4.688,0.0,-0.007,0.0
0.422,0.003,4.543,0.0,-0.019,0.0
0.422,0.003,4.199,0.0,-0.014,0.0
0.422,0.003,4.359,0.0,0.005,0.0
0.422,0.003,5.44,0.0,-0.013,0.0
0.422,0.003,6.135,0.0,-0.005,0.0
0.422,0.003,5.948,0.0,-0.008,0.0
0.422,0.003,4.387,0.0,-0.013,0.0
0.423,0.003,5.672,0.0,-0.007,0.0
0.423,0.003,5.181,0.0,0.005,0.0
0.423,0.003,4.672,0.0,0.002,0.0
0.423,0.003,6.168,0.0,-0.001,0.0
0.423,0.003,4.936,0.0,-0.019,0.0
0.423,0.003,5.419,0.0,-0.002,0.0
0.423,0.003,4.606,0.0,-0.018,0.0
0.423,0.003,4.741,0.0,-0.029,0.0
0.423,0.003,5.353,0.0,0.001,0.0
0.423,0.003,4.722,0.0,-0.01,0.0
0.423,0.003,4.97,0.0,-0.003,0.0
0.423,0.003,4.344,0.0,-0.006,0.0
0.423,0.003,5.078,0.0,0.003,0.0
0.423,0.003,5.224,0.0,0.002,0.0
0.423,0.003,6.336,0.0,-0.019,0.0
0.423,0.003,4.647,0.0,-0.001,0.0
0.423,0.003,4.678,0.0,0.008,0.0
0.423,0.003,4.982,0.0,0.001,0.0
0.423,0.003,3.836,0.0,-0.001,0.0
0.423,0.003,3.655,0.0,-0.009,0.0
0.423,0.003,4.26,0.0,0.007,0.0
0.423,0.003,5.634,0.0,-0.005,0.0
0.423,0.003,3.865,0.0,0.003,0.0
0.423,0.003,4.318,0.0,-0.008,0.0
0.423,0.003,4.181,0.0,-0.003,0.0
0.423,0.003,5.719,0.0,-0.016,0.0
0.423,0.003,4.345,0.0,0.005,0.0
0.423,0.003,4.042,0.0,0.013,0.0
0.423,0.003,4.646,0.0,-0.004,0.0
0.423,0.003,5.479,0.0,0.009,0.0
0.423,0.003,6.017,0.0,0.005,0.0
0.423,0.003,4.024,0.0,-0.001,0.0
0.423,0.003,4.726,0.0,-0.015,0.0
0.423,0.003,4.638,0.0,-0.033,0.0
0.423,0.003,5.051,0.0,-0.015,0.0
0.423,0.003,4.514,0.0,-0.003,0.0
0.423,0.003,5.44,0.0,-0.008,0.0
0.423,0.003,4.089,0.0,-0.004,0.0
0.423,0.003,5.443,0.0,0.021,0.0
0.423,0.003,4.501,0.0,0.014,0.0
0.423,0.003,5.158,0.0,-0.012,0.0
0.423,0.003,5.012,0.0,-0.01,0.0
0.423,0.003,4.442,0.0,-0.016,0.0
0.423,0.003,6.309,0.0,0.002,0.0
0.423,0.003,5.173,0.0,-0.012,0.0
0.423,0.003,4.869,0.0,-0.002,0.0
0.423,0.003,5.154,0.0,-0.016,0.0
0.423,0.003,5.027,0.0,0.018,0.0
0.423,0.003,4.664,0.0,0.011,0.0
0.423,0.003,4.503,0.0,-0.016,0.0
0.423,0.003,5.623,0.0,-0.015,0.0
0.423,0.003,4.31,0.0,-0.023,0.0
0.423,0.003,4.918,0.0,-0.019,0.0
0.423,0.003,6.01,0.0,0.007,0.0
0.423,0.003,6.528,0.0,-0.022,0.0
0.423,0.003,5.793,0.0,-0.015,0.0
0.423,0.003,4.977,0.0,-0.023,0.0
0.423,0.003,4.324,0.0,0.015,0.0
0.423,0.003,4.042,0.0,-0.006,0.0
0.423,0.003,4.875,0.0,-0.025,0.0
0.423,0.003,5.411,0.0,-0.009,0.0
0.423,0.003,3.273,0.0,-0.011,0.0
0.423,0.003,5.54,0.0,0.01,0.0
0.423,0.003,3.737,0.0,-0.003,0.0
0.423,0.003,4.258,0.0,0.005,0.0
0.423,0.003,4.484,0.0,-0.004,0.0
0.423,0.003,4.102,0.0,-0.0,0.0
0.423,0.003,5.812,0.0,-0.0,0.0
0.423,0.003,4.493,0.0,-0.014,0.0
0.423,0.003,4.67,0.0,0.028,0.0
0.423,0.003,4.905,0.0,-0.0,0.0
0.423,0.003,4.225,0.0,0.011,0.0
0.423,0.003,4.912,0.0,-0.018,0.0
0.423,0.003,5.968,0.0,-0.009,0.0
0.423,0.003,4.328,0.0,0.011,0.0
0.423,0.003,4.78,0.0,0.018,0.0
0.423,0.003,4.801,0.0,-0.018,0.0
0.424,0.003,5.216,0.0,0.002,0.0
0.424,0.003,4.781,0.0,-0.014,0.0
0.424,0.003,5.049,0.0,0.007,0.0
0.424,0.003,3.89,0.0,-0.007,0.0
0.424,0.003,5.871,0.0,-0.003,0.0
0.424,0.003,4.736,0.0,-0.006,0.0
0.424,0.003,5.564,0.0,-0.0,0.0
0.424,0.003,6.111,0.0,-0.019,0.0
0.424,0.003,5.944,0.0,-0.024,0.0
0.424,0.003,5.187,0.0,0.006,0.0
0.424,0.003,5.837,0.0,-0.005,0.0
0.424,0.003,5.206,0.0,0.011,0.0
0.424,0.003,5.292,0.0,0.016,0.0
0.424,0.003,5.974,0.0,0.002,0.0
0.424,0.003,5.363,0.0,-0.013,0.0
0.424,0.003,2.531,0.0,0.012,0.0
0.424,0.003,5.106,0.0,0.0,0.0
0.424,0.003,4.986,0.0,0.005,0.0
0.424,0.003,3.839,0.0,-0.012,0.0
0.424,0.003,4.709,0.0,-0.019,0.0
0.424,0.003,6.135,0.0,-0.021,0.0
0.424,0.003,5.253,0.0,-0.006,0.0
0.424,0.003,5.391,0.0,-0.029,0.0
0.424,0.003,4.638,0.0,-0.014,0.0
0.424,0.003,5.243,0.0,0.005,0.0
0.424,0.003,5.351,0.0,-0.009,0.0
0.424,0.003,5.89,0.0,-0.016,0.0
0.424,0.003,3.998,0.0,0.016,0.0
0.424,0.003,4.441,0.0,-0.013,0.0
0.424,0.003,4.966,0.0,-0.015,0.0
0.424,0.003,5.259,0.0,-0.007,0.0
0.424,0.003,4.91,0.0,-0.017,0.0
0.424,0.003,6.277,0.0,0.014,0.0
0.424,0.003,5.167,0.0,-0.006,0.0
0.424,0.003,4.256,0.0,-0.007,0.0
0.424,0.003,4.583,0.0,-0.023,0.0
0.424,0.003,4.017,0.0,0.018,0.0
0.424,0.003,4.4,0.0,0.006,0.0
0.424,0.003,3.945,0.0,-0.009,0.0
0.424,0.003,3.851,0.0,0.008,0.0
0.424,0.003,3.572,0.0,0.015,0.0
0.424,0.003,4.949,0.0,-0.016,0.0
0.424,0.003,5.824,0.0,0.002,0.0
0.424,0.003,3.912,0.0,-0.013,0.0
0.424,0.003,4.851,0.0,-0.009,0.0
0.424,0.003,4.387,0.0,-0.01,0.0
0.424,0.003,4.651,0.0,0.005,0.0
0.424,0.003,5.464,0.0,-0.0,0.0
0.424,0.003,5.356,0.0,-0.0,0.0
0.424,0.003,5.315,0.0,-0.008,0.0
0.424,0.003,5.135,0.0,-0.014,0.0
0.424,0.003,5.181,0.0,-0.005,0.0
0.424,0.003,5.258,0.0,0.007,0.0
0.424,0.003,5.067,0.0,-0.002,0.0
0.424,0.003,5.892,0.0,-0.016,0.0
0.424,0.003,4.963,0.0,-0.012,0.0
0.424,0.003,4.661,0.0,-0.003,0.0
0.424,0.003,5.132,0.0,-0.014,0.0
0.424,0.003,5.089,0.0,-0.001,0.0
0.424,0.003,4.259,0.0,-0.003,0.0
0.424,0.003,5.33,0.0,-0.005,0.0
0.424,0.003,4.544,0.0,-0.017,0.0
0.424,0.003,5.457,0.0,-0.001,0.0
0.424,0.003,4.59,0.0,-0.009,0.0
0.424,0.003,4.182,0.0,-0.016,0.0
0.424,0.003,5.297,0.0,0.014,0.0
0.424,0.003,5.407,0.0,0.002,0.0
0.424,0.003,4.817,0.0,-0.011,0.0
0.424,0.003,4.744,0.0,-0.009,0.0
0.424,0.003,4.772,0.0,0.011,0.0
0.424,0.003,6.034,0.0,0.007,0.0
0.424,0.003,5.583,0.0,-0.007,0.0
0.424,0.003,4.052,0.0,0.003,0.0
0.424,0.003,3.817,0.0,0.009,0.0
0.424,0.003,4.812,0.0,-0.004,0.0
0.424,0.003,5.687,0.0,-0.004,0.0
0.424,0.003,5.83,0.0,0.001,0.0
0.424,0.003,4.292,0.0,0.006,0.0
0.424,0.003,4.22,0.0,-0.011,0.0
0.424,0.003,6.329,0.0,-0.013,0.0
0.424,0.003,4.197,0.0,-0.013,0.0
0.424,0.003,4.585,0.0,-0.024,0.0
0.424,0.003,5.233,0.0,-0.005,0.0
0.424,0.003,4.6,0.0,0.003,0.0
0.425,0.003,4.121,0.0,0.0,0.0
0.425,0.003,4.845,0.0,0.006,0.0
0.425,0.003,5.64,0.0,-0.006,0.0
0.425,0.003,5.003,0.0,-0.014,0.0
0.425,0.003,5.634,0.0,-0.022,0.0
0.425,0.003,5.36,0.0,-0.003,0.0
0.425,0.003,5.012,0.0,-0.007,0.0
0.425,0.003,4.668,0.0,0.009,0.0
0.425,0.003,5.822,0.0,-0.004,0.0
0.425,0.003,4.925,0.0,-0.009,0.0
0.425,0.003,4.851,0.0,0.004,0.0
0.425,0.003,5.24,0.0,-0.018,0.0
0.425,0.003,4.381,0.0,0.014,0.0
0.425,0.003,5.192,0.0,-0.014,0.0
0.425,0.003,4.312,0.0,-0.005,0.0
0.425,0.003,4.054,0.0,0.012,0.0
0.425,0.003,4.664,0.0,-0.004,0.0
0.425,0.003,4.853,0.0,-0.001,0.0
0.425,0.003,4.398,0.0,-0.006,0.0
0.425,0.003,5.293,0.0,0.021,0.0
0.425,0.003,4.439,0.0,-0.011,0.0
0.425,0.003,5.918,0.0,-0.001,0.0
0.425,0.003,5.13,0.0,-0.003,0.0
0.425,0.003,4.391,0.0,-0.0,0.0
0.425,0.003,4.384,0.0,0.012,0.0
0.425,0.003,5.67,0.0,-0.024,0.0
0.425,0.003,4.535,0.0,0.002,0.0
0.425,0.003,6.345,0.0,-0.011,0.0
0.425,0.003,6.231,0.0,-0.004,0.0
0.425,0.003,4.668,0.0,-0.018,0.0
0.425,0.003,4.364,0.0,-0.008,0.0
0.425,0.003,5.209,0.0,0.006,0.0
0.425,0.003,4.729,0.0,-0.001,0.0
0.425,0.003,4.853,0.0,0.015,0.0
0.425,0.003,4.893,0.0,-0.004,0.0
0.425,0.003,6.495,0.0,-0.013,0.0
0.425,0.003,4.919,0.0,-0.01,0.0
0.425,0.003,6.182,0.0,0.003,0.0
0.425,0.003,4.957,0.0,0.004,0.0
0.425,0.003,5.046,0.0,0.001,0.0
0.425,0.003,4.683,0.0,-0.012,0.0
0.425,0.003,4.481,0.0,0.005,0.0
0.425,0.003,4.429,0.0,0.012,0.0
0.425,0.003,4.029,0.0,-0.005,0.0
0.425,0.003,3.478,0.0,0.017,0.0
0.425,0.003,5.446,0.0,-0.003,0.0
0.425,0.003,5.132,0.0,-0.002,0.0
0.425,0.003,5.141,0.0,0.004,0.0
0.425,0.003,4.606,0.0,-0.008,0.0
0.425,0.003,5.441,0.0,-0.006,0.0
0.425,0.003,5.905,0.0,-0.012,0.0
0.425,0.003,4.604,0.0,-0.013,0.0
0.425,0.003,4.49,0.0,-0.011,0.0
0.425,0.003,4.076,0.0,-0.005,0.0
0.425,0.003,5.52,0.0,-0.001,0.0
0.425,0.003,5.746,0.0,-0.019,0.0
0.425,0.003,5.049,0.0,-0.01,0.0
0.425,0.003,5.617,0.0,-0.027,0.0
0.425,0.003,5.816,0.0,0.014,0.0
0.425,0.003,4.552,0.0,0.01,0.0
0.425,0.003,5.354,0.0,-0.011,0.0
0.425,0.003,4.093,0.0,-0.004,0.0
0.425,0.003,4.779,0.0,0.003,0.0
0.425,0.003,5.035,0.0,-0.012,0.0
0.425,0.003,4.696,0.0,-0.015,0.0
0.425,0.003,3.411,0.0,0.008,0.0
0.425,0.003,4.812,0.0,0.006,0.0
0.425,0.003,4.792,0.0,0.011,0.0
0.425,0.003,5.507,0.0,0.003,0.0
0.425,0.003,4.31,0.0,-0.01,0.0
0.425,0.003,4.586,0.0,-0.021,0.0
0.425,0.003,4.192,0.0,0.014,0.0
0.425,0.003,4.734,0.0,-0.0,0.0
0.425,0.003,4.433,0.0,-0.005,0.0
0.425,0.003,4.697,0.0,-0.008,0.0
0.425,0.003,5.002,0.0,0.003,0.0
0.425,0.003,4.71,0.0,-0.014,0.0
0.425,0.003,4.186,0.0,0.007,0.0
0.425,0.003,4.796,0.0,-0.011,0.0
0.426,0.003,5.439,0.0,-0.009,0.0
0.426,0.003,4.575,0.0,-0.017,0.0
0.426,0.003,4.193,0.0,-0.016,0.0
0.426,0.003,5.51,0.0,-0.021,0.0
0.426,0.003,6.094,0.0,-0.0,0.0
0.426,0.003,4.946,0.0,0.001,0.0
0.426,0.003,4.423,0.0,-0.018,0.0
0.426,0.003,3.983,0.0,0.017,0.0
0.426,0.003,6.092,0.0,0.015,0.0
0.426,0.003,4.999,0.0,-0.005,0.0
0.426,0.003,4.688,0.0,0.011,0.0
0.426,0.003,5.669,0.0,0.008,0.0
0.426,0.003,5.055,0.0,-0.021,0.0
0.426,0.003,4.667,0.0,-0.005,0.0
0.426,0.003,3.702,0.0,-0.021,0.0
0.426,0.003,4.047,0.0,-0.007,0.0
0.426,0.003,4.952,0.0,-0.014,0.0
0.426,0.003,6.158,0.0,-0.002,0.0
0.426,0.003,4.536,0.0,-0.007,0.0
0.426,0.003,4.395,0.0,0.005,0.0
0.426,0.003,4.872,0.0,0.005,0.0
0.426,0.003,5.906,0.0,-0.001,0.0
0.426,0.003,5.819,0.0,-0.017,0.0
0.426,0.003,4.325,0.0,0.005,0.0
0.426,0.003,4.645,0.0,0.014,0.0
0.426,0.003,4.743,0.0,-0.015,0.0
0.426,0.003,5.317,0.0,-0.005,0.0
0.426,0.003,6.325,0.0,-0.013,0.0
0.426,0.003,4.676,0.0,-0.014,0.0
0.426,0.003,4.845,0.0,-0.035,0.0
0.426,0.003,5.165,0.0,0.005,0.0
0.426,0.003,3.788,0.0,-0.019,0.0
0.426,0.003,5.836,0.0,-0.01,0.0
0.426,0.003,5.061,0.0,0.0,0.0
0.426,0.003,4.343,0.0,-0.004,0.0
0.426,0.003,4.81,0.0,-0.024,0.0
0.426,0.003,6.028,0.0,-0.013,0.0
0.426,0.003,4.925,0.0,-0.009,0.0
0.426,0.003,5.355,0.0,0.002,0.0
0.426,0.003,4.605,0.0,-0.008,0.0
0.426,0.003,4.459,0.0,0.002,0.0
0.426,0.003,4.254,0.0,-0.003,0.0
0.426,0.003,4.227,0.0,-0.002,0.0
0.426,0.003,4.123,0.0,0.005,0.0
0.426,0.003,4.919,0.0,-0.01,0.0
0.426,0.003,4.842,0.0,0.009,0.0
0.426,0.003,4.066,0.0,-0.013,0.0
0.426,0.003,4.848,0.0,-0.015,0.0
0.426,0.003,4.086,0.0,-0.001,0.0
0.426,0.003,4.494,0.0,-0.026,0.0
0.426,0.003,4.69,0.0,-0.003,0.0
0.426,0.003,5.641,0.0,-0.004,0.0
0.426,0.003,5.105,0.0,-0.019,0.0
0.426,0.003,5.338,0.0,0.012,0.0
0.426,0.003,5.264,0.0,-0.012,0.0
0.426,0.003,3.967,0.0,0.011,0.0
0.426,0.003,5.059,0.0,0.013,0.0
0.426,0.003,4.663,0.0,0.004,0.0
0.426,0.003,4.315,0.0,0.006,0.0
0.426,0.003,5.212,0.0,-0.005,0.0
0.426,0.003,4.728,0.0,-0.002,0.0
0.426,0.003,5.443,0.0,0.012,0.0
0.426,0.003,4.825,0.0,-0.007,0.0
0.426,0.003,4.783,0.0,0.011,0.0
0.426,0.003,5.283,0.0,-0.004,0.0
0.426,0.003,4.677,0.0,-0.011,0.0
0.426,0.003,5.308,0.0,-0.032,0.0
0.426,0.003,5.106,0.0,-0.028,0.0
0.426,0.003,3.882,0.0,-0.009,0.0
0.426,0.003,5.351,0.0,-0.007,0.0
0.426,0.003,4.81,0.0,0.0,0.0
0.426,0.003,6.382,0.0,-0.036,0.0
0.427,0.003,5.48,0.0,-0.004,0.0
0.427,0.003,4.395,0.0,-0.002,0.0
0.427,0.003,3.029,0.0,0.002,0.0
0.427,0.003,5.833,0.0,0.005,0.0
0.427,0.003,4.877,0.0,-0.021,0.0
0.427,0.003,6.115,0.0,-0.015,0.0
0.427,0.003,4.044,0.0,-0.003,0.0
0.427,0.003,5.529,0.0,-0.005,0.0
0.427,0.003,4.464,0.0,0.002,0.0
0.427,0.003,4.941,0.0,-0.018,0.0
0.427,0.003,5.1,0.0,-0.012,0.0
0.427,0.003,3.996,0.0,-0.003,0.0
0.427,0.003,3.887,0.0,0.018,0.0
0.427,0.003,4.836,0.0,-0.013,0.0
0.427,0.003,5.44,0.0,-0.002,0.0
0.427,0.003,5.563,0.0,-0.017,0.0
0.427,0.003,6.274,0.0,-0.019,0.0
0.427,0.003,4.459,0.0,-0.007,0.0
0.427,0.003,4.45,0.0,-0.002,0.0
0.427,0.003,4.255,0.0,-0.002,0.0
0.427,0.003,5.705,0.0,-0.012,0.0
0.427,0.003,6.38,0.0,-0.005,0.0
0.427,0.003,4.951,0.0,-0.012,0.0
0.427,0.003,4.925,0.0,-0.018,0.0
0.427,0.003,3.975,0.0,0.014,0.0
0.427,0.003,3.822,0.0,-0.015,0.0
0.427,0.003,5.455,0.0,-0.018,0.0
0.427,0.003,5.493,0.0,-0.028,0.0
0.427,0.003,5.832,0.0,-0.021,0.0
0.427,0.003,5.795,0.0,-0.017,0.0
0.427,0.003,4.373,0.0,-0.009,0.0
0.427,0.003,6.223,0.0,-0.016,0.0
0.427,0.003,4.393,0.0,0.002,0.0
0.427,0.003,4.546,0.0,-0.007,0.0
0.427,0.003,4.088,0.0,0.018,0.0
0.427,0.003,4.458,0.0,-0.004,0.0
0.427,0.003,3.978,0.0,-0.009,0.0
0.427,0.003,6.335,0.0,-0.007,0.0
0.427,0.003,5.874,0.0,-0.014,0.0
0.427,0.003,4.522,0.0,-0.022,0.0
0.427,0.003,4.491,0.0,-0.0,0.0
0.427,0.003,4.861,0.0,-0.029,0.0
0.427,0.003,4.668,0.0,0.01,0.0
0.427,0.003,5.164,0.0,0.01,0.0
0.427,0.003,4.943,0.0,-0.012,0.0
0.427,0.003,4.134,0.0,0.011,0.0
0.427,0.003,4.481,0.0,0.005,0.0
0.427,0.003,5.028,0.0,-0.023,0.0
0.427,0.003,5.778,0.0,-0.003,0.0
0.427,0.003,4.364,0.0,-0.015,0.0
0.427,0.003,5.593,0.0,-0.009,0.0
0.427,0.003,5.169,0.0,-0.004,0.0
0.427,0.003,4.883,0.0,0.002,0.0
0.427,0.003,4.742,0.0,0.007,0.0
0.427,0.003,6.091,0.0,-0.011,0.0
0.427,0.003,6.028,0.0,0.017,0.0
0.427,0.003,4.641,0.0,-0.002,0.0
0.427,0.003,5.369,0.0,0.008,0.0
0.427,0.003,5.132,0.0,-0.01,0.0
0.427,0.003,5.428,0.0,-0.001,0.0
0.427,0.003,5.928,0.0,-0.0,0.0
0.427,0.003,4.603,0.0,-0.003,0.0
0.427,0.003,5.09,0.0,0.002,0.0
0.427,0.003,4.818,0.0,0.002,0.0
0.427,0.003,5.742,0.0,0.01,0.0
0.427,0.003,4.152,0.0,0.004,0.0
0.427,0.003,5.763,0.0,0.008,0.0
0.427,0.003,4.674,0.0,-0.009,0.0
0.427,0.003,5.607,0.0,0.005,0.0
0.427,0.003,4.152,0.0,0.006,0.0
0.427,0.003,5.3,0.0,-0.008,0.0
0.427,0.003,5.839,0.0,0.004,0.0
0.427,0.003,5.04,0.0,0.011,0.0
0.427,0.003,6.04,0.0,-0.002,0.0
0.427,0.003,4.201,0.0,-0.007,0.0
0.427,0.003,4.39,0.0,-0.01,0.0
0.427,0.003,4.524,0.0,-0.001,0.0
0.427,0.003,4.987,0.0,0.001,0.0
0.428,0.003,3.689,0.0,0.018,0.0
0.428,0.003,4.93,0.0,-0.016,0.0
0.428,0.003,4.154,0.0,0.015,0.0
0.428,0.003,4.969,0.0,0.003,0.0
0.428,0.003,4.691,0.0,-0.01,0.0
0.428,0.003,5.068,0.0,-0.008,0.0
0.428,0.003,4.727,0.0,0.001,0.0
0.428,0.003,4.762,0.0,0.001,0.0
0.428,0.003,4.677,0.0,-0.034,0.0
0.428,0.003,6.287,0.0,-0.004,0.0
0.428,0.003,6.11,0.0,-0.011,0.0
0.428,0.003,4.276,0.0,-0.004,0.0
0.428,0.003,5.078,0.0,-0.002,0.0
0.428,0.003,4.556,0.0,-0.019,0.0
0.428,0.003,4.474,0.0,-0.022,0.0
0.428,0.003,5.332,0.0,-0.011,0.0
0.428,0.003,4.087,0.0,0.001,0.0
0.428,0.003,4.48,0.0,-0.018,0.0
0.428,0.003,4.066,0.0,0.006,0.0
0.428,0.003,5.031,0.0,-0.011,0.0
0.428,0.003,5.009,0.0,-0.006,0.0
0.428,0.003,4.111,0.0,-0.013,0.0
0.428,0.003,3.807,0.0,-0.001,0.0
0.428,0.003,5.33,0.0,-0.015,0.0
0.428,0.003,6.994,0.0,-0.001,0.0
0.428,0.003,4.481,0.0,0.006,0.0
0.428,0.003,4.979,0.0,-0.047,0.0
0.428,0.003,4.525,0.0,0.001,0.0
0.428,0.003,5.435,0.0,-0.006,0.0
0.428,0.003,6.056,0.0,0.01,0.0
0.428,0.003,5.807,0.0,-0.005,0.0
0.428,0.003,5.296,0.0,-0.001,0.0
0.428,0.003,4.549,0.0,-0.01,0.0
0.428,0.003,4.895,0.0,-0.0,0.0
0.428,0.003,5.475,0.0,0.009,0.0
0.428,0.003,5.663,0.0,0.006,0.0
0.428,0.003,4.247,0.0,-0.018,0.0
0.428,0.003,4.94,0.0,-0.024,0.0
0.428,0.003,5.05,0.0,0.009,0.0
0.428,0.003,6.126,0.0,-0.009,0.0
0.428,0.003,6.199,0.0,-0.005,0.0
0.428,0.003,4.685,0.0,-0.006,0.0
0.428,0.003,3.975,0.0,-0.012,0.0
0.428,0.003,5.758,0.0,0.005,0.0
0.428,0.003,4.805,0.0,-0.005,0.0
0.428,0.003,4.888,0.0,-0.017,0.0
0.428,0.003,4.431,0.0,-0.004,0.0
0.428,0.003,5.215,0.0,-0.014,0.0
0.428,0.003,5.921,0.0,0.017,0.0
0.428,0.003,4.747,0.0,-0.007,0.0
0.428,0.003,6.28,0.0,0.005,0.0
0.428,0.003,5.903,0.0,-0.032,0.0
0.428,0.003,4.348,0.0,-0.0,0.0
0.428,0.003,4.507,0.0,-0.002,0.0
0.428,0.003,6.147,0.0,0.001,0.0
0.428,0.003,4.688,0.0,0.009,0.0
0.428,0.003,5.168,0.0,-0.005,0.0
0.428,0.003,4.051,0.0,0.004,0.0
0.428,0.003,6.015,0.0,-0.014,0.0
0.428,0.003,4.268,0.0,0.0,0.0
0.428,0.003,5.102,0.0,0.007,0.0
0.428,0.003,5.54,0.0,0.011,0.0
0.428,0.003,5.379,0.0,-0.016,0.0
0.428,0.003,4.971,0.0,-0.001,0.0
0.428,0.003,4.515,0.0,-0.008,0.0
0.428,0.003,3.794,0.0,-0.008,0.0
0.428,0.003,4.873,0.0,0.021,0.0
0.428,0.003,4.439,0.0,0.001,0.0
0.428,0.003,5.74,0.0,0.005,0.0
0.428,0.003,5.006,0.0,-0.017,0.0
0.428,0.003,5.12,0.0,-0.006,0.0
0.428,0.003,3.965,0.0,-0.016,0.0
0.428,0.003,4.703,0.0,-0.013,0.0
0.428,0.003,4.126,0.0,0.02,0.0
0.428,0.003,4.774,0.0,-0.003,0.0
0.428,0.003,5.996,0.0,0.001,0.0
0.428,0.003,4.127,0.0,-0.006,0.0
0.428,0.003,4.918,0.0,0.006,0.0
0.428,0.003,5.191,0.0,-0.015,0.0
0.428,0.003,4.272,0.0,0.005,0.0
0.428,0.003,6.156,0.0,-0.001,0.0
0.428,0.003,5.108,0.0,0.017,0.0
0.428,0.003,3.99,0.0,-0.016,0.0
0.428,0.003,5.535,0.0,-0.001,0.0
0.428,0.003,5.345,0.0,0.016,0.0
0.429,0.003,4.895,0.0,-0.028,0.0
0.429,0.003,5.424,0.0,0.008,0.0
0.429,0.003,5.113,0.0,0.007,0.0
0.429,0.003,4.607,0.0,-0.002,0.0
0.429,0.003,3.377,0.0,0.009,0.0
0.429,0.003,5.465,0.0,0.005,0.0
0.429,0.003,4.64,0.0,0.0,0.0
0.429,0.003,3.935,0.0,0.013,0.0
0.429,0.003,4.776,0.0,-0.023,0.0
0.429,0.003,5.604,0.0,0.013,0.0
0.429,0.003,5.368,0.0,0.0,0.0
0.429,0.003,5.471,0.0,0.007,0.0
0.429,0.003,4.473,0.0,0.021,0.0
0.429,0.003,5.43,0.0,-0.009,0.0
0.429,0.003,4.405,0.0,0.009,0.0
0.429,0.003,5.494,0.0,-0.018,0.0
0.429,0.003,4.996,0.0,-0.001,0.0
0.429,0.003,6.012,0.0,0.012,0.0
0.429,0.003,4.73,0.0,-0.011,0.0
0.429,0.003,6.404,0.0,-0.003,0.0
0.429,0.003,4.581,0.0,-0.009,0.0
0.429,0.003,4.175,0.0,0.019,0.0
0.429,0.003,6.061,0.0,-0.014,0.0
0.429,0.003,4.749,0.0,0.004,0.0
0.429,0.003,5.154,0.0,-0.013,0.0
0.429,0.003,4.424,0.0,-0.016,0.0
0.429,0.003,4.171,0.0,-0.017,0.0
0.429,0.003,5.845,0.0,0.005,0.0
0.429,0.003,6.271,0.0,-0.012,0.0
0.429,0.003,5.903,0.0,0.001,0.0
0.429,0.003,4.589,0.0,-0.011,0.0
0.429,0.003,5.353,0.0,-0.012,0.0
0.429,0.003,5.59,0.0,0.007,0.0
0.429,0.003,4.674,0.0,0.002,0.0
0.429,0.003,3.573,0.0,0.006,0.0
0.429,0.003,6.331,0.0,-0.014,0.0
0.429,0.003,6.605,0.0,-0.006,0.0
0.429,0.003,4.685,0.0,-0.002,0.0
0.429,0.003,5.476,0.0,-0.02,0.0
0.429,0.003,5.238,0.0,-0.022,0.0
0.429,0.003,5.506,0.0,0.001,0.0
0.429,0.003,2.943,0.0,0.007,0.0
0.429,0.003,4.673,0.0,-0.02,0.0
0.429,0.003,3.992,0.0,0.002,0.0
0.429,0.003,5.153,0.0,-0.026,0.0
0.429,0.003,3.994,0.0,-0.008,0.0
0.429,0.003,5.79,0.0,-0.012,0.0
0.429,0.003,5.705,0.0,-0.004,0.0
0.429,0.003,5.243,0.0,-0.007,0.0
0.429,0.003,5.477,0.0,0.013,0.0
0.429,0.003,4.869,0.0,-0.015,0.0
0.429,0.003,5.05,0.0,0.001,0.0
0.429,0.003,5.403,0.0,-0.009,0.0
0.429,0.003,4.447,0.0,0.002,0.0
0.429,0.003,6.071,0.0,-0.005,0.0
0.429,0.003,5.45,0.0,-0.011,0.0
0.429,0.003,5.599,0.0,-0.014,0.0
0.429,0.003,6.197,0.0,-0.016,0.0
0.429,0.003,4.318,0.0,-0.026,0.0
0.429,0.003,4.835,0.0,0.003,0.0
0.429,0.003,4.248,0.0,0.007,0.0
0.429,0.003,4.283,0.0,-0.004,0.0
0.429,0.003,5.24,0.0,0.016,0.0
0.429,0.003,5.28,0.0,-0.025,0.0
0.429,0.003,7.029,0.0,-0.021,0.0
0.429,0.003,5.672,0.0,-0.012,0.0
0.429,0.003,5.181,0.0,-0.002,0.0
0.429,0.003,4.898,0.0,0.01,0.0
0.429,0.003,6.791,0.0,0.012,0.0
0.429,0.003,5.03,0.0,-0.001,0.0
0.429,0.003,6.058,0.0,0.004,0.0
0.429,0.003,5.045,0.0,-0.019,0.0
0.429,0.003,5.822,0.0,-0.006,0.0
0.429,0.003,4.706,0.0,-0.003,0.0
0.429,0.003,4.053,0.0,-0.022,0.0
0.429,0.003,4.578,0.0,0.005,0.0
0.429,0.003,5.22,0.0,-0.03,0.0
0.429,0.003,5.165,0.0,0.007,0.0
0.43,0.003,5.852,0.0,0.014,0.0
0.43,0.003,3.915,0.0,0.003,0.0
0.43,0.003,5.027,0.0,0.001,0.0
0.43,0.003,4.598,0.0,0.004,0.0
0.43,0.003,6.004,0.0,-0.003,0.0
0.43,0.003,5.96,0.0,0.01,0.0
0.43,0.003,4.232,0.0,-0.019,0.0
0.43,0.003,4.812,0.0,-0.027,0.0
0.43,0.003,3.901,0.0,-0.0,0.0
0.43,0.003,4.788,0.0,0.015,0.0
0.43,0.003,3.709,0.0,0.021,0.0
0.43,0.003,3.811,0.0,-0.004,0.0
0.43,0.003,4.057,0.0,-0.004,0.0
0.43,0.003,5.436,0.0,-0.019,0.0
0.43,0.003,4.536,0.0,-0.016,0.0
0.43,0.003,6.57,0.0,-0.015,0.0
0.43,0.003,5.188,0.0,0.021,0.0
0.43,0.003,3.761,0.0,0.016,0.0
0.43,0.003,5.238,0.0,-0.009,0.0
0.43,0.003,5.136,0.0,0.008,0.0
0.43,0.003,4.372,0.0,-0.004,0.0
0.43,0.003,4.693,0.0,-0.024,0.0
0.43,0.003,5.129,0.0,0.016,0.0
0.43,0.003,4.573,0.0,0.005,0.0
0.43,0.003,5.682,0.0,-0.02,0.0
0.43,0.003,5.466,0.0,-0.014,0.0
0.43,0.003,4.844,0.0,0.019,0.0
0.43,0.003,5.351,0.0,-0.007,0.0
0.43,0.003,4.778,0.0,-0.024,0.0
0.43,0.003,4.47,0.0,-0.022,0.0
0.43,0.003,5.064,0.0,0.008,0.0
0.43,0.003,4.304,0.0,0.015,0.0
0.43,0.003,4.677,0.0,0.005,0.0
0.43,0.003,4.089,0.0,0.002,0.0
0.43,0.003,4.2,0.0,0.004,0.0
0.43,0.003,3.709,0.0,0.003,0.0
0.43,0.003,5.946,0.0,0.0,0.0
0.43,0.003,4.554,0.0,-0.014,0.0
0.43,0.003,5.219,0.0,-0.002,0.0
0.43,0.003,4.51,0.0,-0.005,0.0
0.43,0.003,5.299,0.0,-0.036,0.0
0.43,0.003,3.583,0.0,-0.002,0.0
0.43,0.003,4.874,0.0,-0.006,0.0
0.43,0.003,4.721,0.0,-0.002,0.0
0.43,0.003,5.006,0.0,0.006,0.0
0.43,0.003,4.975,0.0,-0.02,0.0
0.43,0.003,5.63,0.0,0.005,0.0
0.43,0.003,5.287,0.0,-0.01,0.0
0.43,0.003,5.179,0.0,-0.013,0.0
0.43,0.003,5.055,0.0,-0.006,0.0
0.43,0.003,5.137,0.0,-0.022,0.0
0.43,0.003,4.5,0.0,0.001,0.0
0.43,0.003,4.961,0.0,-0.019,0.0
0.43,0.003,4.437,0.0,-0.015,0.0
0.43,0.003,4.596,0.0,-0.015,0.0
0.43,0.003,5.341,0.0,-0.012,0.0
0.43,0.003,5.538,0.0,0.008,0.0
0.43,0.003,3.795,0.0,-0.014,0.0
0.43,0.003,4.99,0.0,-0.005,0.0
0.43,0.003,4.665,0.0,0.003,0.0
0.43,0.003,5.196,0.0,-0.023,0.0
0.43,0.003,4.691,0.0,-0.014,0.0
0.43,0.003,6.61,0.0,-0.016,0.0
0.43,0.003,6.833,0.0,-0.015,0.0
0.43,0.003,5.334,0.0,-0.019,0.0
0.43,0.003,5.465,0.0,0.005,0.0
0.43,0.003,4.195,0.0,0.007,0.0
0.43,0.003,6.839,0.0,0.004,0.0
0.43,0.003,5.523,0.0,-0.01,0.0
0.43,0.003,5.575,0.0,-0.022,0.0
0.43,0.003,5.114,0.0,0.008,0.0
0.43,0.003,6.571,0.0,0.017,0.0
0.43,0.003,4.296,0.0,0.007,0.0
0.43,0.003,5.212,0.0,0.005,0.0
0.431,0.003,5.431,0.0,0.0,0.0
0.431,0.003,5.221,0.0,-0.004,0.0
0.431,0.003,5.888,0.0,0.003,0.0
0.431,0.003,4.28,0.0,-0.008,0.0
0.431,0.003,5.369,0.0,-0.003,0.0
0.431,0.003,4.309,0.0,0.002,0.0
0.431,0.003,7.009,0.0,-0.017,0.0
0.431,0.003,4.619,0.0,-0.005,0.0
0.431,0.003,4.157,0.0,-0.025,0.0
0.431,0.003,3.458,0.0,-0.017,0.0
0.431,0.003,5.038,0.0,-0.001,0.0
0.431,0.003,4.624,0.0,-0.022,0.0
0.431,0.003,5.682,0.0,-0.011,0.0
0.431,0.003,5.308,0.0,0.009,0.0
0.431,0.003,4.809,0.0,-0.004,0.0
0.431,0.003,4.957,0.0,0.003,0.0
0.431,0.003,5.399,0.0,-0.01,0.0
0.431,0.003,4.618,0.0,0.007,0.0
0.431,0.003,4.665,0.0,0.002,0.0
0.431,0.003,4.793,0.0,-0.014,0.0
0.431,0.003,5.296,0.0,-0.012,0.0
0.431,0.003,6.665,0.0,-0.004,0.0
0.431,0.003,5.269,0.0,-0.002,0.0
0.431,0.003,4.433,0.0,-0.005,0.0
0.431,0.003,3.683,0.0,0.015,0.0
0.431,0.003,4.337,0.0,0.004,0.0
0.431,0.003,4.605,0.0,-0.009,0.0
0.431,0.003,4.54,0.0,-0.002,0.0
0.431,0.003,5.041,0.0,0.005,0.0
0.431,0.003,6.212,0.0,-0.003,0.0
0.431,0.003,5.51,0.0,-0.012,0.0
0.431,0.003,4.694,0.0,-0.011,0.0
0.431,0.003,4.408,0.0,-0.015,0.0
0.431,0.003,4.23,0.0,-0.008,0.0
0.431,0.003,4.933,0.0,-0.006,0.0
0.431,0.003,6.135,0.0,-0.019,0.0
0.431,0.003,5.087,0.0,0.002,0.0
0.431,0.003,4.851,0.0,0.003,0.0
0.431,0.003,4.438,0.0,-0.019,0.0
0.431,0.003,3.882,0.0,-0.003,0.0
0.431,0.003,4.814,0.0,0.011,0.0
0.431,0.003,3.845,0.0,0.005,0.0
0.431,0.003,3.24,0.0,-0.003,0.0
0.431,0.003,5.371,0.0,-0.015,0.0
0.431,0.003,4.327,0.0,0.0,0.0
0.431,0.003,4.546,0.0,-0.013,0.0
0.431,0.003,5.576,0.0,-0.012,0.0
0.431,0.003,5.697,0.0,0.017,0.0
0.431,0.003,5.587,0.0,0.001,0.0
0.431,0.003,4.42,0.0,-0.022,0.0
0.431,0.003,4.841,0.0,0.011,0.0
0.431,0.003,5.4,0.0,-0.005,0.0
0.431,0.003,6.051,0.0,0.001,0.0
0.431,0.003,4.501,0.0,-0.012,0.0
0.431,0.003,5.399,0.0,0.016,0.0
0.431,0.003,5.141,0.0,-0.024,0.0
0.431,0.003,4.073,0.0,-0.02,0.0
0.431,0.003,4.818,0.0,0.01,0.0
0.431,0.003,5.005,0.0,-0.002,0.0
0.431,0.003,4.329,0.0,-0.0,0.0
0.431,0.003,3.921,0.0,0.018,0.0
0.431,0.003,5.294,0.0,0.003,0.0
0.431,0.003,5.383,0.0,0.005,0.0
0.431,0.003,5.045,0.0,0.008,0.0
0.431,0.003,4.769,0.0,-0.002,0.0
0.431,0.003,3.671,0.0,-0.003,0.0
0.431,0.003,4.514,0.0,-0.009,0.0
0.431,0.003,4.582,0.0,-0.006,0.0
0.431,0.003,4.956,0.0,-0.009,0.0
0.431,0.003,5.007,0.0,-0.005,0.0
0.431,0.003,5.035,0.0,-0.002,0.0
0.431,0.003,4.017,0.0,-0.014,0.0
0.431,0.003,5.638,0.0,-0.029,0.0
0.431,0.003,4.897,0.0,-0.024,0.0
0.431,0.003,3.855,0.0,0.001,0.0
0.431,0.003,4.516,0.0,-0.017,0.0
0.431,0.003,4.848,0.0,0.001,0.0
0.431,0.003,5.744,0.0,0.013,0.0
0.431,0.003,5.159,0.0,0.006,0.0
0.431,0.003,4.336,0.0,0.007,0.0
0.431,0.003,4.88,0.0,-0.001,0.0
0.431,0.003,5.832,0.0,-0.007,0.0
0.431,0.003,3.704,0.0,0.023,0.0
0.431,0.003,5.03,0.0,-0.016,0.0
0.431,0.003,3.57,0.0,-0.003,0.0
0.431,0.003,4.645,0.0,-0.001,0.0
0.431,0.003,4.512,0.0,0.002,0.0
0.431,0.003,4.228,0.0,-0.005,0.0
0.431,0.003,4.729,0.0,-0.018,0.0
0.431,0.003,4.852,0.0,-0.004,0.0
0.431,0.003,5.028,0.0,0.002,0.0
0.431,0.003,5.849,0.0,-0.022,0.0
0.431,0.003,5.564,0.0,-0.003,0.0
0.431,0.003,6.678,0.0,0.005,0.0
0.431,0.003,4.241,0.0,-0.006,0.0
0.431,0.003,4.157,0.0,-0.001,0.0
0.431,0.003,4.432,0.0,-0.013,0.0
0.431,0.003,4.328,0.0,-0.023,0.0
0.431,0.003,4.014,0.0,0.002,0.0
0.431,0.003,5.871,0.0,-0.001,0.0
0.431,0.003,3.611,0.0,0.014,0.0
0.431,0.003,5.883,0.0,0.016,0.0
0.431,0.003,4.351,0.0,-0.012,0.0
0.431,0.003,4.617,0.0,0.005,0.0
0.431,0.003,4.989,0.0,-0.004,0.0
0.431,0.003,5.066,0.0,0.013,0.0
0.432,0.003,4.455,0.0,-0.03,0.0
0.432,0.003,4.613,0.0,-0.016,0.0
0.432,0.003,5.176,0.0,0.01,0.0
0.432,0.003,5.001,0.0,0.01,0.0
0.432,0.003,4.195,0.0,-0.017,0.0
0.432,0.003,5.409,0.0,-0.009,0.0
0.432,0.003,3.713,0.0,-0.009,0.0
0.432,0.003,5.383,0.0,-0.004,0.0
0.432,0.003,5.448,0.0,-0.002,0.0
0.432,0.003,4.14,0.0,-0.021,0.0
0.432,0.003,5.279,0.0,-0.008,0.0
0.432,0.003,4.151,0.0,0.016,0.0
0.432,0.003,4.431,0.0,-0.006,0.0
0.432,0.003,4.273,0.0,0.003,0.0
0.432,0.003,5.072,0.0,-0.016,0.0
0.432,0.003,4.955,0.0,-0.002,0.0
0.432,0.003,5.318,0.0,-0.001,0.0
0.432,0.003,5.165,0.0,-0.007,0.0
0.432,0.003,3.751,0.0,0.016,0.0
0.432,0.003,4.871,0.0,0.007,0.0
0.432,0.003,5.8,0.0,-0.019,0.0
0.432,0.003,6.183,0.0,0.005,0.0
0.432,0.003,4.534,0.0,-0.004,0.0
0.432,0.003,4.819,0.0,-0.019,0.0
0.432,0.003,5.378,0.0,0.002,0.0
0.432,0.003,4.331,0.0,-0.013,0.0
0.432,0.003,6.049,0.0,-0.007,0.0
0.432,0.003,4.457,0.0,-0.013,0.0
0.432,0.003,4.961,0.0,0.01,0.0
0.432,0.003,5.174,0.0,-0.03,0.0
0.432,0.003,4.351,0.0,0.005,0.0
0.432,0.003,5.273,0.0,-0.002,0.0
0.432,0.003,4.66,0.0,-0.033,0.0
0.432,0.003,4.707,0.0,0.01,0.0
0.432,0.003,5.069,0.0,0.01,0.0
0.432,0.003,4.656,0.0,0.011,0.0
0.432,0.003,4.889,0.0,-0.01,0.0
0.432,0.003,4.284,0.0,0.009,0.0
0.432,0.003,5.004,0.0,-0.017,0.0
0.432,0.003,5.41,0.0,-0.01,0.0
0.432,0.003,6.133,0.0,-0.005,0.0
0.432,0.003,5.66,0.0,0.016,0.0
0.432,0.003,5.152,0.0,-0.004,0.0
0.432,0.003,4.145,0.0,0.016,0.0
0.432,0.003,5.166,0.0,0.003,0.0
0.432,0.003,5.036,0.0,0.014,0.0
0.432,0.003,4.034,0.0,0.011,0.0
0.432,0.003,5.411,0.0,0.0,0.0
0.432,0.003,5.315,0.0,0.006,0.0
0.432,0.003,4.291,0.0,-0.014,0.0
0.432,0.003,4.87,0.0,0.008,0.0
0.432,0.003,5.772,0.0,-0.013,0.0
0.432,0.003,5.114,0.0,0.0,0.0
0.432,0.003,5.763,0.0,-0.005,0.0
0.432,0.003,5.149,0.0,-0.016,0.0
0.432,0.003,4.328,0.0,-0.002,0.0
0.432,0.003,5.305,0.0,-0.014,0.0
0.432,0.003,4.506,0.0,-0.019,0.0
0.432,0.003,5.536,0.0,-0.008,0.0
0.432,0.003,5.416,0.0,-0.006,0.0
0.432,0.003,4.477,0.0,-0.031,0.0
0.432,0.003,6.094,0.0,-0.015,0.0
0.432,0.003,5.468,0.0,0.005,0.0
0.432,0.003,5.615,0.0,0.005,0.0
0.432,0.003,5.28,0.0,-0.031,0.0
0.432,0.003,3.918,0.0,-0.005,0.0
0.432,0.003,5.642,0.0,-0.008,0.0
0.432,0.003,4.571,0.0,0.02,0.0
0.432,0.003,4.616,0.0,0.009,0.0
0.432,0.003,5.255,0.0,-0.005,0.0
0.432,0.003,4.907,0.0,-0.006,0.0
0.432,0.003,4.088,0.0,-0.016,0.0
0.432,0.003,6.032,0.0,-0.012,0.0
0.432,0.003,5.584,0.0,-0.007,0.0
0.432,0.003,5.821,0.0,-0.013,0.0
0.432,0.003,5.714,0.0,-0.007,0.0
0.432,0.003,4.662,0.0,-0.013,0.0
0.432,0.003,4.475,0.0,-0.02,0.0
0.432,0.003,6.011,0.0,-0.003,0.0
0.432,0.003,4.775,0.0,-0.01,0.0
0.432,0.003,3.758,0.0,0.011,0.0
0.432,0.003,5.602,0.0,-0.01,0.0
0.432,0.003,3.878,0.0,-0.0,0.0
0.433,0.003,4.062,0.0,0.003,0.0
0.433,0.003,4.855,0.0,-0.004,0.0
0.433,0.003,4.539,0.0,0.009,0.0
0.433,0.003,4.356,0.0,-0.019,0.0
0.433,0.003,3.609,0.0,0.005,0.0
0.433,0.003,5.174,0.0,-0.002,0.0
0.433,0.003,5.754,0.0,-0.008,0.0
0.433,0.003,4.881,0.0,0.005,0.0
0.433,0.003,4.881,0.0,-0.014,0.0
0.433,0.003,4.832,0.0,-0.014,0.0
0.433,0.003,3.914,0.0,-0.004,0.0
0.433,0.003,5.293,0.0,0.012,0.0
0.433,0.003,3.731,0.0,-0.007,0.0
0.433,0.003,4.243,0.0,0.002,0.0
0.433,0.003,4.71,0.0,-0.004,0.0
0.433,0.003,5.498,0.0,0.003,0.0
0.433,0.003,5.176,0.0,-0.025,0.0
0.433,0.003,6.39,0.0,0.013,0.0
0.433,0.003,4.696,0.0,-0.001,0.0
0.433,0.003,5.907,0.0,-0.003,0.0
0.433,0.003,4.735,0.0,-0.017,0.0
0.433,0.003,5.548,0.0,-0.011,0.0
0.433,0.003,6.137,0.0,-0.011,0.0
0.433,0.003,5.229,0.0,0.001,0.0
0.433,0.003,5.39,0.0,-0.0,0.0
0.433,0.003,4.447,0.0,-0.014,0.0
0.433,0.003,5.637,0.0,-0.012,0.0
0.433,0.003,4.709,0.0,-0.006,0.0
0.433,0.003,4.18,0.0,0.022,0.0
0.433,0.003,5.348,0.0,0.003,0.0
0.433,0.003,5.65,0.0,-0.01,0.0
0.433,0.003,5.844,0.0,-0.013,0.0
0.433,0.003,6.083,0.0,-0.004,0.0
0.433,0.003,3.241,0.0,-0.009,0.0
0.433,0.003,4.607,0.0,0.007,0.0
0.433,0.003,4.191,0.0,-0.011,0.0
0.433,0.003,4.274,0.0,-0.012,0.0
0.433,0.003,4.424,0.0,-0.018,0.0
0.433,0.003,4.47,0.0,0.005,0.0
0.433,0.003,5.699,0.0,0.008,0.0
0.433,0.003,3.906,0.0,-0.014,0.0
0.433,0.003,4.436,0.0,-0.015,0.0
0.433,0.003,5.222,0.0,0.004,0.0
0.433,0.003,4.209,0.0,-0.019,0.0
0.433,0.003,5.47,0.0,-0.008,0.0
0.433,0.003,4.676,0.0,-0.004,0.0
0.433,0.003,6.367,0.0,-0.016,0.0
0.433,0.003,5.834,0.0,-0.012,0.0
0.433,0.003,4.655,0.0,-0.007,0.0
0.433,0.003,5.688,0.0,-0.005,0.0
0.433,0.003,5.451,0.0,0.02,0.0
0.433,0.003,5.006,0.0,0.006,0.0
0.433,0.003,5.119,0.0,-0.011,0.0
0.433,0.003,5.036,0.0,0.003,0.0
0.433,0.003,5.007,0.0,-0.029,0.0
0.433,0.003,4.818,0.0,0.006,0.0
0.433,0.003,5.209,0.0,-0.013,0.0
0.433,0.003,4.505,0.0,0.006,0.0
0.433,0.003,4.195,0.0,0.004,0.0
0.433,0.003,5.311,0.0,-0.012,0.0
0.433,0.003,5.858,0.0,-0.014,0.0
0.433,0.003,5.125,0.0,-0.002,0.0
0.433,0.003,5.149,0.0,0.014,0.0
0.433,0.003,5.111,0.0,-0.003,0.0
0.433,0.003,5.235,0.0,-0.015,0.0
0.434,0.003,4.926,0.0,0.008,0.0
0.434,0.003,5.007,0.0,0.005,0.0
0.434,0.003,4.215,0.0,-0.0,0.0
0.434,0.003,5.418,0.0,-0.0,0.0
0.434,0.003,4.278,0.0,-0.014,0.0
0.434,0.003,5.179,0.0,0.005,0.0
0.434,0.003,5.15,0.0,-0.01,0.0
0.434,0.003,6.322,0.0,-0.008,0.0
0.434,0.003,5.55,0.0,0.009,0.0
0.434,0.003,4.761,0.0,-0.014,0.0
0.434,0.003,4.96,0.0,0.02,0.0
0.434,0.003,5.258,0.0,0.015,0.0
0.434,0.003,4.273,0.0,0.007,0.0
0.434,0.003,4.659,0.0,-0.028,0.0
0.434,0.003,4.341,0.0,-0.001,0.0
0.434,0.003,5.121,0.0,0.006,0.0
0.434,0.003,4.922,0.0,-0.033,0.0
0.434,0.003,4.074,0.0,0.009,0.0
0.434,0.003,4.998,0.0,-0.005,0.0
0.434,0.003,4.741,0.0,-0.019,0.0
0.434,0.003,4.155,0.0,0.004,0.0
0.434,0.003,6.065,0.0,-0.004,0.0
0.434,0.003,5.759,0.0,0.003,0.0
0.434,0.003,5.482,0.0,-0.014,0.0
0.434,0.003,5.668,0.0,-0.007,0.0
0.434,0.003,4.397,0.0,0.01,0.0
0.434,0.003,4.667,0.0,0.004,0.0
0.434,0.003,5.326,0.0,-0.022,0.0
0.434,0.003,4.089,0.0,-0.007,0.0
0.434,0.003,3.064,0.0,0.015,0.0
0.434,0.003,4.762,0.0,-0.017,0.0
0.434,0.003,5.899,0.0,-0.0,0.0
0.434,0.003,4.527,0.0,-0.021,0.0
0.434,0.003,4.499,0.0,0.003,0.0
0.434,0.003,4.662,0.0,0.008,0.0
0.434,0.003,3.352,0.0,-0.019,0.0
0.434,0.003,6.081,0.0,-0.01,0.0
0.434,0.003,5.595,0.0,-0.001,0.0
0.434,0.003,6.458,0.0,-0.002,0.0
0.434,0.003,3.977,0.0,0.019,0.0
0.434,0.003,5.832,0.0,-0.026,0.0
0.434,0.003,5.208,0.0,-0.017,0.0
0.434,0.003,5.325,0.0,0.008,0.0
0.434,0.003,5.422,0.0,-0.013,0.0
0.434,0.003,5.057,0.0,-0.018,0.0
0.434,0.003,5.894,0.0,0.012,0.0
0.434,0.003,6.601,0.0,-0.02,0.0
0.434,0.003,4.123,0.0,-0.014,0.0
0.434,0.003,4.215,0.0,0.022,0.0
0.434,0.003,4.694,0.0,0.0,0.0
0.434,0.003,5.025,0.0,0.005,0.0
0.434,0.003,4.749,0.0,0.004,0.0
0.434,0.003,5.308,0.0,-0.008,0.0
0.434,0.003,5.418,0.0,-0.014,0.0
0.434,0.003,5.291,0.0,-0.005,0.0
0.434,0.003,4.896,0.0,0.006,0.0
0.434,0.003,3.639,0.0,-0.001,0.0
0.434,0.003,4.95,0.0,0.02,0.0
0.434,0.003,4.946,0.0,-0.001,0.0
0.434,0.003,4.804,0.0,-0.031,0.0
0.434,0.003,4.357,0.0,0.007,0.0
0.434,0.003,5.147,0.0,0.01,0.0
0.434,0.003,4.135,0.0,-0.001,0.0
0.434,0.003,4.556,0.0,0.004,0.0
0.434,0.003,4.345,0.0,-0.007,0.0
0.434,0.003,4.931,0.0,-0.018,0.0
0.434,0.003,5.768,0.0,-0.022,0.0
0.434,0.003,4.969,0.0,-0.016,0.0
0.434,0.003,4.508,0.0,0.003,0.0
0.434,0.003,4.622,0.0,-0.005,0.0
0.434,0.003,5.647,0.0,-0.017,0.0
0.434,0.003,5.142,0.0,0.001,0.0
0.434,0.003,3.966,0.0,-0.015,0.0
0.434,0.003,5.029,0.0,-0.009,0.0
0.434,0.003,5.786,0.0,-0.018,0.0
0.434,0.003,5.59,0.0,-0.011,0.0
0.434,0.003,5.071,0.0,-0.002,0.0
0.434,0.003,4.36,0.0,-0.011,0.0
0.434,0.003,5.097,0.0,-0.035,0.0
0.434,0.003,4.525,0.0,-0.01,0.0
0.434,0.003,4.793,0.0,-0.02,0.0
0.434,0.003,5.521,0.0,-0.005,0.0
0.435,0.003,4.487,0.0,0.001,0.0
0.435,0.003,3.866,0.0,0.005,0.0
0.435,0.003,4.976,0.0,-0.002,0.0
0.435,0.003,4.202,0.0,0.001,0.0
0.435,0.003,4.52,0.0,0.011,0.0
0.435,0.003,4.734,0.0,-0.01,0.0
0.435,0.003,5.072,0.0,0.008,0.0
0.435,0.003,4.4,0.0,-0.018,0.0
0.435,0.003,5.86,0.0,-0.002,0.0
0.435,0.003,4.4,0.0,0.008,0.0
0.435,0.003,4.783,0.0,-0.013,0.0
0.435,0.003,5.0,0.0,0.01,0.0
0.435,0.003,4.691,0.0,-0.024,0.0
0.435,0.003,4.275,0.0,-0.013,0.0
0.435,0.003,5.583,0.0,-0.007,0.0
0.435,0.003,5.147,0.0,0.0,0.0
0.435,0.003,5.206,0.0,-0.002,0.0
0.435,0.003,5.22,0.0,-0.011,0.0
0.435,0.003,5.316,0.0,-0.026,0.0
0.435,0.003,5.852,0.0,-0.008,0.0
0.435,0.003,5.836,0.0,-0.018,0.0
0.435,0.003,4.061,0.0,-0.018,0.0
0.435,0.003,5.625,0.0,-0.003,0.0
0.435,0.003,3.389,0.0,0.01,0.0
0.435,0.003,5.982,0.0,-0.001,0.0
0.435,0.003,5.012,0.0,-0.01,0.0
0.435,0.003,5.122,0.0,0.008,0.0
0.435,0.003,3.648,0.0,-0.02,0.0
0.435,0.003,4.411,0.0,-0.002,0.0
0.435,0.003,5.382,0.0,-0.026,0.0
0.435,0.003,3.684,0.0,0.013,0.0
0.435,0.003,5.82,0.0,-0.002,0.0
0.435,0.003,5.609,0.0,-0.019,0.0
0.435,0.003,5.761,0.0,-0.009,0.0
0.435,0.003,4.247,0.0,-0.012,0.0
0.435,0.003,4.173,0.0,-0.015,0.0
0.435,0.003,5.296,0.0,-0.001,0.0
0.435,0.003,5.085,0.0,-0.033,0.0
0.435,0.003,5.285,0.0,-0.011,0.0
0.435,0.003,4.858,0.0,0.002,0.0
0.435,0.003,5.349,0.0,-0.009,0.0
0.435,0.003,4.9,0.0,0.013,0.0
0.435,0.003,4.447,0.0,-0.01,0.0
0.435,0.003,4.511,0.0,0.014,0.0
0.435,0.003,4.971,0.0,-0.026,0.0
0.435,0.003,5.522,0.0,-0.005,0.0
0.435,0.003,4.859,0.0,-0.002,0.0
0.435,0.003,5.406,0.0,-0.005,0.0
0.435,0.003,3.956,0.0,-0.004,0.0
0.435,0.003,4.236,0.0,-0.02,0.0
0.435,0.003,4.787,0.0,-0.015,0.0
0.435,0.003,4.79,0.0,-0.002,0.0
0.435,0.003,4.647,0.0,-0.006,0.0
0.435,0.003,3.62,0.0,0.002,0.0
0.435,0.003,4.769,0.0,0.019,0.0
0.435,0.003,4.063,0.0,-0.005,0.0
0.435,0.003,5.78,0.0,0.007,0.0
0.435,0.003,5.521,0.0,-0.015,0.0
0.435,0.003,4.448,0.0,-0.01,0.0
0.435,0.003,4.283,0.0,-0.01,0.0
0.435,0.003,5.666,0.0,-0.008,0.0
0.435,0.003,5.57,0.0,0.006,0.0
0.435,0.003,4.806,0.0,-0.001,0.0
0.435,0.003,5.907,0.0,-0.019,0.0
0.435,0.003,4.44,0.0,0.003,0.0
0.435,0.003,4.615,0.0,-0.025,0.0
0.435,0.003,3.799,0.0,-0.005,0.0
0.435,0.003,5.288,0.0,-0.017,0.0
0.435,0.003,5.963,0.0,0.002,0.0
0.435,0.003,5.601,0.0,-0.001,0.0
0.435,0.003,5.01,0.0,-0.011,0.0
0.435,0.003,4.49,0.0,-0.01,0.0
0.435,0.003,4.292,0.0,-0.012,0.0
0.435,0.003,5.317,0.0,-0.004,0.0
0.435,0.003,5.455,0.0,-0.01,0.0
0.435,0.003,4.571,0.0,-0.005,0.0
0.435,0.003,5.068,0.0,-0.018,0.0
0.435,0.003,5.59,0.0,-0.017,0.0
0.435,0.003,4.851,0.0,0.001,0.0
0.435,0.003,4.792,0.0,-0.005,0.0
0.435,0.003,5.672,0.0,-0.029,0.0
0.435,0.003,4.476,0.0,-0.016,0.0
0.435,0.003,6.185,0.0,-0.007,0.0
0.435,0.003,5.688,0.0,-0.011,0.0
0.435,0.003,5.566,0.0,0.012,0.0
0.435,0.003,3.001,0.0,-0.014,0.0
0.435,0.003,4.746,0.0,-0.01,0.0
0.435,0.003,4.547,0.0,0.02,0.0
0.435,0.003,4.256,0.0,0.005,0.0
0.435,0.003,6.155,0.0,-0.002,0.0
0.435,0.003,5.104,0.0,0.002,0.0
0.435,0.007,5.38,0.0,-0.014,0.0
0.435,0.003,5.599,0.0,-0.006,0.0
0.435,0.003,5.284,0.0,-0.019,0.0
0.435,0.003,5.454,0.0,-0.012,0.0
0.436,0.003,5.683,0.0,0.006,0.0
0.436,0.003,4.586,0.0,-0.005,0.0
0.436,0.003,5.078,0.0,0.004,0.0
0.436,0.003,5.069,0.0,0.003,0.0
0.436,0.003,5.057,0.0,-0.011,0.0
0.436,0.003,4.226,0.0,-0.001,0.0
0.436,0.003,6.201,0.0,-0.003,0.0
0.436,0.003,5.394,0.0,0.013,0.0
0.436,0.003,5.485,0.0,0.003,0.0
0.436,0.003,4.748,0.0,0.007,0.0
0.436,0.003,5.216,0.0,-0.013,0.0
0.436,0.003,4.197,0.0,-0.009,0.0
0.436,0.003,5.603,0.0,-0.031,0.0
0.436,0.003,4.563,0.0,0.001,0.0
0.436,0.003,4.942,0.0,-0.001,0.0
0.436,0.003,5.944,0.0,-0.002,0.0
0.436,0.003,4.261,0.0,-0.001,0.0
0.436,0.003,4.511,0.0,-0.005,0.0
0.436,0.003,5.795,0.0,0.008,0.0
0.436,0.003,5.153,0.0,0.002,0.0
0.436,0.003,4.415,0.0,0.0,0.0
0.436,0.003,4.229,0.0,-0.008,0.0
0.436,0.003,4.245,0.0,-0.014,0.0
0.436,0.003,5.395,0.0,0.001,0.0
0.436,0.003,6.438,0.0,-0.004,0.0
0.436,0.003,5.021,0.0,-0.015,0.0
0.436,0.003,4.631,0.0,-0.017,0.0
0.436,0.003,5.607,0.0,0.01,0.0
0.436,0.003,4.199,0.0,-0.003,0.0
0.436,0.003,5.098,0.0,0.006,0.0
0.436,0.003,5.039,0.0,0.018,0.0
0.436,0.003,3.758,0.0,-0.018,0.0
0.436,0.003,3.793,0.0,-0.01,0.0
0.436,0.003,5.402,0.0,0.016,0.0
0.436,0.003,5.337,0.0,-0.003,0.0
0.436,0.003,4.989,0.0,0.006,0.0
0.436,0.003,4.36,0.0,-0.011,0.0
0.436,0.003,5.806,0.0,-0.012,0.0
0.436,0.003,5.135,0.0,-0.035,0.0
0.436,0.003,4.908,0.0,-0.004,0.0
0.436,0.003,5.559,0.0,-0.0,0.0
0.436,0.003,5.176,0.0,-0.023,0.0
0.436,0.003,4.887,0.0,-0.006,0.0
0.436,0.003,4.338,0.0,0.009,0.0
0.436,0.003,5.159,0.0,0.006,0.0
0.436,0.003,6.212,0.0,-0.006,0.0
0.436,0.003,4.626,0.0,-0.005,0.0
0.436,0.003,5.379,0.0,0.004,0.0
0.436,0.003,4.456,0.0,-0.01,0.0
0.436,0.003,4.997,0.0,-0.007,0.0
0.436,0.003,5.781,0.0,-0.003,0.0
0.436,0.003,5.012,0.0,-0.008,0.0
0.436,0.003,4.836,0.0,-0.005,0.0
0.436,0.003,5.039,0.0,-0.013,0.0
0.436,0.003,5.593,0.0,-0.012,0.0
0.436,0.003,5.074,0.0,-0.033,0.0
0.436,0.003,5.426,0.0,-0.008,0.0
0.436,0.003,6.52,0.0,-0.021,0.0
0.436,0.003,4.977,0.0,0.005,0.0
0.436,0.003,4.826,0.0,-0.017,0.0
0.436,0.003,5.252,0.0,-0.006,0.0
0.436,0.003,6.107,0.0,-0.004,0.0
0.436,0.003,4.392,0.0,0.011,0.0
0.436,0.003,4.335,0.0,0.007,0.0
0.436,0.003,5.882,0.0,-0.009,0.0
0.436,0.003,4.142,0.0,-0.012,0.0
0.436,0.003,5.082,0.0,-0.015,0.0
0.436,0.003,5.257,0.0,0.0,0.0
0.437,0.003,5.415,0.0,0.009,0.0
0.437,0.003,5.003,0.0,-0.028,0.0
0.437,0.003,5.787,0.0,-0.006,0.0
0.437,0.003,3.805,0.0,0.009,0.0
0.437,0.003,5.475,0.0,0.0,0.0
0.437,0.003,5.473,0.0,0.007,0.0
0.437,0.003,4.072,0.0,-0.015,0.0
0.437,0.003,5.2,0.0,-0.007,0.0
0.437,0.003,4.422,0.0,0.01,0.0
0.437,0.003,4.682,0.0,-0.003,0.0
0.437,0.003,4.345,0.0,-0.008,0.0
0.437,0.003,4.732,0.0,-0.0,0.0
0.437,0.003,4.302,0.0,-0.007,0.0
0.437,0.003,5.651,0.0,-0.01,0.0
0.437,0.003,5.072,0.0,-0.01,0.0
0.437,0.003,4.636,0.0,0.011,0.0
0.437,0.003,5.075,0.0,-0.007,0.0
0.437,0.003,6.08,0.0,-0.016,0.0
0.437,0.003,4.326,0.0,0.01,0.0
0.437,0.003,5.002,0.0,0.008,0.0
0.437,0.003,4.864,0.0,-0.006,0.0
0.437,0.003,5.155,0.0,-0.003,0.0
0.437,0.003,4.626,0.0,0.001,0.0
0.437,0.003,4.64,0.0,0.01,0.0
0.437,0.003,5.042,0.0,0.013,0.0
0.437,0.003,4.218,0.0,0.005,0.0
0.437,0.003,4.788,0.0,-0.009,0.0
0.437,0.003,3.877,0.0,-0.017,0.0
0.437,0.003,4.974,0.0,-0.008,0.0
0.437,0.003,4.398,0.0,-0.004,0.0
0.437,0.003,4.544,0.0,-0.015,0.0
0.437,0.003,3.73,0.0,-0.015,0.0
0.437,0.003,4.783,0.0,-0.02,0.0
0.437,0.003,4.024,0.0,-0.011,0.0
0.437,0.003,5.329,0.0,-0.008,0.0
0.437,0.003,4.681,0.0,-0.01,0.0
0.437,0.003,5.797,0.0,-0.009,0.0
0.437,0.003,4.754,0.0,-0.006,0.0
0.437,0.003,6.245,0.0,-0.009,0.0
0.437,0.003,4.536,0.0,-0.018,0.0
0.437,0.003,5.116,0.0,0.006,0.0
0.437,0.003,5.105,0.0,0.011,0.0
0.437,0.003,5.006,0.0,0.006,0.0
0.437,0.003,6.768,0.0,-0.012,0.0
0.437,0.003,4.71,0.0,0.001,0.0
0.437,0.003,4.359,0.0,-0.002,0.0
0.437,0.003,4.805,0.0,-0.006,0.0
0.437,0.003,4.863,0.0,0.015,0.0
0.437,0.003,5.136,0.0,0.003,0.0
0.437,0.003,4.287,0.0,-0.009,0.0
0.437,0.003,3.952,0.0,-0.007,0.0
0.437,0.003,5.5,0.0,-0.009,0.0
0.437,0.003,5.551,0.0,-0.014,0.0
0.437,0.003,3.884,0.0,0.0,0.0
0.437,0.003,5.777,0.0,-0.001,0.0
0.437,0.003,4.931,0.0,-0.01,0.0
0.437,0.003,5.073,0.0,0.002,0.0
0.437,0.003,4.624,0.0,-0.013,0.0
0.437,0.003,3.469,0.0,0.025,0.0
0.437,0.003,4.491,0.0,-0.015,0.0
0.437,0.003,4.727,0.0,0.003,0.0
0.437,0.003,3.888,0.0,0.001,0.0
0.437,0.003,5.087,0.0,-0.006,0.0
0.437,0.003,5.511,0.0,-0.014,0.0
0.437,0.003,6.147,0.0,-0.006,0.0
0.437,0.003,3.422,0.0,0.002,0.0
0.437,0.003,4.648,0.0,0.002,0.0
0.437,0.003,5.312,0.0,-0.003,0.0
0.437,0.003,4.592,0.0,0.004,0.0
0.437,0.003,5.223,0.0,-0.014,0.0
0.437,0.003,4.819,0.0,-0.008,0.0
0.437,0.003,5.608,0.0,-0.011,0.0
0.437,0.003,5.743,0.0,0.002,0.0
0.437,0.003,4.543,0.0,-0.009,0.0
0.437,0.003,4.971,0.0,-0.003,0.0
0.437,0.003,4.096,0.0,0.01,0.0
0.437,0.003,3.845,0.0,-0.014,0.0
0.437,0.003,5.425,0.0,-0.024,0.0
0.437,0.003,5.694,0.0,-0.019,0.0
0.437,0.003,6.117,0.0,-0.009,0.0
0.437,0.003,4.644,0.0,0.005,0.0
0.437,0.003,2.875,0.0,0.007,0.0
0.437,0.003,6.028,0.0,-0.019,0.0
0.437,0.003,5.374,0.0,0.011,0.0
0.437,0.003,5.578,0.0,-0.01,0.0
0.437,0.003,4.821,0.0,-0.015,0.0
0.437,0.003,3.881,0.0,-0.008,0.0
0.437,0.003,5.326,0.0,0.0,0.0
0.437,0.003,5.003,0.0,-0.008,0.0
0.438,0.003,5.06,0.0,0.001,0.0
0.438,0.003,4.795,0.0,-0.004,0.0
0.438,0.003,4.838,0.0,-0.005,0.0
0.438,0.003,6.002,0.0,-0.011,0.0
0.438,0.003,4.8,0.0,0.007,0.0
0.438,0.003,3.978,0.0,-0.008,0.0
0.438,0.003,5.889,0.0,0.001,0.0
0.438,0.003,5.743,0.0,0.004,0.0
0.438,0.003,4.74,0.0,0.002,0.0
0.438,0.003,4.186,0.0,-0.012,0.0
0.438,0.003,5.269,0.0,-0.011,0.0
0.438,0.003,4.842,0.0,-0.005,0.0
0.438,0.003,4.9,0.0,-0.001,0.0
0.438,0.003,3.992,0.0,-0.008,0.0
0.438,0.003,4.282,0.0,-0.003,0.0
0.438,0.003,4.449,0.0,-0.001,0.0
0.438,0.003,5.383,0.0,-0.011,0.0
0.438,0.003,5.331,0.0,0.008,0.0
0.438,0.003,6.054,0.0,-0.0,0.0
0.438,0.003,5.13,0.0,-0.012,0.0
0.438,0.003,5.059,0.0,-0.0,0.0
0.438,0.003,4.611,0.0,0.016,0.0
0.438,0.003,5.301,0.0,-0.005,0.0
0.438,0.003,4.408,0.0,0.008,0.0
0.438,0.003,5.623,0.0,0.021,0.0
0.438,0.003,5.562,0.0,0.008,0.0
0.438,0.003,4.911,0.0,-0.003,0.0
0.438,0.003,5.06,0.0,-0.014,0.0
0.438,0.003,5.778,0.0,-0.014,0.0
0.438,0.003,6.303,0.0,-0.014,0.0
0.438,0.003,5.667,0.0,0.013,0.0
0.438,0.003,4.316,0.0,0.008,0.0
0.438,0.003,4.831,0.0,0.006,0.0
0.438,0.003,4.748,0.0,-0.007,0.0
0.438,0.003,5.429,0.0,0.0,0.0
0.438,0.003,4.922,0.0,0.008,0.0
0.438,0.003,4.127,0.0,0.016,0.0
0.438,0.003,3.454,0.0,0.015,0.0
0.438,0.003,4.128,0.0,0.002,0.0
0.438,0.003,6.687,0.0,-0.002,0.0
0.438,0.003,4.971,0.0,-0.019,0.0
0.438,0.003,4.447,0.0,-0.014,0.0
0.438,0.003,6.51,0.0,0.012,0.0
0.438,0.003,5.736,0.0,-0.015,0.0
0.438,0.003,4.933,0.0,-0.001,0.0
0.438,0.003,5.833,0.0,-0.016,0.0
0.438,0.003,5.39,0.0,-0.004,0.0
0.438,0.003,4.048,0.0,0.031,0.0
0.438,0.003,2.675,0.0,0.008,0.0
0.438,0.003,4.847,0.0,-0.006,0.0
0.438,0.003,5.513,0.0,0.013,0.0
0.438,0.003,5.184,0.0,-0.007,0.0
0.438,0.003,4.664,0.0,-0.008,0.0
0.438,0.003,4.227,0.0,-0.025,0.0
0.438,0.003,6.305,0.0,-0.016,0.0
0.438,0.003,5.456,0.0,-0.001,0.0
0.438,0.003,5.491,0.0,-0.008,0.0
0.438,0.003,3.382,0.0,0.012,0.0
0.438,0.003,4.728,0.0,0.013,0.0
0.438,0.003,3.87,0.0,0.007,0.0
0.438,0.003,4.369,0.0,-0.004,0.0
0.438,0.003,6.58,0.0,-0.009,0.0
0.438,0.003,4.359,0.0,-0.016,0.0
0.438,0.003,4.951,0.0,-0.011,0.0
0.438,0.003,5.151,0.0,-0.002,0.0
0.438,0.003,5.61,0.0,0.003,0.0
0.438,0.003,5.455,0.0,0.008,0.0
0.438,0.003,5.362,0.0,-0.011,0.0
0.438,0.003,5.115,0.0,0.002,0.0
0.438,0.003,4.428,0.0,-0.008,0.0
0.438,0.003,6.244,0.0,-0.015,0.0
0.438,0.003,5.635,0.0,0.004,0.0
0.438,0.003,5.586,0.0,-0.003,0.0
0.438,0.003,5.754,0.0,-0.012,0.0
0.439,0.003,5.645,0.0,-0.006,0.0
0.439,0.003,5.472,0.0,-0.016,0.0
0.439,0.003,4.676,0.0,-0.003,0.0
0.439,0.003,5.452,0.0,-0.023,0.0
0.439,0.003,5.122,0.0,-0.003,0.0
0.439,0.003,4.644,0.0,-0.02,0.0
0.439,0.003,4.319,0.0,0.0,0.0
0.439,0.003,5.176,0.0,0.002,0.0
0.439,0.003,6.039,0.0,-0.023,0.0
0.439,0.003,5.863,0.0,0.004,0.0
0.439,0.003,5.448,0.0,-0.01,0.0
0.439,0.003,3.072,0.0,-0.014,0.0
0.439,0.003,4.011,0.0,-0.0,0.0
0.439,0.003,4.889,0.0,-0.005,0.0
0.439,0.003,5.456,0.0,0.012,0.0
0.439,0.003,4.872,0.0,0.011,0.0
0.439,0.003,4.862,0.0,-0.022,0.0
0.439,0.003,4.606,0.0,-0.011,0.0
0.439,0.003,5.695,0.0,-0.011,0.0
0.439,0.003,5.804,0.0,-0.01,0.0
0.439,0.003,4.116,0.0,-0.016,0.0
0.439,0.003,5.667,0.0,-0.005,0.0
0.439,0.003,6.002,0.0,0.002,0.0
0.439,0.003,4.573,0.0,-0.014,0.0
0.439,0.003,4.815,0.0,-0.022,0.0
0.439,0.003,5.842,0.0,-0.001,0.0
0.439,0.003,3.143,0.0,-0.012,0.0
0.439,0.003,6.022,0.0,-0.001,0.0
0.439,0.003,5.42,0.0,-0.013,0.0
0.439,0.003,4.537,0.0,0.0,0.0
0.439,0.003,4.588,0.0,-0.016,0.0
0.439,0.003,5.929,0.0,-0.008,0.0
0.439,0.003,5.171,0.0,0.007,0.0
0.439,0.003,4.366,0.0,-0.0,0.0
0.439,0.003,4.97,0.0,-0.007,0.0
0.439,0.003,4.899,0.0,-0.021,0.0
0.439,0.003,5.092,0.0,-0.006,0.0
0.439,0.003,5.147,0.0,-0.002,0.0
0.439,0.003,5.044,0.0,0.005,0.0
0.439,0.003,5.083,0.0,0.02,0.0
0.439,0.003,4.146,0.0,0.009,0.0
0.439,0.003,4.138,0.0,-0.009,0.0
0.439,0.003,6.085,0.0,-0.011,0.0
0.439,0.003,4.568,0.0,-0.006,0.0
0.439,0.003,5.406,0.0,-0.005,0.0
0.439,0.003,5.877,0.0,0.007,0.0
0.439,0.003,3.877,0.0,0.012,0.0
0.439,0.003,5.819,0.0,-0.004,0.0
0.439,0.003,4.324,0.0,-0.008,0.0
0.439,0.003,3.199,0.0,0.007,0.0
0.439,0.003,5.617,0.0,-0.008,0.0
0.439,0.003,4.646,0.0,0.011,0.0
0.439,0.003,6.216,0.0,-0.013,0.0
0.439,0.003,4.311,0.0,-0.023,0.0
0.439,0.003,5.221,0.0,-0.006,0.0
0.439,0.003,4.879,0.0,0.011,0.0
0.439,0.003,6.071,0.0,0.007,0.0
0.439,0.003,4.54,0.0,-0.01,0.0
0.439,0.003,3.887,0.0,-0.011,0.0
0.439,0.003,4.928,0.0,0.003,0.0
0.439,0.003,4.415,0.0,-0.004,0.0
0.439,0.003,4.155,0.0,-0.007,0.0
0.439,0.003,6.328,0.0,-0.002,0.0
0.439,0.003,5.012,0.0,0.004,0.0
0.439,0.003,4.095,0.0,-0.025,0.0
0.439,0.003,4.419,0.0,-0.007,0.0
0.439,0.003,5.888,0.0,0.009,0.0
0.439,0.003,5.239,0.0,-0.003,0.0
0.439,0.003,5.371,0.0,0.006,0.0
0.439,0.003,5.55,0.0,0.01,0.0
0.439,0.003,4.535,0.0,-0.011,0.0
0.439,0.003,3.811,0.0,-0.027,0.0
0.439,0.003,6.187,0.0,-0.002,0.0
0.439,0.003,4.436,0.0,0.0,0.0
0.439,0.003,4.175,0.0,-0.007,0.0
0.439,0.003,5.047,0.0,-0.027,0.0
0.439,0.003,4.237,0.0,-0.008,0.0
0.439,0.003,4.401,0.0,-0.006,0.0
0.439,0.003,3.635,0.0,0.008,0.0
0.439,0.003,4.526,0.0,0.008,0.0
0.439,0.003,3.595,0.0,0.014,0.0
0.439,0.003,5.726,0.0,-0.012,0.0
0.439,0.003,4.059,0.0,0.007,0.0
0.439,0.003,4.795,0.0,-0.007,0.0
0.439,0.003,5.972,0.0,-0.014,0.0
0.44,0.003,4.137,0.0,0.002,0.0
0.44,0.003,4.569,0.0,0.001,0.0
0.44,0.003,5.617,0.0,0.005,0.0
0.44,0.003,5.637,0.0,0.0,0.0
0.44,0.003,5.097,0.0,-0.015,0.0
0.44,0.003,4.292,0.0,-0.009,0.0
0.44,0.003,3.675,0.0,0.01,0.0
0.44,0.003,4.642,0.0,-0.003,0.0
0.44,0.003,5.413,0.0,-0.008,0.0
0.44,0.003,5.251,0.0,0.006,0.0
0.44,0.003,4.143,0.0,0.004,0.0
0.44,0.003,4.339,0.0,0.006,0.0
0.44,0.003,4.684,0.0,0.0,0.0
0.44,0.003,4.498,0.0,-0.009,0.0
0.44,0.003,4.815,0.0,-0.011,0.0
0.44,0.003,4.726,0.0,-0.014,0.0
0.44,0.003,5.28,0.0,-0.001,0.0
0.44,0.003,4.661,0.0,-0.015,0.0
0.44,0.003,5.191,0.0,0.0,0.0
0.44,0.003,5.064,0.0,-0.009,0.0
0.44,0.003,4.901,0.0,-0.002,0.0
0.44,0.003,4.471,0.0,0.004,0.0
0.44,0.003,3.522,0.0,0.013,0.0
0.44,0.003,5.15,0.0,-0.011,0.0
0.44,0.003,4.836,0.0,0.018,0.0
0.44,0.003,4.067,0.0,-0.019,0.0
0.44,0.003,5.233,0.0,0.003,0.0
0.44,0.003,3.268,0.0,0.008,0.0
0.44,0.003,3.991,0.0,0.015,0.0
0.44,0.003,6.3,0.0,-0.003,0.0
0.44,0.003,4.707,0.0,-0.004,0.0
0.44,0.003,5.898,0.0,-0.014,0.0
0.44,0.003,5.913,0.0,-0.019,0.0
0.44,0.003,4.338,0.0,0.002,0.0
0.44,0.003,4.66,0.0,-0.003,0.0
0.44,0.003,3.69,0.0,0.012,0.0
0.44,0.003,4.772,0.0,0.002,0.0
0.44,0.003,5.496,0.0,0.003,0.0
0.44,0.003,5.254,0.0,0.001,0.0
0.44,0.003,4.647,0.0,0.0,0.0
0.44,0.003,5.449,0.0,-0.018,0.0
0.44,0.003,4.538,0.0,-0.005,0.0
0.44,0.003,5.297,0.0,-0.006,0.0
0.44,0.003,3.856,0.0,-0.01,0.0
0.44,0.003,4.26,0.0,-0.029,0.0
0.44,0.003,3.486,0.0,0.02,0.0
0.44,0.003,4.454,0.0,0.005,0.0
0.44,0.003,5.101,0.0,-0.004,0.0
0.44,0.003,3.993,0.0,0.007,0.0
0.44,0.003,4.857,0.0,-0.019,0.0
0.44,0.003,4.393,0.0,0.002,0.0
0.44,0.003,3.558,0.0,0.02,0.0
0.44,0.003,5.573,0.0,0.004,0.0
0.44,0.003,5.275,0.0,-0.008,0.0
0.44,0.003,4.717,0.0,-0.011,0.0
0.44,0.007,5.028,0.0,-0.012,0.0
0.44,0.003,4.628,0.0,-0.006,0.0
0.44,0.003,5.836,0.0,-0.01,0.0
0.44,0.003,4.624,0.0,0.021,0.0
0.44,0.003,5.452,0.0,0.011,0.0
0.44,0.003,5.571,0.0,-0.018,0.0
0.44,0.003,4.059,0.0,0.009,0.0
0.44,0.003,5.084,0.0,-0.029,0.0
0.44,0.003,5.746,0.0,0.007,0.0
0.44,0.003,6.552,0.0,-0.013,0.0
0.44,0.003,5.14,0.0,0.01,0.0
0.44,0.003,4.59,0.0,0.001,0.0
0.44,0.003,5.206,0.0,-0.006,0.0
0.44,0.003,4.248,0.0,-0.0,0.0
0.44,0.003,5.729,0.0,-0.016,0.0
0.441,0.003,5.515,0.0,-0.005,0.0
0.441,0.003,5.452,0.0,-0.012,0.0
0.441,0.003,4.413,0.0,-0.008,0.0
0.441,0.003,4.197,0.0,-0.01,0.0
0.441,0.003,5.143,0.0,0.01,0.0
0.441,0.003,5.963,0.0,-0.006,0.0
0.441,0.003,4.804,0.0,-0.01,0.0
0.441,0.003,4.837,0.0,-0.006,0.0
0.441,0.003,4.902,0.0,0.013,0.0
0.441,0.003,4.556,0.0,0.004,0.0
0.441,0.003,5.299,0.0,0.001,0.0
0.441,0.003,5.858,0.0,-0.012,0.0
0.441,0.003,6.068,0.0,-0.022,0.0
0.441,0.003,4.151,0.0,-0.007,0.0
0.441,0.003,4.781,0.0,-0.01,0.0
0.441,0.003,4.492,0.0,0.004,0.0
0.441,0.003,5.768,0.0,-0.013,0.0
0.441,0.003,5.065,0.0,-0.017,0.0
0.441,0.003,5.631,0.0,-0.012,0.0
0.441,0.003,5.921,0.0,0.003,0.0
0.441,0.003,5.527,0.0,-0.008,0.0
0.441,0.003,4.971,0.0,0.0,0.0
0.441,0.003,4.893,0.0,-0.017,0.0
0.441,0.003,4.348,0.0,-0.009,0.0
0.441,0.003,4.506,0.0,0.007,0.0
0.441,0.003,5.162,0.0,-0.006,0.0
0.441,0.003,4.76,0.0,-0.018,0.0
0.441,0.003,5.58,0.0,-0.006,0.0
0.441,0.003,3.659,0.0,-0.006,0.0
0.441,0.003,4.41,0.0,-0.001,0.0
0.441,0.003,4.868,0.0,-0.006,0.0
0.441,0.003,5.219,0.0,0.012,0.0
0.441,0.003,4.767,0.0,0.009,0.0
0.441,0.003,4.308,0.0,-0.004,0.0
0.441,0.003,6.791,0.0,-0.02,0.0
0.441,0.003,4.138,0.0,-0.013,0.0
0.441,0.003,4.464,0.0,0.017,0.0
0.441,0.003,4.848,0.0,0.002,0.0
0.441,0.003,3.956,0.0,-0.014,0.0
0.441,0.003,4.657,0.0,-0.008,0.0
0.441,0.003,5.043,0.0,-0.01,0.0
0.441,0.003,4.877,0.0,0.004,0.0
0.441,0.003,4.947,0.0,-0.004,0.0
0.441,0.003,4.54,0.0,0.03,0.0
0.441,0.003,4.739,0.0,-0.014,0.0
0.441,0.003,4.532,0.0,0.012,0.0
0.441,0.003,4.977,0.0,-0.019,0.0
0.441,0.003,4.212,0.0,-0.003,0.0
0.441,0.003,4.572,0.0,0.002,0.0
0.441,0.003,4.161,0.0,-0.001,0.0
0.441,0.003,3.911,0.0,-0.004,0.0
0.441,0.003,5.444,0.0,-0.018,0.0
0.441,0.003,4.93,0.0,0.001,0.0
0.441,0.003,4.822,0.0,-0.002,0.0
0.441,0.003,4.406,0.0,-0.008,0.0
0.441,0.003,4.444,0.0,-0.008,0.0
0.441,0.003,5.245,0.0,0.005,0.0
0.441,0.003,4.142,0.0,-0.002,0.0
0.441,0.003,3.394,0.0,0.024,0.0
0.441,0.003,4.735,0.0,-0.012,0.0
0.441,0.003,6.801,0.0,-0.019,0.0
0.441,0.003,6.183,0.0,-0.019,0.0
0.441,0.003,5.429,0.0,-0.016,0.0
0.441,0.003,4.918,0.0,-0.0,0.0
0.441,0.003,4.33,0.0,-0.007,0.0
0.441,0.003,3.613,0.0,-0.009,0.0
0.441,0.003,5.295,0.0,0.005,0.0
0.441,0.003,4.881,0.0,-0.003,0.0
0.441,0.003,5.247,0.0,-0.007,0.0
0.441,0.003,5.339,0.0,0.002,0.0
0.441,0.003,5.649,0.0,-0.004,0.0
0.441,0.003,4.852,0.0,-0.012,0.0
0.441,0.003,4.752,0.0,-0.009,0.0
0.441,0.003,3.943,0.0,-0.03,0.0
0.441,0.003,4.261,0.0,-0.006,0.0
0.441,0.003,5.113,0.0,0.0,0.0
0.442,0.003,4.711,0.0,0.001,0.0
0.442,0.003,4.481,0.0,0.002,0.0
0.442,0.003,4.429,0.0,0.003,0.0
0.442,0.003,5.111,0.0,-0.004,0.0
0.442,0.003,5.697,0.0,-0.031,0.0
0.442,0.003,5.394,0.0,-0.001,0.0
0.442,0.003,4.8,0.0,0.005,0.0
0.442,0.003,5.435,0.0,0.004,0.0
0.442,0.003,5.637,0.0,-0.008,0.0
0.442,0.003,4.1,0.0,-0.017,0.0
0.442,0.003,3.821,0.0,0.021,0.0
0.442,0.003,5.051,0.0,-0.025,0.0
0.442,0.003,4.714,0.0,-0.004,0.0
0.442,0.003,4.366,0.0,-0.013,0.0
0.442,0.003,4.961,0.0,-0.009,0.0
0.442,0.003,3.675,0.0,0.01,0.0
0.442,0.003,5.211,0.0,-0.007,0.0
0.442,0.003,5.591,0.0,-0.031,0.0
0.442,0.003,3.485,0.0,0.007,0.0
0.442,0.003,3.996,0.0,-0.008,0.0
0.442,0.003,4.861,0.0,-0.001,0.0
0.442,0.003,4.892,0.0,-0.002,0.0
0.442,0.003,5.58,0.0,-0.01,0.0
0.442,0.003,4.774,0.0,-0.011,0.0
0.442,0.003,5.151,0.0,-0.012,0.0
0.442,0.003,4.392,0.0,0.009,0.0
0.442,0.003,4.427,0.0,-0.015,0.0
0.442,0.003,4.544,0.0,-0.01,0.0
0.442,0.003,4.615,0.0,0.012,0.0
0.442,0.003,5.824,0.0,-0.011,0.0
0.442,0.003,4.417,0.0,-0.0,0.0
0.442,0.003,4.486,0.0,-0.007,0.0
0.442,0.003,4.547,0.0,-0.017,0.0
0.442,0.003,5.507,0.0,0.01,0.0
0.442,0.003,5.211,0.0,-0.01,0.0
0.442,0.003,5.745,0.0,-0.004,0.0
0.442,0.003,4.706,0.0,0.004,0.0
0.442,0.003,4.643,0.0,0.002,0.0
0.442,0.003,4.833,0.0,0.005,0.0
0.442,0.003,3.883,0.0,0.0,0.0
0.442,0.003,6.349,0.0,0.013,0.0
0.442,0.003,5.556,0.0,0.008,0.0
0.442,0.003,3.841,0.0,-0.02,0.0
0.442,0.003,5.959,0.0,0.008,0.0
0.442,0.003,5.269,0.0,-0.0,0.0
0.442,0.003,3.116,0.0,0.01,0.0
0.442,0.003,4.019,0.0,0.0,0.0
0.442,0.003,4.236,0.0,-0.011,0.0
0.442,0.003,4.162,0.0,-0.016,0.0
0.442,0.003,4.544,0.0,-0.0,0.0
0.442,0.003,5.208,0.0,-0.021,0.0
0.442,0.003,5.12,0.0,-0.002,0.0
0.442,0.003,4.207,0.0,-0.014,0.0
0.442,0.003,4.773,0.0,0.011,0.0
0.442,0.003,4.875,0.0,-0.009,0.0
0.442,0.003,3.669,0.0,0.005,0.0
0.442,0.003,4.316,0.0,0.014,0.0
0.442,0.003,5.549,0.0,0.012,0.0
0.442,0.003,3.475,0.0,0.017,0.0
0.442,0.003,5.102,0.0,-0.006,0.0
0.442,0.003,4.687,0.0,-0.022,0.0
0.442,0.003,3.849,0.0,-0.014,0.0
0.442,0.003,5.265,0.0,0.008,0.0
0.442,0.003,5.096,0.0,-0.015,0.0
0.442,0.003,4.971,0.0,-0.002,0.0
0.442,0.003,5.193,0.0,0.001,0.0
0.442,0.003,4.653,0.0,-0.014,0.0
0.442,0.003,5.758,0.0,-0.023,0.0
0.442,0.003,4.305,0.0,-0.013,0.0
0.442,0.003,5.103,0.0,-0.002,0.0
0.442,0.003,4.509,0.0,0.0,0.0
0.442,0.003,5.865,0.0,-0.022,0.0
0.442,0.003,5.646,0.0,-0.0,0.0
0.442,0.003,4.866,0.0,0.006,0.0
0.442,0.003,5.261,0.0,-0.019,0.0
0.442,0.003,5.402,0.0,0.014,0.0
0.442,0.003,5.561,0.0,-0.013,0.0
0.442,0.003,5.306,0.0,0.003,0.0
0.442,0.003,3.751,0.0,0.015,0.0
0.442,0.003,6.243,0.0,-0.006,0.0
0.442,0.003,5.032,0.0,-0.005,0.0
0.442,0.003,4.807,0.0,-0.004,0.0
0.442,0.003,4.896,0.0,-0.014,0.0
0.442,0.003,5.252,0.0,-0.023,0.0
0.443,0.003,3.904,0.0,-0.018,0.0
0.443,0.003,5.366,0.0,-0.019,0.0
0.443,0.003,5.046,0.0,-0.023,0.0
0.443,0.003,5.284,0.0,-0.008,0.0
0.443,0.003,5.693,0.0,0.008,0.0
0.443,0.003,5.206,0.0,-0.02,0.0
0.443,0.003,4.507,0.0,-0.023,0.0
0.443,0.003,4.006,0.0,0.015,0.0
0.443,0.003,5.12,0.0,0.006,0.0
0.443,0.003,4.068,0.0,-0.004,0.0
0.443,0.003,6.204,0.0,0.006,0.0
0.443,0.003,3.572,0.0,0.01,0.0
0.443,0.003,3.989,0.0,-0.002,0.0
0.443,0.003,4.875,0.0,-0.013,0.0
0.443,0.003,3.772,0.0,0.008,0.0
0.443,0.003,4.097,0.0,-0.018,0.0
0.443,0.003,4.264,0.0,-0.002,0.0
0.443,0.003,5.408,0.0,-0.017,0.0
0.443,0.003,5.168,0.0,0.007,0.0
0.443,0.003,4.762,0.0,-0.022,0.0
0.443,0.003,4.61,0.0,0.006,0.0
0.443,0.003,3.518,0.0,-0.016,0.0
0.443,0.003,4.668,0.0,-0.023,0.0
0.443,0.003,6.237,0.0,-0.009,0.0
0.443,0.003,6.303,0.0,0.009,0.0
0.443,0.003,6.388,0.0,-0.012,0.0
0.443,0.003,5.779,0.0,0.004,0.0
0.443,0.003,4.535,0.0,0.006,0.0
0.443,0.003,4.395,0.0,0.014,0.0
0.443,0.003,4.327,0.0,0.008,0.0
0.443,0.003,4.756,0.0,0.008,0.0
0.443,0.003,4.102,0.0,-0.006,0.0
0.443,0.003,5.801,0.0,-0.009,0.0
0.443,0.003,5.142,0.0,0.002,0.0
0.443,0.003,4.93,0.0,0.002,0.0
0.443,0.003,5.337,0.0,-0.006,0.0
0.443,0.003,4.351,0.0,-0.02,0.0
0.443,0.003,5.608,0.0,0.001,0.0
0.443,0.003,4.995,0.0,-0.018,0.0
0.443,0.003,4.647,0.0,-0.002,0.0
0.443,0.003,5.044,0.0,-0.007,0.0
0.443,0.003,4.751,0.0,0.001,0.0
0.443,0.003,4.27,0.0,-0.003,0.0
0.443,0.003,5.169,0.0,0.005,0.0
0.443,0.003,5.081,0.0,-0.001,0.0
0.443,0.003,6.007,0.0,0.009,0.0
0.443,0.003,5.09,0.0,-0.017,0.0
0.443,0.003,4.327,0.0,-0.004,0.0
0.443,0.003,4.138,0.0,-0.012,0.0
0.443,0.003,5.984,0.0,-0.012,0.0
0.443,0.003,4.068,0.0,-0.022,0.0
0.443,0.003,5.306,0.0,-0.011,0.0
0.443,0.003,5.961,0.0,-0.012,0.0
0.443,0.003,4.34,0.0,-0.002,0.0
0.443,0.003,4.644,0.0,-0.004,0.0
0.443,0.003,4.425,0.0,0.006,0.0
0.443,0.003,4.445,0.0,-0.016,0.0
0.443,0.003,4.696,0.0,0.001,0.0
0.443,0.003,5.301,0.0,0.003,0.0
0.443,0.003,4.909,0.0,0.006,0.0
0.443,0.003,4.97,0.0,0.004,0.0
0.443,0.003,4.579,0.0,-0.008,0.0
0.443,0.003,4.731,0.0,-0.002,0.0
0.443,0.003,5.286,0.0,0.004,0.0
0.443,0.003,4.532,0.0,0.007,0.0
0.443,0.003,4.658,0.0,-0.001,0.0
0.443,0.003,4.138,0.0,0.008,0.0
0.443,0.003,4.407,0.0,-0.003,0.0
0.443,0.003,4.482,0.0,-0.011,0.0
0.443,0.003,6.122,0.0,-0.006,0.0
0.443,0.003,4.512,0.0,0.005,0.0
0.443,0.003,5.764,0.0,0.004,0.0
0.443,0.003,4.764,0.0,0.014,0.0
0.443,0.003,4.365,0.0,0.007,0.0
0.443,0.003,4.765,0.0,-0.008,0.0
0.443,0.003,4.946,0.0,0.01,0.0
0.443,0.003,4.179,0.0,0.014,0.0
0.443,0.003,4.712,0.0,-0.008,0.0
0.443,0.003,4.826,0.0,0.003,0.0
0.443,0.003,5.6,0.0,0.004,0.0
0.443,0.003,5.231,0.0,-0.008,0.0
0.443,0.003,4.504,0.0,-0.016,0.0
0.443,0.003,5.273,0.0,-0.005,0.0
0.443,0.003,4.486,0.0,0.019,0.0
0.443,0.003,4.821,0.0,0.01,0.0
0.443,0.003,5.607,0.0,0.001,0.0
0.443,0.003,5.592,0.0,0.013,0.0
0.443,0.003,3.537,0.0,-0.011,0.0
0.443,0.003,3.846,0.0,-0.02,0.0
0.443,0.003,4.262,0.0,0.002,0.0
0.444,0.003,5.014,0.0,-0.012,0.0
0.444,0.003,4.525,0.0,-0.017,0.0
0.444,0.003,4.335,0.0,-0.008,0.0
0.444,0.003,5.118,0.0,0.004,0.0
0.444,0.003,5.376,0.0,-0.022,0.0
0.444,0.003,4.814,0.0,-0.002,0.0
0.444,0.003,4.992,0.0,0.003,0.0
0.444,0.003,4.85,0.0,-0.004,0.0
0.444,0.003,5.231,0.0,0.0,0.0
0.444,0.003,5.529,0.0,0.004,0.0
0.444,0.003,4.397,0.0,0.016,0.0
0.444,0.003,4.889,0.0,-0.021,0.0
0.444,0.003,4.11,0.0,0.003,0.0
0.444,0.003,4.551,0.0,0.004,0.0
0.444,0.003,4.987,0.0,-0.02,0.0
0.444,0.003,4.552,0.0,-0.003,0.0
0.444,0.003,6.329,0.0,0.003,0.0
0.444,0.003,5.767,0.0,-0.013,0.0
0.444,0.003,4.908,0.0,0.01,0.0
0.444,0.003,5.171,0.0,-0.008,0.0
0.444,0.003,5.771,0.0,-0.023,0.0
0.444,0.003,3.436,0.0,0.013,0.0
0.444,0.003,4.879,0.0,-0.002,0.0
0.444,0.003,4.77,0.0,-0.012,0.0
0.444,0.003,4.089,0.0,-0.011,0.0
0.444,0.003,5.59,0.0,-0.013,0.0
0.444,0.003,4.213,0.0,0.009,0.0
0.444,0.003,5.632,0.0,0.0,0.0
0.444,0.003,4.93,0.0,0.011,0.0
0.444,0.003,5.066,0.0,-0.017,0.0
0.444,0.003,4.17,0.0,0.003,0.0
0.444,0.003,4.181,0.0,-0.002,0.0
0.444,0.003,6.823,0.0,-0.017,0.0
0.444,0.003,5.665,0.0,0.01,0.0
0.444,0.003,5.1,0.0,-0.003,0.0
0.444,0.003,4.721,0.0,0.013,0.0
0.444,0.003,5.227,0.0,-0.014,0.0
0.444,0.003,4.698,0.0,-0.015,0.0
0.444,0.003,4.678,0.0,-0.008,0.0
0.444,0.003,5.214,0.0,-0.001,0.0
0.444,0.003,4.656,0.0,-0.005,0.0
0.444,0.003,5.123,0.0,-0.004,0.0
0.444,0.003,5.261,0.0,0.002,0.0
0.444,0.003,5.855,0.0,0.001,0.0
0.444,0.003,5.904,0.0,-0.004,0.0
0.444,0.003,4.688,0.0,-0.012,0.0
0.444,0.003,4.762,0.0,0.016,0.0
0.444,0.003,5.475,0.0,0.004,0.0
0.444,0.003,4.586,0.0,-0.016,0.0
0.444,0.003,5.522,0.0,-0.002,0.0
0.444,0.003,4.293,0.0,-0.009,0.0
0.444,0.003,4.209,0.0,0.005,0.0
0.444,0.003,4.854,0.0,-0.004,0.0
0.444,0.003,3.851,0.0,-0.002,0.0
0.444,0.003,5.234,0.0,-0.012,0.0
0.444,0.003,4.843,0.0,-0.002,0.0
0.444,0.003,5.096,0.0,-0.002,0.0
0.444,0.003,5.075,0.0,0.001,0.0
0.444,0.003,4.924,0.0,0.005,0.0
0.444,0.003,4.592,0.0,-0.009,0.0
0.444,0.003,5.653,0.0,-0.019,0.0
0.444,0.003,5.053,0.0,-0.012,0.0
0.444,0.003,4.661,0.0,-0.006,0.0
0.444,0.003,4.914,0.0,-0.005,0.0
0.444,0.003,4.236,0.0,-0.003,0.0
0.444,0.003,4.582,0.0,0.013,0.0
0.444,0.003,4.828,0.0,0.005,0.0
0.444,0.003,4.832,0.0,0.004,0.0
0.444,0.003,4.624,0.0,-0.029,0.0
0.444,0.003,4.737,0.0,-0.004,0.0
0.444,0.003,6.34,0.0,0.008,0.0
0.444,0.003,4.859,0.0,-0.007,0.0
0.444,0.003,4.418,0.0,-0.01,0.0
0.444,0.003,4.429,0.0,0.009,0.0
0.444,0.003,5.041,0.0,-0.006,0.0
0.444,0.003,3.502,0.0,0.007,0.0
0.444,0.003,6.064,0.0,-0.007,0.0
0.444,0.003,4.837,0.0,-0.001,0.0
0.444,0.003,4.872,0.0,-0.017,0.0
0.444,0.003,3.371,0.0,-0.001,0.0
0.444,0.003,4.475,0.0,0.014,0.0
0.444,0.003,4.311,0.0,-0.004,0.0
0.444,0.003,4.529,0.0,0.01,0.0
0.444,0.003,4.656,0.0,0.001,0.0
0.444,0.003,4.889,0.0,-0.024,0.0
0.445,0.003,4.535,0.0,0.003,0.0
0.445,0.003,4.874,0.0,-0.028,0.0
0.445,0.003,5.326,0.0,-0.016,0.0
0.445,0.003,5.358,0.0,-0.018,0.0
0.445,0.003,3.901,0.0,0.012,0.0
0.445,0.003,3.547,0.0,0.009,0.0
0.445,0.003,4.931,0.0,-0.013,0.0
0.445,0.003,4.893,0.0,-0.009,0.0
0.445,0.003,4.213,0.0,-0.012,0.0
0.445,0.003,4.295,0.0,-0.018,0.0
0.445,0.003,5.117,0.0,-0.003,0.0
0.445,0.003,4.528,0.0,0.009,0.0
0.445,0.003,4.924,0.0,0.001,0.0
0.445,0.003,3.356,0.0,-0.007,0.0
0.445,0.003,4.218,0.0,0.001,0.0
0.445,0.003,5.705,0.0,-0.002,0.0
0.445,0.003,4.761,0.0,0.001,0.0
0.445,0.003,5.52,0.0,0.011,0.0
0.445,0.003,5.83,0.0,-0.015,0.0
0.445,0.003,4.263,0.0,0.0,0.0
0.445,0.003,4.283,0.0,0.008,0.0
0.445,0.003,5.511,0.0,0.002,0.0
0.445,0.003,5.224,0.0,0.02,0.0
0.445,0.003,5.361,0.0,0.011,0.0
0.445,0.003,5.763,0.0,0.011,0.0
0.445,0.003,3.792,0.0,-0.018,0.0
0.445,0.003,4.924,0.0,-0.002,0.0
0.445,0.003,3.986,0.0,-0.005,0.0
0.445,0.003,4.645,0.0,-0.015,0.0
0.445,0.003,5.981,0.0,0.008,0.0
0.445,0.003,5.292,0.0,0.0,0.0
0.445,0.003,3.869,0.0,0.0,0.0
0.445,0.003,4.053,0.0,0.018,0.0
0.445,0.003,4.438,0.0,-0.023,0.0
0.445,0.003,3.831,0.0,0.007,0.0
0.445,0.003,3.65,0.0,0.003,0.0
0.445,0.003,7.005,0.0,-0.003,0.0
0.445,0.003,4.63,0.0,0.003,0.0
0.445,0.003,6.055,0.0,0.0,0.0
0.445,0.003,3.867,0.0,-0.013,0.0
0.445,0.003,4.447,0.0,-0.002,0.0
0.445,0.003,3.473,0.0,-0.01,0.0
0.445,0.003,5.488,0.0,0.015,0.0
0.445,0.003,4.197,0.0,-0.011,0.0
0.445,0.003,5.354,0.0,-0.021,0.0
0.445,0.003,4.157,0.0,-0.023,0.0
0.445,0.003,5.165,0.0,0.006,0.0
0.445,0.003,5.124,0.0,-0.011,0.0
0.445,0.003,5.402,0.0,-0.017,0.0
0.445,0.003,4.606,0.0,-0.018,0.0
0.445,0.003,5.825,0.0,-0.013,0.0
0.445,0.003,4.783,0.0,0.001,0.0
0.445,0.003,6.0,0.0,-0.001,0.0
0.445,0.003,5.805,0.0,0.002,0.0
0.445,0.003,5.782,0.0,-0.0,0.0
0.445,0.003,6.026,0.0,0.0,0.0
0.445,0.003,3.833,0.0,-0.005,0.0
0.445,0.003,4.99,0.0,-0.031,0.0
0.445,0.003,5.371,0.0,-0.006,0.0
0.445,0.003,4.151,0.0,-0.001,0.0
0.445,0.003,4.73,0.0,0.007,0.0
0.445,0.003,4.897,0.0,0.005,0.0
0.445,0.003,5.79,0.0,-0.008,0.0
0.445,0.003,5.478,0.0,-0.007,0.0
0.445,0.003,4.892,0.0,-0.007,0.0
0.445,0.003,4.883,0.0,-0.001,0.0
0.445,0.003,4.486,0.0,-0.017,0.0
0.445,0.003,5.171,0.0,-0.01,0.0
0.445,0.003,5.563,0.0,-0.011,0.0
0.445,0.003,4.822,0.0,-0.016,0.0
0.445,0.003,5.152,0.0,0.005,0.0
0.446,0.003,6.078,0.0,0.001,0.0
0.446,0.003,5.121,0.0,-0.008,0.0
0.446,0.003,3.866,0.0,-0.001,0.0
0.446,0.003,4.082,0.0,0.006,0.0
0.446,0.003,4.953,0.0,0.003,0.0
0.446,0.003,4.535,0.0,0.002,0.0
0.446,0.003,2.97,0.0,-0.012,0.0
0.446,0.003,5.338,0.0,-0.018,0.0
0.446,0.003,4.682,0.0,-0.002,0.0
0.446,0.003,5.615,0.0,-0.012,0.0
0.446,0.003,5.786,0.0,-0.004,0.0
0.446,0.003,5.875,0.0,0.01,0.0
0.446,0.003,3.819,0.0,-0.006,0.0
0.446,0.003,4.733,0.0,-0.019,0.0
0.446,0.003,5.536,0.0,-0.019,0.0
0.446,0.003,4.321,0.0,-0.006,0.0
0.446,0.003,5.719,0.0,0.004,0.0
0.446,0.003,5.135,0.0,0.003,0.0
0.446,0.003,5.327,0.0,-0.005,0.0
0.446,0.003,4.556,0.0,-0.001,0.0
0.446,0.003,4.648,0.0,0.004,0.0
0.446,0.003,5.742,0.0,-0.004,0.0
0.446,0.003,4.483,0.0,0.008,0.0
0.446,0.003,6.054,0.0,-0.005,0.0
0.446,0.003,3.951,0.0,0.007,0.0
0.446,0.003,3.52,0.0,-0.013,0.0
0.446,0.003,3.641,0.0,-0.014,0.0
0.446,0.003,4.684,0.0,0.011,0.0
0.446,0.003,4.974,0.0,-0.012,0.0
0.446,0.003,3.943,0.0,0.012,0.0
0.446,0.003,4.494,0.0,-0.026,0.0
0.446,0.003,4.932,0.0,-0.011,0.0
0.446,0.003,4.94,0.0,0.004,0.0
0.446,0.003,5.061,0.0,-0.001,0.0
0.446,0.003,4.604,0.0,-0.013,0.0
0.446,0.003,4.935,0.0,0.005,0.0
0.446,0.003,5.108,0.0,0.006,0.0
0.446,0.003,5.327,0.0,-0.007,0.0
0.446,0.003,5.319,0.0,0.008,0.0
0.446,0.003,5.698,0.0,-0.036,0.0
0.446,0.003,5.512,0.0,0.014,0.0
0.446,0.003,4.901,0.0,-0.007,0.0
0.446,0.003,5.807,0.0,-0.013,0.0
0.446,0.003,4.079,0.0,-0.003,0.0
0.446,0.003,5.946,0.0,-0.013,0.0
0.446,0.003,4.919,0.0,-0.017,0.0
0.446,0.003,4.822,0.0,-0.0,0.0
0.446,0.003,5.596,0.0,-0.015,0.0
0.446,0.003,5.065,0.0,0.0,0.0
0.446,0.003,5.61,0.0,-0.015,0.0
0.446,0.003,5.523,0.0,-0.0,0.0
0.446,0.003,5.058,0.0,0.004,0.0
0.446,0.003,5.829,0.0,-0.014,0.0
0.446,0.003,4.433,0.0,0.007,0.0
0.446,0.003,4.426,0.0,-0.018,0.0
0.446,0.003,5.3,0.0,-0.007,0.0
0.446,0.003,4.665,0.0,0.011,0.0
0.446,0.003,4.57,0.0,0.007,0.0
0.446,0.003,4.773,0.0,-0.007,0.0
0.446,0.003,5.23,0.0,-0.009,0.0
0.446,0.003,5.332,0.0,-0.025,0.0
0.446,0.003,5.634,0.0,-0.018,0.0
0.446,0.003,4.525,0.0,0.01,0.0
0.446,0.003,5.692,0.0,-0.014,0.0
0.446,0.003,4.207,0.0,0.004,0.0
0.446,0.003,4.97,0.0,0.01,0.0
0.446,0.003,4.162,0.0,0.005,0.0
0.446,0.003,4.238,0.0,0.01,0.0
0.446,0.003,4.57,0.0,0.005,0.0
0.446,0.003,3.919,0.0,0.012,0.0
0.446,0.003,4.107,0.0,-0.001,0.0
0.446,0.003,5.607,0.0,0.015,0.0
0.446,0.003,5.853,0.0,-0.009,0.0
0.446,0.003,3.54,0.0,-0.002,0.0
0.446,0.003,5.481,0.0,-0.014,0.0
0.446,0.003,6.953,0.0,-0.019,0.0
0.446,0.003,4.243,0.0,-0.02,0.0
0.446,0.003,4.687,0.0,-0.015,0.0
0.446,0.003,4.675,0.0,-0.012,0.0
0.447,0.003,3.905,0.0,-0.001,0.0
0.447,0.003,5.279,0.0,-0.015,0.0
0.447,0.003,4.365,0.0,0.005,0.0
0.447,0.003,4.861,0.0,-0.001,0.0
0.447,0.003,5.84,0.0,-0.007,0.0
0.447,0.003,5.125,0.0,-0.0,0.0
0.447,0.003,5.393,0.0,0.008,0.0
0.447,0.003,5.513,0.0,-0.011,0.0
0.447,0.003,4.312,0.0,-0.014,0.0
0.447,0.003,4.191,0.0,0.019,0.0
0.447,0.003,4.535,0.0,0.005,0.0
0.447,0.003,4.334,0.0,-0.003,0.0
0.447,0.003,6.559,0.0,-0.015,0.0
0.447,0.003,3.899,0.0,-0.002,0.0
0.447,0.003,4.25,0.0,0.019,0.0
0.447,0.003,4.615,0.0,-0.012,0.0
0.447,0.003,4.395,0.0,0.0,0.0
0.447,0.003,4.417,0.0,-0.015,0.0
0.447,0.003,3.893,0.0,0.017,0.0
0.447,0.003,4.586,0.0,-0.002,0.0
0.447,0.003,5.174,0.0,-0.017,0.0
0.447,0.003,4.745,0.0,0.002,0.0
0.447,0.003,3.895,0.0,0.003,0.0
0.447,0.003,2.819,0.0,0.007,0.0
0.447,0.003,4.875,0.0,-0.002,0.0
0.447,0.003,4.83,0.0,-0.004,0.0
0.447,0.003,4.498,0.0,-0.024,0.0
0.447,0.003,5.306,0.0,0.002,0.0
0.447,0.003,4.135,0.0,-0.014,0.0
0.447,0.003,4.042,0.0,-0.001,0.0
0.447,0.003,4.391,0.0,-0.013,0.0
0.447,0.003,4.456,0.0,-0.031,0.0
0.447,0.003,5.516,0.0,0.004,0.0
0.447,0.003,4.495,0.0,-0.009,0.0
0.447,0.003,2.972,0.0,0.011,0.0
0.447,0.003,4.493,0.0,-0.005,0.0
0.447,0.003,4.665,0.0,-0.005,0.0
0.447,0.003,5.258,0.0,0.004,0.0
0.447,0.003,3.866,0.0,-0.006,0.0
0.447,0.003,5.134,0.0,-0.017,0.0
0.447,0.003,5.595,0.0,-0.027,0.0
0.447,0.003,4.903,0.0,-0.0,0.0
0.447,0.003,5.351,0.0,-0.021,0.0
0.447,0.003,4.85,0.0,-0.008,0.0
0.447,0.003,4.602,0.0,-0.006,0.0
0.447,0.003,5.393,0.0,-0.016,0.0
0.447,0.003,4.573,0.0,0.014,0.0
0.447,0.003,4.189,0.0,-0.012,0.0
0.447,0.003,4.115,0.0,0.015,0.0
0.447,0.003,4.746,0.0,-0.015,0.0
0.447,0.003,3.953,0.0,-0.004,0.0
0.447,0.003,4.379,0.0,-0.027,0.0
0.447,0.003,5.177,0.0,-0.003,0.0
0.447,0.003,5.595,0.0,0.006,0.0
0.447,0.003,3.765,0.0,-0.002,0.0
0.447,0.003,5.059,0.0,-0.01,0.0
0.447,0.003,5.796,0.0,-0.018,0.0
0.447,0.003,5.953,0.0,-0.005,0.0
0.447,0.003,3.371,0.0,0.002,0.0
0.447,0.003,5.344,0.0,0.002,0.0
0.447,0.003,6.068,0.0,-0.01,0.0
0.447,0.003,3.733,0.0,-0.02,0.0
0.447,0.003,5.326,0.0,-0.018,0.0
0.447,0.003,4.827,0.0,0.003,0.0
0.447,0.003,4.812,0.0,-0.02,0.0
0.447,0.003,4.13,0.0,-0.005,0.0
0.447,0.003,5.279,0.0,-0.002,0.0
0.447,0.003,4.311,0.0,-0.007,0.0
0.447,0.003,5.714,0.0,-0.005,0.0
0.448,0.003,4.161,0.0,-0.011,0.0
0.448,0.003,4.724,0.0,0.017,0.0
0.448,0.003,5.152,0.0,-0.009,0.0
0.448,0.003,6.332,0.0,-0.018,0.0
0.448,0.003,5.261,0.0,0.002,0.0
0.448,0.003,4.002,0.0,-0.005,0.0
0.448,0.003,4.415,0.0,-0.013,0.0
0.448,0.003,4.287,0.0,-0.008,0.0
0.448,0.003,6.261,0.0,-0.003,0.0
0.448,0.003,4.987,0.0,0.007,0.0
0.448,0.003,6.3,0.0,-0.011,0.0
0.448,0.003,4.834,0.0,-0.017,0.0
0.448,0.003,4.055,0.0,-0.012,0.0
0.448,0.003,5.962,0.0,-0.013,0.0
0.448,0.003,4.801,0.0,-0.023,0.0
0.448,0.003,4.429,0.0,0.009,0.0
0.448,0.003,4.523,0.0,0.009,0.0
0.448,0.003,6.111,0.0,-0.008,0.0
0.448,0.003,5.086,0.0,-0.028,0.0
0.448,0.003,5.224,0.0,-0.021,0.0
0.448,0.003,4.27,0.0,0.002,0.0
0.448,0.003,4.449,0.0,0.001,0.0
0.448,0.003,4.682,0.0,-0.005,0.0
0.448,0.003,3.295,0.0,-0.023,0.0
0.448,0.003,4.812,0.0,-0.011,0.0
0.448,0.003,5.103,0.0,0.018,0.0
0.448,0.003,4.398,0.0,-0.012,0.0
0.448,0.003,5.019,0.0,-0.009,0.0
0.448,0.003,4.51,0.0,-0.016,0.0
0.448,0.003,5.548,0.0,0.002,0.0
0.448,0.003,5.064,0.0,0.005,0.0
0.448,0.003,4.887,0.0,-0.01,0.0
0.448,0.003,4.231,0.0,0.006,0.0
0.448,0.003,3.906,0.0,-0.022,0.0
0.448,0.003,4.144,0.0,0.002,0.0
0.448,0.003,5.75,0.0,-0.023,0.0
0.448,0.003,4.62,0.0,-0.003,0.0
0.448,0.003,4.316,0.0,-0.012,0.0
0.448,0.003,4.961,0.0,0.017,0.0
0.448,0.003,5.077,0.0,-0.004,0.0
0.448,0.003,4.471,0.0,-0.007,0.0
0.448,0.003,4.936,0.0,0.014,0.0
0.448,0.003,5.615,0.0,-0.012,0.0
0.448,0.003,5.247,0.0,-0.026,0.0
0.448,0.003,4.129,0.0,-0.016,0.0
0.448,0.003,5.288,0.0,0.01,0.0
0.448,0.003,5.136,0.0,-0.002,0.0
0.448,0.003,6.035,0.0,-0.013,0.0
0.448,0.003,4.57,0.0,0.002,0.0
0.448,0.003,5.317,0.0,-0.011,0.0
0.448,0.003,3.776,0.0,-0.009,0.0
0.448,0.003,5.285,0.0,-0.013,0.0
0.448,0.003,5.79,0.0,-0.026,0.0
0.448,0.003,5.379,0.0,-0.002,0.0
0.448,0.003,4.532,0.0,0.005,0.0
0.448,0.003,5.472,0.0,0.01,0.0
0.448,0.003,5.397,0.0,-0.016,0.0
0.448,0.003,4.075,0.0,-0.024,0.0
0.448,0.003,4.905,0.0,0.0,0.0
0.448,0.003,5.652,0.0,0.012,0.0
0.448,0.003,4.428,0.0,0.005,0.0
0.448,0.003,5.641,0.0,0.018,0.0
0.448,0.003,4.281,0.0,0.001,0.0
0.448,0.003,4.707,0.0,-0.019,0.0
0.448,0.003,4.554,0.0,-0.007,0.0
0.448,0.003,5.161,0.0,-0.006,0.0
0.448,0.003,3.812,0.0,-0.006,0.0
0.448,0.003,4.853,0.0,-0.016,0.0
0.448,0.003,4.637,0.0,-0.009,0.0
0.448,0.003,6.56,0.0,-0.002,0.0
0.448,0.003,4.911,0.0,0.006,0.0
0.448,0.003,5.077,0.0,0.003,0.0
0.448,0.003,5.288,0.0,-0.004,0.0
0.448,0.003,5.044,0.0,0.021,0.0
0.448,0.003,4.34,0.0,-0.008,0.0
0.448,0.003,4.58,0.0,-0.016,0.0
0.448,0.003,3.374,0.0,0.0,0.0
0.448,0.003,4.775,0.0,0.003,0.0
0.449,0.003,5.35,0.0,-0.009,0.0
0.449,0.003,5.195,0.0,-0.02,0.0
0.449,0.003,4.578,0.0,-0.004,0.0
0.449,0.003,4.212,0.0,0.008,0.0
0.449,0.003,4.884,0.0,-0.004,0.0
0.449,0.003,4.889,0.0,-0.005,0.0
0.449,0.003,4.428,0.0,-0.007,0.0
0.449,0.003,6.113,0.0,-0.008,0.0
0.449,0.003,4.226,0.0,-0.011,0.0
0.449,0.003,4.413,0.0,0.001,0.0
0.449,0.003,4.369,0.0,-0.015,0.0
0.449,0.003,3.693,0.0,-0.011,0.0
0.449,0.003,3.946,0.0,-0.004,0.0
0.449,0.003,5.252,0.0,-0.0,0.0
0.449,0.003,6.137,0.0,-0.004,0.0
0.449,0.003,4.066,0.0,-0.003,0.0
0.449,0.003,4.998,0.0,0.007,0.0
0.449,0.003,4.671,0.0,-0.018,0.0
0.449,0.003,4.862,0.0,-0.005,0.0
0.449,0.003,3.598,0.0,-0.002,0.0
0.449,0.003,5.167,0.0,0.003,0.0
0.449,0.003,4.525,0.0,0.024,0.0
0.449,0.003,3.66,0.0,-0.011,0.0
0.449,0.003,4.51,0.0,-0.019,0.0
0.449,0.003,4.042,0.0,-0.003,0.0
0.449,0.003,4.154,0.0,-0.001,0.0
0.449,0.003,5.735,0.0,-0.002,0.0
0.449,0.003,4.21,0.0,-0.015,0.0
0.449,0.003,4.87,0.0,-0.013,0.0
0.449,0.003,4.586,0.0,0.019,0.0
0.449,0.003,4.98,0.0,-0.007,0.0
0.449,0.003,5.605,0.0,-0.017,0.0
0.449,0.003,5.248,0.0,-0.01,0.0
0.449,0.003,4.48,0.0,0.009,0.0
0.449,0.003,5.544,0.0,-0.012,0.0
0.449,0.003,4.774,0.0,-0.006,0.0
0.449,0.003,4.827,0.0,0.017,0.0
0.449,0.003,5.966,0.0,-0.0,0.0
0.449,0.003,5.285,0.0,-0.005,0.0
0.449,0.003,4.969,0.0,-0.009,0.0
0.449,0.003,5.426,0.0,-0.018,0.0
0.449,0.003,3.531,0.0,0.004,0.0
0.449,0.003,4.465,0.0,-0.001,0.0
0.449,0.003,5.636,0.0,-0.021,0.0
0.449,0.003,4.724,0.0,0.005,0.0
0.449,0.003,4.007,0.0,-0.011,0.0
0.449,0.003,5.511,0.0,0.008,0.0
0.449,0.003,4.432,0.0,-0.007,0.0
0.449,0.003,4.239,0.0,-0.017,0.0
0.449,0.003,5.532,0.0,-0.001,0.0
0.449,0.003,4.204,0.0,-0.025,0.0
0.449,0.003,4.104,0.0,-0.002,0.0
0.449,0.003,5.961,0.0,-0.02,0.0
0.449,0.003,4.008,0.0,0.009,0.0
0.449,0.003,3.895,0.0,0.005,0.0
0.449,0.003,4.587,0.0,-0.006,0.0
0.449,0.003,6.328,0.0,-0.001,0.0
0.449,0.003,4.266,0.0,-0.008,0.0
0.449,0.003,5.213,0.0,-0.019,0.0
0.449,0.003,3.605,0.0,-0.01,0.0
0.449,0.003,4.038,0.0,-0.016,0.0
0.449,0.003,4.027,0.0,-0.021,0.0
0.449,0.003,4.562,0.0,0.015,0.0
0.449,0.003,5.495,0.0,-0.007,0.0
0.449,0.003,4.584,0.0,-0.004,0.0
0.449,0.003,5.458,0.0,-0.015,0.0
0.449,0.003,3.921,0.0,0.001,0.0
0.449,0.003,5.396,0.0,-0.01,0.0
0.449,0.003,3.453,0.0,-0.006,0.0
0.449,0.003,5.059,0.0,-0.002,0.0
0.449,0.003,5.185,0.0,-0.018,0.0
0.449,0.003,3.913,0.0,-0.013,0.0
0.449,0.003,4.905,0.0,-0.006,0.0
0.449,0.003,4.661,0.0,-0.005,0.0
0.449,0.003,3.608,0.0,0.014,0.0
0.449,0.003,5.546,0.0,0.002,0.0
0.449,0.003,5.157,0.0,0.013,0.0
0.449,0.003,3.135,0.0,0.004,0.0
0.45,0.003,3.669,0.0,0.01,0.0
0.45,0.003,4.584,0.0,-0.007,0.0
0.45,0.003,6.452,0.0,-0.006,0.0
0.45,0.003,5.273,0.0,-0.002,0.0
0.45,0.003,2.812,0.0,0.013,0.0
0.45,0.003,7.494,0.0,-0.019,0.0
0.45,0.003,4.647,0.0,-0.004,0.0
0.45,0.003,4.318,0.0,-0.008,0.0
0.45,0.003,4.75,0.0,0.002,0.0
0.45,0.003,6.059,0.0,0.012,0.0
0.45,0.003,4.781,0.0,0.013,0.0
0.45,0.003,4.731,0.0,-0.02,0.0
0.45,0.003,4.122,0.0,0.006,0.0
0.45,0.003,4.058,0.0,-0.006,0.0
0.45,0.003,4.444,0.0,-0.013,0.0
0.45,0.003,3.739,0.0,0.012,0.0
0.45,0.003,4.119,0.0,-0.006,0.0
0.45,0.003,4.994,0.0,-0.012,0.0
0.45,0.003,4.815,0.0,-0.027,0.0
0.45,0.003,4.71,0.0,0.015,0.0
0.45,0.003,5.702,0.0,0.007,0.0
0.45,0.003,5.065,0.0,-0.018,0.0
0.45,0.003,4.044,0.0,0.006,0.0
0.45,0.003,5.911,0.0,-0.008,0.0
0.45,0.003,3.802,0.0,0.001,0.0
0.45,0.003,4.868,0.0,-0.013,0.0
0.45,0.003,4.084,0.0,0.0,0.0
0.45,0.003,4.193,0.0,-0.001,0.0
0.45,0.003,5.405,0.0,-0.011,0.0
0.45,0.003,5.392,0.0,0.0,0.0
0.45,0.003,5.508,0.0,0.007,0.0
0.45,0.003,4.964,0.0,-0.013,0.0
0.45,0.003,5.229,0.0,0.003,0.0
0.45,0.003,5.074,0.0,0.006,0.0
0.45,0.003,3.622,0.0,-0.002,0.0
0.45,0.003,4.977,0.0,0.008,0.0
0.45,0.003,6.163,0.0,-0.017,0.0
0.45,0.003,6.125,0.0,0.006,0.0
0.45,0.003,5.237,0.0,-0.016,0.0
0.45,0.003,4.765,0.0,-0.011,0.0
0.45,0.003,5.192,0.0,-0.004,0.0
0.45,0.003,5.234,0.0,-0.024,0.0
0.45,0.003,5.357,0.0,-0.017,0.0
0.45,0.003,3.965,0.0,-0.017,0.0
0.45,0.003,5.02,0.0,-0.014,0.0
0.45,0.003,4.399,0.0,-0.009,0.0
0.45,0.003,4.776,0.0,-0.024,0.0
0.45,0.003,4.682,0.0,-0.016,0.0
0.45,0.003,3.917,0.0,-0.012,0.0
0.45,0.003,4.478,0.0,-0.013,0.0
0.45,0.003,5.167,0.0,-0.016,0.0
0.45,0.003,4.758,0.0,-0.003,0.0
0.45,0.003,6.649,0.0,-0.004,0.0
0.45,0.003,4.316,0.0,-0.004,0.0
0.45,0.003,5.103,0.0,-0.006,0.0
0.45,0.003,3.858,0.0,-0.011,0.0
0.45,0.003,5.418,0.0,-0.019,0.0
0.45,0.003,4.659,0.0,-0.011,0.0
0.45,0.003,5.775,0.0,0.0,0.0
0.45,0.003,3.938,0.0,0.008,0.0
0.45,0.003,5.43,0.0,-0.003,0.0
0.45,0.003,4.365,0.0,-0.005,0.0
0.45,0.003,5.44,0.0,-0.003,0.0
0.45,0.003,4.179,0.0,-0.002,0.0
0.45,0.003,4.732,0.0,-0.005,0.0
0.45,0.003,5.341,0.0,-0.005,0.0
0.45,0.003,5.37,0.0,-0.018,0.0
0.45,0.003,4.469,0.0,-0.017,0.0
0.45,0.003,6.738,0.0,-0.013,0.0
0.45,0.003,5.318,0.0,0.005,0.0
0.45,0.003,5.973,0.0,0.011,0.0
0.45,0.003,5.437,0.0,0.0,0.0
0.45,0.003,4.563,0.0,-0.01,0.0
0.45,0.003,3.971,0.0,-0.001,0.0
0.45,0.003,5.729,0.0,-0.0,0.0
0.45,0.003,5.879,0.0,-0.012,0.0
0.45,0.003,5.303,0.0,0.016,0.0
0.45,0.003,5.293,0.0,-0.018,0.0
0.45,0.003,4.221,0.0,0.001,0.0
0.45,0.003,4.532,0.0,0.004,0.0
0.45,0.003,4.703,0.0,0.007,0.0
0.45,0.003,4.586,0.0,0.002,0.0
0.45,0.003,4.856,0.0,-0.026,0.0
0.45,0.003,4.546,0.0,-0.015,0.0
0.45,0.003,5.247,0.0,-0.0,0.0
0.45,0.003,5.116,0.0,-0.003,0.0
0.45,0.003,4.5,0.0,-0.003,0.0
0.45,0.003,4.942,0.0,0.003,0.0
0.45,0.003,5.744,0.0,0.003,0.0
0.45,0.003,4.881,0.0,0.003,0.0
0.45,0.003,5.951,0.0,-0.001,0.0
0.45,0.003,4.763,0.0,-0.004,0.0
0.45,0.003,4.356,0.0,-0.001,0.0
0.45,0.003,4.968,0.0,-0.007,0.0
0.45,0.003,4.525,0.0,-0.024,0.0
0.45,0.003,5.227,0.0,-0.002,0.0
0.45,0.003,4.521,0.0,-0.021,0.0
0.45,0.003,5.172,0.0,-0.005,0.0
0.451,0.003,4.858,0.0,0.009,0.0
0.451,0.003,5.529,0.0,-0.019,0.0
0.451,0.003,5.54,0.0,-0.003,0.0
0.451,0.003,4.68,0.0,-0.008,0.0
0.451,0.003,4.213,0.0,-0.01,0.0
0.451,0.003,5.602,0.0,-0.007,0.0
0.451,0.003,4.795,0.0,-0.008,0.0
0.451,0.003,4.46,0.0,-0.001,0.0
0.451,0.003,5.542,0.0,0.021,0.0
0.451,0.003,5.192,0.0,-0.025,0.0
0.451,0.003,5.153,0.0,-0.024,0.0
0.451,0.003,5.342,0.0,0.002,0.0
0.451,0.003,5.818,0.0,-0.023,0.0
0.451,0.003,5.433,0.0,-0.007,0.0
0.451,0.003,5.659,0.0,-0.014,0.0
0.451,0.003,5.524,0.0,-0.022,0.0
0.451,0.003,5.032,0.0,0.007,0.0
0.451,0.003,4.98,0.0,-0.015,0.0
0.451,0.003,5.468,0.0,-0.003,0.0
0.451,0.003,5.283,0.0,0.013,0.0
0.451,0.003,5.418,0.0,-0.006,0.0
0.451,0.007,4.749,0.0,0.001,0.0
0.451,0.003,4.345,0.0,0.01,0.0
0.451,0.003,4.611,0.0,-0.007,0.0
0.451,0.003,5.332,0.0,0.007,0.0
0.451,0.003,5.062,0.0,-0.012,0.0
0.451,0.003,4.254,0.0,-0.012,0.0
0.451,0.003,3.769,0.0,0.001,0.0
0.451,0.003,5.792,0.0,0.014,0.0
0.451,0.003,4.789,0.0,-0.008,0.0
0.451,0.003,6.628,0.0,-0.002,0.0
0.451,0.003,4.863,0.0,-0.003,0.0
0.451,0.003,4.42,0.0,-0.007,0.0
0.451,0.003,5.171,0.0,0.01,0.0
0.451,0.003,5.267,0.0,-0.004,0.0
0.451,0.003,6.458,0.0,0.008,0.0
0.451,0.003,6.293,0.0,-0.008,0.0
0.451,0.003,4.581,0.0,-0.003,0.0
0.451,0.003,5.734,0.0,0.021,0.0
0.451,0.003,3.621,0.0,-0.009,0.0
0.451,0.003,4.861,0.0,0.003,0.0
0.451,0.003,5.614,0.0,-0.015,0.0
0.451,0.003,4.847,0.0,-0.01,0.0
0.451,0.003,4.675,0.0,-0.002,0.0
0.451,0.003,5.237,0.0,0.003,0.0
0.451,0.003,3.817,0.0,-0.023,0.0
0.451,0.003,5.216,0.0,0.001,0.0
0.451,0.003,4.234,0.0,-0.014,0.0
0.451,0.003,4.423,0.0,-0.018,0.0
0.451,0.003,4.721,0.0,-0.008,0.0
0.451,0.003,5.343,0.0,0.004,0.0
0.451,0.003,3.99,0.0,0.003,0.0
0.451,0.003,3.738,0.0,0.018,0.0
0.451,0.003,4.125,0.0,-0.019,0.0
0.451,0.003,4.586,0.0,0.008,0.0
0.451,0.003,5.478,0.0,-0.007,0.0
0.451,0.003,4.726,0.0,0.009,0.0
0.451,0.003,6.445,0.0,0.002,0.0
0.451,0.003,3.936,0.0,-0.012,0.0
0.451,0.003,5.095,0.0,-0.007,0.0
0.451,0.003,4.456,0.0,0.002,0.0
0.451,0.003,5.532,0.0,-0.017,0.0
0.451,0.003,4.298,0.0,0.003,0.0
0.451,0.003,4.026,0.0,-0.015,0.0
0.451,0.003,4.399,0.0,-0.019,0.0
0.451,0.003,4.852,0.0,0.011,0.0
0.451,0.003,4.476,0.0,0.015,0.0
0.451,0.003,4.14,0.0,0.001,0.0
0.451,0.003,4.285,0.0,-0.01,0.0
0.451,0.003,5.053,0.0,0.021,0.0
0.451,0.003,3.84,0.0,-0.015,0.0
0.451,0.003,4.281,0.0,0.001,0.0
0.451,0.003,4.943,0.0,0.011,0.0
0.451,0.003,3.944,0.0,-0.012,0.0
0.451,0.003,6.273,0.0,-0.008,0.0
0.451,0.003,4.793,0.0,-0.006,0.0
0.451,0.003,4.756,0.0,0.014,0.0
0.451,0.003,5.263,0.0,-0.028,0.0
0.451,0.003,4.928,0.0,0.005,0.0
0.451,0.003,5.541,0.0,-0.022,0.0
0.451,0.003,5.988,0.0,-0.023,0.0
0.451,0.003,4.137,0.0,0.004,0.0
0.451,0.003,4.933,0.0,-0.02,0.0
0.451,0.003,4.197,0.0,0.007,0.0
0.451,0.003,5.279,0.0,-0.008,0.0
0.451,0.003,4.717,0.0,-0.0,0.0
0.451,0.003,4.32,0.0,0.004,0.0
0.452,0.003,3.842,0.0,0.015,0.0
0.452,0.003,4.564,0.0,0.016,0.0
0.452,0.003,5.321,0.0,-0.022,0.0
0.452,0.003,4.814,0.0,-0.022,0.0
0.452,0.003,5.512,0.0,-0.013,0.0
0.452,0.003,4.737,0.0,0.014,0.0
0.452,0.003,5.758,0.0,-0.005,0.0
0.452,0.003,5.005,0.0,0.004,0.0
0.452,0.003,5.438,0.0,-0.006,0.0
0.452,0.003,6.996,0.0,-0.016,0.0
0.452,0.003,5.313,0.0,-0.007,0.0
0.452,0.003,4.513,0.0,-0.01,0.0
0.452,0.003,6.657,0.0,-0.003,0.0
0.452,0.003,4.508,0.0,0.015,0.0
0.452,0.003,5.074,0.0,-0.005,0.0
0.452,0.003,5.01,0.0,-0.012,0.0
0.452,0.003,5.696,0.0,0.008,0.0
0.452,0.003,4.53,0.0,0.001,0.0
0.452,0.003,5.25,0.0,-0.003,0.0
0.452,0.003,5.045,0.0,0.006,0.0
0.452,0.003,3.728,0.0,0.006,0.0
0.452,0.003,5.824,0.0,0.017,0.0
0.452,0.003,4.992,0.0,-0.002,0.0
0.452,0.003,4.351,0.0,-0.001,0.0
0.452,0.003,3.147,0.0,-0.003,0.0
0.452,0.003,5.283,0.0,0.002,0.0
0.452,0.003,4.173,0.0,0.028,0.0
0.452,0.003,4.282,0.0,-0.036,0.0
0.452,0.003,7.147,0.0,-0.003,0.0
0.452,0.003,5.427,0.0,-0.023,0.0
0.452,0.003,5.41,0.0,0.0,0.0
0.452,0.003,4.995,0.0,-0.003,0.0
0.452,0.003,4.449,0.0,-0.01,0.0
0.452,0.003,5.341,0.0,-0.008,0.0
0.452,0.003,4.799,0.0,-0.011,0.0
0.452,0.003,4.827,0.0,0.012,0.0
0.452,0.003,4.627,0.0,-0.001,0.0
0.452,0.003,4.327,0.0,-0.009,0.0
0.452,0.003,4.595,0.0,-0.007,0.0
0.452,0.003,5.049,0.0,-0.011,0.0
0.452,0.003,4.295,0.0,-0.014,0.0
0.452,0.003,5.773,0.0,-0.008,0.0
0.452,0.003,4.914,0.0,-0.009,0.0
0.452,0.003,4.845,0.0,0.02,0.0
0.452,0.003,5.311,0.0,-0.002,0.0
0.452,0.003,4.696,0.0,-0.017,0.0
0.452,0.003,4.713,0.0,-0.002,0.0
0.452,0.003,4.394,0.0,0.01,0.0
0.452,0.003,4.71,0.0,-0.025,0.0
0.452,0.003,5.238,0.0,-0.021,0.0
0.452,0.003,4.95,0.0,0.015,0.0
0.452,0.003,4.976,0.0,0.011,0.0
0.452,0.003,4.319,0.0,0.0,0.0
0.452,0.003,4.54,0.0,0.003,0.0
0.452,0.003,4.646,0.0,-0.011,0.0
0.452,0.003,4.155,0.0,-0.017,0.0
0.452,0.003,5.636,0.0,-0.018,0.0
0.452,0.003,5.293,0.0,-0.023,0.0
0.452,0.003,4.123,0.0,0.0,0.0
0.452,0.003,5.491,0.0,-0.016,0.0
0.452,0.003,4.522,0.0,-0.004,0.0
0.452,0.003,5.766,0.0,0.013,0.0
0.452,0.003,5.792,0.0,-0.013,0.0
0.452,0.003,4.574,0.0,0.006,0.0
0.452,0.003,5.525,0.0,0.018,0.0
0.452,0.003,4.626,0.0,0.001,0.0
0.452,0.003,4.354,0.0,-0.017,0.0
0.452,0.003,6.466,0.0,-0.021,0.0
0.452,0.003,5.204,0.0,-0.012,0.0
0.452,0.003,4.77,0.0,-0.013,0.0
0.452,0.003,4.147,0.0,0.009,0.0
0.452,0.003,5.618,0.0,-0.028,0.0
0.452,0.003,4.92,0.0,-0.011,0.0
0.452,0.003,4.714,0.0,-0.02,0.0
0.452,0.003,5.621,0.0,0.008,0.0
0.452,0.003,5.245,0.0,0.004,0.0
0.452,0.003,3.704,0.0,0.017,0.0
0.453,0.003,4.33,0.0,-0.002,0.0
0.453,0.003,4.383,0.0,-0.012,0.0
0.453,0.003,4.876,0.0,-0.011,0.0
0.453,0.003,4.345,0.0,-0.004,0.0
0.453,0.003,3.821,0.0,-0.023,0.0
0.453,0.003,4.002,0.0,-0.006,0.0
0.453,0.003,5.104,0.0,0.0,0.0
0.453,0.003,3.99,0.0,-0.002,0.0
0.453,0.003,6.558,0.0,-0.014,0.0
0.453,0.003,5.172,0.0,-0.021,0.0
0.453,0.003,5.054,0.0,-0.007,0.0
0.453,0.003,4.26,0.0,-0.003,0.0
0.453,0.003,4.31,0.0,-0.009,0.0
0.453,0.003,4.574,0.0,-0.004,0.0
0.453,0.003,5.288,0.0,-0.004,0.0
0.453,0.003,4.235,0.0,0.015,0.0
0.453,0.003,3.931,0.0,-0.009,0.0
0.453,0.003,3.804,0.0,-0.005,0.0
0.453,0.003,5.455,0.0,-0.007,0.0
0.453,0.003,4.469,0.0,-0.007,0.0
0.453,0.003,4.953,0.0,-0.003,0.0
0.453,0.003,4.923,0.0,-0.022,0.0
0.453,0.003,4.638,0.0,-0.016,0.0
0.453,0.003,5.175,0.0,-0.012,0.0
0.453,0.003,4.116,0.0,0.007,0.0
0.453,0.003,4.757,0.0,-0.001,0.0
0.453,0.003,5.202,0.0,-0.026,0.0
0.453,0.003,3.228,0.0,0.019,0.0
0.453,0.003,5.559,0.0,-0.011,0.0
0.453,0.003,4.57,0.0,-0.008,0.0
0.453,0.003,6.355,0.0,-0.002,0.0
0.453,0.003,4.921,0.0,-0.023,0.0
0.453,0.003,4.781,0.0,-0.018,0.0
0.453,0.003,4.769,0.0,-0.016,0.0
0.453,0.003,6.286,0.0,-0.008,0.0
0.453,0.003,4.794,0.0,0.0,0.0
0.453,0.003,4.769,0.0,-0.002,0.0
0.453,0.003,4.837,0.0,-0.011,0.0
0.453,0.003,5.133,0.0,0.0,0.0
0.453,0.003,4.934,0.0,-0.0,0.0
0.453,0.003,5.744,0.0,-0.003,0.0
0.453,0.003,3.988,0.0,0.015,0.0
0.453,0.003,5.321,0.0,-0.004,0.0
0.453,0.003,4.236,0.0,-0.018,0.0
0.453,0.003,5.955,0.0,0.016,0.0
0.453,0.003,4.013,0.0,0.003,0.0
0.453,0.003,5.399,0.0,-0.007,0.0
0.453,0.003,4.028,0.0,-0.014,0.0
0.453,0.003,5.73,0.0,-0.009,0.0
0.453,0.003,4.782,0.0,-0.008,0.0
0.453,0.003,4.354,0.0,-0.006,0.0
0.453,0.003,4.228,0.0,0.008,0.0
0.453,0.003,4.146,0.0,0.001,0.0
0.453,0.003,3.188,0.0,0.002,0.0
0.453,0.003,5.168,0.0,-0.005,0.0
0.453,0.003,5.121,0.0,-0.008,0.0
0.453,0.003,4.392,0.0,-0.016,0.0
0.453,0.003,5.994,0.0,-0.01,0.0
0.453,0.003,4.751,0.0,-0.03,0.0
0.453,0.003,4.705,0.0,0.023,0.0
0.453,0.003,4.857,0.0,0.001,0.0
0.453,0.003,6.435,0.0,-0.013,0.0
0.453,0.003,4.396,0.0,-0.003,0.0
0.453,0.003,5.225,0.0,-0.018,0.0
0.453,0.003,5.131,0.0,0.002,0.0
0.453,0.003,6.181,0.0,0.011,0.0
0.453,0.003,4.464,0.0,-0.006,0.0
0.453,0.003,4.139,0.0,0.001,0.0
0.453,0.003,3.355,0.0,-0.011,0.0
0.453,0.003,5.255,0.0,-0.008,0.0
0.453,0.003,4.925,0.0,0.003,0.0
0.453,0.003,5.532,0.0,-0.023,0.0
0.453,0.003,4.301,0.0,-0.028,0.0
0.453,0.003,3.91,0.0,-0.003,0.0
0.453,0.003,4.87,0.0,-0.011,0.0
0.453,0.003,4.849,0.0,-0.016,0.0
0.453,0.003,5.843,0.0,-0.006,0.0
0.453,0.003,4.951,0.0,0.004,0.0
0.453,0.003,4.386,0.0,-0.013,0.0
0.453,0.003,4.222,0.0,-0.013,0.0
0.453,0.003,3.969,0.0,0.005,0.0
0.454,0.003,4.71,0.0,0.006,0.0
0.454,0.003,4.179,0.0,-0.014,0.0
0.454,0.003,2.594,0.0,0.004,0.0
0.454,0.003,3.978,0.0,-0.012,0.0
0.454,0.003,4.327,0.0,0.002,0.0
0.454,0.003,5.48,0.0,-0.0,0.0
0.454,0.003,4.444,0.0,-0.0,0.0
0.454,0.003,5.068,0.0,-0.015,0.0
0.454,0.003,4.835,0.0,-0.016,0.0
0.454,0.003,5.04,0.0,-0.016,0.0
0.454,0.003,4.227,0.0,-0.015,0.0
0.454,0.003,5.614,0.0,-0.022,0.0
0.454,0.003,4.155,0.0,-0.01,0.0
0.454,0.003,5.289,0.0,-0.002,0.0
0.454,0.003,4.748,0.0,-0.004,0.0
0.454,0.003,3.8,0.0,0.015,0.0
0.454,0.003,3.492,0.0,0.008,0.0
0.454,0.003,5.004,0.0,-0.011,0.0
0.454,0.003,5.213,0.0,-0.0,0.0
0.454,0.003,5.205,0.0,-0.016,0.0
0.454,0.003,5.812,0.0,-0.011,0.0
0.454,0.003,4.239,0.0,-0.003,0.0
0.454,0.003,4.981,0.0,-0.018,0.0
0.454,0.003,6.498,0.0,-0.012,0.0
0.454,0.003,4.195,0.0,-0.01,0.0
0.454,0.003,3.806,0.0,0.007,0.0
0.454,0.003,4.754,0.0,-0.004,0.0
0.454,0.003,4.768,0.0,-0.007,0.0
0.454,0.003,4.798,0.0,-0.024,0.0
0.454,0.003,5.53,0.0,-0.006,0.0
0.454,0.003,5.362,0.0,-0.03,0.0
0.454,0.003,4.768,0.0,-0.004,0.0
0.454,0.003,4.284,0.0,-0.014,0.0
0.454,0.003,5.325,0.0,-0.003,0.0
0.454,0.003,3.655,0.0,-0.002,0.0
0.454,0.003,4.33,0.0,-0.012,0.0
0.454,0.003,5.052,0.0,0.001,0.0
0.454,0.003,5.311,0.0,-0.009,0.0
0.454,0.003,4.9,0.0,0.01,0.0
0.454,0.003,5.132,0.0,-0.013,0.0
0.454,0.003,4.948,0.0,-0.004,0.0
0.454,0.003,3.034,0.0,-0.015,0.0
0.454,0.003,4.16,0.0,0.018,0.0
0.454,0.003,5.266,0.0,-0.01,0.0
0.454,0.003,4.944,0.0,-0.027,0.0
0.454,0.003,6.163,0.0,0.01,0.0
0.454,0.003,5.999,0.0,-0.023,0.0
0.454,0.003,5.472,0.0,-0.007,0.0
0.454,0.003,4.242,0.0,-0.011,0.0
0.454,0.003,3.934,0.0,-0.013,0.0
0.454,0.003,5.119,0.0,0.003,0.0
0.454,0.003,5.22,0.0,0.007,0.0
0.454,0.003,4.213,0.0,0.007,0.0
0.454,0.003,3.569,0.0,-0.003,0.0
0.454,0.003,4.977,0.0,-0.002,0.0
0.454,0.003,4.518,0.0,0.003,0.0
0.454,0.003,5.077,0.0,0.016,0.0
0.454,0.003,5.219,0.0,-0.006,0.0
0.454,0.003,5.432,0.0,-0.008,0.0
0.454,0.003,6.62,0.0,-0.02,0.0
0.454,0.003,5.04,0.0,-0.023,0.0
0.454,0.003,3.882,0.0,0.01,0.0
0.454,0.003,4.556,0.0,-0.011,0.0
0.454,0.003,5.003,0.0,-0.003,0.0
0.454,0.003,4.199,0.0,-0.005,0.0
0.454,0.003,5.977,0.0,-0.015,0.0
0.454,0.003,5.145,0.0,-0.006,0.0
0.454,0.003,5.536,0.0,0.007,0.0
0.454,0.003,4.302,0.0,-0.008,0.0
0.454,0.003,4.443,0.0,0.009,0.0
0.454,0.003,5.899,0.0,0.014,0.0
0.454,0.003,5.362,0.0,-0.005,0.0
0.454,0.003,6.171,0.0,-0.006,0.0
0.454,0.003,4.59,0.0,0.006,0.0
0.454,0.003,4.516,0.0,0.002,0.0
0.454,0.003,4.905,0.0,-0.017,0.0
0.454,0.003,4.561,0.0,-0.003,0.0
0.454,0.003,4.34,0.0,-0.014,0.0
0.454,0.003,4.715,0.0,-0.007,0.0
0.455,0.003,5.506,0.0,-0.012,0.0
0.455,0.003,5.521,0.0,-0.014,0.0
0.455,0.003,4.802,0.0,-0.008,0.0
0.455,0.003,4.948,0.0,-0.006,0.0
0.455,0.003,4.46,0.0,0.005,0.0
0.455,0.003,5.058,0.0,-0.008,0.0
0.455,0.003,4.718,0.0,-0.001,0.0
0.455,0.003,4.842,0.0,-0.013,0.0
0.455,0.003,5.764,0.0,0.003,0.0
0.455,0.003,3.863,0.0,0.011,0.0
0.455,0.003,3.922,0.0,0.019,0.0
0.455,0.003,3.375,0.0,-0.007,0.0
0.455,0.003,4.586,0.0,-0.019,0.0
0.455,0.003,3.503,0.0,0.002,0.0
0.455,0.003,4.572,0.0,-0.008,0.0
0.455,0.003,4.959,0.0,-0.013,0.0
0.455,0.003,5.723,0.0,0.004,0.0
0.455,0.003,5.473,0.0,-0.007,0.0
0.455,0.003,3.934,0.0,-0.011,0.0
0.455,0.003,3.472,0.0,-0.007,0.0
0.455,0.003,4.679,0.0,-0.001,0.0
0.455,0.003,5.363,0.0,-0.013,0.0
0.455,0.003,5.679,0.0,-0.011,0.0
0.455,0.003,3.378,0.0,-0.015,0.0
0.455,0.003,4.962,0.0,-0.01,0.0
0.455,0.003,5.593,0.0,-0.016,0.0
0.455,0.003,5.853,0.0,0.013,0.0
0.455,0.003,5.77,0.0,-0.004,0.0
0.455,0.003,4.327,0.0,0.005,0.0
0.455,0.003,5.335,0.0,0.0,0.0
0.455,0.003,5.087,0.0,-0.026,0.0
0.455,0.003,3.286,0.0,0.006,0.0
0.455,0.003,5.192,0.0,-0.012,0.0
0.455,0.003,4.918,0.0,-0.002,0.0
0.455,0.003,4.052,0.0,0.005,0.0
0.455,0.003,3.353,0.0,0.006,0.0
0.455,0.003,5.293,0.0,0.014,0.0
0.455,0.003,3.762,0.0,0.015,0.0
0.455,0.003,4.586,0.0,0.002,0.0
0.455,0.003,5.0,0.0,-0.013,0.0
0.455,0.003,3.976,0.0,-0.006,0.0
0.455,0.003,5.457,0.0,0.004,0.0
0.455,0.003,5.426,0.0,0.007,0.0
0.455,0.003,4.958,0.0,0.009,0.0
0.455,0.003,4.564,0.0,0.013,0.0
0.455,0.003,4.645,0.0,-0.014,0.0
0.455,0.003,4.871,0.0,-0.017,0.0
0.455,0.003,6.894,0.0,-0.008,0.0
0.455,0.003,4.305,0.0,-0.001,0.0
0.455,0.003,5.327,0.0,-0.005,0.0
0.455,0.003,4.215,0.0,0.004,0.0
0.455,0.003,4.067,0.0,-0.023,0.0
0.455,0.003,4.474,0.0,-0.002,0.0
0.455,0.003,4.813,0.0,0.004,0.0
0.455,0.003,5.801,0.0,-0.003,0.0
0.455,0.003,4.87,0.0,0.002,0.0
0.455,0.003,5.214,0.0,-0.012,0.0
0.455,0.003,4.239,0.0,-0.027,0.0
0.455,0.003,5.157,0.0,0.002,0.0
0.455,0.003,6.382,0.0,-0.004,0.0
0.455,0.003,4.297,0.0,-0.011,0.0
0.455,0.003,4.949,0.0,0.007,0.0
0.455,0.003,4.325,0.0,0.013,0.0
0.455,0.003,5.851,0.0,-0.017,0.0
0.455,0.003,4.448,0.0,0.006,0.0
0.455,0.003,6.087,0.0,-0.018,0.0
0.455,0.003,4.559,0.0,0.002,0.0
0.455,0.003,4.239,0.0,-0.007,0.0
0.455,0.003,3.863,0.0,0.003,0.0
0.455,0.003,4.847,0.0,0.011,0.0
0.455,0.003,4.622,0.0,-0.012,0.0
0.455,0.003,5.583,0.0,-0.013,0.0
0.455,0.003,5.481,0.0,-0.012,0.0
0.455,0.003,5.382,0.0,0.007,0.0
0.455,0.003,4.531,0.0,-0.019,0.0
0.455,0.003,4.284,0.0,-0.011,0.0
0.455,0.003,4.039,0.0,-0.018,0.0
0.455,0.003,4.773,0.0,0.005,0.0
0.455,0.003,4.293,0.0,0.001,0.0
0.456,0.003,5.16,0.0,0.005,0.0
0.456,0.003,4.146,0.0,-0.016,0.0
0.456,0.003,4.136,0.0,-0.015,0.0
0.456,0.003,5.051,0.0,0.002,0.0
0.456,0.003,4.374,0.0,-0.009,0.0
0.456,0.003,3.735,0.0,-0.0,0.0
0.456,0.003,5.186,0.0,-0.005,0.0
0.456,0.003,5.813,0.0,-0.002,0.0
0.456,0.003,4.655,0.0,-0.012,0.0
0.456,0.003,5.49,0.0,-0.013,0.0
0.456,0.003,5.231,0.0,-0.003,0.0
0.456,0.003,3.896,0.0,-0.003,0.0
0.456,0.003,4.917,0.0,-0.012,0.0
0.456,0.003,5.943,0.0,0.017,0.0
0.456,0.003,4.266,0.0,-0.001,0.0
0.456,0.003,5.033,0.0,0.002,0.0
0.456,0.003,4.311,0.0,-0.022,0.0
0.456,0.003,6.047,0.0,-0.007,0.0
0.456,0.003,4.972,0.0,0.009,0.0
0.456,0.003,4.121,0.0,-0.02,0.0
0.456,0.003,4.927,0.0,-0.006,0.0
0.456,0.003,5.652,0.0,-0.01,0.0
0.456,0.003,3.86,0.0,-0.005,0.0
0.456,0.003,3.585,0.0,0.016,0.0
0.456,0.003,4.371,0.0,-0.019,0.0
0.456,0.003,6.873,0.0,-0.009,0.0
0.456,0.003,4.695,0.0,0.005,0.0
0.456,0.003,4.97,0.0,-0.007,0.0
0.456,0.003,3.939,0.0,-0.007,0.0
0.456,0.003,5.144,0.0,-0.002,0.0
0.456,0.003,4.686,0.0,-0.025,0.0
0.456,0.003,4.823,0.0,-0.019,0.0
0.456,0.003,6.479,0.0,-0.014,0.0
0.456,0.003,3.947,0.0,-0.007,0.0
0.456,0.003,5.576,0.0,0.004,0.0
0.456,0.003,3.849,0.0,-0.006,0.0
0.456,0.003,5.208,0.0,-0.013,0.0
0.456,0.003,2.736,0.0,0.008,0.0
0.456,0.003,5.85,0.0,-0.008,0.0
0.456,0.003,4.656,0.0,0.001,0.0
0.456,0.003,4.299,0.0,0.009,0.0
0.456,0.003,4.89,0.0,-0.003,0.0
0.456,0.003,4.989,0.0,0.007,0.0
0.456,0.003,4.354,0.0,-0.015,0.0
0.456,0.003,4.701,0.0,-0.026,0.0
0.456,0.003,4.618,0.0,-0.013,0.0
0.456,0.003,5.188,0.0,-0.015,0.0
0.456,0.003,4.789,0.0,0.011,0.0
0.456,0.003,4.113,0.0,-0.003,0.0
0.456,0.003,4.115,0.0,0.018,0.0
0.456,0.003,4.62,0.0,-0.006,0.0
0.456,0.003,5.207,0.0,-0.012,0.0
0.456,0.003,4.87,0.0,-0.003,0.0
0.456,0.003,5.528,0.0,-0.008,0.0
0.456,0.003,4.628,0.0,-0.008,0.0
0.456,0.003,4.732,0.0,-0.016,0.0
0.456,0.003,4.694,0.0,-0.018,0.0
0.456,0.003,4.49,0.0,-0.017,0.0
0.456,0.003,5.311,0.0,-0.008,0.0
0.456,0.003,4.847,0.0,-0.003,0.0
0.456,0.003,5.441,0.0,-0.015,0.0
0.456,0.003,4.286,0.0,0.001,0.0
0.456,0.003,5.466,0.0,-0.015,0.0
0.456,0.003,5.625,0.0,-0.005,0.0
0.456,0.003,5.288,0.0,0.008,0.0
0.456,0.003,5.525,0.0,-0.022,0.0
0.456,0.003,5.268,0.0,-0.003,0.0
0.456,0.003,5.286,0.0,0.007,0.0
0.456,0.003,4.416,0.0,-0.007,0.0
0.457,0.003,4.511,0.0,-0.002,0.0
0.457,0.003,4.377,0.0,0.005,0.0
0.457,0.003,3.918,0.0,-0.009,0.0
0.457,0.003,4.019,0.0,0.021,0.0
0.457,0.003,4.677,0.0,0.023,0.0
0.457,0.003,5.444,0.0,-0.015,0.0
0.457,0.003,4.132,0.0,0.028,0.0
0.457,0.003,5.07,0.0,0.013,0.0
0.457,0.003,5.811,0.0,0.013,0.0
0.457,0.003,4.711,0.0,-0.016,0.0
0.457,0.003,5.395,0.0,-0.011,0.0
0.457,0.003,5.767,0.0,-0.018,0.0
0.457,0.003,6.682,0.0,-0.01,0.0
0.457,0.003,5.29,0.0,-0.004,0.0
0.457,0.003,4.423,0.0,-0.009,0.0
0.457,0.003,4.748,0.0,0.013,0.0
0.457,0.003,4.35,0.0,-0.005,0.0
0.457,0.003,4.33,0.0,-0.005,0.0
0.457,0.003,5.252,0.0,-0.019,0.0
0.457,0.003,4.729,0.0,0.008,0.0
0.457,0.003,4.594,0.0,0.01,0.0
0.457,0.003,6.522,0.0,-0.025,0.0
0.457,0.003,4.917,0.0,-0.012,0.0
0.457,0.003,5.782,0.0,0.001,0.0
0.457,0.003,4.498,0.0,-0.016,0.0
0.457,0.003,5.439,0.0,-0.008,0.0
0.457,0.003,5.36,0.0,-0.021,0.0
0.457,0.003,4.641,0.0,-0.001,0.0
0.457,0.003,4.011,0.0,0.009,0.0
0.457,0.003,5.346,0.0,-0.015,0.0
0.457,0.003,6.338,0.0,-0.018,0.0
0.457,0.003,4.845,0.0,0.003,0.0
0.457,0.003,4.999,0.0,-0.025,0.0
0.457,0.003,5.085,0.0,0.001,0.0
0.457,0.003,4.308,0.0,0.01,0.0
0.457,0.003,5.691,0.0,0.002,0.0
0.457,0.003,5.583,0.0,-0.006,0.0
0.457,0.003,4.407,0.0,0.006,0.0
0.457,0.003,4.469,0.0,0.009,0.0
0.457,0.003,4.237,0.0,0.005,0.0
0.457,0.003,3.844,0.0,-0.006,0.0
0.457,0.003,4.741,0.0,-0.013,0.0
0.457,0.003,4.997,0.0,-0.019,0.0
0.457,0.003,4.366,0.0,0.003,0.0
0.457,0.003,5.765,0.0,0.009,0.0
0.457,0.003,6.52,0.0,0.013,0.0
0.457,0.003,5.174,0.0,-0.011,0.0
0.457,0.003,4.432,0.0,-0.002,0.0
0.457,0.003,5.928,0.0,-0.009,0.0
0.457,0.003,5.337,0.0,0.003,0.0
0.457,0.003,4.081,0.0,-0.009,0.0
0.457,0.003,5.151,0.0,-0.003,0.0
0.457,0.003,4.017,0.0,0.004,0.0
0.457,0.003,3.658,0.0,0.004,0.0
0.457,0.003,5.724,0.0,0.002,0.0
0.457,0.003,4.066,0.0,-0.015,0.0
0.457,0.003,4.453,0.0,-0.009,0.0
0.457,0.003,6.084,0.0,-0.023,0.0
0.457,0.003,4.359,0.0,-0.007,0.0
0.457,0.003,5.312,0.0,-0.017,0.0
0.457,0.003,5.913,0.0,-0.001,0.0
0.457,0.003,4.751,0.0,0.001,0.0
0.457,0.003,4.588,0.0,-0.008,0.0
0.457,0.003,4.842,0.0,0.013,0.0
0.457,0.003,5.701,0.0,-0.005,0.0
0.457,0.003,4.048,0.0,-0.021,0.0
0.457,0.003,4.466,0.0,-0.019,0.0
0.457,0.003,5.481,0.0,-0.019,0.0
0.457,0.003,6.375,0.0,-0.008,0.0
0.457,0.003,5.339,0.0,-0.004,0.0
0.457,0.003,4.985,0.0,-0.01,0.0
0.457,0.003,5.103,0.0,-0.008,0.0
0.457,0.003,5.437,0.0,-0.014,0.0
0.457,0.003,4.648,0.0,-0.013,0.0
0.457,0.003,4.856,0.0,-0.013,0.0
0.457,0.003,4.25,0.0,-0.003,0.0
0.457,0.003,5.313,0.0,0.007,0.0
0.457,0.003,4.828,0.0,0.005,0.0
0.457,0.003,4.377,0.0,0.004,0.0
0.457,0.003,5.772,0.0,-0.008,0.0
0.457,0.003,6.542,0.0,-0.009,0.0
0.457,0.003,4.713,0.0,-0.016,0.0
0.457,0.003,4.228,0.0,-0.002,0.0
0.457,0.003,5.78,0.0,-0.001,0.0
0.457,0.003,4.514,0.0,0.022,0.0
0.457,0.003,5.499,0.0,0.021,0.0
0.457,0.003,4.764,0.0,-0.004,0.0
0.457,0.003,4.447,0.0,-0.014,0.0
0.457,0.003,5.119,0.0,-0.003,0.0
0.457,0.003,5.304,0.0,0.004,0.0
0.457,0.003,4.576,0.0,-0.002,0.0
0.458,0.003,5.384,0.0,-0.004,0.0
0.458,0.003,4.535,0.0,-0.003,0.0
0.458,0.003,5.186,0.0,-0.012,0.0
0.458,0.003,4.846,0.0,-0.015,0.0
0.458,0.003,4.746,0.0,0.003,0.0
0.458,0.003,3.615,0.0,0.003,0.0
0.458,0.003,4.889,0.0,-0.017,0.0
0.458,0.003,4.471,0.0,-0.025,0.0
0.458,0.003,4.71,0.0,-0.018,0.0
0.458,0.003,5.569,0.0,-0.01,0.0
0.458,0.003,4.937,0.0,0.026,0.0
0.458,0.003,4.726,0.0,-0.003,0.0
0.458,0.003,3.706,0.0,0.02,0.0
0.458,0.003,4.815,0.0,0.002,0.0
0.458,0.003,5.443,0.0,-0.008,0.0
0.458,0.003,3.208,0.0,0.015,0.0
0.458,0.003,5.663,0.0,-0.008,0.0
0.458,0.003,6.944,0.0,-0.005,0.0
0.458,0.003,4.244,0.0,-0.014,0.0
0.458,0.003,4.511,0.0,-0.004,0.0
0.458,0.003,4.625,0.0,0.0,0.0
0.458,0.003,3.554,0.0,0.008,0.0
0.458,0.003,5.174,0.0,-0.013,0.0
0.458,0.003,4.728,0.0,-0.006,0.0
0.458,0.003,4.437,0.0,0.007,0.0
0.458,0.003,4.874,0.0,-0.024,0.0
0.458,0.003,4.474,0.0,-0.007,0.0
0.458,0.003,3.687,0.0,0.025,0.0
0.458,0.003,4.702,0.0,0.006,0.0
0.458,0.003,4.664,0.0,-0.018,0.0
0.458,0.003,4.193,0.0,0.005,0.0
0.458,0.003,5.472,0.0,0.013,0.0
0.458,0.003,4.198,0.0,-0.013,0.0
0.458,0.003,5.29,0.0,0.003,0.0
0.458,0.003,4.269,0.0,0.001,0.0
0.458,0.003,5.394,0.0,-0.015,0.0
0.458,0.003,5.743,0.0,-0.005,0.0
0.458,0.003,5.338,0.0,-0.005,0.0
0.458,0.003,6.611,0.0,0.002,0.0
0.458,0.003,4.116,0.0,-0.009,0.0
0.458,0.003,5.926,0.0,-0.016,0.0
0.458,0.003,5.304,0.0,0.003,0.0
0.458,0.003,4.859,0.0,-0.012,0.0
0.458,0.003,5.203,0.0,-0.004,0.0
0.458,0.003,4.26,0.0,0.003,0.0
0.458,0.003,5.085,0.0,0.008,0.0
0.458,0.003,5.665,0.0,-0.016,0.0
0.458,0.003,5.258,0.0,-0.015,0.0
0.458,0.003,4.75,0.0,0.003,0.0
0.458,0.003,4.692,0.0,-0.011,0.0
0.458,0.003,5.936,0.0,-0.001,0.0
0.458,0.003,5.021,0.0,0.002,0.0
0.458,0.003,4.637,0.0,-0.005,0.0
0.458,0.003,4.989,0.0,-0.001,0.0
0.458,0.003,5.387,0.0,-0.007,0.0
0.458,0.003,5.371,0.0,-0.014,0.0
0.458,0.003,4.116,0.0,-0.001,0.0
0.458,0.003,4.35,0.0,-0.014,0.0
0.458,0.003,3.78,0.0,0.011,0.0
0.458,0.003,4.96,0.0,-0.006,0.0
0.458,0.003,5.053,0.0,-0.009,0.0
0.458,0.003,4.768,0.0,-0.006,0.0
0.458,0.003,4.901,0.0,0.006,0.0
0.458,0.003,4.453,0.0,-0.014,0.0
0.458,0.003,4.213,0.0,-0.013,0.0
0.458,0.003,4.761,0.0,-0.003,0.0
0.458,0.003,5.7,0.0,0.001,0.0
0.458,0.003,6.276,0.0,-0.028,0.0
0.458,0.003,4.781,0.0,0.003,0.0
0.458,0.003,5.019,0.0,-0.011,0.0
0.458,0.003,5.548,0.0,-0.003,0.0
0.458,0.003,5.307,0.0,-0.021,0.0
0.458,0.003,5.657,0.0,-0.004,0.0
0.458,0.003,4.648,0.0,-0.006,0.0
0.458,0.003,5.022,0.0,-0.023,0.0
0.459,0.003,5.442,0.0,-0.009,0.0
0.459,0.003,4.474,0.0,-0.006,0.0
0.459,0.003,5.375,0.0,0.003,0.0
0.459,0.003,4.567,0.0,-0.008,0.0
0.459,0.003,4.453,0.0,-0.02,0.0
0.459,0.003,5.757,0.0,-0.019,0.0
0.459,0.003,3.749,0.0,-0.011,0.0
0.459,0.003,4.642,0.0,0.016,0.0
0.459,0.003,4.998,0.0,-0.004,0.0
0.459,0.003,5.513,0.0,0.001,0.0
0.459,0.003,4.394,0.0,-0.011,0.0
0.459,0.003,4.717,0.0,-0.002,0.0
0.459,0.003,4.128,0.0,-0.003,0.0
0.459,0.003,4.649,0.0,0.009,0.0
0.459,0.003,5.491,0.0,-0.014,0.0
0.459,0.003,4.967,0.0,0.001,0.0
0.459,0.003,4.75,0.0,-0.02,0.0
0.459,0.003,4.532,0.0,-0.001,0.0
0.459,0.003,3.928,0.0,-0.01,0.0
0.459,0.003,4.979,0.0,-0.0,0.0
0.459,0.003,5.256,0.0,-0.014,0.0
0.459,0.003,4.485,0.0,0.004,0.0
0.459,0.003,5.113,0.0,0.021,0.0
0.459,0.003,5.125,0.0,0.015,0.0
0.459,0.003,3.955,0.0,-0.001,0.0
0.459,0.003,4.956,0.0,0.002,0.0
0.459,0.003,4.356,0.0,-0.014,0.0
0.459,0.003,4.921,0.0,0.008,0.0
0.459,0.003,3.807,0.0,-0.004,0.0
0.459,0.003,4.998,0.0,-0.005,0.0
0.459,0.003,5.845,0.0,-0.018,0.0
0.459,0.003,4.806,0.0,-0.022,0.0
0.459,0.003,4.735,0.0,0.003,0.0
0.459,0.003,3.045,0.0,-0.008,0.0
0.459,0.003,4.769,0.0,-0.01,0.0
0.459,0.003,4.495,0.0,-0.022,0.0
0.459,0.003,5.585,0.0,0.009,0.0
0.459,0.003,4.8,0.0,-0.014,0.0
0.459,0.003,4.998,0.0,-0.01,0.0
0.459,0.003,5.359,0.0,-0.016,0.0
0.459,0.003,4.973,0.0,-0.004,0.0
0.459,0.003,5.572,0.0,-0.019,0.0
0.459,0.003,3.632,0.0,-0.008,0.0
0.459,0.003,5.443,0.0,-0.004,0.0
0.459,0.003,5.461,0.0,-0.013,0.0
0.459,0.003,4.696,0.0,0.003,0.0
0.459,0.003,5.35,0.0,-0.021,0.0
0.459,0.003,4.509,0.0,-0.008,0.0
0.459,0.003,4.954,0.0,-0.01,0.0
0.459,0.003,4.231,0.0,0.005,0.0
0.459,0.003,5.881,0.0,-0.012,0.0
0.459,0.003,4.891,0.0,0.002,0.0
0.459,0.003,5.033,0.0,0.006,0.0
0.459,0.003,5.137,0.0,-0.019,0.0
0.459,0.003,5.581,0.0,0.0,0.0
0.459,0.003,5.126,0.0,0.001,0.0
0.459,0.003,7.092,0.0,-0.005,0.0
0.459,0.003,4.471,0.0,-0.009,0.0
0.459,0.003,4.558,0.0,0.002,0.0
0.459,0.003,4.284,0.0,0.003,0.0
0.459,0.003,4.794,0.0,-0.004,0.0
0.459,0.003,5.007,0.0,0.004,0.0
0.459,0.003,4.368,0.0,-0.005,0.0
0.459,0.003,4.501,0.0,-0.002,0.0
0.459,0.003,5.367,0.0,-0.02,0.0
0.459,0.003,3.32,0.0,-0.007,0.0
0.459,0.003,4.597,0.0,-0.008,0.0
0.459,0.003,3.879,0.0,0.012,0.0
0.459,0.003,5.201,0.0,-0.041,0.0
0.459,0.003,5.698,0.0,-0.008,0.0
0.459,0.003,4.119,0.0,0.001,0.0
0.459,0.003,4.65,0.0,-0.003,0.0
0.459,0.003,4.944,0.0,-0.01,0.0
0.459,0.003,5.579,0.0,0.006,0.0
0.459,0.003,4.368,0.0,-0.008,0.0
0.459,0.003,4.628,0.0,-0.017,0.0
0.459,0.003,5.057,0.0,0.006,0.0
0.459,0.003,5.301,0.0,-0.005,0.0
0.459,0.003,4.445,0.0,-0.009,0.0
0.459,0.003,5.521,0.0,-0.015,0.0
0.459,0.003,5.04,0.0,-0.018,0.0
0.459,0.003,4.701,0.0,0.005,0.0
0.459,0.003,6.272,0.0,-0.001,0.0
0.459,0.003,4.631,0.0,0.028,0.0
0.46,0.003,3.983,0.0,-0.021,0.0
0.46,0.003,6.095,0.0,-0.008,0.0
0.46,0.003,4.767,0.0,0.002,0.0
0.46,0.003,4.819,0.0,-0.024,0.0
0.46,0.003,5.016,0.0,-0.002,0.0
0.46,0.003,4.745,0.0,-0.011,0.0
0.46,0.003,3.317,0.0,0.02,0.0
0.46,0.003,4.548,0.0,0.002,0.0
0.46,0.003,5.888,0.0,0.01,0.0
0.46,0.003,5.882,0.0,-0.012,0.0
0.46,0.003,4.958,0.0,0.003,0.0
0.46,0.003,4.426,0.0,-0.004,0.0
0.46,0.003,4.02,0.0,-0.001,0.0
0.46,0.003,4.956,0.0,-0.001,0.0
0.46,0.003,5.303,0.0,0.006,0.0
0.46,0.003,4.265,0.0,-0.004,0.0
0.46,0.003,5.085,0.0,-0.018,0.0
0.46,0.003,5.042,0.0,-0.014,0.0
0.46,0.003,5.227,0.0,-0.03,0.0
0.46,0.003,5.112,0.0,-0.011,0.0
0.46,0.003,5.278,0.0,-0.011,0.0
0.46,0.003,5.697,0.0,-0.002,0.0
0.46,0.003,4.831,0.0,-0.008,0.0
0.46,0.003,4.923,0.0,-0.003,0.0
0.46,0.003,5.057,0.0,-0.009,0.0
0.46,0.003,4.544,0.0,-0.013,0.0
0.46,0.003,6.18,0.0,-0.0,0.0
0.46,0.003,5.076,0.0,0.003,0.0
0.46,0.003,5.833,0.0,0.004,0.0
0.46,0.003,3.998,0.0,-0.009,0.0
0.46,0.003,4.192,0.0,-0.021,0.0
0.46,0.003,3.755,0.0,-0.013,0.0
0.46,0.003,4.844,0.0,-0.02,0.0
0.46,0.003,4.959,0.0,0.005,0.0
0.46,0.003,5.565,0.0,-0.012,0.0
0.46,0.003,5.138,0.0,-0.025,0.0
0.46,0.003,4.447,0.0,-0.002,0.0
0.46,0.003,4.644,0.0,0.022,0.0
0.46,0.003,4.08,0.0,0.006,0.0
0.46,0.003,4.843,0.0,0.006,0.0
0.46,0.003,4.868,0.0,-0.003,0.0
0.46,0.003,4.734,0.0,-0.013,0.0
0.46,0.003,6.01,0.0,-0.022,0.0
0.46,0.003,4.559,0.0,-0.019,0.0
0.46,0.003,5.502,0.0,0.008,0.0
0.46,0.003,4.307,0.0,-0.019,0.0
0.46,0.003,5.013,0.0,-0.003,0.0
0.46,0.003,4.885,0.0,-0.026,0.0
0.46,0.003,4.453,0.0,0.02,0.0
0.46,0.003,4.459,0.0,0.005,0.0
0.46,0.003,4.691,0.0,0.012,0.0
0.46,0.003,5.41,0.0,0.008,0.0
0.46,0.003,5.041,0.0,-0.018,0.0
0.46,0.003,5.242,0.0,0.007,0.0
0.46,0.003,5.63,0.0,-0.009,0.0
0.46,0.003,4.443,0.0,-0.026,0.0
0.46,0.003,4.474,0.0,0.003,0.0
0.46,0.003,5.85,0.0,-0.002,0.0
0.46,0.003,5.326,0.0,0.003,0.0
0.46,0.003,4.662,0.0,-0.008,0.0
0.46,0.003,5.393,0.0,0.005,0.0
0.46,0.003,5.261,0.0,-0.003,0.0
0.46,0.003,3.567,0.0,0.005,0.0
0.46,0.003,4.652,0.0,-0.006,0.0
0.46,0.003,5.305,0.0,-0.023,0.0
0.46,0.003,5.171,0.0,-0.018,0.0
0.46,0.003,4.342,0.0,-0.009,0.0
0.46,0.003,4.765,0.0,-0.009,0.0
0.46,0.003,3.274,0.0,0.001,0.0
0.46,0.003,4.668,0.0,-0.005,0.0
0.46,0.003,5.656,0.0,0.001,0.0
0.46,0.003,4.309,0.0,-0.002,0.0
0.46,0.003,3.726,0.0,-0.018,0.0
0.46,0.003,4.78,0.0,-0.008,0.0
0.46,0.003,4.103,0.0,-0.002,0.0
0.46,0.003,5.414,0.0,0.013,0.0
0.46,0.003,4.622,0.0,-0.025,0.0
0.461,0.003,5.667,0.0,-0.011,0.0
0.461,0.003,4.189,0.0,-0.002,0.0
0.461,0.003,6.073,0.0,-0.012,0.0
0.461,0.003,5.184,0.0,-0.011,0.0
0.461,0.003,4.426,0.0,-0.003,0.0
0.461,0.003,4.137,0.0,0.003,0.0
0.461,0.003,5.031,0.0,-0.018,0.0
0.461,0.003,5.271,0.0,-0.012,0.0
0.461,0.003,3.918,0.0,-0.015,0.0
0.461,0.003,4.414,0.0,-0.003,0.0
0.461,0.003,5.615,0.0,0.001,0.0
0.461,0.003,5.639,0.0,-0.012,0.0
0.461,0.003,4.516,0.0,0.003,0.0
0.461,0.003,5.268,0.0,-0.012,0.0
0.461,0.003,4.885,0.0,0.002,0.0
0.461,0.003,4.487,0.0,-0.015,0.0
0.461,0.003,5.796,0.0,0.003,0.0
0.461,0.003,5.182,0.0,-0.009,0.0
0.461,0.003,3.397,0.0,0.009,0.0
0.461,0.003,5.24,0.0,0.005,0.0
0.461,0.003,3.448,0.0,-0.01,0.0
0.461,0.003,5.029,0.0,-0.025,0.0
0.461,0.003,4.018,0.0,-0.004,0.0
0.461,0.003,6.593,0.0,0.0,0.0
0.461,0.003,4.811,0.0,-0.003,0.0
0.461,0.003,4.958,0.0,-0.001,0.0
0.461,0.003,4.71,0.0,0.004,0.0
0.461,0.003,4.484,0.0,-0.001,0.0
0.461,0.003,4.381,0.0,0.005,0.0
0.461,0.003,5.18,0.0,-0.001,0.0
0.461,0.003,4.615,0.0,-0.015,0.0
0.461,0.003,6.041,0.0,-0.01,0.0
0.461,0.003,5.624,0.0,0.009,0.0
0.461,0.003,5.51,0.0,-0.013,0.0
0.461,0.003,4.685,0.0,0.006,0.0
0.461,0.003,4.902,0.0,-0.025,0.0
0.461,0.003,4.872,0.0,-0.003,0.0
0.461,0.003,5.539,0.0,-0.01,0.0
0.461,0.003,5.646,0.0,-0.014,0.0
0.461,0.003,5.405,0.0,-0.01,0.0
0.461,0.003,4.704,0.0,0.007,0.0
0.461,0.003,4.513,0.0,0.002,0.0
0.461,0.003,3.735,0.0,-0.007,0.0
0.461,0.003,4.504,0.0,-0.005,0.0
0.461,0.003,4.209,0.0,0.016,0.0
0.461,0.003,5.339,0.0,0.008,0.0
0.461,0.003,4.029,0.0,0.009,0.0
0.461,0.003,3.502,0.0,0.006,0.0
0.461,0.003,3.798,0.0,-0.005,0.0
0.461,0.003,4.21,0.0,-0.009,0.0
0.461,0.003,4.895,0.0,0.003,0.0
0.461,0.003,4.887,0.0,0.0,0.0
0.461,0.003,4.29,0.0,0.009,0.0
0.461,0.003,3.015,0.0,0.007,0.0
0.461,0.003,5.026,0.0,-0.003,0.0
0.461,0.003,6.64,0.0,-0.017,0.0
0.461,0.003,3.905,0.0,0.02,0.0
0.461,0.003,4.447,0.0,-0.003,0.0
0.461,0.003,5.12,0.0,-0.02,0.0
0.461,0.003,5.014,0.0,-0.013,0.0
0.461,0.003,5.354,0.0,0.002,0.0
0.461,0.003,4.345,0.0,0.01,0.0
0.461,0.003,3.753,0.0,-0.004,0.0
0.461,0.003,4.616,0.0,-0.008,0.0
0.462,0.003,5.508,0.0,-0.024,0.0
0.462,0.003,5.208,0.0,0.015,0.0
0.462,0.003,7.045,0.0,0.009,0.0
0.462,0.003,4.449,0.0,-0.001,0.0
0.462,0.003,5.62,0.0,-0.018,0.0
0.462,0.003,5.095,0.0,-0.022,0.0
0.462,0.003,4.567,0.0,0.01,0.0
0.462,0.003,4.465,0.0,0.008,0.0
0.462,0.003,4.465,0.0,-0.01,0.0
0.462,0.003,4.346,0.0,-0.013,0.0
0.462,0.003,4.785,0.0,-0.001,0.0
0.462,0.003,5.55,0.0,0.0,0.0
0.462,0.003,3.746,0.0,-0.003,0.0
0.462,0.003,4.55,0.0,0.008,0.0
0.462,0.003,4.047,0.0,-0.013,0.0
0.462,0.003,4.362,0.0,-0.003,0.0
0.462,0.003,4.761,0.0,0.011,0.0
0.462,0.003,4.8,0.0,-0.031,0.0
0.462,0.003,5.193,0.0,-0.02,0.0
0.462,0.003,4.345,0.0,0.004,0.0
0.462,0.003,5.238,0.0,-0.007,0.0
0.462,0.003,6.512,0.0,-0.014,0.0
0.462,0.003,4.08,0.0,-0.022,0.0
0.462,0.003,5.838,0.0,0.003,0.0
0.462,0.003,4.669,0.0,-0.012,0.0
0.462,0.003,5.097,0.0,-0.003,0.0
0.462,0.003,5.999,0.0,-0.032,0.0
0.462,0.003,5.236,0.0,0.009,0.0
0.462,0.003,3.919,0.0,0.017,0.0
0.462,0.003,5.546,0.0,0.002,0.0
0.462,0.003,4.026,0.0,-0.008,0.0
0.462,0.003,4.615,0.0,-0.014,0.0
0.462,0.003,4.851,0.0,0.001,0.0
0.462,0.003,4.46,0.0,-0.006,0.0
0.462,0.003,6.003,0.0,-0.011,0.0
0.462,0.003,5.389,0.0,0.007,0.0
0.462,0.003,3.961,0.0,0.005,0.0
0.462,0.003,6.033,0.0,-0.005,0.0
0.462,0.003,5.773,0.0,-0.012,0.0
0.462,0.003,4.451,0.0,0.011,0.0
0.462,0.003,5.309,0.0,0.006,0.0
0.462,0.003,4.923,0.0,-0.016,0.0
0.462,0.003,4.506,0.0,0.013,0.0
0.462,0.003,5.064,0.0,-0.0,0.0
0.462,0.003,5.809,0.0,-0.009,0.0
0.462,0.003,5.067,0.0,-0.023,0.0
0.462,0.003,4.484,0.0,-0.009,0.0
0.462,0.003,5.664,0.0,-0.024,0.0
0.462,0.003,4.899,0.0,-0.01,0.0
0.462,0.003,3.841,0.0,0.008,0.0
0.462,0.003,4.525,0.0,-0.012,0.0
0.462,0.003,5.904,0.0,-0.008,0.0
0.462,0.003,4.186,0.0,-0.017,0.0
0.462,0.003,4.233,0.0,-0.003,0.0
0.462,0.003,5.288,0.0,-0.021,0.0
0.462,0.003,5.059,0.0,0.011,0.0
0.462,0.003,4.033,0.0,-0.009,0.0
0.462,0.003,4.91,0.0,-0.027,0.0
0.462,0.003,5.069,0.0,0.002,0.0
0.462,0.003,5.889,0.0,0.002,0.0
0.462,0.003,4.929,0.0,-0.001,0.0
0.462,0.003,4.136,0.0,-0.011,0.0
0.462,0.003,4.839,0.0,-0.005,0.0
0.462,0.003,6.688,0.0,-0.004,0.0
0.462,0.003,5.781,0.0,0.018,0.0
0.462,0.003,4.639,0.0,0.001,0.0
0.462,0.003,4.693,0.0,-0.004,0.0
0.462,0.003,3.419,0.0,-0.012,0.0
0.462,0.003,4.541,0.0,-0.009,0.0
0.462,0.003,4.748,0.0,-0.003,0.0
0.462,0.003,5.058,0.0,-0.007,0.0
0.462,0.003,5.16,0.0,-0.006,0.0
0.462,0.003,4.251,0.0,-0.011,0.0
0.462,0.003,5.917,0.0,-0.013,0.0
0.462,0.003,4.39,0.0,-0.015,0.0
0.462,0.003,4.865,0.0,-0.006,0.0
0.462,0.003,5.249,0.0,-0.003,0.0
0.462,0.003,4.368,0.0,0.002,0.0
0.462,0.003,5.321,0.0,-0.003,0.0
0.462,0.003,4.661,0.0,-0.001,0.0
0.462,0.003,3.893,0.0,-0.009,0.0
0.462,0.003,5.205,0.0,0.003,0.0
0.462,0.003,4.446,0.0,-0.008,0.0
0.463,0.003,5.818,0.0,0.001,0.0
0.463,0.003,5.642,0.0,-0.027,0.0
0.463,0.003,4.131,0.0,-0.005,0.0
0.463,0.003,4.606,0.0,0.006,0.0
0.463,0.003,5.604,0.0,-0.005,0.0
0.463,0.003,5.343,0.0,-0.015,0.0
0.463,0.003,4.002,0.0,-0.009,0.0
0.463,0.003,5.127,0.0,-0.014,0.0
0.463,0.003,4.488,0.0,-0.014,0.0
0.463,0.003,5.354,0.0,0.001,0.0
0.463,0.003,4.47,0.0,-0.012,0.0
0.463,0.003,5.132,0.0,0.002,0.0
0.463,0.003,4.12,0.0,0.0,0.0
0.463,0.003,4.96,0.0,-0.0,0.0
0.463,0.003,4.71,0.0,-0.013,0.0
0.463,0.003,3.995,0.0,0.009,0.0
0.463,0.003,5.392,0.0,0.007,0.0
0.463,0.003,4.095,0.0,-0.002,0.0
0.463,0.003,5.033,0.0,-0.01,0.0
0.463,0.003,4.626,0.0,-0.019,0.0
0.463,0.003,4.284,0.0,-0.001,0.0
0.463,0.003,5.504,0.0,0.015,0.0
0.463,0.003,5.81,0.0,0.005,0.0
0.463,0.003,5.07,0.0,-0.015,0.0
0.463,0.003,4.741,0.0,-0.003,0.0
0.463,0.003,4.554,0.0,0.001,0.0
0.463,0.003,4.172,0.0,-0.003,0.0
0.463,0.003,5.546,0.0,0.015,0.0
0.463,0.003,3.619,0.0,0.007,0.0
0.463,0.003,5.237,0.0,-0.008,0.0
0.463,0.003,5.023,0.0,-0.013,0.0
0.463,0.003,4.981,0.0,0.003,0.0
0.463,0.003,3.579,0.0,-0.018,0.0
0.463,0.003,5.005,0.0,0.002,0.0
0.463,0.003,5.819,0.0,-0.003,0.0
0.463,0.003,4.828,0.0,-0.011,0.0
0.463,0.003,4.575,0.0,0.0,0.0
0.463,0.003,4.781,0.0,-0.01,0.0
0.463,0.003,4.418,0.0,0.004,0.0
0.463,0.003,6.059,0.0,-0.015,0.0
0.463,0.003,4.511,0.0,-0.012,0.0
0.463,0.003,4.386,0.0,-0.022,0.0
0.463,0.003,4.329,0.0,0.014,0.0
0.463,0.003,5.315,0.0,-0.002,0.0
0.463,0.003,3.916,0.0,-0.018,0.0
0.463,0.003,5.722,0.0,0.009,0.0
0.463,0.003,4.156,0.0,0.005,0.0
0.463,0.003,4.714,0.0,-0.007,0.0
0.463,0.003,5.219,0.0,0.007,0.0
0.463,0.003,4.929,0.0,-0.007,0.0
0.463,0.003,4.478,0.0,-0.023,0.0
0.463,0.003,5.247,0.0,0.015,0.0
0.463,0.003,5.811,0.0,-0.014,0.0
0.463,0.003,4.69,0.0,-0.003,0.0
0.463,0.003,3.777,0.0,0.002,0.0
0.463,0.003,5.34,0.0,0.009,0.0
0.463,0.003,5.43,0.0,0.01,0.0
0.463,0.003,5.942,0.0,-0.002,0.0
0.463,0.003,4.462,0.0,-0.002,0.0
0.463,0.003,4.688,0.0,-0.034,0.0
0.463,0.003,5.258,0.0,-0.029,0.0
0.463,0.003,5.444,0.0,-0.019,0.0
0.463,0.003,3.712,0.0,-0.017,0.0
0.463,0.003,4.735,0.0,-0.012,0.0
0.463,0.003,4.373,0.0,-0.026,0.0
0.463,0.003,4.138,0.0,-0.002,0.0
0.463,0.003,5.875,0.0,-0.011,0.0
0.463,0.003,5.214,0.0,0.012,0.0
0.464,0.003,5.379,0.0,-0.015,0.0
0.464,0.003,4.264,0.0,0.009,0.0
0.464,0.003,4.054,0.0,0.015,0.0
0.464,0.003,4.32,0.0,0.009,0.0
0.464,0.003,5.094,0.0,-0.017,0.0
0.464,0.003,5.572,0.0,-0.005,0.0
0.464,0.003,5.979,0.0,-0.01,0.0
0.464,0.003,5.968,0.0,-0.017,0.0
0.464,0.003,5.544,0.0,-0.019,0.0
0.464,0.003,5.058,0.0,0.01,0.0
0.464,0.003,4.536,0.0,0.004,0.0
0.464,0.003,4.048,0.0,-0.01,0.0
0.464,0.003,5.457,0.0,-0.007,0.0
0.464,0.003,4.821,0.0,0.011,0.0
0.464,0.003,4.407,0.0,-0.002,0.0
0.464,0.003,4.796,0.0,0.014,0.0
0.464,0.003,5.952,0.0,-0.004,0.0
0.464,0.003,4.67,0.0,-0.007,0.0
0.464,0.003,4.62,0.0,-0.006,0.0
0.464,0.003,3.89,0.0,-0.013,0.0
0.464,0.003,4.534,0.0,-0.005,0.0
0.464,0.003,6.088,0.0,0.005,0.0
0.464,0.003,4.985,0.0,-0.007,0.0
0.464,0.003,5.165,0.0,0.006,0.0
0.464,0.003,4.82,0.0,-0.003,0.0
0.464,0.003,3.065,0.0,-0.01,0.0
0.464,0.003,5.421,0.0,0.006,0.0
0.464,0.003,5.308,0.0,0.001,0.0
0.464,0.003,3.892,0.0,0.003,0.0
0.464,0.003,4.827,0.0,0.002,0.0
0.464,0.003,6.084,0.0,0.004,0.0
0.464,0.003,5.393,0.0,-0.006,0.0
0.464,0.003,5.25,0.0,0.004,0.0
0.464,0.003,4.84,0.0,-0.023,0.0
0.464,0.003,3.644,0.0,-0.005,0.0
0.464,0.003,4.121,0.0,-0.017,0.0
0.464,0.003,5.293,0.0,0.006,0.0
0.464,0.003,5.479,0.0,0.009,0.0
0.464,0.003,5.291,0.0,-0.013,0.0
0.464,0.003,5.529,0.0,0.011,0.0
0.464,0.003,4.458,0.0,0.003,0.0
0.464,0.003,5.739,0.0,-0.013,0.0
0.464,0.003,6.438,0.0,-0.026,0.0
0.464,0.003,3.912,0.0,0.001,0.0
0.464,0.003,5.506,0.0,0.012,0.0
0.464,0.003,4.815,0.0,0.004,0.0
0.464,0.003,4.775,0.0,0.029,0.0
0.464,0.003,5.779,0.0,-0.008,0.0
0.464,0.003,5.179,0.0,-0.004,0.0
0.464,0.003,4.191,0.0,0.008,0.0
0.464,0.003,5.458,0.0,-0.002,0.0
0.464,0.003,3.053,0.0,0.019,0.0
0.464,0.003,5.332,0.0,-0.009,0.0
0.464,0.003,5.093,0.0,-0.006,0.0
0.464,0.003,4.34,0.0,0.015,0.0
0.464,0.003,4.02,0.0,0.031,0.0
0.464,0.003,6.482,0.0,-0.011,0.0
0.464,0.003,4.85,0.0,-0.009,0.0
0.464,0.003,5.116,0.0,0.01,0.0
0.464,0.003,4.884,0.0,-0.004,0.0
0.464,0.003,4.9,0.0,-0.011,0.0
0.464,0.003,5.811,0.0,-0.012,0.0
0.464,0.003,4.754,0.0,0.0,0.0
0.464,0.003,3.461,0.0,-0.006,0.0
0.464,0.003,4.039,0.0,-0.015,0.0
0.464,0.003,5.106,0.0,-0.011,0.0
0.464,0.003,5.446,0.0,-0.011,0.0
0.464,0.003,4.447,0.0,-0.002,0.0
0.464,0.003,6.279,0.0,0.013,0.0
0.464,0.003,5.0,0.0,-0.021,0.0
0.464,0.003,5.128,0.0,-0.022,0.0
0.464,0.003,5.298,0.0,-0.016,0.0
0.464,0.003,3.488,0.0,-0.016,0.0
0.464,0.003,4.862,0.0,-0.005,0.0
0.464,0.003,7.018,0.0,-0.001,0.0
0.464,0.003,6.037,0.0,-0.016,0.0
0.464,0.003,6.01,0.0,-0.014,0.0
0.464,0.003,5.33,0.0,-0.012,0.0
0.464,0.003,4.71,0.0,-0.009,0.0
0.464,0.003,5.059,0.0,0.014,0.0
0.464,0.003,3.174,0.0,-0.0,0.0
0.464,0.003,5.509,0.0,-0.011,0.0
0.464,0.003,6.229,0.0,-0.005,0.0
0.464,0.003,5.182,0.0,-0.014,0.0
0.464,0.003,3.819,0.0,-0.004,0.0
0.464,0.003,4.476,0.0,-0.019,0.0
0.465,0.003,5.128,0.0,0.009,0.0
0.465,0.003,4.716,0.0,-0.011,0.0
0.465,0.003,4.59,0.0,-0.018,0.0
0.465,0.003,5.242,0.0,0.012,0.0
0.465,0.003,3.976,0.0,-0.018,0.0
0.465,0.003,5.035,0.0,-0.007,0.0
0.465,0.003,5.292,0.0,-0.013,0.0
0.465,0.003,6.275,0.0,-0.016,0.0
0.465,0.003,5.074,0.0,-0.004,0.0
0.465,0.003,4.897,0.0,0.022,0.0
0.465,0.003,4.015,0.0,-0.011,0.0
0.465,0.003,6.117,0.0,-0.013,0.0
0.465,0.003,3.798,0.0,0.016,0.0
0.465,0.003,5.002,0.0,-0.029,0.0
0.465,0.003,5.92,0.0,-0.006,0.0
0.465,0.003,4.912,0.0,0.0,0.0
0.465,0.003,5.345,0.0,-0.015,0.0
0.465,0.003,3.966,0.0,0.016,0.0
0.465,0.003,4.181,0.0,-0.007,0.0
0.465,0.003,4.843,0.0,-0.017,0.0
0.465,0.003,5.219,0.0,0.005,0.0
0.465,0.003,4.584,0.0,-0.017,0.0
0.465,0.003,3.711,0.0,0.001,0.0
0.465,0.003,4.674,0.0,0.009,0.0
0.465,0.003,4.436,0.0,0.007,0.0
0.465,0.003,5.652,0.0,0.022,0.0
0.465,0.003,5.031,0.0,-0.003,0.0
0.465,0.003,4.706,0.0,0.001,0.0
0.465,0.003,5.133,0.0,-0.026,0.0
0.465,0.003,4.598,0.0,-0.011,0.0
0.465,0.003,5.122,0.0,0.005,0.0
0.465,0.003,4.284,0.0,0.002,0.0
0.465,0.003,4.878,0.0,-0.001,0.0
0.465,0.003,4.853,0.0,-0.015,0.0
0.465,0.003,5.505,0.0,-0.0,0.0
0.465,0.003,5.392,0.0,0.006,0.0
0.465,0.003,4.57,0.0,-0.006,0.0
0.465,0.003,5.567,0.0,0.005,0.0
0.465,0.003,3.595,0.0,-0.016,0.0
0.465,0.003,5.253,0.333,-0.006,0.0
0.465,0.003,4.979,0.0,0.001,0.0
0.465,0.003,5.126,0.0,-0.009,0.0
0.465,0.003,6.693,0.0,-0.007,0.0
0.465,0.003,4.36,0.0,0.007,0.0
0.465,0.003,5.11,0.0,-0.012,0.0
0.465,0.003,5.893,0.0,-0.01,0.0
0.465,0.003,5.34,0.0,0.003,0.0
0.465,0.003,5.885,0.0,-0.026,0.0
0.465,0.003,5.209,0.0,-0.029,0.0
0.465,0.003,5.04,0.0,-0.016,0.0
0.465,0.003,4.653,0.0,0.006,0.0
0.465,0.003,6.503,0.0,-0.01,0.0
0.465,0.003,3.49,0.0,-0.006,0.0
0.465,0.003,4.538,0.0,-0.001,0.0
0.465,0.003,5.194,0.0,0.004,0.0
0.465,0.003,4.581,0.0,0.008,0.0
0.465,0.003,5.612,0.0,-0.013,0.0
0.465,0.003,5.01,0.0,0.007,0.0
0.465,0.003,4.234,0.0,-0.013,0.0
0.465,0.003,5.491,0.0,0.021,0.0
0.465,0.003,4.155,0.0,0.007,0.0
0.465,0.003,5.283,0.0,-0.003,0.0
0.465,0.003,4.656,0.0,-0.017,0.0
0.465,0.003,5.465,0.0,-0.004,0.0
0.465,0.003,4.841,0.0,0.011,0.0
0.465,0.003,5.045,0.0,-0.006,0.0
0.465,0.003,4.807,0.0,0.016,0.0
0.465,0.003,5.854,0.0,-0.016,0.0
0.465,0.003,4.866,0.0,-0.012,0.0
0.465,0.003,4.55,0.0,-0.013,0.0
0.465,0.003,5.476,0.0,-0.014,0.0
0.465,0.003,5.195,0.0,-0.028,0.0
0.465,0.003,4.268,0.0,0.003,0.0
0.465,0.003,5.621,0.0,-0.011,0.0
0.465,0.003,4.933,0.0,0.0,0.0
0.465,0.003,5.001,0.0,0.019,0.0
0.465,0.003,5.039,0.0,-0.005,0.0
0.465,0.003,4.785,0.0,0.001,0.0
0.465,0.003,4.595,0.0,-0.028,0.0
0.465,0.003,3.417,0.0,0.019,0.0
0.465,0.003,5.568,0.0,-0.004,0.0
0.465,0.003,5.861,0.0,-0.007,0.0
0.465,0.003,4.779,0.0,-0.01,0.0
0.465,0.003,4.643,0.0,0.001,0.0
0.465,0.003,4.739,0.0,0.001,0.0
0.465,0.003,4.514,0.0,-0.017,0.0
0.465,0.003,5.209,0.0,-0.005,0.0
0.465,0.003,4.265,0.0,-0.006,0.0
0.465,0.003,3.439,0.0,0.003,0.0
0.465,0.003,4.907,0.0,0.01,0.0
0.465,0.003,5.307,0.0,-0.016,0.0
0.465,0.003,6.106,0.0,-0.005,0.0
0.465,0.003,4.638,0.0,0.002,0.0
0.466,0.003,5.427,0.0,0.007,0.0
0.466,0.003,4.959,0.0,-0.007,0.0
0.466,0.003,4.046,0.0,-0.004,0.0
0.466,0.003,5.527,0.0,-0.016,0.0
0.466,0.003,5.39,0.0,-0.036,0.0
0.466,0.003,5.445,0.0,-0.009,0.0
0.466,0.003,5.723,0.0,-0.023,0.0
0.466,0.003,4.403,0.0,-0.006,0.0
0.466,0.003,4.564,0.0,-0.002,0.0
0.466,0.003,4.824,0.0,-0.023,0.0
0.466,0.003,4.501,0.0,0.001,0.0
0.466,0.003,6.392,0.0,0.001,0.0
0.466,0.003,3.383,0.0,-0.005,0.0
0.466,0.003,5.554,0.0,-0.025,0.0
0.466,0.003,5.553,0.0,-0.011,0.0
0.466,0.003,4.629,0.0,-0.018,0.0
0.466,0.003,5.941,0.0,-0.019,0.0
0.466,0.003,5.65,0.0,-0.002,0.0
0.466,0.003,5.616,0.0,0.003,0.0
0.466,0.003,5.777,0.0,0.015,0.0
0.466,0.003,4.193,0.0,-0.014,0.0
0.466,0.003,4.361,0.0,0.023,0.0
0.466,0.003,4.513,0.0,0.002,0.0
0.466,0.003,5.727,0.0,-0.024,0.0
0.466,0.003,4.811,0.0,-0.021,0.0
0.466,0.003,5.177,0.0,0.005,0.0
0.466,0.003,4.917,0.0,0.001,0.0
0.466,0.003,3.838,0.0,0.006,0.0
0.466,0.003,5.198,0.0,-0.012,0.0
0.466,0.003,5.001,0.0,-0.016,0.0
0.466,0.003,5.113,0.0,0.003,0.0
0.466,0.003,5.317,0.0,-0.007,0.0
0.466,0.003,4.762,0.0,0.012,0.0
0.466,0.003,4.476,0.0,-0.003,0.0
0.466,0.003,4.653,0.0,-0.015,0.0
0.466,0.003,6.45,0.0,0.007,0.0
0.466,0.003,5.169,0.0,-0.009,0.0
0.466,0.003,5.776,0.0,-0.008,0.0
0.466,0.003,3.924,0.0,-0.009,0.0
0.466,0.003,3.667,0.0,-0.013,0.0
0.466,0.003,4.831,0.0,-0.005,0.0
0.466,0.003,5.417,0.0,0.014,0.0
0.466,0.003,4.557,0.0,-0.0,0.0
0.466,0.003,4.816,0.0,-0.027,0.0
0.466,0.003,4.639,0.0,-0.024,0.0
0.466,0.003,5.087,0.0,0.006,0.0
0.466,0.003,4.648,0.0,-0.017,0.0
0.466,0.003,6.142,0.0,-0.009,0.0
0.466,0.003,6.649,0.0,-0.008,0.0
0.466,0.003,4.996,0.0,0.001,0.0
0.466,0.003,4.778,0.0,-0.002,0.0
0.466,0.003,4.906,0.0,-0.021,0.0
0.466,0.003,4.051,0.0,0.002,0.0
0.466,0.003,4.173,0.0,-0.004,0.0
0.466,0.003,3.833,0.0,0.02,0.0
0.466,0.003,5.625,0.0,-0.004,0.0
0.466,0.003,4.197,0.0,-0.003,0.0
0.466,0.003,5.013,0.0,-0.003,0.0
0.466,0.003,4.848,0.0,-0.011,0.0
0.466,0.003,4.732,0.0,0.003,0.0
0.466,0.003,4.897,0.0,-0.006,0.0
0.466,0.003,5.179,0.0,0.005,0.0
0.466,0.003,5.574,0.0,-0.006,0.0
0.466,0.003,5.055,0.0,0.009,0.0
0.466,0.003,5.176,0.0,-0.008,0.0
0.466,0.003,5.273,0.0,-0.005,0.0
0.466,0.003,5.252,0.0,-0.005,0.0
0.467,0.003,4.793,0.0,0.001,0.0
0.467,0.003,5.59,0.0,0.009,0.0
0.467,0.003,4.476,0.0,-0.015,0.0
0.467,0.003,3.85,0.0,-0.0,0.0
0.467,0.003,4.869,0.0,-0.018,0.0
0.467,0.003,6.029,0.0,-0.001,0.0
0.467,0.003,4.71,0.0,0.005,0.0
0.467,0.003,4.806,0.0,0.003,0.0
0.467,0.003,5.486,0.0,0.012,0.0
0.467,0.003,3.421,0.0,-0.002,0.0
0.467,0.003,4.594,0.0,0.005,0.0
0.467,0.003,5.631,0.0,-0.0,0.0
0.467,0.003,4.15,0.0,0.014,0.0
0.467,0.003,4.954,0.0,-0.021,0.0
0.467,0.003,4.839,0.0,-0.016,0.0
0.467,0.003,5.199,0.0,-0.014,0.0
0.467,0.003,5.592,0.0,0.02,0.0
0.467,0.003,4.264,0.0,-0.001,0.0
0.467,0.003,4.861,0.0,0.009,0.0
0.467,0.003,4.45,0.0,0.002,0.0
0.467,0.003,5.171,0.0,-0.015,0.0
0.467,0.003,4.98,0.0,0.002,0.0
0.467,0.003,5.146,0.0,-0.002,0.0
0.467,0.003,5.243,0.0,-0.014,0.0
0.467,0.003,4.83,0.0,0.002,0.0
0.467,0.003,4.067,0.0,-0.002,0.0
0.467,0.003,4.667,0.0,-0.005,0.0
0.467,0.003,6.17,0.0,0.004,0.0
0.467,0.003,5.127,0.0,-0.013,0.0
0.467,0.003,3.521,0.0,0.018,0.0
0.467,0.003,5.518,0.0,-0.003,0.0
0.467,0.003,4.497,0.0,0.012,0.0
0.467,0.003,3.887,0.0,-0.013,0.0
0.467,0.003,6.175,0.0,-0.004,0.0
0.467,0.003,5.533,0.0,-0.013,0.0
0.467,0.003,5.909,0.0,-0.011,0.0
0.467,0.003,4.595,0.0,-0.021,0.0
0.467,0.003,4.299,0.0,-0.016,0.0
0.467,0.003,4.307,0.0,0.013,0.0
0.467,0.003,4.934,0.0,-0.008,0.0
0.467,0.003,5.982,0.0,-0.012,0.0
0.467,0.003,4.295,0.0,-0.02,0.0
0.467,0.003,4.775,0.0,0.01,0.0
0.467,0.003,4.102,0.0,0.009,0.0
0.467,0.003,4.523,0.0,-0.011,0.0
0.467,0.003,5.422,0.0,-0.019,0.0
0.467,0.003,4.788,0.0,-0.005,0.0
0.467,0.003,5.096,0.0,-0.011,0.0
0.467,0.003,4.472,0.0,-0.02,0.0
0.467,0.003,4.685,0.0,-0.008,0.0
0.467,0.003,5.421,0.0,0.003,0.0
0.467,0.003,4.318,0.0,-0.009,0.0
0.467,0.003,4.975,0.0,-0.011,0.0
0.467,0.003,5.971,0.0,0.003,0.0
0.467,0.003,3.181,0.0,-0.011,0.0
0.467,0.003,3.706,0.0,-0.002,0.0
0.467,0.003,4.69,0.0,0.002,0.0
0.467,0.003,5.097,0.0,0.003,0.0
0.467,0.003,5.58,0.0,0.006,0.0
0.467,0.003,4.573,0.0,0.002,0.0
0.467,0.003,5.803,0.0,-0.011,0.0
0.467,0.003,5.804,0.0,-0.006,0.0
0.467,0.003,4.746,0.0,0.004,0.0
0.467,0.003,4.532,0.0,0.003,0.0
0.467,0.003,5.506,0.0,0.001,0.0
0.467,0.003,5.158,0.0,0.003,0.0
0.467,0.003,4.162,0.0,0.026,0.0
0.467,0.003,5.705,0.0,-0.016,0.0
0.467,0.003,3.511,0.0,-0.008,0.0
0.467,0.003,6.519,0.0,0.004,0.0
0.468,0.003,5.003,0.0,-0.023,0.0
0.468,0.003,4.909,0.0,0.006,0.0
0.468,0.003,4.632,0.0,-0.01,0.0
0.468,0.003,4.55,0.0,-0.003,0.0
0.468,0.003,5.354,0.0,-0.01,0.0
0.468,0.003,4.831,0.0,0.002,0.0
0.468,0.003,6.306,0.0,-0.002,0.0
0.468,0.003,5.77,0.0,0.018,0.0
0.468,0.003,4.363,0.0,0.002,0.0
0.468,0.003,4.835,0.0,-0.021,0.0
0.468,0.003,6.335,0.0,0.002,0.0
0.468,0.003,4.32,0.0,0.007,0.0
0.468,0.003,3.931,0.0,-0.018,0.0
0.468,0.003,4.818,0.0,-0.021,0.0
0.468,0.003,5.729,0.0,0.0,0.0
0.468,0.003,5.158,0.0,0.002,0.0
0.468,0.003,4.257,0.0,-0.001,0.0
0.468,0.003,5.242,0.0,0.006,0.0
0.468,0.003,5.012,0.0,-0.001,0.0
0.468,0.003,5.204,0.0,-0.012,0.0
0.468,0.003,4.521,0.0,-0.011,0.0
0.468,0.003,3.904,0.0,0.019,0.0
0.468,0.003,4.036,0.0,0.003,0.0
0.468,0.003,4.914,0.0,-0.011,0.0
0.468,0.003,3.779,0.0,0.005,0.0
0.468,0.003,4.202,0.0,0.008,0.0
0.468,0.003,4.917,0.0,-0.012,0.0
0.468,0.003,4.197,0.0,0.003,0.0
0.468,0.003,4.919,0.0,-0.011,0.0
0.468,0.003,4.266,0.0,-0.007,0.0
0.468,0.003,5.049,0.0,0.004,0.0
0.468,0.003,4.502,0.0,0.01,0.0
0.468,0.003,3.787,0.0,0.004,0.0
0.468,0.003,4.394,0.0,-0.02,0.0
0.468,0.003,6.705,0.0,0.013,0.0
0.468,0.003,4.396,0.0,0.015,0.0
0.468,0.003,4.13,0.0,0.021,0.0
0.468,0.003,4.562,0.0,0.0,0.0
0.468,0.003,4.847,0.0,-0.029,0.0
0.468,0.003,6.076,0.0,-0.004,0.0
0.468,0.003,5.125,0.0,-0.014,0.0
0.468,0.003,6.017,0.0,-0.005,0.0
0.468,0.003,4.575,0.0,-0.012,0.0
0.468,0.003,5.024,0.0,-0.011,0.0
0.468,0.003,5.847,0.0,-0.001,0.0
0.468,0.003,4.058,0.0,-0.01,0.0
0.468,0.003,4.664,0.0,-0.003,0.0
0.468,0.003,3.861,0.0,-0.008,0.0
0.468,0.003,4.725,0.0,-0.014,0.0
0.468,0.003,4.457,0.0,-0.0,0.0
0.468,0.003,4.655,0.0,-0.007,0.0
0.468,0.003,6.387,0.0,0.003,0.0
0.468,0.003,5.649,0.0,0.002,0.0
0.468,0.003,5.519,0.0,-0.004,0.0
0.468,0.003,4.691,0.0,-0.003,0.0
0.468,0.003,4.805,0.0,-0.001,0.0
0.468,0.003,4.757,0.0,-0.008,0.0
0.468,0.003,5.549,0.0,-0.016,0.0
0.468,0.003,4.249,0.0,-0.014,0.0
0.468,0.003,4.605,0.0,0.011,0.0
0.468,0.003,4.454,0.0,-0.004,0.0
0.468,0.003,6.333,0.0,0.003,0.0
0.468,0.003,4.685,0.0,0.003,0.0
0.468,0.003,4.966,0.0,0.003,0.0
0.468,0.003,4.206,0.0,0.003,0.0
0.468,0.003,4.911,0.0,-0.013,0.0
0.468,0.003,4.016,0.0,0.002,0.0
0.468,0.003,5.243,0.0,0.011,0.0
0.468,0.003,4.058,0.0,-0.01,0.0
0.468,0.003,5.801,0.0,-0.02,0.0
0.468,0.003,5.263,0.0,-0.008,0.0
0.468,0.003,4.936,0.0,-0.005,0.0
0.468,0.003,4.567,0.0,0.001,0.0
0.469,0.003,2.351,0.0,0.003,0.0
0.469,0.003,5.772,0.0,-0.014,0.0
0.469,0.003,3.866,0.0,0.0,0.0
0.469,0.003,6.117,0.0,0.023,0.0
0.469,0.003,4.843,0.0,0.009,0.0
0.469,0.003,4.769,0.0,-0.015,0.0
0.469,0.003,5.607,0.0,-0.008,0.0
0.469,0.003,4.237,0.0,-0.018,0.0
0.469,0.003,5.223,0.0,-0.008,0.0
0.469,0.003,4.981,0.0,0.007,0.0
0.469,0.003,4.377,0.0,-0.004,0.0
0.469,0.003,3.893,0.0,-0.014,0.0
0.469,0.003,2.819,0.0,0.019,0.0
0.469,0.003,4.543,0.0,0.007,0.0
0.469,0.003,3.363,0.0,-0.005,0.0
0.469,0.003,4.878,0.0,-0.016,0.0
0.469,0.003,5.937,0.0,-0.018,0.0
0.469,0.003,4.55,0.0,-0.014,0.0
0.469,0.003,4.607,0.0,0.003,0.0
0.469,0.003,4.695,0.0,-0.001,0.0
0.469,0.003,4.75,0.0,0.009,0.0
0.469,0.003,5.122,0.0,0.011,0.0
0.469,0.003,6.92,0.0,0.0,0.0
0.469,0.003,4.967,0.0,-0.011,0.0
0.469,0.003,5.402,0.0,0.006,0.0
0.469,0.003,4.359,0.0,0.007,0.0
0.469,0.003,5.125,0.0,-0.006,0.0
0.469,0.003,4.31,0.0,-0.003,0.0
0.469,0.003,5.108,0.0,0.019,0.0
0.469,0.003,6.928,0.0,-0.023,0.0
0.469,0.003,4.13,0.0,0.001,0.0
0.469,0.003,4.178,0.0,-0.006,0.0
0.469,0.003,4.382,0.0,0.005,0.0
0.469,0.003,5.097,0.0,0.001,0.0
0.469,0.003,4.521,0.0,0.007,0.0
0.469,0.003,5.182,0.0,0.004,0.0
0.469,0.003,5.289,0.0,-0.011,0.0
0.469,0.003,4.583,0.0,0.002,0.0
0.469,0.003,4.118,0.0,-0.002,0.0
0.469,0.003,5.8,0.0,-0.013,0.0
0.469,0.003,3.209,0.0,0.01,0.0
0.469,0.003,5.193,0.0,0.011,0.0
0.469,0.003,5.991,0.0,-0.016,0.0
0.469,0.003,4.771,0.0,-0.024,0.0
0.469,0.003,3.782,0.0,0.009,0.0
0.469,0.003,6.061,0.0,0.005,0.0
0.469,0.003,5.864,0.0,-0.001,0.0
0.469,0.003,5.053,0.0,-0.004,0.0
0.469,0.003,5.322,0.0,-0.018,0.0
0.469,0.003,5.17,0.0,-0.0,0.0
0.469,0.003,4.952,0.0,-0.005,0.0
0.469,0.003,5.167,0.0,0.001,0.0
0.469,0.003,4.905,0.0,-0.017,0.0
0.469,0.003,5.646,0.0,-0.014,0.0
0.469,0.003,4.954,0.0,-0.008,0.0
0.469,0.003,4.631,0.0,-0.002,0.0
0.469,0.003,5.043,0.0,0.004,0.0
0.469,0.003,5.991,0.0,0.014,0.0
0.469,0.003,5.247,0.0,0.01,0.0
0.469,0.003,4.568,0.0,0.012,0.0
0.47,0.003,4.411,0.0,-0.013,0.0
0.47,0.003,4.252,0.0,-0.001,0.0
0.47,0.003,6.384,0.0,-0.002,0.0
0.47,0.003,4.543,0.0,-0.0,0.0
0.47,0.003,5.792,0.0,-0.001,0.0
0.47,0.003,5.333,0.0,-0.005,0.0
0.47,0.003,6.105,0.0,-0.011,0.0
0.47,0.003,3.592,0.0,0.021,0.0
0.47,0.003,5.143,0.0,0.002,0.0
0.47,0.003,5.762,0.0,0.005,0.0
0.47,0.003,3.136,0.0,0.02,0.0
0.47,0.003,5.315,0.0,0.014,0.0
0.47,0.003,5.147,0.0,-0.005,0.0
0.47,0.003,4.403,0.0,-0.017,0.0
0.47,0.003,4.103,0.0,-0.014,0.0
0.47,0.003,5.177,0.0,-0.014,0.0
0.47,0.003,4.147,0.0,-0.011,0.0
0.47,0.003,4.921,0.0,-0.013,0.0
0.47,0.003,3.869,0.0,-0.028,0.0
0.47,0.003,5.118,0.0,0.013,0.0
0.47,0.003,6.45,0.0,0.001,0.0
0.47,0.003,7.189,0.0,-0.011,0.0
0.47,0.003,6.06,0.0,-0.023,0.0
0.47,0.003,5.366,0.0,0.006,0.0
0.47,0.003,4.489,0.0,-0.02,0.0
0.47,0.003,6.093,0.0,0.0,0.0
0.47,0.003,4.612,0.0,0.011,0.0
0.47,0.003,3.957,0.0,-0.014,0.0
0.47,0.003,4.938,0.0,-0.023,0.0
0.47,0.003,6.011,0.0,-0.015,0.0
0.47,0.003,6.292,0.0,0.003,0.0
0.47,0.003,4.631,0.0,-0.0,0.0
0.47,0.003,4.731,0.0,0.005,0.0
0.47,0.003,4.561,0.0,-0.008,0.0
0.47,0.003,5.746,0.0,0.002,0.0
0.47,0.003,4.185,0.0,-0.007,0.0
0.47,0.003,3.728,0.0,-0.0,0.0
0.47,0.003,6.076,0.0,-0.029,0.0
0.47,0.003,5.045,0.0,0.007,0.0
0.47,0.003,4.871,0.0,-0.012,0.0
0.47,0.003,5.336,0.0,-0.0,0.0
0.47,0.003,4.914,0.0,-0.009,0.0
0.47,0.003,4.669,0.0,-0.02,0.0
0.47,0.003,5.645,0.0,0.003,0.0
0.47,0.003,4.436,0.0,-0.002,0.0
0.47,0.003,4.961,0.0,-0.004,0.0
0.47,0.003,4.808,0.0,-0.009,0.0
0.47,0.003,3.724,0.0,0.014,0.0
0.47,0.003,5.007,0.0,-0.017,0.0
0.47,0.003,4.692,0.0,-0.002,0.0
0.47,0.003,5.011,0.0,-0.003,0.0
0.47,0.003,4.653,0.0,-0.015,0.0
0.47,0.003,5.544,0.0,0.004,0.0
0.47,0.003,4.151,0.0,0.011,0.0
0.47,0.003,6.268,0.0,-0.009,0.0
0.47,0.003,4.941,0.0,-0.023,0.0
0.47,0.003,5.857,0.0,0.011,0.0
0.47,0.003,4.855,0.0,-0.02,0.0
0.47,0.003,5.521,0.0,-0.011,0.0
0.47,0.003,3.913,0.0,0.016,0.0
0.47,0.003,5.887,0.0,0.002,0.0
0.47,0.003,4.732,0.0,-0.008,0.0
0.47,0.003,5.114,0.0,-0.011,0.0
0.47,0.003,5.736,0.0,-0.005,0.0
0.471,0.003,4.544,0.0,-0.009,0.0
0.471,0.003,5.49,0.0,-0.01,0.0
0.471,0.003,5.513,0.0,-0.03,0.0
0.471,0.003,4.369,0.0,-0.006,0.0
0.471,0.003,5.708,0.0,-0.018,0.0
0.471,0.003,3.993,0.0,0.0,0.0
0.471,0.003,4.124,0.0,0.008,0.0
0.471,0.003,5.828,0.0,-0.002,0.0
0.471,0.003,5.519,0.0,-0.008,0.0
0.471,0.003,5.835,0.0,-0.002,0.0
0.471,0.003,4.92,0.0,0.002,0.0
0.471,0.003,4.808,0.0,0.007,0.0
0.471,0.003,4.749,0.0,0.015,0.0
0.471,0.003,4.95,0.0,-0.017,0.0
0.471,0.003,5.275,0.0,-0.004,0.0
0.471,0.003,5.231,0.0,-0.009,0.0
0.471,0.003,4.599,0.0,0.01,0.0
0.471,0.003,4.668,0.0,-0.004,0.0
0.471,0.003,5.727,0.0,-0.004,0.0
0.471,0.003,4.065,0.0,-0.005,0.0
0.471,0.003,5.472,0.0,0.013,0.0
0.471,0.003,3.648,0.0,-0.004,0.0
0.471,0.003,3.857,0.0,-0.007,0.0
0.471,0.003,4.988,0.0,-0.001,0.0
0.471,0.003,5.793,0.0,0.004,0.0
0.471,0.003,4.8,0.0,0.002,0.0
0.471,0.003,4.578,0.0,0.009,0.0
0.471,0.003,4.117,0.0,-0.008,0.0
0.471,0.003,5.123,0.0,-0.005,0.0
0.471,0.003,4.94,0.0,-0.035,0.0
0.471,0.003,2.974,0.0,0.002,0.0
0.471,0.003,4.036,0.0,-0.03,0.0
0.471,0.003,6.512,0.0,0.003,0.0
0.471,0.003,4.541,0.0,0.002,0.0
0.471,0.003,4.972,0.0,-0.004,0.0
0.471,0.003,4.685,0.0,-0.017,0.0
0.471,0.003,4.002,0.0,0.016,0.0
0.471,0.003,5.096,0.0,-0.023,0.0
0.471,0.003,5.085,0.0,-0.0,0.0
0.471,0.003,6.395,0.0,-0.005,0.0
0.471,0.003,5.933,0.0,-0.005,0.0
0.471,0.003,5.487,0.0,0.001,0.0
0.471,0.003,5.066,0.0,0.001,0.0
0.471,0.003,5.154,0.0,-0.002,0.0
0.471,0.003,5.033,0.0,0.008,0.0
0.471,0.003,6.434,0.0,-0.02,0.0
0.471,0.003,3.871,0.0,0.011,0.0
0.471,0.003,5.409,0.0,-0.024,0.0
0.471,0.003,4.655,0.0,0.004,0.0
0.471,0.003,5.693,0.0,-0.005,0.0
0.471,0.003,5.867,0.0,0.02,0.0
0.471,0.003,4.786,0.0,-0.003,0.0
0.471,0.003,4.986,0.0,0.001,0.0
0.471,0.003,5.217,0.0,-0.005,0.0
0.471,0.003,5.721,0.0,-0.007,0.0
0.471,0.003,3.704,0.0,-0.007,0.0
0.471,0.003,4.631,0.0,0.009,0.0
0.471,0.003,5.221,0.0,-0.014,0.0
0.471,0.003,4.984,0.0,-0.026,0.0
0.471,0.003,4.672,0.0,-0.008,0.0
0.471,0.003,5.319,0.0,-0.006,0.0
0.471,0.003,4.766,0.0,-0.008,0.0
0.471,0.003,4.308,0.0,0.006,0.0
0.471,0.003,5.417,0.0,-0.001,0.0
0.471,0.003,5.157,0.0,-0.003,0.0
0.471,0.003,4.993,0.0,-0.016,0.0
0.471,0.003,3.958,0.0,0.005,0.0
0.471,0.003,4.167,0.0,0.006,0.0
0.471,0.003,4.799,0.0,0.005,0.0
0.471,0.003,3.583,0.0,-0.007,0.0
0.471,0.003,6.279,0.0,-0.011,0.0
0.471,0.003,5.919,0.0,-0.007,0.0
0.471,0.003,3.804,0.0,-0.008,0.0
0.471,0.003,5.845,0.0,0.008,0.0
0.471,0.003,4.321,0.0,-0.01,0.0
0.471,0.003,4.87,0.0,0.012,0.0
0.471,0.003,3.471,0.0,-0.002,0.0
0.471,0.003,4.905,0.0,0.003,0.0
0.471,0.003,6.169,0.0,-0.001,0.0
0.471,0.003,5.883,0.0,-0.016,0.0
0.471,0.003,5.053,0.0,0.001,0.0
0.471,0.003,5.102,0.0,-0.015,0.0
0.471,0.003,4.55,0.0,0.001,0.0
0.471,0.003,5.076,0.0,-0.013,0.0
0.471,0.003,5.062,0.0,-0.002,0.0
0.471,0.003,4.643,0.0,0.012,0.0
0.472,0.003,5.087,0.0,0.002,0.0
0.472,0.003,4.287,0.0,-0.011,0.0
0.472,0.003,5.157,0.0,-0.017,0.0
0.472,0.003,5.328,0.0,-0.013,0.0
0.472,0.003,4.179,0.0,-0.003,0.0
0.472,0.003,4.773,0.0,-0.028,0.0
0.472,0.003,4.061,0.0,-0.01,0.0
0.472,0.003,5.408,0.0,0.009,0.0
0.472,0.003,4.615,0.0,0.003,0.0
0.472,0.003,3.951,0.0,0.001,0.0
0.472,0.003,4.188,0.0,-0.018,0.0
0.472,0.003,5.573,0.0,-0.013,0.0
0.472,0.003,4.069,0.0,-0.002,0.0
0.472,0.003,5.161,0.0,-0.005,0.0
0.472,0.003,4.607,0.0,0.003,0.0
0.472,0.003,3.968,0.0,-0.007,0.0
0.472,0.003,5.562,0.0,-0.01,0.0
0.472,0.003,5.079,0.0,-0.017,0.0
0.472,0.003,4.963,0.0,-0.001,0.0
0.472,0.003,3.831,0.0,-0.009,0.0
0.472,0.003,5.217,0.0,0.008,0.0
0.472,0.003,4.831,0.0,-0.005,0.0
0.472,0.003,5.24,0.0,-0.001,0.0
0.472,0.003,5.562,0.0,0.0,0.0
0.472,0.003,4.628,0.0,-0.005,0.0
0.472,0.003,3.881,0.0,0.003,0.0
0.472,0.003,5.575,0.0,-0.012,0.0
0.472,0.003,5.11,0.0,-0.016,0.0
0.472,0.003,4.586,0.0,-0.013,0.0
0.472,0.003,5.051,0.0,-0.023,0.0
0.472,0.003,4.067,0.0,-0.023,0.0
0.472,0.003,5.209,0.0,0.002,0.0
0.472,0.003,4.17,0.0,-0.011,0.0
0.472,0.003,5.539,0.0,0.019,0.0
0.472,0.003,3.997,0.0,-0.007,0.0
0.472,0.003,4.605,0.0,-0.019,0.0
0.472,0.003,5.046,0.0,-0.0,0.0
0.472,0.003,3.938,0.0,0.012,0.0
0.472,0.003,7.046,0.0,-0.023,0.0
0.472,0.003,4.256,0.0,-0.017,0.0
0.472,0.003,4.334,0.0,0.006,0.0
0.472,0.003,4.75,0.0,0.004,0.0
0.472,0.003,3.908,0.0,0.004,0.0
0.472,0.003,4.593,0.0,-0.002,0.0
0.472,0.003,5.557,0.0,-0.011,0.0
0.472,0.003,5.697,0.0,-0.022,0.0
0.472,0.003,4.047,0.0,-0.021,0.0
0.472,0.003,5.569,0.0,0.008,0.0
0.472,0.003,4.873,0.0,0.022,0.0
0.472,0.003,4.461,0.0,-0.018,0.0
0.472,0.003,5.358,0.0,-0.006,0.0
0.472,0.003,5.672,0.0,-0.012,0.0
0.472,0.003,4.249,0.0,-0.01,0.0
0.472,0.003,3.317,0.0,0.009,0.0
0.472,0.003,5.53,0.0,-0.008,0.0
0.472,0.003,3.996,0.0,-0.023,0.0
0.472,0.003,5.819,0.0,-0.023,0.0
0.472,0.003,3.967,0.0,0.006,0.0
0.472,0.003,4.556,0.0,-0.013,0.0
0.472,0.003,4.624,0.0,-0.019,0.0
0.472,0.003,5.318,0.0,0.016,0.0
0.472,0.003,4.197,0.0,0.004,0.0
0.472,0.003,4.878,0.0,0.002,0.0
0.472,0.003,3.586,0.0,0.004,0.0
0.472,0.003,4.023,0.0,-0.001,0.0
0.472,0.003,5.038,0.0,-0.008,0.0
0.472,0.003,4.614,0.0,-0.014,0.0
0.472,0.003,5.791,0.0,-0.002,0.0
0.472,0.003,4.869,0.0,0.014,0.0
0.472,0.003,4.516,0.0,0.012,0.0
0.472,0.003,5.047,0.0,0.011,0.0
0.472,0.003,4.632,0.0,0.006,0.0
0.472,0.003,5.288,0.0,0.01,0.0
0.472,0.003,4.384,0.0,-0.014,0.0
0.472,0.003,4.481,0.0,0.008,0.0
0.472,0.003,2.832,0.0,0.016,0.0
0.472,0.003,4.483,0.0,0.024,0.0
0.472,0.003,4.53,0.0,-0.01,0.0
0.472,0.003,4.748,0.0,0.003,0.0
0.472,0.003,3.875,0.0,-0.002,0.0
0.473,0.003,5.576,0.0,0.007,0.0
0.473,0.003,4.845,0.0,-0.006,0.0
0.473,0.003,4.596,0.0,-0.008,0.0
0.473,0.003,5.466,0.0,0.011,0.0
0.473,0.003,5.242,0.0,-0.012,0.0
0.473,0.003,5.131,0.0,-0.016,0.0
0.473,0.003,4.89,0.0,-0.017,0.0
0.473,0.003,3.948,0.0,-0.017,0.0
0.473,0.003,4.772,0.0,-0.015,0.0
0.473,0.003,4.356,0.0,-0.014,0.0
0.473,0.003,4.572,0.0,-0.007,0.0
0.473,0.003,5.557,0.0,0.006,0.0
0.473,0.003,4.32,0.0,0.003,0.0
0.473,0.003,4.963,0.0,-0.004,0.0
0.473,0.003,4.058,0.0,0.003,0.0
0.473,0.003,2.914,0.0,-0.015,0.0
0.473,0.003,4.684,0.0,-0.006,0.0
0.473,0.003,4.117,0.0,-0.009,0.0
0.473,0.003,6.219,0.0,-0.005,0.0
0.473,0.003,4.961,0.0,-0.022,0.0
0.473,0.003,5.167,0.0,0.003,0.0
0.473,0.003,4.698,0.0,0.008,0.0
0.473,0.003,4.691,0.0,-0.011,0.0
0.473,0.003,4.988,0.0,-0.006,0.0
0.473,0.003,3.37,0.0,-0.006,0.0
0.473,0.003,5.306,0.0,-0.0,0.0
0.473,0.003,5.088,0.0,0.004,0.0
0.473,0.003,5.011,0.0,-0.032,0.0
0.473,0.003,5.024,0.0,-0.011,0.0
0.473,0.003,5.129,0.0,-0.009,0.0
0.473,0.003,4.703,0.0,-0.013,0.0
0.473,0.003,4.615,0.0,0.007,0.0
0.473,0.003,5.655,0.0,-0.004,0.0
0.473,0.003,5.192,0.0,-0.001,0.0
0.473,0.003,4.894,0.0,-0.006,0.0
0.473,0.003,4.578,0.0,-0.012,0.0
0.473,0.003,4.644,0.0,-0.017,0.0
0.473,0.003,5.978,0.0,-0.003,0.0
0.473,0.003,4.233,0.0,-0.026,0.0
0.473,0.003,5.213,0.0,0.011,0.0
0.473,0.003,4.054,0.0,-0.007,0.0
0.473,0.003,4.449,0.0,-0.002,0.0
0.473,0.003,5.111,0.0,0.005,0.0
0.473,0.003,5.092,0.0,-0.001,0.0
0.473,0.003,4.981,0.0,0.014,0.0
0.473,0.003,3.888,0.0,0.001,0.0
0.473,0.003,2.937,0.0,-0.012,0.0
0.473,0.003,5.581,0.0,0.004,0.0
0.473,0.003,5.854,0.0,-0.025,0.0
0.473,0.003,4.687,0.0,0.006,0.0
0.473,0.003,4.268,0.0,-0.0,0.0
0.473,0.003,4.487,0.0,0.005,0.0
0.473,0.003,5.409,0.0,0.001,0.0
0.473,0.003,5.735,0.0,0.013,0.0
0.473,0.003,4.121,0.0,-0.005,0.0
0.473,0.003,4.432,0.0,-0.009,0.0
0.473,0.003,4.296,0.0,0.007,0.0
0.473,0.003,5.649,0.0,-0.013,0.0
0.473,0.003,4.83,0.0,0.009,0.0
0.473,0.003,4.725,0.0,-0.012,0.0
0.473,0.003,5.44,0.0,0.013,0.0
0.473,0.003,3.448,0.0,0.017,0.0
0.473,0.003,4.732,0.0,-0.004,0.0
0.473,0.003,4.8,0.0,-0.008,0.0
0.473,0.003,5.398,0.0,0.008,0.0
0.473,0.003,4.652,0.0,-0.004,0.0
0.473,0.003,5.72,0.0,-0.009,0.0
0.473,0.003,4.825,0.0,0.018,0.0
0.473,0.003,6.939,0.0,-0.02,0.0
0.473,0.003,4.403,0.0,-0.004,0.0
0.473,0.003,5.183,0.0,0.002,0.0
0.473,0.003,4.917,0.0,-0.018,0.0
0.473,0.003,4.775,0.0,0.007,0.0
0.473,0.003,5.309,0.0,0.019,0.0
0.473,0.003,6.577,0.0,0.002,0.0
0.473,0.003,4.016,0.0,-0.01,0.0
0.473,0.003,5.625,0.0,-0.005,0.0
0.473,0.003,4.085,0.0,-0.019,0.0
0.473,0.003,3.855,0.0,-0.001,0.0
0.473,0.003,3.875,0.0,0.003,0.0
0.473,0.003,6.478,0.0,-0.017,0.0
0.473,0.003,4.693,0.0,-0.003,0.0
0.473,0.003,5.783,0.0,0.009,0.0
0.473,0.003,6.089,0.0,-0.007,0.0
0.473,0.003,5.516,0.0,-0.011,0.0
0.473,0.003,4.29,0.0,-0.017,0.0
0.473,0.003,5.96,0.0,0.011,0.0
0.473,0.003,5.745,0.0,-0.005,0.0
0.473,0.003,4.717,0.0,-0.004,0.0
0.473,0.003,5.051,0.0,-0.011,0.0
0.473,0.003,5.58,0.0,-0.018,0.0
0.473,0.003,4.113,0.0,-0.015,0.0
0.473,0.003,4.434,0.0,-0.007,0.0
0.474,0.003,3.922,0.0,0.003,0.0
0.474,0.003,4.862,0.0,0.01,0.0
0.474,0.003,4.638,0.0,-0.009,0.0
0.474,0.003,4.126,0.0,0.005,0.0
0.474,0.003,5.134,0.0,-0.013,0.0
0.474,0.003,5.031,0.0,0.014,0.0
0.474,0.003,5.433,0.0,-0.003,0.0
0.474,0.003,4.589,0.0,-0.013,0.0
0.474,0.003,4.56,0.0,-0.01,0.0
0.474,0.003,5.723,0.0,-0.012,0.0
0.474,0.003,5.605,0.0,-0.014,0.0
0.474,0.003,4.225,0.0,-0.007,0.0
0.474,0.003,5.851,0.0,-0.006,0.0
0.474,0.003,5.425,0.0,-0.016,0.0
0.474,0.003,5.372,0.0,-0.011,0.0
0.474,0.003,5.082,0.0,-0.006,0.0
0.474,0.003,6.658,0.0,-0.002,0.0
0.474,0.003,4.975,0.0,-0.003,0.0
0.474,0.003,4.131,0.0,0.007,0.0
0.474,0.003,4.769,0.0,-0.02,0.0
0.474,0.003,4.056,0.0,0.002,0.0
0.474,0.003,6.377,0.0,-0.003,0.0
0.474,0.003,4.846,0.0,-0.008,0.0
0.474,0.003,5.144,0.0,-0.006,0.0
0.474,0.003,5.204,0.0,-0.0,0.0
0.474,0.003,4.289,0.0,0.008,0.0
0.474,0.003,5.412,0.0,-0.022,0.0
0.474,0.003,4.54,0.0,-0.013,0.0
0.474,0.003,5.53,0.0,0.019,0.0
0.474,0.003,3.808,0.0,0.032,0.0
0.474,0.003,6.355,0.0,-0.029,0.0
0.474,0.003,4.94,0.0,-0.006,0.0
0.474,0.003,4.123,0.0,-0.023,0.0
0.474,0.003,5.256,0.0,-0.012,0.0
0.474,0.003,3.841,0.0,-0.019,0.0
0.474,0.003,5.498,0.0,-0.007,0.0
0.474,0.003,4.144,0.0,-0.003,0.0
0.474,0.003,4.329,0.0,-0.01,0.0
0.474,0.003,7.047,0.0,-0.001,0.0
0.474,0.003,5.064,0.0,0.005,0.0
0.474,0.003,4.541,0.0,-0.015,0.0
0.474,0.003,5.124,0.0,-0.003,0.0
0.474,0.003,5.104,0.0,0.018,0.0
0.474,0.003,5.473,0.0,-0.007,0.0
0.474,0.003,5.129,0.0,0.003,0.0
0.474,0.003,6.793,0.0,-0.029,0.0
0.474,0.003,3.657,0.0,-0.013,0.0
0.474,0.003,5.002,0.0,0.016,0.0
0.474,0.003,5.657,0.0,0.015,0.0
0.474,0.003,5.263,0.0,-0.018,0.0
0.474,0.003,5.157,0.0,-0.015,0.0
0.474,0.003,4.829,0.0,-0.011,0.0
0.474,0.003,4.716,0.0,0.005,0.0
0.474,0.003,4.637,0.0,0.009,0.0
0.474,0.003,5.367,0.0,-0.011,0.0
0.474,0.003,5.223,0.0,-0.016,0.0
0.474,0.003,5.393,0.0,0.003,0.0
0.474,0.003,4.99,0.0,-0.021,0.0
0.474,0.003,3.678,0.0,0.002,0.0
0.474,0.003,5.332,0.0,-0.023,0.0
0.474,0.003,4.704,0.0,-0.01,0.0
0.474,0.003,4.779,0.0,-0.004,0.0
0.474,0.003,4.471,0.0,0.003,0.0
0.474,0.003,6.097,0.0,-0.013,0.0
0.474,0.003,5.52,0.0,-0.002,0.0
0.474,0.003,5.005,0.0,-0.003,0.0
0.474,0.003,5.425,0.0,0.013,0.0
0.474,0.003,5.324,0.0,0.006,0.0
0.474,0.003,2.734,0.0,0.019,0.0
0.474,0.003,4.21,0.0,0.011,0.0
0.474,0.003,4.618,0.0,-0.013,0.0
0.474,0.003,4.865,0.0,-0.004,0.0
0.474,0.003,4.313,0.0,0.006,0.0
0.474,0.003,4.721,0.0,-0.008,0.0
0.474,0.003,4.184,0.0,-0.009,0.0
0.474,0.003,4.056,0.0,-0.027,0.0
0.474,0.003,6.197,0.0,-0.001,0.0
0.474,0.003,5.674,0.0,-0.014,0.0
0.474,0.003,4.432,0.0,0.011,0.0
0.474,0.003,5.554,0.0,0.008,0.0
0.474,0.003,5.831,0.0,-0.011,0.0
0.474,0.003,4.954,0.0,-0.005,0.0
0.474,0.003,3.941,0.0,-0.02,0.0
0.474,0.003,5.96,0.0,0.002,0.0
0.474,0.003,4.515,0.0,-0.001,0.0
0.474,0.003,5.329,0.0,0.011,0.0
0.474,0.003,4.67,0.0,0.006,0.0
0.474,0.003,4.969,0.0,-0.014,0.0
0.474,0.003,4.905,0.0,-0.012,0.0
0.474,0.003,4.321,0.0,-0.015,0.0
0.475,0.003,4.763,0.0,0.0,0.0
0.475,0.003,4.537,0.0,0.006,0.0
0.475,0.003,4.688,0.0,0.003,0.0
0.475,0.003,5.019,0.0,-0.005,0.0
0.475,0.003,5.952,0.0,0.001,0.0
0.475,0.003,5.491,0.0,-0.019,0.0
0.475,0.003,4.358,0.0,-0.018,0.0
0.475,0.003,4.284,0.0,0.003,0.0
0.475,0.003,4.666,0.0,-0.006,0.0
0.475,0.003,5.08,0.0,-0.002,0.0
0.475,0.003,4.094,0.0,0.006,0.0
0.475,0.003,5.226,0.0,-0.005,0.0
0.475,0.003,5.418,0.0,0.003,0.0
0.475,0.003,5.621,0.0,-0.014,0.0
0.475,0.003,3.959,0.0,0.015,0.0
0.475,0.003,5.381,0.0,0.009,0.0
0.475,0.003,5.197,0.0,-0.01,0.0
0.475,0.003,5.189,0.0,-0.022,0.0
0.475,0.003,4.047,0.0,0.018,0.0
0.475,0.003,5.512,0.0,-0.02,0.0
0.475,0.003,4.351,0.0,-0.014,0.0
0.475,0.003,4.592,0.0,0.004,0.0
0.475,0.003,3.936,0.0,0.009,0.0
0.475,0.003,5.079,0.0,-0.009,0.0
0.475,0.003,4.214,0.0,-0.012,0.0
0.475,0.003,5.976,0.0,-0.003,0.0
0.475,0.003,4.898,0.0,-0.006,0.0
0.475,0.003,4.824,0.0,0.007,0.0
0.475,0.003,4.861,0.0,-0.002,0.0
0.475,0.003,3.808,0.0,0.018,0.0
0.475,0.003,4.965,0.0,0.006,0.0
0.475,0.003,4.078,0.0,-0.012,0.0
0.475,0.003,4.623,0.0,-0.011,0.0
0.475,0.003,6.234,0.0,-0.003,0.0
0.475,0.003,4.122,0.0,0.002,0.0
0.475,0.003,4.928,0.0,-0.006,0.0
0.475,0.003,5.266,0.0,0.009,0.0
0.475,0.003,5.155,0.0,-0.009,0.0
0.475,0.003,4.766,0.0,0.008,0.0
0.475,0.003,4.825,0.0,-0.011,0.0
0.475,0.003,4.922,0.0,-0.019,0.0
0.475,0.003,6.092,0.0,-0.001,0.0
0.475,0.003,4.846,0.0,-0.002,0.0
0.475,0.003,3.985,0.0,0.003,0.0
0.475,0.003,4.316,0.0,-0.017,0.0
0.475,0.003,3.842,0.0,-0.017,0.0
0.475,0.003,5.461,0.0,-0.01,0.0
0.475,0.003,5.216,0.0,-0.0,0.0
0.475,0.003,5.094,0.0,-0.017,0.0
0.475,0.003,4.582,0.0,-0.018,0.0
0.475,0.003,4.456,0.0,0.005,0.0
0.475,0.003,4.483,0.0,-0.007,0.0
0.475,0.003,4.836,0.0,-0.005,0.0
0.475,0.003,4.229,0.0,-0.003,0.0
0.475,0.003,6.609,0.0,-0.011,0.0
0.475,0.003,4.887,0.0,-0.007,0.0
0.475,0.003,5.987,0.0,0.002,0.0
0.475,0.003,5.578,0.0,0.007,0.0
0.475,0.003,4.638,0.0,-0.007,0.0
0.475,0.003,5.936,0.0,-0.014,0.0
0.475,0.003,4.559,0.0,0.009,0.0
0.475,0.003,4.967,0.0,-0.007,0.0
0.475,0.003,4.347,0.0,0.002,0.0
0.475,0.003,4.686,0.0,0.004,0.0
0.475,0.003,4.392,0.0,-0.015,0.0
0.475,0.003,4.495,0.0,0.01,0.0
0.475,0.003,5.892,0.0,-0.017,0.0
0.475,0.003,4.018,0.0,0.005,0.0
0.475,0.003,5.216,0.0,-0.017,0.0
0.475,0.003,4.882,0.0,-0.011,0.0
0.475,0.003,5.269,0.0,-0.031,0.0
0.475,0.003,4.317,0.0,-0.008,0.0
0.475,0.003,5.413,0.0,-0.009,0.0
0.475,0.003,3.941,0.0,-0.007,0.0
0.475,0.003,4.459,0.0,0.002,0.0
0.475,0.003,3.801,0.0,-0.017,0.0
0.475,0.003,4.123,0.0,-0.004,0.0
0.475,0.003,4.579,0.0,-0.011,0.0
0.476,0.003,4.381,0.0,0.002,0.0
0.476,0.003,4.38,0.0,-0.012,0.0
0.476,0.003,4.672,0.0,0.014,0.0
0.476,0.003,5.53,0.0,0.002,0.0
0.476,0.003,4.328,0.0,0.001,0.0
0.476,0.003,4.665,0.0,-0.016,0.0
0.476,0.003,3.922,0.0,0.018,0.0
0.476,0.003,5.869,0.0,-0.019,0.0
0.476,0.003,4.008,0.0,0.013,0.0
0.476,0.003,5.242,0.0,-0.017,0.0
0.476,0.003,5.697,0.0,0.013,0.0
0.476,0.003,4.559,0.0,-0.013,0.0
0.476,0.003,4.305,0.0,-0.004,0.0
0.476,0.003,4.723,0.0,-0.011,0.0
0.476,0.003,4.604,0.0,-0.018,0.0
0.476,0.003,5.151,0.0,-0.002,0.0
0.476,0.003,4.12,0.0,-0.002,0.0
0.476,0.003,4.534,0.0,0.0,0.0
0.476,0.003,4.578,0.0,0.006,0.0
0.476,0.003,4.399,0.0,-0.003,0.0
0.476,0.003,4.506,0.0,0.01,0.0
0.476,0.003,4.368,0.0,-0.01,0.0
0.476,0.003,4.688,0.0,0.003,0.0
0.476,0.003,4.282,0.0,-0.001,0.0
0.476,0.003,4.332,0.0,0.009,0.0
0.476,0.003,5.521,0.0,-0.016,0.0
0.476,0.003,4.022,0.0,-0.014,0.0
0.476,0.003,4.898,0.0,0.002,0.0
0.476,0.003,5.661,0.0,0.008,0.0
0.476,0.003,5.042,0.0,-0.007,0.0
0.476,0.003,4.36,0.0,-0.003,0.0
0.476,0.003,5.068,0.0,0.001,0.0
0.476,0.003,4.781,0.0,0.01,0.0
0.476,0.003,4.641,0.0,0.001,0.0
0.476,0.003,4.253,0.0,0.007,0.0
0.476,0.003,5.127,0.0,0.006,0.0
0.476,0.003,6.279,0.0,-0.004,0.0
0.476,0.003,4.944,0.0,-0.025,0.0
0.476,0.003,6.278,0.0,0.003,0.0
0.476,0.003,4.872,0.0,0.002,0.0
0.476,0.003,4.251,0.0,-0.001,0.0
0.476,0.003,4.39,0.0,-0.009,0.0
0.476,0.003,4.851,0.0,-0.015,0.0
0.476,0.003,4.5,0.0,-0.014,0.0
0.476,0.003,4.879,0.0,-0.009,0.0
0.476,0.003,4.156,0.0,-0.016,0.0
0.476,0.003,5.574,0.0,0.015,0.0
0.476,0.003,3.525,0.0,0.001,0.0
0.476,0.003,5.122,0.0,0.015,0.0
0.476,0.003,4.801,0.0,-0.001,0.0
0.476,0.003,3.371,0.0,-0.006,0.0
0.476,0.003,4.475,0.0,0.004,0.0
0.476,0.003,5.679,0.0,0.001,0.0
0.476,0.003,4.473,0.0,-0.029,0.0
0.476,0.003,4.181,0.0,0.004,0.0
0.476,0.003,4.287,0.0,0.017,0.0
0.476,0.003,4.434,0.0,-0.015,0.0
0.476,0.003,5.026,0.0,-0.004,0.0
0.476,0.003,4.387,0.0,0.008,0.0
0.476,0.003,5.662,0.0,-0.008,0.0
0.476,0.003,4.702,0.0,-0.015,0.0
0.476,0.003,4.988,0.0,0.001,0.0
0.476,0.003,4.344,0.0,-0.006,0.0
0.476,0.003,4.442,0.0,-0.028,0.0
0.476,0.003,5.562,0.0,-0.008,0.0
0.476,0.003,5.03,0.0,0.001,0.0
0.476,0.003,4.7,0.0,-0.016,0.0
0.476,0.003,5.082,0.0,0.011,0.0
0.476,0.003,3.633,0.0,0.001,0.0
0.476,0.003,5.619,0.0,-0.007,0.0
0.476,0.003,4.518,0.0,0.009,0.0
0.476,0.003,5.721,0.0,-0.011,0.0
0.476,0.003,4.772,0.0,-0.016,0.0
0.476,0.003,5.934,0.0,-0.011,0.0
0.476,0.003,4.21,0.0,0.014,0.0
0.477,0.003,5.541,0.0,0.015,0.0
0.477,0.003,4.391,0.0,0.005,0.0
0.477,0.003,4.093,0.0,-0.002,0.0
0.477,0.003,4.876,0.0,-0.007,0.0
0.477,0.003,4.094,0.0,-0.007,0.0
0.477,0.003,6.067,0.0,-0.009,0.0
0.477,0.003,5.104,0.0,-0.02,0.0
0.477,0.003,5.997,0.0,-0.016,0.0
0.477,0.003,4.803,0.0,-0.006,0.0
0.477,0.003,5.835,0.0,-0.036,0.0
0.477,0.003,5.071,0.0,-0.01,0.0
0.477,0.003,4.935,0.0,0.0,0.0
0.477,0.003,5.359,0.0,-0.008,0.0
0.477,0.003,4.659,0.0,0.002,0.0
0.477,0.003,5.0,0.0,-0.001,0.0
0.477,0.003,3.025,0.0,-0.001,0.0
0.477,0.003,4.388,0.0,0.004,0.0
0.477,0.003,5.572,0.0,0.003,0.0
0.477,0.003,5.106,0.0,-0.002,0.0
0.477,0.003,4.058,0.0,-0.011,0.0
0.477,0.003,4.697,0.0,-0.02,0.0
0.477,0.003,5.497,0.0,-0.012,0.0
0.477,0.003,6.18,0.0,0.003,0.0
0.477,0.003,4.297,0.0,-0.019,0.0
0.477,0.003,4.409,0.0,-0.001,0.0
0.477,0.003,3.676,0.0,-0.003,0.0
0.477,0.003,5.487,0.0,-0.021,0.0
0.477,0.003,4.095,0.0,-0.016,0.0
0.477,0.003,5.523,0.0,-0.001,0.0
0.477,0.003,5.101,0.0,-0.004,0.0
0.477,0.003,4.353,0.0,-0.014,0.0
0.477,0.003,4.872,0.0,-0.003,0.0
0.477,0.003,5.097,0.0,-0.001,0.0
0.477,0.003,4.962,0.0,-0.003,0.0
0.477,0.003,4.412,0.0,0.006,0.0
0.477,0.003,5.864,0.0,-0.01,0.0
0.477,0.003,4.958,0.0,-0.0,0.0
0.477,0.003,4.567,0.0,-0.001,0.0
0.477,0.003,4.864,0.0,-0.005,0.0
0.477,0.003,5.709,0.0,-0.008,0.0
0.477,0.003,3.738,0.0,-0.01,0.0
0.477,0.003,5.534,0.0,-0.028,0.0
0.477,0.003,4.256,0.0,-0.0,0.0
0.477,0.003,4.762,0.0,0.003,0.0
0.477,0.003,3.073,0.0,0.016,0.0
0.477,0.003,3.875,0.0,0.008,0.0
0.477,0.003,5.119,0.0,-0.022,0.0
0.477,0.003,4.383,0.0,-0.018,0.0
0.477,0.003,3.409,0.0,-0.002,0.0
0.477,0.003,4.698,0.0,-0.003,0.0
0.477,0.003,3.67,0.0,0.004,0.0
0.477,0.003,3.634,0.0,0.003,0.0
0.477,0.003,4.514,0.0,-0.012,0.0
0.477,0.003,6.141,0.0,-0.005,0.0
0.477,0.003,5.435,0.0,-0.015,0.0
0.477,0.003,4.755,0.0,-0.011,0.0
0.477,0.003,4.585,0.0,0.011,0.0
0.477,0.003,5.321,0.0,-0.011,0.0
0.477,0.003,3.706,0.0,-0.003,0.0
0.477,0.003,4.121,0.0,0.01,0.0
0.477,0.003,5.123,0.0,0.011,0.0
0.477,0.003,4.786,0.0,-0.009,0.0
0.477,0.003,4.967,0.0,-0.001,0.0
0.477,0.003,5.121,0.0,-0.005,0.0
0.477,0.003,4.391,0.0,-0.01,0.0
0.477,0.003,5.873,0.0,-0.005,0.0
0.477,0.003,4.442,0.0,-0.015,0.0
0.477,0.003,5.032,0.0,0.002,0.0
0.477,0.003,5.823,0.0,0.008,0.0
0.477,0.003,4.887,0.0,-0.023,0.0
0.477,0.003,5.249,0.0,-0.005,0.0
0.477,0.003,4.321,0.0,-0.003,0.0
0.477,0.003,6.972,0.0,-0.015,0.0
0.477,0.003,4.104,0.0,0.008,0.0
0.477,0.003,4.527,0.0,0.004,0.0
0.477,0.003,3.624,0.0,-0.004,0.0
0.477,0.003,5.146,0.0,-0.001,0.0
0.477,0.003,4.919,0.0,-0.004,0.0
0.477,0.003,5.677,0.0,0.015,0.0
0.477,0.003,4.748,0.0,-0.01,0.0
0.477,0.003,4.097,0.0,0.003,0.0
0.477,0.003,6.031,0.0,0.011,0.0
0.477,0.003,5.435,0.0,0.0,0.0
0.478,0.003,5.697,0.0,-0.015,0.0
0.478,0.003,4.055,0.0,0.003,0.0
0.478,0.003,5.774,0.0,-0.012,0.0
0.478,0.003,3.742,0.0,-0.01,0.0
0.478,0.003,3.863,0.0,-0.007,0.0
0.478,0.003,5.138,0.0,0.009,0.0
0.478,0.003,4.741,0.0,-0.001,0.0
0.478,0.003,4.157,0.0,0.01,0.0
0.478,0.003,4.197,0.0,0.011,0.0
0.478,0.003,4.535,0.0,0.001,0.0
0.478,0.003,4.826,0.0,0.009,0.0
0.478,0.003,4.95,0.0,0.001,0.0
0.478,0.003,4.583,0.0,-0.002,0.0
0.478,0.003,4.979,0.0,0.003,0.0
0.478,0.003,4.216,0.0,-0.017,0.0
0.478,0.003,4.956,0.0,-0.014,0.0
0.478,0.003,5.414,0.0,-0.008,0.0
0.478,0.003,4.915,0.0,0.017,0.0
0.478,0.003,4.034,0.0,-0.016,0.0
0.478,0.003,4.98,0.0,-0.014,0.0
0.478,0.003,4.956,0.0,-0.025,0.0
0.478,0.003,4.551,0.0,-0.004,0.0
0.478,0.003,4.255,0.0,-0.003,0.0
0.478,0.003,4.59,0.0,-0.008,0.0
0.478,0.003,4.747,0.0,0.0,0.0
0.478,0.003,4.416,0.0,-0.003,0.0
0.478,0.003,4.708,0.0,-0.001,0.0
0.478,0.003,3.506,0.0,-0.0,0.0
0.478,0.003,5.383,0.0,0.007,0.0
0.478,0.003,4.317,0.0,-0.018,0.0
0.478,0.003,4.714,0.0,0.015,0.0
0.478,0.003,3.312,0.0,0.009,0.0
0.478,0.003,5.083,0.0,0.002,0.0
0.478,0.003,4.13,0.0,-0.012,0.0
0.478,0.003,4.52,0.0,0.0,0.0
0.478,0.003,5.345,0.0,0.006,0.0
0.478,0.003,5.763,0.0,0.004,0.0
0.478,0.003,4.304,0.0,-0.023,0.0
0.478,0.003,5.132,0.0,-0.024,0.0
0.478,0.003,4.664,0.0,0.005,0.0
0.478,0.003,4.767,0.0,0.003,0.0
0.478,0.003,6.109,0.0,-0.01,0.0
0.478,0.003,5.034,0.0,0.001,0.0
0.478,0.003,5.737,0.0,-0.0,0.0
0.478,0.003,4.507,0.0,-0.003,0.0
0.478,0.003,4.294,0.0,-0.001,0.0
0.478,0.003,4.536,0.0,-0.004,0.0
0.478,0.003,4.431,0.0,-0.005,0.0
0.478,0.003,5.289,0.0,-0.003,0.0
0.478,0.003,3.904,0.0,-0.012,0.0
0.478,0.003,4.302,0.0,0.004,0.0
0.478,0.003,4.602,0.0,0.001,0.0
0.478,0.003,5.818,0.0,0.013,0.0
0.478,0.003,5.363,0.0,-0.026,0.0
0.478,0.003,5.382,0.0,-0.008,0.0
0.478,0.003,3.525,0.0,0.014,0.0
0.478,0.003,4.919,0.0,0.001,0.0
0.478,0.003,5.617,0.0,-0.019,0.0
0.478,0.003,5.696,0.0,-0.006,0.0
0.478,0.003,5.067,0.0,-0.008,0.0
0.478,0.003,6.123,0.0,-0.023,0.0
0.478,0.003,4.803,0.0,-0.017,0.0
0.478,0.003,4.096,0.0,-0.001,0.0
0.478,0.003,4.164,0.0,0.006,0.0
0.478,0.003,4.752,0.0,-0.013,0.0
0.478,0.003,5.691,0.0,-0.005,0.0
0.479,0.003,3.696,0.0,-0.003,0.0
0.479,0.003,5.041,0.0,-0.018,0.0
0.479,0.003,4.406,0.0,0.008,0.0
0.479,0.003,4.613,0.0,-0.012,0.0
0.479,0.003,4.76,0.0,0.003,0.0
0.479,0.003,5.023,0.0,-0.013,0.0
0.479,0.003,4.62,0.0,-0.004,0.0
0.479,0.003,4.573,0.0,-0.0,0.0
0.479,0.003,5.66,0.0,-0.007,0.0
0.479,0.003,3.179,0.0,-0.013,0.0
0.479,0.003,4.303,0.0,-0.004,0.0
0.479,0.003,5.368,0.0,-0.031,0.0
0.479,0.003,3.7,0.0,0.01,0.0
0.479,0.003,3.907,0.0,-0.01,0.0
0.479,0.003,3.968,0.0,0.004,0.0
0.479,0.003,4.636,0.0,-0.012,0.0
0.479,0.003,4.834,0.0,0.001,0.0
0.479,0.003,4.385,0.0,0.018,0.0
0.479,0.003,5.39,0.0,-0.021,0.0
0.479,0.003,4.863,0.0,0.007,0.0
0.479,0.003,4.603,0.0,0.002,0.0
0.479,0.003,5.279,0.0,-0.007,0.0
0.479,0.003,6.233,0.0,0.011,0.0
0.479,0.003,4.022,0.0,-0.007,0.0
0.479,0.003,4.932,0.0,-0.017,0.0
0.479,0.003,5.388,0.0,-0.003,0.0
0.479,0.003,4.721,0.0,-0.026,0.0
0.479,0.003,5.792,0.0,-0.012,0.0
0.479,0.003,3.2,0.0,-0.006,0.0
0.479,0.003,4.291,0.0,-0.014,0.0
0.479,0.003,4.515,0.0,0.004,0.0
0.479,0.003,4.514,0.0,-0.012,0.0
0.479,0.003,4.708,0.0,-0.001,0.0
0.479,0.003,4.903,0.0,-0.014,0.0
0.479,0.003,4.855,0.0,0.009,0.0
0.479,0.003,4.84,0.0,0.008,0.0
0.479,0.003,4.952,0.0,-0.009,0.0
0.479,0.003,4.446,0.0,0.004,0.0
0.479,0.003,4.053,0.0,-0.011,0.0
0.479,0.003,5.604,0.0,0.005,0.0
0.479,0.003,5.177,0.0,0.004,0.0
0.479,0.003,5.619,0.0,-0.016,0.0
0.479,0.003,6.333,0.0,-0.0,0.0
0.479,0.003,5.219,0.0,-0.031,0.0
0.479,0.003,5.006,0.0,-0.014,0.0
0.479,0.003,4.496,0.0,-0.012,0.0
0.479,0.003,5.857,0.0,0.006,0.0
0.479,0.003,4.696,0.0,0.012,0.0
0.479,0.003,5.884,0.0,-0.019,0.0
0.479,0.003,4.627,0.0,-0.019,0.0
0.479,0.003,3.837,0.0,-0.009,0.0
0.479,0.003,4.896,0.0,0.0,0.0
0.479,0.003,4.78,0.0,-0.017,0.0
0.479,0.003,4.996,0.0,-0.02,0.0
0.479,0.003,4.6,0.0,-0.006,0.0
0.479,0.003,4.786,0.0,0.004,0.0
0.479,0.003,4.876,0.0,-0.006,0.0
0.479,0.003,4.012,0.0,0.027,0.0
0.479,0.003,5.978,0.0,0.005,0.0
0.479,0.003,4.684,0.0,-0.023,0.0
0.479,0.003,4.37,0.0,-0.02,0.0
0.479,0.003,6.014,0.0,0.009,0.0
0.479,0.003,4.799,0.0,0.015,0.0
0.479,0.003,5.164,0.0,-0.001,0.0
0.479,0.003,6.033,0.0,0.009,0.0
0.479,0.003,4.436,0.0,0.012,0.0
0.479,0.003,5.226,0.0,-0.003,0.0
0.479,0.003,4.414,0.0,-0.008,0.0
0.479,0.003,4.113,0.0,-0.016,0.0
0.479,0.003,4.604,0.0,-0.006,0.0
0.479,0.003,5.017,0.0,-0.009,0.0
0.479,0.003,3.845,0.0,0.013,0.0
0.479,0.003,3.986,0.0,-0.011,0.0
0.479,0.003,6.536,0.0,-0.02,0.0
0.479,0.003,5.209,0.0,-0.021,0.0
0.48,0.003,4.364,0.0,0.004,0.0
0.48,0.003,4.859,0.0,-0.007,0.0
0.48,0.003,4.551,0.0,-0.02,0.0
0.48,0.003,5.113,0.0,0.008,0.0
0.48,0.003,5.499,0.0,-0.02,0.0
0.48,0.003,4.886,0.0,-0.003,0.0
0.48,0.003,4.84,0.0,-0.02,0.0
0.48,0.003,5.119,0.0,0.005,0.0
0.48,0.003,4.182,0.0,0.005,0.0
0.48,0.003,5.163,0.0,0.008,0.0
0.48,0.003,5.253,0.0,-0.003,0.0
0.48,0.003,5.567,0.0,-0.016,0.0
0.48,0.003,4.607,0.0,-0.018,0.0
0.48,0.003,4.289,0.0,0.004,0.0
0.48,0.003,5.502,0.0,0.026,0.0
0.48,0.003,4.948,0.0,0.015,0.0
0.48,0.003,4.989,0.0,0.005,0.0
0.48,0.003,4.687,0.0,-0.008,0.0
0.48,0.003,5.11,0.0,-0.006,0.0
0.48,0.003,5.33,0.0,-0.009,0.0
0.48,0.003,4.728,0.0,0.01,0.0
0.48,0.003,5.511,0.0,-0.014,0.0
0.48,0.003,4.863,0.0,0.004,0.0
0.48,0.003,5.153,0.0,0.011,0.0
0.48,0.003,5.443,0.0,0.014,0.0
0.48,0.003,4.597,0.0,0.002,0.0
0.48,0.003,3.932,0.0,0.015,0.0
0.48,0.003,5.438,0.0,0.003,0.0
0.48,0.003,4.267,0.0,0.013,0.0
0.48,0.003,5.654,0.0,-0.046,0.0
0.48,0.003,4.497,0.0,0.004,0.0
0.48,0.003,4.536,0.0,0.028,0.0
0.48,0.003,5.336,0.0,-0.015,0.0
0.48,0.003,5.594,0.0,-0.007,0.0
0.48,0.003,5.403,0.0,0.006,0.0
0.48,0.003,5.281,0.0,0.01,0.0
0.48,0.003,5.559,0.0,0.001,0.0
0.48,0.003,5.439,0.0,0.001,0.0
0.48,0.003,3.137,0.0,-0.01,0.0
0.48,0.003,3.587,0.0,-0.017,0.0
0.48,0.003,5.131,0.0,0.005,0.0
0.48,0.003,5.024,0.0,-0.005,0.0
0.48,0.003,5.591,0.0,0.001,0.0
0.48,0.003,4.387,0.0,-0.008,0.0
0.48,0.003,4.567,0.0,-0.005,0.0
0.48,0.003,5.205,0.0,-0.005,0.0
0.48,0.003,6.187,0.0,-0.001,0.0
0.48,0.003,4.336,0.0,-0.015,0.0
0.48,0.003,5.024,0.0,-0.014,0.0
0.48,0.003,4.72,0.0,-0.008,0.0
0.48,0.003,4.789,0.0,-0.005,0.0
0.48,0.003,5.083,0.0,-0.004,0.0
0.48,0.003,5.516,0.0,0.026,0.0
0.48,0.003,6.382,0.0,-0.02,0.0
0.48,0.003,5.261,0.0,0.002,0.0
0.48,0.003,3.933,0.0,-0.018,0.0
0.48,0.003,4.479,0.0,-0.001,0.0
0.48,0.003,4.771,0.0,-0.006,0.0
0.48,0.003,5.134,0.0,-0.006,0.0
0.48,0.003,4.32,0.0,-0.009,0.0
0.48,0.003,4.114,0.0,-0.007,0.0
0.48,0.003,6.146,0.0,0.003,0.0
0.48,0.003,5.33,0.0,-0.008,0.0
0.48,0.003,5.768,0.0,0.001,0.0
0.48,0.003,4.248,0.0,-0.004,0.0
0.48,0.003,4.569,0.0,-0.003,0.0
0.48,0.003,4.08,0.0,0.003,0.0
0.48,0.003,4.11,0.0,0.009,0.0
0.481,0.003,5.338,0.0,-0.002,0.0
0.481,0.003,5.406,0.0,0.009,0.0
0.481,0.003,5.372,0.0,0.007,0.0
0.481,0.003,5.765,0.0,-0.009,0.0
0.481,0.003,5.576,0.0,0.01,0.0
0.481,0.003,4.504,0.0,-0.004,0.0
0.481,0.003,3.126,0.0,-0.017,0.0
0.481,0.003,5.021,0.0,-0.003,0.0
0.481,0.003,6.36,0.0,-0.024,0.0
0.481,0.003,6.584,0.0,-0.004,0.0
0.481,0.003,5.012,0.0,0.006,0.0
0.481,0.003,6.025,0.0,-0.006,0.0
0.481,0.003,5.242,0.0,-0.016,0.0
0.481,0.003,4.087,0.0,-0.001,0.0
0.481,0.003,5.06,0.0,-0.023,0.0
0.481,0.003,5.367,0.0,-0.013,0.0
0.481,0.003,4.248,0.0,0.021,0.0
0.481,0.003,5.646,0.0,-0.013,0.0
0.481,0.003,4.567,0.0,-0.025,0.0
0.481,0.003,4.019,0.0,0.006,0.0
0.481,0.003,4.652,0.0,-0.022,0.0
0.481,0.003,6.362,0.0,-0.013,0.0
0.481,0.003,4.861,0.0,-0.008,0.0
0.481,0.003,4.344,0.0,-0.006,0.0
0.481,0.003,5.106,0.0,-0.012,0.0
0.481,0.003,4.899,0.0,0.002,0.0
0.481,0.003,5.244,0.0,-0.035,0.0
0.481,0.003,4.293,0.0,-0.017,0.0
0.481,0.003,6.142,0.0,-0.002,0.0
0.481,0.003,5.019,0.0,0.013,0.0
0.481,0.003,4.022,0.0,0.001,0.0
0.481,0.003,4.269,0.0,-0.01,0.0
0.481,0.003,5.367,0.0,-0.005,0.0
0.481,0.003,4.903,0.0,-0.015,0.0
0.481,0.003,5.131,0.0,-0.004,0.0
0.481,0.003,4.431,0.0,0.008,0.0
0.481,0.003,4.359,0.0,-0.013,0.0
0.481,0.003,3.931,0.0,-0.018,0.0
0.481,0.003,5.347,0.0,-0.009,0.0
0.481,0.003,4.889,0.0,0.001,0.0
0.481,0.003,3.879,0.0,-0.013,0.0
0.481,0.003,4.129,0.0,-0.009,0.0
0.481,0.003,5.378,0.0,0.003,0.0
0.481,0.003,5.47,0.0,-0.009,0.0
0.481,0.003,5.03,0.0,0.004,0.0
0.481,0.003,4.968,0.0,-0.003,0.0
0.481,0.003,4.755,0.0,-0.001,0.0
0.481,0.003,4.074,0.0,0.016,0.0
0.481,0.003,3.984,0.0,-0.005,0.0
0.481,0.003,4.329,0.0,-0.002,0.0
0.481,0.003,4.835,0.0,-0.006,0.0
0.481,0.003,4.681,0.0,-0.009,0.0
0.481,0.003,5.939,0.0,0.005,0.0
0.481,0.003,5.483,0.0,-0.006,0.0
0.481,0.003,4.836,0.0,-0.005,0.0
0.481,0.003,5.516,0.0,-0.005,0.0
0.481,0.003,4.37,0.0,-0.011,0.0
0.481,0.003,5.288,0.0,-0.004,0.0
0.481,0.003,4.092,0.0,-0.006,0.0
0.481,0.003,5.572,0.0,0.006,0.0
0.481,0.003,4.209,0.0,0.003,0.0
0.481,0.003,3.419,0.0,0.023,0.0
0.482,0.003,5.937,0.0,-0.009,0.0
0.482,0.003,3.4,0.0,-0.011,0.0
0.482,0.003,5.125,0.0,-0.025,0.0
0.482,0.003,4.538,0.0,-0.021,0.0
0.482,0.003,5.206,0.0,-0.011,0.0
0.482,0.003,5.137,0.0,-0.001,0.0
0.482,0.003,4.484,0.0,-0.01,0.0
0.482,0.003,5.284,0.0,0.008,0.0
0.482,0.003,4.625,0.0,-0.011,0.0
0.482,0.003,3.89,0.0,-0.019,0.0
0.482,0.003,4.962,0.0,-0.025,0.0
0.482,0.003,5.596,0.0,-0.002,0.0
0.482,0.003,6.228,0.0,0.017,0.0
0.482,0.003,4.763,0.0,-0.02,0.0
0.482,0.003,5.703,0.0,0.003,0.0
0.482,0.003,3.879,0.0,-0.005,0.0
0.482,0.003,6.021,0.0,0.016,0.0
0.482,0.003,4.89,0.0,-0.002,0.0
0.482,0.003,3.749,0.0,-0.005,0.0
0.482,0.003,5.342,0.0,-0.014,0.0
0.482,0.003,5.557,0.0,-0.004,0.0
0.482,0.003,6.04,0.0,-0.009,0.0
0.482,0.003,4.623,0.0,0.018,0.0
0.482,0.003,6.105,0.0,-0.02,0.0
0.482,0.003,3.695,0.0,-0.02,0.0
0.482,0.003,7.196,0.0,-0.016,0.0
0.482,0.003,4.574,0.0,0.01,0.0
0.482,0.003,5.329,0.0,0.008,0.0
0.482,0.003,4.336,0.0,-0.021,0.0
0.482,0.003,5.892,0.0,-0.009,0.0
0.482,0.003,4.979,0.0,-0.003,0.0
0.482,0.003,4.787,0.0,0.001,0.0
0.482,0.003,4.109,0.0,0.0,0.0
0.482,0.003,4.925,0.0,-0.005,0.0
0.482,0.003,4.304,0.0,0.011,0.0
0.482,0.003,4.169,0.0,0.003,0.0
0.482,0.003,6.156,0.0,-0.003,0.0
0.482,0.003,4.333,0.0,0.015,0.0
0.482,0.003,5.814,0.0,-0.003,0.0
0.482,0.003,4.545,0.0,-0.011,0.0
0.482,0.003,3.57,0.0,-0.005,0.0
0.482,0.003,4.14,0.0,0.011,0.0
0.482,0.003,4.49,0.0,0.002,0.0
0.482,0.003,5.8,0.0,-0.005,0.0
0.482,0.003,4.214,0.0,0.029,0.0
0.482,0.003,6.22,0.0,-0.003,0.0
0.482,0.003,4.283,0.0,-0.018,0.0
0.482,0.003,5.763,0.0,-0.002,0.0
0.482,0.003,5.344,0.0,-0.006,0.0
0.482,0.003,5.317,0.0,-0.019,0.0
0.482,0.003,5.341,0.0,-0.028,0.0
0.482,0.003,4.047,0.0,-0.003,0.0
0.482,0.003,4.818,0.0,-0.013,0.0
0.482,0.003,5.252,0.0,-0.025,0.0
0.482,0.003,7.009,0.0,-0.001,0.0
0.482,0.003,4.53,0.0,0.006,0.0
0.482,0.003,5.574,0.0,-0.015,0.0
0.482,0.003,4.477,0.0,0.004,0.0
0.482,0.003,6.022,0.0,-0.025,0.0
0.482,0.003,5.684,0.0,-0.01,0.0
0.482,0.003,6.914,0.0,0.002,0.0
0.482,0.003,4.658,0.0,-0.007,0.0
0.482,0.003,5.115,0.0,-0.007,0.0
0.482,0.003,4.442,0.0,0.011,0.0
0.482,0.003,4.456,0.0,0.002,0.0
0.482,0.003,4.632,0.0,-0.012,0.0
0.482,0.003,4.188,0.0,-0.008,0.0
0.482,0.003,4.32,0.0,-0.011,0.0
0.482,0.003,5.241,0.0,0.003,0.0
0.482,0.003,5.415,0.0,-0.011,0.0
0.482,0.003,4.944,0.0,-0.019,0.0
0.482,0.003,4.699,0.0,-0.009,0.0
0.482,0.003,4.945,0.0,-0.006,0.0
0.482,0.003,4.364,0.0,0.006,0.0
0.482,0.003,4.61,0.0,-0.01,0.0
0.483,0.003,5.065,0.0,-0.007,0.0
0.483,0.003,5.943,0.0,-0.002,0.0
0.483,0.003,4.706,0.0,-0.015,0.0
0.483,0.003,5.706,0.0,-0.001,0.0
0.483,0.003,4.055,0.0,-0.003,0.0
0.483,0.003,3.903,0.0,0.007,0.0
0.483,0.003,4.066,0.0,-0.0,0.0
0.483,0.003,5.385,0.0,-0.022,0.0
0.483,0.003,5.43,0.0,-0.029,0.0
0.483,0.003,4.221,0.0,0.01,0.0
0.483,0.003,5.605,0.0,-0.007,0.0
0.483,0.003,4.634,0.0,-0.011,0.0
0.483,0.003,5.314,0.0,-0.015,0.0
0.483,0.003,4.847,0.0,0.013,0.0
0.483,0.003,5.655,0.0,-0.001,0.0
0.483,0.003,5.411,0.0,-0.004,0.0
0.483,0.003,5.076,0.0,0.017,0.0
0.483,0.003,4.647,0.0,0.005,0.0
0.483,0.003,4.72,0.0,0.008,0.0
0.483,0.003,4.887,0.0,0.004,0.0
0.483,0.003,4.223,0.0,0.004,0.0
0.483,0.003,4.106,0.0,0.0,0.0
0.483,0.003,5.062,0.0,-0.003,0.0
0.483,0.003,4.501,0.0,-0.01,0.0
0.483,0.003,5.293,0.0,-0.017,0.0
0.483,0.003,4.776,0.0,-0.001,0.0
0.483,0.003,4.795,0.0,0.0,0.0
0.483,0.003,5.125,0.0,0.023,0.0
0.483,0.003,5.267,0.0,-0.004,0.0
0.483,0.003,5.9,0.0,-0.008,0.0
0.483,0.003,5.296,0.0,0.001,0.0
0.483,0.003,5.778,0.0,0.001,0.0
0.483,0.003,5.203,0.0,-0.014,0.0
0.483,0.003,4.898,0.0,0.031,0.0
0.483,0.003,5.685,0.0,-0.017,0.0
0.483,0.003,4.708,0.0,0.015,0.0
0.483,0.003,5.731,0.0,-0.004,0.0
0.483,0.003,5.954,0.0,-0.021,0.0
0.483,0.003,4.423,0.0,-0.01,0.0
0.483,0.003,5.277,0.0,-0.009,0.0
0.483,0.003,4.066,0.0,0.005,0.0
0.483,0.003,5.088,0.0,-0.007,0.0
0.483,0.003,5.307,0.0,-0.015,0.0
0.483,0.003,4.661,0.0,-0.008,0.0
0.483,0.003,5.067,0.0,0.005,0.0
0.483,0.003,7.025,0.0,-0.027,0.0
0.483,0.003,4.137,0.0,-0.009,0.0
0.483,0.003,4.207,0.0,0.001,0.0
0.483,0.003,6.945,0.0,-0.001,0.0
0.483,0.003,5.272,0.0,-0.012,0.0
0.483,0.003,4.554,0.0,-0.009,0.0
0.483,0.003,5.025,0.0,-0.016,0.0
0.483,0.003,5.587,0.0,-0.013,0.0
0.483,0.003,6.009,0.0,0.009,0.0
0.483,0.003,5.086,0.0,0.012,0.0
0.483,0.003,3.741,0.0,-0.008,0.0
0.483,0.003,3.419,0.0,-0.009,0.0
0.483,0.003,3.958,0.0,-0.014,0.0
0.483,0.003,5.266,0.0,-0.025,0.0
0.483,0.003,3.809,0.0,-0.013,0.0
0.483,0.003,5.152,0.0,0.004,0.0
0.483,0.003,4.519,0.0,0.0,0.0
0.483,0.003,4.204,0.0,0.014,0.0
0.483,0.003,4.817,0.0,-0.021,0.0
0.483,0.003,5.523,0.0,-0.003,0.0
0.483,0.003,4.306,0.0,-0.011,0.0
0.483,0.003,4.955,0.0,-0.006,0.0
0.483,0.003,5.454,0.0,-0.012,0.0
0.483,0.003,5.015,0.0,0.001,0.0
0.483,0.003,4.848,0.0,-0.005,0.0
0.483,0.003,4.885,0.0,0.001,0.0
0.483,0.003,5.341,0.0,0.01,0.0
0.483,0.003,4.708,0.0,0.002,0.0
0.483,0.003,4.661,0.0,-0.015,0.0
0.483,0.003,6.195,0.0,-0.011,0.0
0.484,0.003,4.743,0.0,-0.013,0.0
0.484,0.003,3.69,0.0,0.001,0.0
0.484,0.003,5.193,0.0,-0.025,0.0
0.484,0.003,4.913,0.0,-0.015,0.0
0.484,0.003,4.532,0.0,-0.019,0.0
0.484,0.003,5.806,0.0,-0.008,0.0
0.484,0.003,5.365,0.0,-0.005,0.0
0.484,0.003,4.135,0.0,-0.021,0.0
0.484,0.003,3.548,0.0,0.013,0.0
0.484,0.003,3.576,0.0,0.002,0.0
0.484,0.003,4.572,0.0,-0.015,0.0
0.484,0.003,5.129,0.0,0.01,0.0
0.484,0.003,4.918,0.0,-0.019,0.0
0.484,0.003,4.186,0.0,-0.004,0.0
0.484,0.003,4.086,0.0,-0.006,0.0
0.484,0.003,5.203,0.0,-0.019,0.0
0.484,0.003,5.932,0.0,-0.004,0.0
0.484,0.003,4.483,0.0,0.019,0.0
0.484,0.003,4.533,0.0,-0.011,0.0
0.484,0.003,4.416,0.0,-0.001,0.0
0.484,0.003,4.591,0.0,0.005,0.0
0.484,0.003,4.663,0.0,-0.026,0.0
0.484,0.003,4.825,0.0,-0.003,0.0
0.484,0.003,4.978,0.0,-0.009,0.0
0.484,0.003,5.327,0.0,0.007,0.0
0.484,0.003,5.69,0.0,-0.002,0.0
0.484,0.003,4.896,0.0,0.01,0.0
0.484,0.003,4.586,0.0,-0.012,0.0
0.484,0.003,5.339,0.0,-0.024,0.0
0.484,0.003,4.637,0.0,-0.049,0.0
0.484,0.003,5.313,0.0,0.01,0.0
0.484,0.003,4.686,0.0,0.005,0.0
0.484,0.003,4.141,0.0,0.014,0.0
0.484,0.003,5.831,0.0,0.006,0.0
0.484,0.003,5.469,0.0,-0.011,0.0
0.484,0.003,4.495,0.0,-0.028,0.0
0.484,0.003,5.255,0.0,-0.014,0.0
0.484,0.003,3.915,0.0,0.0,0.0
0.484,0.003,6.871,0.0,0.015,0.0
0.484,0.003,3.501,0.0,0.017,0.0
0.484,0.003,4.002,0.0,-0.021,0.0
0.484,0.003,5.094,0.0,-0.001,0.0
0.484,0.003,4.975,0.0,-0.004,0.0
0.484,0.003,4.396,0.0,-0.005,0.0
0.484,0.003,6.692,0.0,-0.013,0.0
0.484,0.003,4.496,0.0,0.006,0.0
0.484,0.003,4.762,0.0,0.013,0.0
0.484,0.003,5.087,0.0,-0.008,0.0
0.484,0.003,3.888,0.0,0.006,0.0
0.484,0.003,5.51,0.0,0.016,0.0
0.484,0.003,5.503,0.0,0.01,0.0
0.484,0.003,5.174,0.0,-0.001,0.0
0.484,0.003,4.948,0.0,0.012,0.0
0.484,0.003,5.135,0.0,0.002,0.0
0.484,0.003,4.378,0.0,-0.007,0.0
0.484,0.003,3.712,0.0,-0.004,0.0
0.484,0.003,4.886,0.0,-0.003,0.0
0.484,0.003,5.174,0.0,-0.013,0.0
0.484,0.003,4.132,0.0,-0.017,0.0
0.484,0.003,4.409,0.0,0.008,0.0
0.484,0.003,4.665,0.0,-0.02,0.0
0.484,0.003,6.263,0.0,-0.018,0.0
0.484,0.003,4.759,0.0,-0.007,0.0
0.484,0.003,5.08,0.0,-0.005,0.0
0.484,0.003,4.326,0.0,-0.012,0.0
0.484,0.003,5.085,0.0,-0.007,0.0
0.484,0.003,5.582,0.0,-0.006,0.0
0.484,0.003,5.47,0.0,0.002,0.0
0.484,0.003,3.034,0.0,-0.009,0.0
0.484,0.003,5.395,0.0,-0.002,0.0
0.484,0.003,3.283,0.0,-0.003,0.0
0.484,0.003,4.677,0.0,-0.008,0.0
0.484,0.003,5.349,0.0,-0.001,0.0
0.484,0.003,5.258,0.0,-0.008,0.0
0.484,0.003,6.074,0.0,-0.032,0.0
0.484,0.003,5.009,0.0,-0.018,0.0
0.484,0.003,5.702,0.0,-0.001,0.0
0.484,0.003,5.05,0.0,0.005,0.0
0.484,0.003,6.285,0.0,0.008,0.0
0.484,0.003,4.27,0.0,-0.006,0.0
0.484,0.003,3.704,0.0,0.027,0.0
0.484,0.003,4.848,0.0,-0.019,0.0
0.484,0.003,4.806,0.0,-0.008,0.0
0.484,0.003,5.296,0.0,-0.021,0.0
0.484,0.003,4.901,0.0,-0.003,0.0
0.485,0.003,6.071,0.0,-0.003,0.0
0.485,0.003,5.936,0.0,-0.014,0.0
0.485,0.003,4.207,0.0,-0.014,0.0
0.485,0.003,5.054,0.0,0.005,0.0
0.485,0.003,5.874,0.0,-0.03,0.0
0.485,0.003,4.219,0.0,-0.017,0.0
0.485,0.003,4.967,0.0,0.004,0.0
0.485,0.003,6.085,0.0,0.014,0.0
0.485,0.003,5.208,0.0,0.005,0.0
0.485,0.003,4.466,0.0,-0.015,0.0
0.485,0.003,5.198,0.0,-0.019,0.0
0.485,0.003,4.564,0.0,0.008,0.0
0.485,0.003,5.156,0.0,-0.026,0.0
0.485,0.003,6.2,0.0,0.004,0.0
0.485,0.003,3.617,0.0,-0.005,0.0
0.485,0.003,3.818,0.0,-0.013,0.0
0.485,0.003,5.188,0.0,-0.006,0.0
0.485,0.003,4.147,0.0,-0.014,0.0
0.485,0.003,5.272,0.0,-0.007,0.0
0.485,0.003,4.737,0.0,-0.007,0.0
0.485,0.003,4.496,0.0,-0.005,0.0
0.485,0.003,4.133,0.0,0.004,0.0
0.485,0.003,5.712,0.0,0.014,0.0
0.485,0.003,4.833,0.0,0.015,0.0
0.485,0.003,4.688,0.0,-0.008,0.0
0.485,0.003,4.18,0.0,0.001,0.0
0.485,0.003,6.499,0.0,0.003,0.0
0.485,0.003,4.406,0.0,0.012,0.0
0.485,0.003,4.137,0.0,0.006,0.0
0.485,0.003,4.9,0.0,0.005,0.0
0.485,0.003,4.624,0.0,-0.002,0.0
0.485,0.003,5.878,0.0,0.008,0.0
0.485,0.003,4.243,0.0,0.008,0.0
0.485,0.003,4.652,0.0,-0.004,0.0
0.485,0.003,3.687,0.0,0.012,0.0
0.485,0.003,4.548,0.0,0.002,0.0
0.485,0.003,5.126,0.0,0.009,0.0
0.485,0.003,4.293,0.0,0.008,0.0
0.485,0.003,5.495,0.0,-0.024,0.0
0.485,0.003,4.425,0.0,-0.009,0.0
0.485,0.003,4.731,0.0,-0.009,0.0
0.485,0.003,3.957,0.0,-0.01,0.0
0.485,0.003,3.687,0.0,-0.004,0.0
0.485,0.003,4.381,0.0,-0.003,0.0
0.485,0.003,5.723,0.0,0.003,0.0
0.485,0.003,6.322,0.0,-0.006,0.0
0.485,0.003,4.058,0.0,-0.001,0.0
0.485,0.003,4.887,0.0,-0.015,0.0
0.485,0.003,4.295,0.0,0.016,0.0
0.485,0.003,4.458,0.0,-0.015,0.0
0.485,0.003,4.308,0.0,0.008,0.0
0.485,0.003,4.46,0.0,-0.018,0.0
0.485,0.003,4.505,0.0,0.015,0.0
0.485,0.003,4.477,0.0,0.001,0.0
0.485,0.003,4.478,0.0,-0.002,0.0
0.485,0.003,3.719,0.0,0.018,0.0
0.485,0.003,4.241,0.0,-0.001,0.0
0.485,0.003,5.168,0.0,0.013,0.0
0.485,0.003,4.374,0.0,0.0,0.0
0.485,0.003,3.869,0.0,0.0,0.0
0.485,0.003,6.186,0.0,-0.005,0.0
0.485,0.003,5.607,0.0,0.004,0.0
0.485,0.003,4.771,0.0,0.018,0.0
0.485,0.003,4.881,0.0,-0.002,0.0
0.485,0.003,3.985,0.0,-0.009,0.0
0.485,0.003,5.088,0.0,0.001,0.0
0.485,0.003,5.606,0.0,0.005,0.0
0.485,0.003,4.503,0.0,0.001,0.0
0.485,0.003,4.171,0.0,-0.019,0.0
0.485,0.003,4.448,0.0,0.003,0.0
0.485,0.003,5.389,0.0,-0.007,0.0
0.485,0.003,5.151,0.0,0.003,0.0
0.485,0.003,4.714,0.0,-0.021,0.0
0.485,0.003,4.977,0.0,-0.013,0.0
0.485,0.003,4.744,0.0,-0.014,0.0
0.485,0.003,5.336,0.0,-0.01,0.0
0.485,0.003,4.017,0.0,0.001,0.0
0.485,0.003,4.875,0.0,-0.013,0.0
0.485,0.003,6.327,0.0,0.001,0.0
0.485,0.003,4.311,0.0,-0.009,0.0
0.485,0.003,4.625,0.0,-0.007,0.0
0.485,0.003,4.592,0.0,-0.007,0.0
0.485,0.003,4.15,0.0,-0.005,0.0
0.485,0.003,4.627,0.0,-0.023,0.0
0.485,0.003,4.383,0.0,-0.002,0.0
0.485,0.003,4.263,0.0,-0.009,0.0
0.485,0.003,5.221,0.0,-0.009,0.0
0.485,0.003,4.926,0.0,-0.009,0.0
0.485,0.003,4.422,0.0,-0.0,0.0
0.485,0.003,4.173,0.0,0.005,0.0
0.486,0.003,4.005,0.0,-0.009,0.0
0.486,0.003,5.748,0.0,0.015,0.0
0.486,0.003,4.598,0.0,-0.011,0.0
0.486,0.003,4.793,0.0,-0.008,0.0
0.486,0.003,4.078,0.0,0.009,0.0
0.486,0.003,5.078,0.0,-0.001,0.0
0.486,0.003,5.232,0.0,-0.01,0.0
0.486,0.003,5.208,0.0,-0.022,0.0
0.486,0.003,4.832,0.0,0.01,0.0
0.486,0.003,4.97,0.0,0.008,0.0
0.486,0.003,3.424,0.0,0.001,0.0
0.486,0.003,4.11,0.0,0.004,0.0
0.486,0.003,4.174,0.0,0.001,0.0
0.486,0.003,4.688,0.0,0.018,0.0
0.486,0.003,5.259,0.0,-0.015,0.0
0.486,0.003,6.056,0.0,-0.006,0.0
0.486,0.003,5.478,0.0,-0.02,0.0
0.486,0.003,4.79,0.0,-0.019,0.0
0.486,0.003,5.478,0.0,-0.012,0.0
0.486,0.003,5.106,0.0,-0.022,0.0
0.486,0.003,5.005,0.0,-0.008,0.0
0.486,0.003,5.484,0.0,0.001,0.0
0.486,0.003,5.588,0.0,0.009,0.0
0.486,0.003,5.154,0.0,-0.009,0.0
0.486,0.003,4.936,0.0,-0.016,0.0
0.486,0.003,4.468,0.0,-0.001,0.0
0.486,0.003,6.143,0.0,-0.006,0.0
0.486,0.003,3.891,0.0,-0.01,0.0
0.486,0.003,4.175,0.0,-0.001,0.0
0.486,0.003,5.307,0.0,-0.014,0.0
0.486,0.003,5.612,0.0,-0.01,0.0
0.486,0.003,5.006,0.0,0.011,0.0
0.486,0.003,4.339,0.0,-0.005,0.0
0.486,0.003,5.35,0.0,-0.006,0.0
0.486,0.003,5.667,0.0,0.01,0.0
0.486,0.003,5.782,0.0,0.009,0.0
0.486,0.003,4.569,0.0,0.002,0.0
0.486,0.003,4.795,0.0,-0.013,0.0
0.486,0.003,4.51,0.0,0.003,0.0
0.486,0.003,4.328,0.0,-0.025,0.0
0.486,0.003,4.654,0.0,-0.003,0.0
0.486,0.003,5.027,0.0,0.002,0.0
0.486,0.003,5.057,0.0,-0.005,0.0
0.486,0.003,5.08,0.0,-0.035,0.0
0.486,0.003,5.247,0.0,-0.02,0.0
0.486,0.003,6.032,0.0,-0.007,0.0
0.486,0.003,5.795,0.0,-0.0,0.0
0.486,0.003,4.725,0.0,-0.016,0.0
0.486,0.003,4.219,0.0,0.005,0.0
0.486,0.003,4.494,0.0,0.001,0.0
0.486,0.003,4.736,0.0,0.003,0.0
0.486,0.003,4.267,0.0,-0.006,0.0
0.486,0.003,6.075,0.0,-0.026,0.0
0.486,0.003,4.513,0.0,-0.011,0.0
0.486,0.003,5.507,0.0,-0.005,0.0
0.486,0.003,4.222,0.0,-0.002,0.0
0.486,0.003,4.711,0.0,0.004,0.0
0.486,0.003,5.294,0.0,-0.004,0.0
0.486,0.003,4.365,0.0,-0.011,0.0
0.486,0.003,5.165,0.0,-0.0,0.0
0.486,0.003,4.207,0.0,-0.018,0.0
0.486,0.003,4.761,0.0,0.006,0.0
0.486,0.003,5.659,0.0,-0.018,0.0
0.486,0.003,5.032,0.0,-0.013,0.0
0.486,0.003,5.541,0.0,-0.023,0.0
0.486,0.003,4.847,0.0,-0.005,0.0
0.486,0.003,4.728,0.0,-0.01,0.0
0.486,0.003,6.056,0.0,0.018,0.0
0.486,0.003,4.862,0.0,0.0,0.0
0.486,0.003,5.383,0.0,-0.005,0.0
0.486,0.003,4.307,0.0,0.006,0.0
0.486,0.003,5.786,0.0,-0.013,0.0
0.486,0.003,4.91,0.0,-0.01,0.0
0.487,0.003,4.089,0.0,-0.015,0.0
0.487,0.003,5.419,0.0,-0.009,0.0
0.487,0.003,5.131,0.0,0.014,0.0
0.487,0.003,5.19,0.0,-0.004,0.0
0.487,0.003,4.98,0.0,0.004,0.0
0.487,0.003,4.786,0.0,-0.003,0.0
0.487,0.003,5.228,0.0,-0.01,0.0
0.487,0.003,4.4,0.0,-0.001,0.0
0.487,0.003,5.801,0.0,-0.013,0.0
0.487,0.003,5.011,0.0,-0.0,0.0
0.487,0.003,4.058,0.0,-0.024,0.0
0.487,0.003,4.769,0.0,-0.004,0.0
0.487,0.003,4.738,0.0,0.003,0.0
0.487,0.003,4.788,0.0,-0.001,0.0
0.487,0.003,5.487,0.0,-0.012,0.0
0.487,0.003,5.168,0.0,-0.011,0.0
0.487,0.003,4.03,0.0,-0.024,0.0
0.487,0.003,5.638,0.0,-0.004,0.0
0.487,0.003,5.744,0.0,-0.016,0.0
0.487,0.003,5.831,0.0,-0.01,0.0
0.487,0.003,5.046,0.0,0.008,0.0
0.487,0.003,5.475,0.0,-0.005,0.0
0.487,0.003,5.375,0.0,0.005,0.0
0.487,0.003,4.86,0.0,0.008,0.0
0.487,0.003,5.667,0.0,-0.007,0.0
0.487,0.003,4.051,0.0,-0.014,0.0
0.487,0.003,4.02,0.0,-0.011,0.0
0.487,0.003,4.351,0.0,0.003,0.0
0.487,0.003,5.435,0.0,-0.002,0.0
0.487,0.003,4.748,0.0,0.007,0.0
0.487,0.003,5.135,0.0,-0.02,0.0
0.487,0.003,5.872,0.0,0.004,0.0
0.487,0.003,4.021,0.0,-0.005,0.0
0.487,0.003,4.928,0.0,-0.006,0.0
0.487,0.003,4.401,0.0,0.008,0.0
0.487,0.003,5.169,0.0,-0.018,0.0
0.487,0.003,4.482,0.0,-0.01,0.0
0.487,0.003,4.603,0.0,0.009,0.0
0.487,0.003,4.209,0.0,-0.028,0.0
0.487,0.003,4.664,0.0,0.011,0.0
0.487,0.003,5.615,0.0,-0.016,0.0
0.487,0.003,5.007,0.0,0.009,0.0
0.487,0.003,5.2,0.0,-0.01,0.0
0.487,0.003,4.35,0.0,-0.018,0.0
0.487,0.003,4.233,0.0,0.005,0.0
0.487,0.003,4.523,0.0,-0.012,0.0
0.487,0.003,7.056,0.0,0.004,0.0
0.487,0.003,4.701,0.0,-0.01,0.0
0.487,0.003,5.25,0.0,-0.019,0.0
0.487,0.003,6.043,0.0,-0.013,0.0
0.487,0.003,5.68,0.0,0.005,0.0
0.487,0.003,4.994,0.0,-0.012,0.0
0.487,0.003,5.387,0.0,-0.021,0.0
0.487,0.003,5.031,0.0,-0.01,0.0
0.487,0.003,4.827,0.0,0.005,0.0
0.487,0.003,4.513,0.0,-0.017,0.0
0.487,0.003,5.045,0.0,-0.003,0.0
0.487,0.003,4.614,0.0,0.002,0.0
0.487,0.003,6.131,0.0,0.003,0.0
0.487,0.003,3.23,0.0,-0.004,0.0
0.487,0.003,3.725,0.0,0.013,0.0
0.487,0.003,5.388,0.0,-0.006,0.0
0.487,0.003,4.487,0.0,-0.012,0.0
0.487,0.003,5.684,0.0,0.004,0.0
0.487,0.003,4.185,0.0,0.0,0.0
0.487,0.003,3.925,0.0,-0.012,0.0
0.488,0.003,5.056,0.0,0.006,0.0
0.488,0.003,4.383,0.0,0.005,0.0
0.488,0.003,5.695,0.0,-0.005,0.0
0.488,0.003,5.118,0.0,-0.005,0.0
0.488,0.003,4.71,0.0,-0.019,0.0
0.488,0.003,5.158,0.0,-0.003,0.0
0.488,0.003,4.219,0.0,0.009,0.0
0.488,0.003,4.363,0.0,0.01,0.0
0.488,0.003,4.946,0.0,-0.016,0.0
0.488,0.003,5.506,0.0,-0.007,0.0
0.488,0.003,5.258,0.0,0.0,0.0
0.488,0.003,3.477,0.0,-0.005,0.0
0.488,0.003,3.979,0.0,-0.003,0.0
0.488,0.003,5.856,0.0,0.002,0.0
0.488,0.003,5.305,0.0,-0.02,0.0
0.488,0.003,5.92,0.0,0.001,0.0
0.488,0.003,5.762,0.0,0.009,0.0
0.488,0.003,4.121,0.0,-0.013,0.0
0.488,0.003,5.506,0.0,-0.006,0.0
0.488,0.003,5.156,0.0,0.007,0.0
0.488,0.003,5.529,0.0,-0.016,0.0
0.488,0.003,5.968,0.0,-0.024,0.0
0.488,0.003,6.658,0.0,-0.002,0.0
0.488,0.003,5.914,0.0,0.005,0.0
0.488,0.003,4.289,0.0,-0.01,0.0
0.488,0.003,5.009,0.0,0.006,0.0
0.488,0.003,3.594,0.0,-0.011,0.0
0.488,0.003,6.022,0.0,0.006,0.0
0.488,0.003,4.539,0.0,-0.003,0.0
0.488,0.003,4.743,0.0,0.022,0.0
0.488,0.003,6.177,0.0,-0.005,0.0
0.488,0.003,5.873,0.0,-0.012,0.0
0.488,0.003,5.39,0.0,-0.025,0.0
0.488,0.003,4.884,0.0,-0.018,0.0
0.488,0.003,5.159,0.0,0.028,0.0
0.488,0.003,3.878,0.0,-0.012,0.0
0.488,0.003,4.447,0.0,-0.021,0.0
0.488,0.003,4.997,0.0,0.016,0.0
0.488,0.003,4.817,0.0,-0.02,0.0
0.488,0.003,4.635,0.0,0.007,0.0
0.488,0.003,4.491,0.0,0.014,0.0
0.488,0.003,4.545,0.0,-0.007,0.0
0.488,0.003,5.105,0.0,0.003,0.0
0.488,0.003,4.78,0.0,-0.013,0.0
0.488,0.003,4.378,0.0,-0.015,0.0
0.488,0.003,6.021,0.0,-0.008,0.0
0.488,0.003,3.961,0.0,-0.012,0.0
0.488,0.003,5.47,0.0,0.004,0.0
0.488,0.003,4.16,0.0,-0.005,0.0
0.488,0.003,5.237,0.0,-0.03,0.0
0.488,0.003,3.985,0.0,-0.001,0.0
0.488,0.003,4.2,0.0,0.004,0.0
0.488,0.003,4.506,0.0,-0.014,0.0
0.488,0.003,5.605,0.0,-0.005,0.0
0.488,0.003,5.18,0.0,0.007,0.0
0.488,0.003,4.572,0.0,-0.013,0.0
0.488,0.003,5.709,0.0,-0.014,0.0
0.488,0.003,4.963,0.0,-0.008,0.0
0.488,0.003,5.708,0.0,0.012,0.0
0.488,0.003,4.694,0.0,-0.022,0.0
0.488,0.003,4.277,0.0,-0.017,0.0
0.488,0.003,6.375,0.0,-0.014,0.0
0.488,0.003,5.332,0.0,-0.019,0.0
0.488,0.003,4.509,0.0,-0.002,0.0
0.488,0.003,5.506,0.0,0.006,0.0
0.488,0.003,5.391,0.0,0.006,0.0
0.488,0.003,3.949,0.0,0.007,0.0
0.488,0.003,5.591,0.0,0.005,0.0
0.488,0.003,4.713,0.0,-0.02,0.0
0.488,0.003,5.604,0.0,0.014,0.0
0.488,0.003,6.202,0.0,-0.004,0.0
0.488,0.003,5.445,0.0,0.002,0.0
0.488,0.003,4.615,0.0,-0.017,0.0
0.488,0.003,6.093,0.0,0.004,0.0
0.488,0.003,5.833,0.0,0.004,0.0
0.488,0.003,4.099,0.0,-0.01,0.0
0.488,0.003,4.739,0.0,-0.011,0.0
0.488,0.003,5.652,0.0,0.013,0.0
0.488,0.003,3.898,0.0,0.007,0.0
0.488,0.003,6.076,0.0,-0.014,0.0
0.489,0.003,4.913,0.0,0.0,0.0
0.489,0.003,4.782,0.0,-0.004,0.0
0.489,0.003,6.353,0.0,-0.009,0.0
0.489,0.003,5.334,0.0,-0.014,0.0
0.489,0.003,2.983,0.0,0.012,0.0
0.489,0.003,6.039,0.0,-0.025,0.0
0.489,0.003,5.257,0.0,-0.027,0.0
0.489,0.003,4.863,0.0,-0.004,0.0
0.489,0.003,4.0,0.0,0.004,0.0
0.489,0.003,4.797,0.0,-0.024,0.0
0.489,0.003,5.013,0.0,0.008,0.0
0.489,0.003,4.969,0.0,-0.006,0.0
0.489,0.003,6.032,0.0,-0.03,0.0
0.489,0.003,6.414,0.0,-0.014,0.0
0.489,0.003,4.74,0.0,0.018,0.0
0.489,0.003,5.597,0.0,-0.011,0.0
0.489,0.003,5.45,0.0,-0.013,0.0
0.489,0.003,3.951,0.0,-0.008,0.0
0.489,0.003,4.54,0.0,0.003,0.0
0.489,0.003,4.772,0.0,-0.001,0.0
0.489,0.003,5.242,0.0,0.003,0.0
0.489,0.003,4.377,0.0,-0.005,0.0
0.489,0.003,5.406,0.0,-0.011,0.0
0.489,0.003,5.179,0.0,-0.021,0.0
0.489,0.003,5.639,0.0,-0.023,0.0
0.489,0.003,4.712,0.0,-0.002,0.0
0.489,0.003,5.689,0.0,0.012,0.0
0.489,0.003,3.928,0.0,0.002,0.0
0.489,0.003,5.767,0.0,0.007,0.0
0.489,0.003,7.269,0.0,-0.018,0.0
0.489,0.003,3.793,0.0,-0.022,0.0
0.489,0.003,5.662,0.0,0.004,0.0
0.489,0.003,4.878,0.0,-0.002,0.0
0.489,0.003,4.857,0.0,-0.022,0.0
0.489,0.003,5.643,0.0,0.013,0.0
0.489,0.003,5.56,0.0,-0.021,0.0
0.489,0.003,5.658,0.0,-0.019,0.0
0.489,0.003,4.139,0.0,-0.031,0.0
0.489,0.003,4.92,0.0,-0.009,0.0
0.489,0.003,5.271,0.0,-0.025,0.0
0.489,0.003,3.793,0.0,-0.005,0.0
0.489,0.003,5.436,0.0,0.01,0.0
0.489,0.003,4.546,0.0,0.004,0.0
0.489,0.003,4.895,0.0,-0.011,0.0
0.489,0.003,5.976,0.0,-0.023,0.0
0.489,0.003,4.884,0.0,-0.003,0.0
0.489,0.003,4.994,0.0,0.013,0.0
0.489,0.003,5.365,0.0,-0.005,0.0
0.489,0.003,5.146,0.0,-0.0,0.0
0.489,0.003,4.705,0.0,-0.007,0.0
0.489,0.003,4.547,0.0,-0.001,0.0
0.489,0.003,6.101,0.0,-0.008,0.0
0.489,0.003,4.713,0.0,-0.003,0.0
0.489,0.003,5.417,0.0,0.01,0.0
0.489,0.003,5.682,0.0,-0.011,0.0
0.489,0.003,5.386,0.0,0.009,0.0
0.489,0.003,4.15,0.0,-0.023,0.0
0.489,0.003,5.649,0.0,0.014,0.0
0.489,0.003,4.399,0.0,0.014,0.0
0.489,0.003,4.251,0.0,-0.01,0.0
0.489,0.003,4.798,0.0,-0.011,0.0
0.489,0.003,4.326,0.0,-0.016,0.0
0.489,0.003,4.386,0.0,-0.008,0.0
0.489,0.003,5.301,0.0,-0.013,0.0
0.489,0.003,4.45,0.0,0.015,0.0
0.489,0.003,6.861,0.0,-0.002,0.0
0.489,0.003,4.676,0.0,-0.01,0.0
0.489,0.003,4.834,0.0,-0.003,0.0
0.489,0.003,4.467,0.0,-0.013,0.0
0.489,0.003,5.516,0.0,0.002,0.0
0.489,0.003,3.465,0.0,-0.009,0.0
0.489,0.003,5.49,0.0,0.011,0.0
0.489,0.003,4.482,0.0,0.01,0.0
0.489,0.003,4.422,0.0,-0.018,0.0
0.489,0.003,3.646,0.0,-0.001,0.0
0.489,0.003,4.08,0.0,-0.007,0.0
0.49,0.003,3.967,0.0,0.005,0.0
0.49,0.003,4.444,0.0,0.006,0.0
0.49,0.003,4.403,0.0,-0.022,0.0
0.49,0.003,6.011,0.0,-0.01,0.0
0.49,0.003,5.364,0.0,-0.003,0.0
0.49,0.003,5.126,0.0,0.005,0.0
0.49,0.003,3.76,0.0,-0.02,0.0
0.49,0.003,4.63,0.0,-0.011,0.0
0.49,0.003,5.347,0.0,0.008,0.0
0.49,0.003,5.092,0.0,-0.003,0.0
0.49,0.003,4.64,0.0,-0.011,0.0
0.49,0.003,4.211,0.0,0.007,0.0
0.49,0.003,3.895,0.0,-0.019,0.0
0.49,0.003,5.051,0.0,0.01,0.0
0.49,0.003,5.889,0.0,-0.023,0.0
0.49,0.003,5.167,0.0,-0.024,0.0
0.49,0.003,4.004,0.0,-0.009,0.0
0.49,0.003,4.891,0.0,-0.015,0.0
0.49,0.003,5.093,0.0,0.022,0.0
0.49,0.003,5.335,0.0,-0.018,0.0
0.49,0.003,5.319,0.0,-0.013,0.0
0.49,0.003,6.075,0.0,-0.01,0.0
0.49,0.003,4.018,0.0,0.002,0.0
0.49,0.003,5.791,0.0,-0.003,0.0
0.49,0.003,5.936,0.0,-0.006,0.0
0.49,0.003,3.312,0.0,-0.012,0.0
0.49,0.003,4.775,0.0,-0.016,0.0
0.49,0.003,4.411,0.0,-0.021,0.0
0.49,0.003,5.971,0.0,0.012,0.0
0.49,0.003,4.167,0.0,0.01,0.0
0.49,0.003,5.522,0.0,-0.02,0.0
0.49,0.003,4.669,0.0,0.013,0.0
0.49,0.003,5.832,0.0,0.01,0.0
0.49,0.003,3.978,0.0,-0.011,0.0
0.49,0.003,4.555,0.0,0.004,0.0
0.49,0.003,5.597,0.0,-0.014,0.0
0.49,0.003,4.564,0.0,-0.011,0.0
0.49,0.003,4.77,0.0,-0.015,0.0
0.49,0.003,4.512,0.0,-0.007,0.0
0.49,0.003,4.28,0.0,-0.01,0.0
0.49,0.003,4.794,0.0,-0.024,0.0
0.49,0.003,4.273,0.0,-0.003,0.0
0.49,0.003,5.783,0.0,-0.001,0.0
0.49,0.003,5.321,0.0,-0.029,0.0
0.49,0.003,5.884,0.0,0.005,0.0
0.49,0.003,5.104,0.0,-0.007,0.0
0.49,0.003,6.409,0.0,-0.011,0.0
0.49,0.003,4.514,0.0,-0.01,0.0
0.49,0.003,4.996,0.0,-0.002,0.0
0.49,0.003,4.207,0.0,0.002,0.0
0.49,0.003,4.914,0.0,0.017,0.0
0.49,0.003,4.988,0.0,-0.026,0.0
0.49,0.003,5.432,0.0,-0.019,0.0
0.49,0.003,4.879,0.0,-0.024,0.0
0.49,0.003,5.036,0.0,-0.008,0.0
0.49,0.003,4.963,0.0,-0.003,0.0
0.49,0.003,4.356,0.0,-0.01,0.0
0.49,0.003,5.438,0.0,-0.01,0.0
0.49,0.003,4.835,0.0,-0.016,0.0
0.49,0.003,5.522,0.0,-0.006,0.0
0.49,0.003,4.906,0.0,-0.009,0.0
0.49,0.003,5.549,0.0,-0.016,0.0
0.49,0.003,3.587,0.0,0.001,0.0
0.49,0.003,4.085,0.0,0.004,0.0
0.49,0.003,4.994,0.0,-0.004,0.0
0.49,0.003,4.792,0.0,-0.018,0.0
0.49,0.003,5.331,0.0,0.012,0.0
0.49,0.003,4.79,0.0,0.008,0.0
0.49,0.003,4.102,0.0,0.019,0.0
0.49,0.003,5.097,0.0,0.0,0.0
0.49,0.003,3.76,0.0,0.018,0.0
0.491,0.003,5.598,0.0,0.001,0.0
0.491,0.003,4.899,0.0,0.004,0.0
0.491,0.003,5.993,0.0,0.012,0.0
0.491,0.003,4.864,0.0,0.007,0.0
0.491,0.003,4.109,0.0,-0.004,0.0
0.491,0.003,5.211,0.0,-0.014,0.0
0.491,0.003,5.008,0.0,-0.008,0.0
0.491,0.003,5.117,0.0,-0.007,0.0
0.491,0.003,5.217,0.0,-0.016,0.0
0.491,0.003,4.758,0.0,-0.007,0.0
0.491,0.003,4.766,0.0,-0.004,0.0
0.491,0.003,3.996,0.0,0.012,0.0
0.491,0.003,3.914,0.0,-0.004,0.0
0.491,0.003,5.181,0.0,0.014,0.0
0.491,0.003,4.851,0.0,-0.002,0.0
0.491,0.003,4.67,0.0,-0.011,0.0
0.491,0.003,5.369,0.0,-0.014,0.0
0.491,0.003,3.587,0.0,0.011,0.0
0.491,0.003,3.555,0.0,-0.007,0.0
0.491,0.003,4.518,0.0,0.009,0.0
0.491,0.003,4.758,0.0,-0.006,0.0
0.491,0.003,4.852,0.0,-0.004,0.0
0.491,0.003,4.13,0.0,0.007,0.0
0.491,0.003,5.319,0.0,0.004,0.0
0.491,0.003,4.571,0.0,-0.01,0.0
0.491,0.003,4.354,0.0,0.017,0.0
0.491,0.003,5.366,0.0,0.003,0.0
0.491,0.003,5.241,0.0,0.01,0.0
0.491,0.003,5.529,0.0,-0.019,0.0
0.491,0.003,2.906,0.0,0.003,0.0
0.491,0.003,4.518,0.0,-0.003,0.0
0.491,0.003,5.166,0.0,0.001,0.0
0.491,0.003,5.317,0.0,-0.002,0.0
0.491,0.003,3.697,0.0,0.005,0.0
0.491,0.003,5.432,0.0,0.009,0.0
0.491,0.003,4.678,0.0,-0.004,0.0
0.491,0.003,5.416,0.0,-0.018,0.0
0.491,0.003,5.032,0.0,0.009,0.0
0.491,0.003,5.654,0.0,-0.002,0.0
0.491,0.003,4.858,0.0,0.013,0.0
0.491,0.003,6.328,0.0,-0.011,0.0
0.491,0.003,5.209,0.0,-0.033,0.0
0.491,0.003,5.402,0.0,0.003,0.0
0.491,0.003,3.828,0.0,-0.009,0.0
0.491,0.003,5.07,0.0,0.002,0.0
0.491,0.003,5.654,0.0,0.012,0.0
0.491,0.003,4.577,0.0,-0.015,0.0
0.491,0.003,5.662,0.0,-0.01,0.0
0.491,0.003,4.427,0.0,-0.013,0.0
0.491,0.003,4.099,0.0,-0.023,0.0
0.491,0.003,4.528,0.0,-0.004,0.0
0.491,0.003,5.978,0.0,-0.009,0.0
0.491,0.003,4.385,0.0,0.008,0.0
0.491,0.003,6.152,0.0,0.013,0.0
0.491,0.003,4.989,0.0,-0.014,0.0
0.491,0.003,3.6,0.0,-0.001,0.0
0.491,0.003,5.41,0.0,-0.023,0.0
0.491,0.003,4.137,0.0,-0.022,0.0
0.491,0.003,4.383,0.0,-0.002,0.0
0.491,0.003,4.608,0.0,-0.012,0.0
0.491,0.003,5.026,0.0,-0.002,0.0
0.491,0.003,5.532,0.0,0.002,0.0
0.491,0.003,4.398,0.0,-0.004,0.0
0.491,0.003,4.743,0.0,-0.022,0.0
0.491,0.003,4.428,0.0,-0.001,0.0
0.491,0.003,4.626,0.0,-0.002,0.0
0.491,0.003,3.577,0.0,-0.013,0.0
0.491,0.003,6.268,0.0,-0.018,0.0
0.491,0.003,4.405,0.0,-0.021,0.0
0.491,0.003,5.577,0.0,-0.021,0.0
0.491,0.003,4.362,0.0,-0.009,0.0
0.491,0.003,4.454,0.0,-0.004,0.0
0.491,0.003,4.563,0.0,-0.011,0.0
0.491,0.003,4.585,0.0,-0.024,0.0
0.491,0.003,4.228,0.0,-0.008,0.0
0.491,0.003,4.671,0.0,-0.007,0.0
0.491,0.003,4.886,0.0,-0.023,0.0
0.491,0.003,5.495,0.0,-0.001,0.0
0.491,0.003,4.683,0.0,-0.012,0.0
0.491,0.003,5.582,0.0,0.003,0.0
0.491,0.003,4.595,0.0,-0.011,0.0
0.491,0.003,6.671,0.0,-0.01,0.0
0.491,0.003,5.663,0.0,-0.001,0.0
0.491,0.003,4.183,0.0,0.001,0.0
0.491,0.003,3.782,0.0,-0.001,0.0
0.491,0.003,4.69,0.0,-0.004,0.0
0.491,0.003,4.844,0.0,-0.007,0.0
0.492,0.003,5.301,0.0,-0.003,0.0
0.492,0.003,4.925,0.0,-0.004,0.0
0.492,0.003,4.915,0.0,-0.003,0.0
0.492,0.003,5.525,0.0,-0.015,0.0
0.492,0.003,4.839,0.0,-0.0,0.0
0.492,0.003,5.172,0.0,-0.006,0.0
0.492,0.003,4.362,0.0,-0.026,0.0
0.492,0.003,4.968,0.0,-0.008,0.0
0.492,0.003,5.518,0.0,0.006,0.0
0.492,0.003,4.664,0.0,0.002,0.0
0.492,0.003,5.956,0.0,0.001,0.0
0.492,0.003,7.783,0.0,-0.022,0.0
0.492,0.003,5.175,0.0,0.001,0.0
0.492,0.003,6.121,0.0,-0.014,0.0
0.492,0.003,5.178,0.0,0.008,0.0
0.492,0.003,4.114,0.0,0.003,0.0
0.492,0.003,5.402,0.0,0.002,0.0
0.492,0.003,5.1,0.0,0.012,0.0
0.492,0.003,5.046,0.0,-0.014,0.0
0.492,0.003,6.131,0.0,0.01,0.0
0.492,0.003,5.558,0.0,-0.007,0.0
0.492,0.003,3.635,0.0,-0.011,0.0
0.492,0.003,5.128,0.0,-0.012,0.0
0.492,0.003,5.671,0.0,0.003,0.0
0.492,0.003,4.278,0.0,0.01,0.0
0.492,0.003,4.181,0.0,0.01,0.0
0.492,0.003,4.699,0.0,-0.004,0.0
0.492,0.003,4.441,0.0,-0.006,0.0
0.492,0.003,3.859,0.0,-0.021,0.0
0.492,0.003,5.17,0.0,0.002,0.0
0.492,0.003,5.135,0.0,-0.017,0.0
0.492,0.003,4.052,0.0,-0.004,0.0
0.492,0.003,4.018,0.0,0.001,0.0
0.492,0.003,4.743,0.0,0.006,0.0
0.492,0.003,4.917,0.0,-0.005,0.0
0.492,0.003,6.104,0.0,-0.019,0.0
0.492,0.003,4.699,0.0,-0.027,0.0
0.492,0.003,4.778,0.0,0.011,0.0
0.492,0.003,5.331,0.0,0.011,0.0
0.492,0.003,4.015,0.0,-0.019,0.0
0.492,0.003,4.154,0.0,-0.028,0.0
0.492,0.003,5.488,0.0,-0.016,0.0
0.492,0.003,3.79,0.0,-0.006,0.0
0.492,0.003,4.997,0.0,0.006,0.0
0.492,0.003,5.717,0.0,-0.007,0.0
0.492,0.003,4.794,0.0,-0.006,0.0
0.492,0.003,5.29,0.0,-0.01,0.0
0.492,0.003,5.212,0.0,0.004,0.0
0.492,0.003,5.357,0.0,-0.016,0.0
0.492,0.003,6.255,0.0,0.002,0.0
0.492,0.003,4.341,0.0,0.012,0.0
0.492,0.003,4.408,0.0,-0.022,0.0
0.492,0.003,5.457,0.0,0.003,0.0
0.492,0.003,4.571,0.0,0.01,0.0
0.492,0.003,4.73,0.0,-0.006,0.0
0.492,0.003,6.167,0.0,-0.009,0.0
0.492,0.003,4.917,0.0,0.01,0.0
0.492,0.003,3.997,0.0,-0.013,0.0
0.492,0.003,3.127,0.0,-0.01,0.0
0.492,0.003,5.467,0.0,-0.012,0.0
0.492,0.003,5.19,0.0,0.001,0.0
0.492,0.003,4.163,0.0,-0.003,0.0
0.492,0.003,5.257,0.0,0.01,0.0
0.492,0.003,3.435,0.0,-0.015,0.0
0.492,0.003,4.977,0.0,-0.008,0.0
0.492,0.003,3.778,0.0,-0.01,0.0
0.492,0.003,4.947,0.0,0.009,0.0
0.492,0.003,4.781,0.0,-0.005,0.0
0.492,0.003,6.396,0.0,-0.002,0.0
0.492,0.003,5.474,0.0,-0.007,0.0
0.492,0.003,5.676,0.0,0.006,0.0
0.492,0.003,5.798,0.0,-0.006,0.0
0.492,0.003,5.332,0.0,-0.017,0.0
0.492,0.003,5.41,0.0,-0.008,0.0
0.492,0.003,4.149,0.0,-0.007,0.0
0.493,0.003,5.966,0.0,-0.016,0.0
0.493,0.003,3.961,0.0,-0.004,0.0
0.493,0.003,6.105,0.0,-0.003,0.0
0.493,0.003,3.969,0.0,0.002,0.0
0.493,0.003,3.709,0.0,-0.014,0.0
0.493,0.003,5.043,0.0,-0.003,0.0
0.493,0.003,4.163,0.0,-0.001,0.0
0.493,0.003,5.024,0.0,-0.018,0.0
0.493,0.003,5.788,0.0,-0.014,0.0
0.493,0.003,3.197,0.0,-0.007,0.0
0.493,0.003,5.795,0.0,-0.005,0.0
0.493,0.003,5.969,0.0,-0.011,0.0
0.493,0.003,4.811,0.0,-0.014,0.0
0.493,0.003,5.718,0.0,-0.011,0.0
0.493,0.003,4.652,0.0,-0.017,0.0
0.493,0.003,5.572,0.0,-0.003,0.0
0.493,0.003,5.081,0.0,0.004,0.0
0.493,0.003,5.927,0.0,0.017,0.0
0.493,0.003,4.218,0.0,-0.001,0.0
0.493,0.003,5.824,0.0,0.013,0.0
0.493,0.003,5.108,0.0,0.001,0.0
0.493,0.003,5.159,0.0,0.004,0.0
0.493,0.003,4.828,0.0,-0.0,0.0
0.493,0.003,4.731,0.0,0.013,0.0
0.493,0.003,4.478,0.0,-0.004,0.0
0.493,0.003,4.789,0.0,-0.018,0.0
0.493,0.003,4.445,0.0,0.017,0.0
0.493,0.003,4.644,0.0,-0.007,0.0
0.493,0.003,5.794,0.0,-0.0,0.0
0.493,0.003,3.687,0.0,0.006,0.0
0.493,0.003,3.605,0.0,-0.01,0.0
0.493,0.003,5.31,0.0,0.001,0.0
0.493,0.003,5.559,0.0,-0.025,0.0
0.493,0.003,5.786,0.0,0.008,0.0
0.493,0.003,4.898,0.0,0.017,0.0
0.493,0.003,4.106,0.0,-0.004,0.0
0.493,0.003,2.961,0.0,0.019,0.0
0.493,0.003,4.633,0.0,-0.015,0.0
0.493,0.003,4.643,0.0,0.0,0.0
0.493,0.003,5.556,0.0,-0.004,0.0
0.493,0.003,4.806,0.0,-0.016,0.0
0.493,0.003,5.723,0.0,-0.024,0.0
0.493,0.003,5.072,0.0,-0.003,0.0
0.493,0.003,5.948,0.0,-0.011,0.0
0.493,0.003,5.145,0.0,-0.005,0.0
0.493,0.003,4.01,0.0,0.003,0.0
0.493,0.003,5.163,0.0,-0.024,0.0
0.493,0.003,4.624,0.0,-0.001,0.0
0.493,0.003,5.223,0.0,-0.01,0.0
0.493,0.003,4.567,0.0,-0.007,0.0
0.493,0.003,5.26,0.0,-0.007,0.0
0.493,0.003,5.144,0.0,0.01,0.0
0.493,0.003,4.389,0.0,-0.013,0.0
0.493,0.003,4.717,0.0,-0.002,0.0
0.493,0.003,5.077,0.0,0.007,0.0
0.493,0.003,4.376,0.0,-0.008,0.0
0.493,0.003,4.858,0.0,-0.032,0.0
0.493,0.003,4.283,0.0,-0.016,0.0
0.493,0.003,3.895,0.0,0.007,0.0
0.493,0.003,4.495,0.0,0.004,0.0
0.493,0.003,5.101,0.0,-0.003,0.0
0.493,0.003,5.529,0.0,-0.001,0.0
0.493,0.003,4.903,0.0,-0.003,0.0
0.493,0.003,4.685,0.0,-0.019,0.0
0.494,0.003,6.809,0.0,-0.023,0.0
0.494,0.003,4.187,0.0,-0.006,0.0
0.494,0.003,5.608,0.0,-0.007,0.0
0.494,0.003,6.092,0.0,0.009,0.0
0.494,0.003,4.719,0.0,-0.003,0.0
0.494,0.003,4.9,0.0,-0.0,0.0
0.494,0.003,4.554,0.0,-0.014,0.0
0.494,0.003,5.089,0.0,-0.007,0.0
0.494,0.003,4.762,0.0,-0.023,0.0
0.494,0.003,5.868,0.0,-0.014,0.0
0.494,0.003,4.705,0.0,-0.005,0.0
0.494,0.003,5.958,0.0,-0.036,0.0
0.494,0.003,4.619,0.0,-0.003,0.0
0.494,0.003,5.865,0.0,0.0,0.0
0.494,0.003,5.407,0.0,0.012,0.0
0.494,0.003,4.692,0.0,-0.016,0.0
0.494,0.003,5.961,0.0,-0.004,0.0
0.494,0.003,4.266,0.0,-0.019,0.0
0.494,0.003,6.971,0.0,-0.021,0.0
0.494,0.003,4.846,0.0,0.002,0.0
0.494,0.003,5.334,0.0,-0.01,0.0
0.494,0.003,4.411,0.0,-0.007,0.0
0.494,0.003,5.415,0.0,-0.017,0.0
0.494,0.003,6.232,0.0,-0.016,0.0
0.494,0.003,4.547,0.0,-0.013,0.0
0.494,0.003,5.049,0.0,0.014,0.0
0.494,0.003,4.854,0.0,0.003,0.0
0.494,0.003,4.544,0.0,-0.017,0.0
0.494,0.003,5.411,0.0,-0.023,0.0
0.494,0.003,4.763,0.0,0.005,0.0
0.494,0.003,4.614,0.0,-0.012,0.0
0.494,0.003,4.887,0.0,-0.009,0.0
0.494,0.003,3.868,0.0,-0.017,0.0
0.494,0.003,4.512,0.0,-0.026,0.0
0.494,0.003,3.375,0.0,-0.0,0.0
0.494,0.003,4.045,0.0,0.008,0.0
0.494,0.003,5.766,0.0,-0.009,0.0
0.494,0.003,5.843,0.0,-0.01,0.0
0.494,0.003,4.627,0.0,0.008,0.0
0.494,0.003,4.491,0.0,0.007,0.0
0.494,0.003,4.716,0.0,0.0,0.0
0.494,0.003,4.283,0.0,-0.01,0.0
0.494,0.003,4.612,0.0,0.01,0.0
0.494,0.003,5.119,0.0,-0.008,0.0
0.494,0.003,4.498,0.0,-0.041,0.0
0.494,0.003,4.966,0.0,-0.032,0.0
0.494,0.003,5.93,0.0,-0.002,0.0
0.494,0.003,4.041,0.0,-0.007,0.0
0.494,0.003,4.824,0.0,0.004,0.0
0.494,0.003,4.827,0.0,-0.014,0.0
0.494,0.003,4.471,0.0,-0.028,0.0
0.494,0.003,3.977,0.0,0.007,0.0
0.494,0.003,4.32,0.0,0.005,0.0
0.494,0.003,4.305,0.0,-0.014,0.0
0.494,0.003,4.961,0.0,-0.016,0.0
0.494,0.003,4.651,0.0,0.025,0.0
0.494,0.003,3.506,0.0,0.007,0.0
0.494,0.003,4.642,0.0,0.013,0.0
0.494,0.003,5.497,0.0,-0.012,0.0
0.495,0.003,4.125,0.0,-0.016,0.0
0.495,0.003,5.531,0.0,-0.017,0.0
0.495,0.003,4.057,0.0,-0.023,0.0
0.495,0.003,4.227,0.0,-0.011,0.0
0.495,0.003,5.429,0.0,0.006,0.0
0.495,0.003,4.532,0.0,-0.001,0.0
0.495,0.003,5.882,0.0,-0.03,0.0
0.495,0.003,5.346,0.0,-0.003,0.0
0.495,0.003,4.975,0.0,0.008,0.0
0.495,0.003,4.571,0.0,-0.012,0.0
0.495,0.003,4.417,0.0,-0.005,0.0
0.495,0.003,5.059,0.0,-0.011,0.0
0.495,0.003,4.983,0.0,0.01,0.0
0.495,0.003,4.996,0.0,0.008,0.0
0.495,0.003,5.548,0.0,-0.031,0.0
0.495,0.003,3.923,0.0,0.019,0.0
0.495,0.003,4.455,0.0,-0.01,0.0
0.495,0.003,5.894,0.0,-0.015,0.0
0.495,0.003,4.446,0.0,0.006,0.0
0.495,0.003,5.057,0.0,0.0,0.0
0.495,0.003,6.926,0.0,-0.004,0.0
0.495,0.003,5.044,0.0,-0.009,0.0
0.495,0.003,6.204,0.0,-0.007,0.0
0.495,0.003,5.853,0.0,0.019,0.0
0.495,0.003,5.41,0.0,-0.013,0.0
0.495,0.003,5.462,0.0,-0.02,0.0
0.495,0.003,5.209,0.0,-0.023,0.0
0.495,0.003,5.845,0.0,0.011,0.0
0.495,0.003,5.061,0.0,-0.015,0.0
0.495,0.003,5.211,0.0,-0.004,0.0
0.495,0.003,3.828,0.0,-0.002,0.0
0.495,0.003,6.174,0.0,-0.004,0.0
0.495,0.003,5.78,0.0,-0.013,0.0
0.495,0.003,5.918,0.0,-0.015,0.0
0.495,0.003,4.414,0.0,-0.011,0.0
0.495,0.003,3.662,0.0,0.018,0.0
0.495,0.003,5.787,0.0,0.011,0.0
0.495,0.003,4.62,0.0,-0.003,0.0
0.495,0.003,5.138,0.0,-0.003,0.0
0.495,0.003,5.663,0.0,-0.029,0.0
0.495,0.003,4.078,0.0,0.003,0.0
0.495,0.003,5.555,0.0,0.01,0.0
0.495,0.003,5.147,0.0,0.009,0.0
0.495,0.003,4.767,0.0,0.006,0.0
0.495,0.003,5.687,0.0,-0.006,0.0
0.495,0.003,4.907,0.0,-0.015,0.0
0.495,0.003,5.318,0.0,0.007,0.0
0.495,0.003,5.511,0.0,0.011,0.0
0.495,0.003,4.402,0.0,0.002,0.0
0.495,0.003,5.956,0.0,-0.004,0.0
0.495,0.003,4.466,0.0,-0.01,0.0
0.495,0.003,5.296,0.0,-0.009,0.0
0.495,0.003,3.499,0.0,-0.014,0.0
0.495,0.003,5.46,0.0,-0.007,0.0
0.495,0.003,4.089,0.0,-0.007,0.0
0.495,0.003,4.588,0.0,0.003,0.0
0.495,0.003,4.645,0.0,0.004,0.0
0.495,0.003,6.255,0.0,-0.031,0.0
0.495,0.003,4.938,0.0,-0.006,0.0
0.495,0.003,6.47,0.0,0.003,0.0
0.495,0.003,5.128,0.0,-0.01,0.0
0.495,0.003,5.439,0.0,0.003,0.0
0.495,0.003,4.435,0.0,-0.017,0.0
0.495,0.003,5.556,0.0,-0.015,0.0
0.495,0.003,4.756,0.0,-0.013,0.0
0.495,0.003,5.521,0.0,0.002,0.0
0.495,0.003,5.331,0.0,-0.005,0.0
0.495,0.007,5.577,0.0,-0.001,0.0
0.495,0.003,5.268,0.0,-0.001,0.0
0.495,0.003,4.175,0.0,-0.012,0.0
0.495,0.003,4.433,0.0,0.0,0.0
0.495,0.003,6.398,0.0,-0.016,0.0
0.495,0.003,4.732,0.0,-0.009,0.0
0.495,0.003,4.381,0.0,0.007,0.0
0.495,0.003,4.653,0.0,-0.007,0.0
0.495,0.003,4.273,0.0,-0.006,0.0
0.495,0.003,4.757,0.0,-0.019,0.0
0.495,0.003,3.89,0.0,-0.01,0.0
0.495,0.003,5.457,0.0,-0.001,0.0
0.495,0.003,4.926,0.0,-0.017,0.0
0.496,0.003,5.822,0.0,-0.008,0.0
0.496,0.003,5.676,0.0,0.015,0.0
0.496,0.003,5.265,0.0,-0.003,0.0
0.496,0.003,4.542,0.0,0.007,0.0
0.496,0.003,4.458,0.0,-0.007,0.0
0.496,0.003,4.722,0.0,-0.0,0.0
0.496,0.003,5.416,0.0,-0.002,0.0
0.496,0.003,4.479,0.0,-0.01,0.0
0.496,0.003,4.6,0.0,0.005,0.0
0.496,0.003,5.354,0.0,0.002,0.0
0.496,0.003,3.964,0.0,-0.005,0.0
0.496,0.003,5.914,0.0,0.001,0.0
0.496,0.003,5.44,0.0,-0.011,0.0
0.496,0.003,4.875,0.0,-0.01,0.0
0.496,0.003,6.129,0.0,-0.009,0.0
0.496,0.003,5.77,0.0,0.007,0.0
0.496,0.003,5.145,0.0,-0.005,0.0
0.496,0.003,4.92,0.0,-0.015,0.0
0.496,0.003,6.459,0.0,-0.016,0.0
0.496,0.003,4.469,0.0,0.004,0.0
0.496,0.003,5.566,0.0,-0.006,0.0
0.496,0.003,4.083,0.0,-0.02,0.0
0.496,0.003,4.002,0.0,-0.004,0.0
0.496,0.003,4.446,0.0,-0.019,0.0
0.496,0.003,4.8,0.0,-0.011,0.0
0.496,0.003,5.71,0.0,0.015,0.0
0.496,0.003,4.401,0.0,-0.008,0.0
0.496,0.003,5.007,0.0,0.003,0.0
0.496,0.003,5.158,0.0,-0.024,0.0
0.496,0.003,6.087,0.0,-0.007,0.0
0.496,0.003,4.739,0.0,-0.003,0.0
0.496,0.003,5.282,0.0,-0.014,0.0
0.496,0.003,4.58,0.0,-0.005,0.0
0.496,0.003,5.358,0.0,-0.002,0.0
0.496,0.003,4.678,0.0,-0.003,0.0
0.496,0.003,6.54,0.0,-0.013,0.0
0.496,0.003,6.619,0.0,-0.013,0.0
0.496,0.003,4.836,0.0,-0.007,0.0
0.496,0.003,5.976,0.0,-0.018,0.0
0.496,0.003,4.949,0.0,-0.027,0.0
0.496,0.003,4.252,0.0,0.004,0.0
0.496,0.003,5.733,0.0,0.001,0.0
0.496,0.003,4.778,0.0,-0.005,0.0
0.496,0.003,4.54,0.0,0.009,0.0
0.496,0.003,3.587,0.0,-0.003,0.0
0.496,0.003,4.288,0.0,-0.01,0.0
0.496,0.003,3.982,0.0,0.012,0.0
0.496,0.003,3.827,0.0,0.016,0.0
0.496,0.003,4.47,0.0,0.005,0.0
0.496,0.003,4.626,0.0,0.007,0.0
0.496,0.003,4.272,0.0,-0.012,0.0
0.496,0.003,5.189,0.0,0.0,0.0
0.496,0.003,4.983,0.0,0.008,0.0
0.496,0.003,5.302,0.0,0.014,0.0
0.496,0.003,5.683,0.0,0.004,0.0
0.496,0.003,4.217,0.0,0.0,0.0
0.496,0.003,4.647,0.0,-0.0,0.0
0.496,0.003,5.54,0.0,-0.009,0.0
0.496,0.003,4.757,0.0,0.011,0.0
0.496,0.003,4.126,0.0,0.009,0.0
0.496,0.003,4.589,0.0,-0.012,0.0
0.496,0.003,4.156,0.0,0.002,0.0
0.496,0.003,3.364,0.0,0.004,0.0
0.496,0.003,5.835,0.0,-0.005,0.0
0.496,0.003,5.023,0.0,-0.006,0.0
0.496,0.003,5.221,0.0,-0.012,0.0
0.496,0.003,4.055,0.0,0.03,0.0
0.496,0.003,3.98,0.0,-0.022,0.0
0.496,0.003,4.404,0.0,-0.001,0.0
0.496,0.003,5.345,0.0,0.002,0.0
0.496,0.003,4.806,0.0,-0.009,0.0
0.496,0.003,4.638,0.0,0.007,0.0
0.496,0.003,5.276,0.0,-0.02,0.0
0.496,0.003,4.578,0.0,-0.004,0.0
0.497,0.003,5.334,0.0,-0.003,0.0
0.497,0.003,4.059,0.0,-0.001,0.0
0.497,0.003,4.168,0.0,0.006,0.0
0.497,0.003,4.994,0.0,-0.006,0.0
0.497,0.003,4.198,0.0,-0.002,0.0
0.497,0.003,3.978,0.0,-0.025,0.0
0.497,0.003,5.314,0.0,-0.015,0.0
0.497,0.003,4.858,0.0,0.008,0.0
0.497,0.003,4.195,0.0,0.005,0.0
0.497,0.003,4.541,0.0,-0.009,0.0
0.497,0.003,4.041,0.0,-0.008,0.0
0.497,0.003,5.282,0.0,0.008,0.0
0.497,0.003,4.818,0.0,0.012,0.0
0.497,0.003,5.476,0.0,-0.012,0.0
0.497,0.003,4.501,0.0,0.01,0.0
0.497,0.003,5.069,0.0,-0.004,0.0
0.497,0.003,4.74,0.0,0.002,0.0
0.497,0.003,4.885,0.0,-0.016,0.0
0.497,0.003,4.494,0.0,-0.009,0.0
0.497,0.003,4.688,0.0,-0.007,0.0
0.497,0.003,4.734,0.0,-0.009,0.0
0.497,0.003,4.52,0.0,-0.012,0.0
0.497,0.003,5.781,0.0,-0.017,0.0
0.497,0.003,6.146,0.0,-0.01,0.0
0.497,0.003,4.971,0.0,-0.01,0.0
0.497,0.003,3.664,0.0,-0.0,0.0
0.497,0.003,6.325,0.0,-0.022,0.0
0.497,0.003,5.052,0.0,0.007,0.0
0.497,0.003,5.619,0.0,-0.007,0.0
0.497,0.003,5.505,0.0,-0.002,0.0
0.497,0.003,5.289,0.0,-0.007,0.0
0.497,0.003,4.424,0.0,0.001,0.0
0.497,0.003,4.087,0.0,-0.013,0.0
0.497,0.003,4.929,0.0,-0.012,0.0
0.497,0.003,5.075,0.0,0.007,0.0
0.497,0.003,5.23,0.0,-0.003,0.0
0.497,0.003,4.815,0.0,-0.004,0.0
0.497,0.003,5.989,0.0,0.005,0.0
0.497,0.003,5.139,0.0,-0.005,0.0
0.497,0.003,5.608,0.0,0.017,0.0
0.497,0.003,3.882,0.0,-0.005,0.0
0.497,0.003,4.302,0.0,-0.013,0.0
0.497,0.003,4.9,0.0,-0.008,0.0
0.497,0.003,5.075,0.0,0.01,0.0
0.497,0.003,5.42,0.0,-0.007,0.0
0.497,0.003,4.883,0.0,-0.027,0.0
0.497,0.003,5.647,0.0,-0.017,0.0
0.497,0.003,4.643,0.0,-0.005,0.0
0.497,0.003,5.201,0.0,0.003,0.0
0.497,0.003,5.327,0.0,0.012,0.0
0.497,0.003,5.541,0.0,-0.018,0.0
0.497,0.003,4.361,0.0,0.002,0.0
0.497,0.003,5.886,0.0,-0.008,0.0
0.497,0.003,5.215,0.0,-0.002,0.0
0.497,0.003,3.983,0.0,-0.001,0.0
0.497,0.003,5.265,0.0,-0.001,0.0
0.497,0.003,5.348,0.0,0.001,0.0
0.497,0.003,5.572,0.0,-0.009,0.0
0.497,0.003,3.274,0.0,-0.011,0.0
0.497,0.003,4.332,0.0,-0.013,0.0
0.497,0.003,4.54,0.0,-0.012,0.0
0.497,0.003,2.577,0.0,0.0,0.0
0.497,0.003,5.449,0.0,-0.003,0.0
0.497,0.003,5.17,0.0,0.001,0.0
0.497,0.003,5.117,0.0,-0.021,0.0
0.497,0.003,4.395,0.0,-0.015,0.0
0.497,0.003,6.59,0.0,0.002,0.0
0.497,0.003,4.006,0.0,0.006,0.0
0.497,0.003,4.924,0.0,0.001,0.0
0.497,0.003,3.948,0.0,-0.005,0.0
0.497,0.003,3.936,0.0,-0.014,0.0
0.497,0.003,4.568,0.0,-0.003,0.0
0.498,0.003,4.845,0.0,-0.013,0.0
0.498,0.003,4.399,0.0,-0.01,0.0
0.498,0.003,5.471,0.0,0.021,0.0
0.498,0.003,5.433,0.0,-0.003,0.0
0.498,0.003,3.605,0.0,0.004,0.0
0.498,0.003,4.759,0.0,0.014,0.0
0.498,0.003,6.157,0.0,0.002,0.0
0.498,0.003,4.054,0.0,-0.007,0.0
0.498,0.003,5.008,0.0,-0.019,0.0
0.498,0.003,5.069,0.0,-0.005,0.0
0.498,0.003,6.058,0.0,-0.002,0.0
0.498,0.003,5.528,0.0,0.003,0.0
0.498,0.003,3.92,0.0,-0.005,0.0
0.498,0.003,4.844,0.0,0.009,0.0
0.498,0.003,5.388,0.0,-0.001,0.0
0.498,0.003,3.576,0.0,0.01,0.0
0.498,0.003,5.045,0.0,-0.013,0.0
0.498,0.003,4.588,0.0,-0.013,0.0
0.498,0.003,4.67,0.0,0.011,0.0
0.498,0.003,4.578,0.0,-0.012,0.0
0.498,0.003,4.811,0.0,0.007,0.0
0.498,0.003,4.562,0.0,-0.007,0.0
0.498,0.003,4.276,0.0,-0.002,0.0
0.498,0.003,4.901,0.0,-0.011,0.0
0.498,0.003,4.27,0.0,-0.012,0.0
0.498,0.003,5.277,0.0,-0.007,0.0
0.498,0.003,3.846,0.0,-0.004,0.0
0.498,0.003,4.894,0.0,0.013,0.0
0.498,0.003,4.262,0.0,-0.021,0.0
0.498,0.003,4.692,0.0,0.019,0.0
0.498,0.003,4.712,0.0,-0.009,0.0
0.498,0.003,5.382,0.0,0.005,0.0
0.498,0.003,4.931,0.0,-0.012,0.0
0.498,0.003,5.861,0.0,-0.014,0.0
0.498,0.003,4.518,0.0,0.009,0.0
0.498,0.003,4.945,0.0,-0.015,0.0
0.498,0.003,5.728,0.0,-0.003,0.0
0.498,0.003,4.489,0.0,-0.016,0.0
0.498,0.003,4.636,0.0,0.004,0.0
0.498,0.003,4.861,0.0,0.016,0.0
0.498,0.003,4.726,0.0,-0.002,0.0
0.498,0.003,4.858,0.0,-0.017,0.0
0.498,0.003,5.556,0.0,-0.018,0.0
0.498,0.003,4.545,0.0,-0.018,0.0
0.498,0.003,5.48,0.0,0.023,0.0
0.498,0.003,4.194,0.0,-0.0,0.0
0.498,0.003,4.867,0.0,0.011,0.0
0.498,0.003,4.397,0.0,0.004,0.0
0.498,0.003,5.571,0.0,-0.001,0.0
0.498,0.003,4.966,0.0,-0.006,0.0
0.498,0.003,3.812,0.0,0.017,0.0
0.498,0.003,4.722,0.0,0.002,0.0
0.498,0.003,5.078,0.0,-0.015,0.0
0.498,0.003,4.633,0.0,-0.026,0.0
0.498,0.003,4.209,0.0,-0.014,0.0
0.498,0.003,5.885,0.0,-0.005,0.0
0.498,0.003,5.483,0.0,0.006,0.0
0.498,0.003,5.643,0.0,-0.012,0.0
0.498,0.003,3.454,0.0,0.013,0.0
0.498,0.003,4.267,0.0,-0.003,0.0
0.498,0.003,4.677,0.0,-0.021,0.0
0.498,0.003,5.294,0.0,-0.005,0.0
0.498,0.003,5.601,0.0,-0.007,0.0
0.498,0.003,4.849,0.0,-0.002,0.0
0.498,0.003,4.6,0.0,0.002,0.0
0.498,0.003,5.942,0.0,-0.015,0.0
0.498,0.003,4.602,0.0,-0.006,0.0
0.498,0.003,5.116,0.0,-0.004,0.0
0.498,0.003,4.437,0.0,-0.016,0.0
0.498,0.003,4.3,0.0,-0.004,0.0
0.499,0.003,4.416,0.0,-0.008,0.0
0.499,0.003,5.18,0.0,-0.003,0.0
0.499,0.003,4.423,0.0,-0.008,0.0
0.499,0.003,4.164,0.0,0.025,0.0
0.499,0.003,5.093,0.0,0.002,0.0
0.499,0.003,4.854,0.0,-0.004,0.0
0.499,0.003,5.003,0.0,0.013,0.0
0.499,0.003,6.25,0.0,-0.002,0.0
0.499,0.003,4.921,0.0,-0.0,0.0
0.499,0.003,5.232,0.0,-0.025,0.0
0.499,0.003,4.108,0.0,0.007,0.0
0.499,0.003,5.045,0.0,-0.011,0.0
0.499,0.003,4.456,0.0,-0.006,0.0
0.499,0.003,5.64,0.0,-0.011,0.0
0.499,0.003,5.697,0.0,-0.009,0.0
0.499,0.003,3.974,0.0,-0.02,0.0
0.499,0.003,4.783,0.0,0.011,0.0
0.499,0.003,4.039,0.0,-0.001,0.0
0.499,0.003,5.578,0.0,-0.007,0.0
0.499,0.003,4.855,0.0,-0.019,0.0
0.499,0.003,5.174,0.0,-0.016,0.0
0.499,0.003,4.286,0.0,-0.004,0.0
0.499,0.003,4.551,0.0,-0.004,0.0
0.499,0.003,4.069,0.0,-0.024,0.0
0.499,0.003,4.301,0.0,0.003,0.0
0.499,0.003,5.234,0.0,-0.002,0.0
0.499,0.003,5.382,0.0,0.012,0.0
0.499,0.003,3.915,0.0,-0.008,0.0
0.499,0.003,4.651,0.0,0.006,0.0
0.499,0.003,4.088,0.0,-0.01,0.0
0.499,0.003,3.557,0.0,0.002,0.0
0.499,0.003,5.961,0.0,-0.027,0.0
0.499,0.003,3.896,0.0,0.005,0.0
0.499,0.003,5.717,0.0,0.005,0.0
0.499,0.003,4.565,0.0,0.006,0.0
0.499,0.003,5.491,0.0,-0.003,0.0
0.499,0.003,4.731,0.0,-0.003,0.0
0.499,0.003,4.673,0.0,0.003,0.0
0.499,0.003,4.398,0.0,-0.009,0.0
0.499,0.003,4.992,0.0,-0.013,0.0
0.499,0.003,5.433,0.0,-0.002,0.0
0.499,0.003,4.952,0.0,-0.023,0.0
0.499,0.003,5.327,0.0,0.004,0.0
0.499,0.003,4.366,0.0,-0.004,0.0
0.499,0.003,5.766,0.0,-0.007,0.0
0.499,0.003,4.62,0.0,-0.012,0.0
0.499,0.003,5.484,0.0,-0.022,0.0
0.499,0.003,4.449,0.0,-0.012,0.0
0.499,0.003,5.241,0.0,-0.004,0.0
0.499,0.003,4.642,0.0,-0.011,0.0
0.499,0.003,5.371,0.0,-0.013,0.0
0.499,0.003,4.978,0.0,0.002,0.0
0.499,0.003,6.247,0.0,0.002,0.0
0.499,0.003,4.847,0.0,-0.004,0.0
0.499,0.003,4.958,0.0,0.005,0.0
0.499,0.003,3.637,0.0,0.022,0.0
0.499,0.003,3.637,0.0,0.013,0.0
0.499,0.003,4.79,0.0,0.005,0.0
0.499,0.003,5.045,0.0,-0.02,0.0
0.499,0.003,3.983,0.0,-0.005,0.0
0.499,0.003,6.42,0.0,0.005,0.0
0.499,0.003,4.89,0.0,-0.014,0.0
0.499,0.003,5.065,0.0,-0.004,0.0
0.499,0.003,5.146,0.0,-0.002,0.0
0.499,0.003,3.593,0.0,0.032,0.0
0.499,0.003,5.351,0.0,0.012,0.0
0.499,0.003,5.11,0.0,-0.016,0.0
0.499,0.003,4.973,0.0,-0.023,0.0
0.499,0.003,5.607,0.0,-0.017,0.0
0.499,0.003,5.622,0.0,-0.015,0.0
0.499,0.003,5.382,0.0,-0.004,0.0
0.499,0.003,4.533,0.0,-0.006,0.0
0.499,0.003,5.334,0.0,-0.006,0.0
0.499,0.003,4.289,0.0,-0.018,0.0
0.499,0.003,6.09,0.0,0.0,0.0
0.499,0.003,5.351,0.0,-0.016,0.0
0.499,0.003,4.862,0.0,-0.003,0.0
0.499,0.003,4.828,0.0,-0.015,0.0
0.5,0.003,4.881,0.0,-0.01,0.0
0.5,0.003,4.336,0.0,-0.012,0.0
0.5,0.003,5.016,0.0,-0.021,0.0
0.5,0.003,4.272,0.0,0.013,0.0
0.5,0.003,4.226,0.0,-0.005,0.0
0.5,0.003,4.713,0.0,0.015,0.0
0.5,0.003,4.094,0.0,-0.007,0.0
0.5,0.003,4.805,0.0,-0.024,0.0
0.5,0.003,4.437,0.0,-0.014,0.0
0.5,0.003,4.621,0.0,-0.01,0.0
0.5,0.003,4.189,0.0,-0.009,0.0
0.5,0.003,6.06,0.0,0.004,0.0
0.5,0.003,5.167,0.0,0.003,0.0
0.5,0.003,4.946,0.0,0.005,0.0
0.5,0.003,5.312,0.0,-0.011,0.0
0.5,0.003,5.223,0.0,0.003,0.0
0.5,0.003,4.632,0.0,0.004,0.0
0.5,0.003,5.217,0.0,-0.025,0.0
0.5,0.003,4.261,0.0,-0.005,0.0
0.5,0.003,5.362,0.0,-0.002,0.0
0.5,0.003,4.97,0.0,-0.006,0.0
0.5,0.003,5.31,0.0,0.002,0.0
0.5,0.003,4.205,0.0,-0.007,0.0
0.5,0.003,4.432,0.0,-0.03,0.0
0.5,0.003,4.384,0.0,-0.02,0.0
0.5,0.003,3.525,0.0,-0.004,0.0
0.5,0.003,5.337,0.0,-0.018,0.0
0.5,0.003,4.699,0.0,-0.017,0.0
0.5,0.003,4.424,0.0,0.002,0.0
0.5,0.003,5.186,0.0,0.018,0.0
0.5,0.003,5.215,0.0,-0.007,0.0
0.5,0.003,5.783,0.0,-0.015,0.0
0.5,0.003,5.36,0.0,0.001,0.0
0.5,0.003,6.26,0.0,-0.005,0.0
0.5,0.003,4.266,0.0,0.009,0.0
0.5,0.003,4.897,0.0,-0.01,0.0
0.5,0.003,4.118,0.0,-0.004,0.0
0.5,0.003,5.03,0.0,0.016,0.0
0.5,0.003,4.208,0.0,-0.001,0.0
0.5,0.003,5.379,0.0,-0.012,0.0
0.5,0.003,5.556,0.0,-0.01,0.0
0.5,0.003,5.056,0.0,0.004,0.0
0.5,0.003,5.013,0.0,-0.006,0.0
0.5,0.003,4.654,0.0,-0.006,0.0
0.5,0.003,4.387,0.0,-0.003,0.0
0.5,0.003,5.044,0.0,-0.016,0.0
0.5,0.003,4.98,0.0,0.005,0.0
0.5,0.003,4.972,0.0,-0.007,0.0
0.5,0.003,5.583,0.0,-0.004,0.0
0.5,0.003,4.464,0.0,-0.008,0.0
0.5,0.003,5.495,0.0,0.002,0.0
0.5,0.003,4.443,0.0,0.004,0.0
0.5,0.003,5.507,0.0,-0.005,0.0
0.5,0.003,5.217,0.0,0.003,0.0
0.5,0.003,5.557,0.0,0.004,0.0
0.5,0.003,5.049,0.0,-0.006,0.0
0.5,0.003,4.663,0.0,0.002,0.0
0.501,0.003,5.923,0.0,0.011,0.0
0.501,0.003,4.182,0.0,0.008,0.0
0.501,0.003,4.08,0.0,-0.0,0.0
0.501,0.003,4.43,0.0,-0.013,0.0
0.501,0.003,6.979,0.0,-0.005,0.0
0.501,0.003,5.204,0.0,-0.001,0.0
0.501,0.003,4.07,0.0,0.01,0.0
0.501,0.003,5.145,0.0,-0.0,0.0
0.501,0.003,4.922,0.0,0.008,0.0
0.501,0.003,3.906,0.0,-0.014,0.0
0.501,0.003,4.976,0.0,0.001,0.0
0.501,0.003,4.565,0.0,0.009,0.0
0.501,0.003,5.866,0.0,-0.018,0.0
0.501,0.003,5.174,0.0,0.005,0.0
0.501,0.003,5.498,0.0,-0.005,0.0
0.501,0.003,4.704,0.0,-0.018,0.0
0.501,0.003,4.829,0.0,0.007,0.0
0.501,0.003,4.762,0.0,-0.006,0.0
0.501,0.003,3.869,0.0,-0.009,0.0
0.501,0.003,5.516,0.0,-0.007,0.0
0.501,0.003,4.98,0.0,-0.0,0.0
0.501,0.003,3.945,0.0,-0.011,0.0
0.501,0.003,5.371,0.0,-0.019,0.0
0.501,0.003,4.792,0.0,0.012,0.0
0.501,0.003,4.332,0.0,0.005,0.0
0.501,0.003,4.433,0.0,0.017,0.0
0.501,0.003,4.715,0.0,-0.025,0.0
0.501,0.003,6.061,0.0,-0.007,0.0
0.501,0.003,6.063,0.0,-0.022,0.0
0.501,0.003,5.175,0.0,-0.011,0.0
0.501,0.003,5.655,0.0,-0.028,0.0
0.501,0.003,4.322,0.0,-0.015,0.0
0.501,0.003,5.19,0.0,-0.01,0.0
0.501,0.003,3.817,0.0,0.001,0.0
0.501,0.003,3.488,0.0,-0.002,0.0
0.501,0.003,4.728,0.0,-0.011,0.0
0.501,0.003,5.007,0.0,-0.01,0.0
0.501,0.003,3.788,0.0,0.012,0.0
0.501,0.003,4.806,0.0,0.005,0.0
0.501,0.003,3.69,0.0,0.01,0.0
0.501,0.003,4.707,0.0,-0.021,0.0
0.501,0.003,4.943,0.0,-0.016,0.0
0.501,0.003,4.969,0.0,-0.012,0.0
0.501,0.003,4.622,0.0,-0.006,0.0
0.501,0.003,5.105,0.0,-0.013,0.0
0.501,0.003,5.007,0.0,-0.008,0.0
0.501,0.003,4.985,0.0,-0.001,0.0
0.501,0.003,4.911,0.0,0.007,0.0
0.501,0.003,5.49,0.0,-0.017,0.0
0.501,0.003,4.783,0.0,0.004,0.0
0.501,0.003,4.898,0.0,-0.014,0.0
0.501,0.003,5.791,0.0,-0.012,0.0
0.501,0.003,5.667,0.0,-0.002,0.0
0.501,0.003,4.435,0.0,0.002,0.0
0.501,0.003,4.354,0.0,-0.005,0.0
0.501,0.003,4.7,0.0,-0.002,0.0
0.501,0.003,5.044,0.0,0.01,0.0
0.501,0.003,4.52,0.0,0.004,0.0
0.501,0.003,5.217,0.0,0.014,0.0
0.501,0.003,6.097,0.0,-0.007,0.0
0.501,0.003,5.453,0.0,-0.019,0.0
0.501,0.003,5.114,0.0,-0.012,0.0
0.501,0.003,5.214,0.0,-0.01,0.0
0.501,0.003,4.275,0.0,-0.001,0.0
0.501,0.003,5.832,0.0,0.001,0.0
0.501,0.003,5.204,0.0,-0.009,0.0
0.501,0.003,4.172,0.0,-0.009,0.0
0.501,0.003,5.395,0.0,-0.0,0.0
0.501,0.003,4.25,0.0,0.011,0.0
0.501,0.003,5.376,0.0,-0.023,0.0
0.501,0.003,4.86,0.0,-0.001,0.0
0.501,0.003,4.877,0.0,0.017,0.0
0.501,0.003,3.946,0.0,-0.001,0.0
0.501,0.003,4.844,0.0,-0.005,0.0
0.501,0.003,4.984,0.0,-0.007,0.0
0.501,0.003,4.754,0.0,0.012,0.0
0.502,0.003,4.502,0.0,0.014,0.0
0.502,0.003,4.606,0.0,-0.002,0.0
0.502,0.003,5.183,0.0,-0.016,0.0
0.502,0.003,4.513,0.0,-0.014,0.0
0.502,0.003,6.47,0.0,-0.002,0.0
0.502,0.003,4.405,0.0,-0.012,0.0
0.502,0.003,4.66,0.0,-0.018,0.0
0.502,0.003,5.124,0.0,0.001,0.0
0.502,0.003,5.901,0.0,-0.021,0.0
0.502,0.003,4.742,0.0,0.016,0.0
0.502,0.003,3.75,0.0,-0.018,0.0
0.502,0.003,4.837,0.0,-0.033,0.0
0.502,0.003,4.415,0.0,0.001,0.0
0.502,0.003,4.126,0.0,-0.01,0.0
0.502,0.003,4.889,0.0,0.001,0.0
0.502,0.007,5.064,0.0,-0.0,0.0
0.502,0.003,4.129,0.0,-0.012,0.0
0.502,0.003,5.624,0.0,0.001,0.0
0.502,0.003,3.978,0.0,0.028,0.0
0.502,0.003,4.221,0.0,-0.005,0.0
0.502,0.003,5.324,0.0,-0.01,0.0
0.502,0.003,4.954,0.0,-0.007,0.0
0.502,0.003,5.234,0.0,-0.008,0.0
0.502,0.003,4.491,0.0,-0.008,0.0
0.502,0.003,5.541,0.0,0.012,0.0
0.502,0.003,4.979,0.0,-0.005,0.0
0.502,0.003,4.208,0.0,-0.033,0.0
0.502,0.003,5.69,0.0,-0.002,0.0
0.502,0.003,4.865,0.0,-0.008,0.0
0.502,0.003,4.312,0.0,0.03,0.0
0.502,0.003,4.925,0.0,-0.02,0.0
0.502,0.003,5.357,0.0,-0.023,0.0
0.502,0.003,5.89,0.0,0.002,0.0
0.502,0.003,5.231,0.0,0.004,0.0
0.502,0.003,4.831,0.0,-0.011,0.0
0.502,0.003,4.976,0.0,-0.01,0.0
0.502,0.003,5.266,0.0,-0.018,0.0
0.502,0.003,5.911,0.0,-0.006,0.0
0.502,0.003,5.367,0.0,0.003,0.0
0.502,0.003,5.419,0.0,-0.012,0.0
0.502,0.003,4.005,0.0,-0.01,0.0
0.502,0.003,4.792,0.0,-0.022,0.0
0.502,0.003,4.012,0.0,-0.008,0.0
0.502,0.003,4.785,0.0,-0.025,0.0
0.502,0.003,5.446,0.0,0.013,0.0
0.502,0.003,4.951,0.0,-0.01,0.0
0.502,0.003,5.828,0.0,-0.012,0.0
0.502,0.003,5.427,0.0,-0.011,0.0
0.502,0.003,5.916,0.0,-0.015,0.0
0.502,0.003,4.629,0.0,0.014,0.0
0.502,0.003,5.824,0.0,-0.005,0.0
0.502,0.003,4.051,0.0,0.007,0.0
0.502,0.003,5.028,0.0,-0.016,0.0
0.502,0.003,4.239,0.0,-0.023,0.0
0.502,0.003,4.362,0.0,-0.005,0.0
0.502,0.003,4.464,0.0,-0.013,0.0
0.502,0.003,4.772,0.0,-0.01,0.0
0.502,0.003,5.851,0.0,-0.026,0.0
0.502,0.003,5.218,0.0,-0.002,0.0
0.502,0.003,4.488,0.0,-0.001,0.0
0.502,0.003,4.286,0.0,-0.025,0.0
0.502,0.003,4.475,0.0,0.001,0.0
0.502,0.003,4.455,0.0,-0.015,0.0
0.502,0.003,6.814,0.0,-0.01,0.0
0.502,0.003,4.047,0.0,0.017,0.0
0.502,0.003,4.878,0.0,0.014,0.0
0.502,0.003,5.278,0.0,0.013,0.0
0.502,0.003,3.539,0.0,-0.013,0.0
0.502,0.003,5.209,0.0,0.008,0.0
0.502,0.003,4.743,0.0,-0.007,0.0
0.502,0.003,5.236,0.0,-0.023,0.0
0.502,0.003,3.954,0.0,-0.001,0.0
0.502,0.003,4.878,0.0,-0.011,0.0
0.502,0.003,5.689,0.0,0.003,0.0
0.503,0.003,4.77,0.0,0.001,0.0
0.503,0.003,3.691,0.0,-0.012,0.0
0.503,0.003,6.181,0.0,-0.003,0.0
0.503,0.003,5.743,0.0,-0.008,0.0
0.503,0.003,4.953,0.0,-0.006,0.0
0.503,0.003,5.674,0.0,-0.027,0.0
0.503,0.003,5.229,0.0,-0.015,0.0
0.503,0.003,6.147,0.0,-0.001,0.0
0.503,0.003,4.193,0.0,-0.017,0.0
0.503,0.003,5.196,0.0,0.017,0.0
0.503,0.003,3.193,0.0,0.008,0.0
0.503,0.003,4.539,0.0,-0.012,0.0
0.503,0.003,4.667,0.0,-0.008,0.0
0.503,0.003,3.771,0.0,-0.006,0.0
0.503,0.003,5.138,0.0,-0.015,0.0
0.503,0.003,3.167,0.0,0.011,0.0
0.503,0.003,6.897,0.0,0.002,0.0
0.503,0.003,4.56,0.0,0.017,0.0
0.503,0.003,4.43,0.0,-0.009,0.0
0.503,0.003,4.492,0.0,-0.011,0.0
0.503,0.003,4.772,0.0,0.005,0.0
0.503,0.003,5.884,0.0,-0.027,0.0
0.503,0.003,5.945,0.0,-0.002,0.0
0.503,0.003,3.132,0.0,-0.008,0.0
0.503,0.003,5.195,0.0,-0.007,0.0
0.503,0.003,4.236,0.0,-0.019,0.0
0.503,0.003,4.789,0.0,-0.012,0.0
0.503,0.003,4.89,0.0,-0.002,0.0
0.503,0.003,4.688,0.0,-0.007,0.0
0.503,0.003,4.741,0.0,-0.018,0.0
0.503,0.003,6.862,0.0,-0.012,0.0
0.503,0.003,4.75,0.0,-0.007,0.0
0.503,0.003,5.72,0.0,0.014,0.0
0.503,0.003,5.978,0.0,-0.013,0.0
0.503,0.003,5.427,0.0,-0.024,0.0
0.503,0.003,5.345,0.0,-0.011,0.0
0.503,0.003,5.249,0.0,-0.008,0.0
0.503,0.003,5.239,0.0,-0.017,0.0
0.503,0.003,4.319,0.0,-0.001,0.0
0.503,0.003,4.716,0.0,-0.015,0.0
0.503,0.003,4.661,0.0,-0.002,0.0
0.503,0.003,5.786,0.0,0.013,0.0
0.503,0.003,4.107,0.0,-0.012,0.0
0.503,0.003,4.937,0.0,-0.012,0.0
0.503,0.003,4.562,0.0,-0.004,0.0
0.503,0.003,4.145,0.0,-0.013,0.0
0.503,0.003,4.348,0.0,-0.011,0.0
0.503,0.003,5.335,0.0,-0.001,0.0
0.503,0.003,5.031,0.0,-0.001,0.0
0.503,0.003,5.051,0.0,0.003,0.0
0.503,0.003,4.043,0.0,0.008,0.0
0.503,0.003,5.163,0.0,0.002,0.0
0.503,0.003,5.421,0.0,-0.007,0.0
0.503,0.003,3.511,0.0,-0.007,0.0
0.503,0.003,4.731,0.0,0.001,0.0
0.503,0.003,5.302,0.0,0.0,0.0
0.503,0.003,6.788,0.0,-0.019,0.0
0.503,0.003,5.025,0.0,0.007,0.0
0.503,0.003,5.287,0.0,-0.022,0.0
0.503,0.003,3.854,0.0,-0.01,0.0
0.503,0.003,6.153,0.0,-0.013,0.0
0.503,0.003,5.612,0.0,-0.003,0.0
0.503,0.003,4.193,0.0,-0.011,0.0
0.503,0.003,4.914,0.0,-0.029,0.0
0.503,0.003,4.584,0.0,-0.002,0.0
0.503,0.003,4.289,0.0,0.008,0.0
0.503,0.003,4.683,0.0,0.004,0.0
0.503,0.003,3.984,0.0,0.011,0.0
0.503,0.003,4.84,0.0,-0.014,0.0
0.503,0.003,4.121,0.0,-0.024,0.0
0.503,0.003,4.928,0.0,-0.014,0.0
0.503,0.003,5.198,0.0,-0.008,0.0
0.503,0.003,4.746,0.0,0.006,0.0
0.504,0.003,5.225,0.0,0.01,0.0
0.504,0.003,5.347,0.0,-0.004,0.0
0.504,0.003,4.493,0.0,-0.023,0.0
0.504,0.003,5.116,0.0,0.01,0.0
0.504,0.003,5.386,0.0,-0.004,0.0
0.504,0.003,4.635,0.0,-0.005,0.0
0.504,0.003,6.238,0.0,-0.015,0.0
0.504,0.003,4.336,0.0,0.006,0.0
0.504,0.003,4.872,0.0,-0.011,0.0
0.504,0.003,4.794,0.0,-0.011,0.0
0.504,0.003,6.012,0.0,-0.014,0.0
0.504,0.003,5.193,0.0,0.007,0.0
0.504,0.003,4.656,0.0,-0.02,0.0
0.504,0.003,4.081,0.0,-0.006,0.0
0.504,0.003,4.426,0.0,0.01,0.0
0.504,0.003,4.28,0.0,-0.01,0.0
0.504,0.003,5.835,0.0,-0.016,0.0
0.504,0.003,4.825,0.0,-0.005,0.0
0.504,0.003,5.928,0.0,0.012,0.0
0.504,0.003,6.015,0.0,-0.017,0.0
0.504,0.003,3.957,0.0,-0.024,0.0
0.504,0.003,5.045,0.0,0.007,0.0
0.504,0.003,5.221,0.0,0.003,0.0
0.504,0.003,5.33,0.0,-0.022,0.0
0.504,0.003,5.334,0.0,-0.007,0.0
0.504,0.003,5.305,0.0,0.011,0.0
0.504,0.003,5.672,0.0,-0.015,0.0
0.504,0.003,4.254,0.0,-0.013,0.0
0.504,0.003,4.098,0.0,0.007,0.0
0.504,0.003,5.591,0.0,0.019,0.0
0.504,0.003,3.671,0.0,-0.009,0.0
0.504,0.003,5.4,0.0,-0.024,0.0
0.504,0.003,4.658,0.0,0.024,0.0
0.504,0.003,4.331,0.0,-0.005,0.0
0.504,0.003,4.327,0.0,-0.017,0.0
0.504,0.003,4.412,0.0,-0.004,0.0
0.504,0.003,5.244,0.0,-0.017,0.0
0.504,0.003,5.433,0.0,-0.008,0.0
0.504,0.003,3.952,0.0,-0.025,0.0
0.504,0.003,4.998,0.0,0.005,0.0
0.504,0.003,6.213,0.0,-0.004,0.0
0.504,0.003,4.716,0.0,-0.021,0.0
0.504,0.003,4.231,0.0,-0.004,0.0
0.504,0.003,5.278,0.0,-0.009,0.0
0.504,0.003,5.004,0.0,0.003,0.0
0.504,0.003,5.986,0.0,0.004,0.0
0.504,0.003,5.717,0.0,-0.0,0.0
0.504,0.003,4.659,0.0,-0.004,0.0
0.504,0.003,5.576,0.0,-0.001,0.0
0.504,0.003,5.906,0.0,0.018,0.0
0.504,0.003,5.051,0.0,-0.002,0.0
0.504,0.003,4.469,0.0,0.013,0.0
0.504,0.003,3.976,0.0,-0.009,0.0
0.504,0.003,4.757,0.0,0.004,0.0
0.504,0.003,4.945,0.0,-0.016,0.0
0.504,0.003,5.116,0.0,-0.021,0.0
0.504,0.003,5.564,0.0,-0.007,0.0
0.504,0.003,4.388,0.0,0.008,0.0
0.504,0.003,3.633,0.0,-0.003,0.0
0.504,0.003,4.154,0.0,-0.006,0.0
0.504,0.003,5.255,0.0,0.007,0.0
0.504,0.003,4.565,0.0,0.004,0.0
0.504,0.003,4.395,0.0,-0.003,0.0
0.504,0.003,4.038,0.0,-0.001,0.0
0.504,0.003,4.378,0.0,0.0,0.0
0.504,0.003,4.648,0.0,-0.012,0.0
0.504,0.003,4.755,0.0,0.001,0.0
0.504,0.003,5.053,0.0,-0.008,0.0
0.505,0.003,6.288,0.0,-0.007,0.0
0.505,0.003,5.074,0.0,-0.007,0.0
0.505,0.003,5.143,0.0,0.008,0.0
0.505,0.003,4.635,0.0,0.006,0.0
0.505,0.003,4.619,0.0,-0.011,0.0
0.505,0.003,5.093,0.0,-0.008,0.0
0.505,0.003,5.088,0.0,0.022,0.0
0.505,0.003,5.543,0.0,0.018,0.0
0.505,0.003,5.707,0.0,-0.012,0.0
0.505,0.003,4.872,0.0,0.002,0.0
0.505,0.003,4.987,0.0,0.007,0.0
0.505,0.003,5.826,0.0,0.018,0.0
0.505,0.003,5.308,0.0,-0.016,0.0
0.505,0.003,3.754,0.0,0.006,0.0
0.505,0.003,5.168,0.0,-0.027,0.0
0.505,0.003,5.167,0.0,-0.007,0.0
0.505,0.003,4.204,0.0,-0.006,0.0
0.505,0.003,4.229,0.0,0.008,0.0
0.505,0.003,5.459,0.0,0.003,0.0
0.505,0.003,3.439,0.0,0.024,0.0
0.505,0.003,6.33,0.0,-0.006,0.0
0.505,0.003,4.286,0.0,0.006,0.0
0.505,0.003,5.261,0.0,-0.001,0.0
0.505,0.003,3.419,0.0,0.021,0.0
0.505,0.003,5.341,0.0,-0.018,0.0
0.505,0.003,5.096,0.0,0.002,0.0
0.505,0.003,5.616,0.0,0.021,0.0
0.505,0.003,4.135,0.0,-0.002,0.0
0.505,0.003,6.02,0.0,-0.005,0.0
0.505,0.003,4.598,0.0,0.001,0.0
0.505,0.003,4.857,0.0,-0.02,0.0
0.505,0.003,4.867,0.0,-0.007,0.0
0.505,0.003,3.674,0.0,-0.009,0.0
0.505,0.003,4.693,0.0,0.001,0.0
0.505,0.003,6.006,0.0,0.001,0.0
0.505,0.003,7.28,0.0,-0.023,0.0
0.505,0.003,4.791,0.0,-0.005,0.0
0.505,0.003,4.128,0.0,0.018,0.0
0.505,0.003,4.414,0.0,-0.021,0.0
0.505,0.003,3.727,0.0,-0.027,0.0
0.505,0.003,4.228,0.0,-0.019,0.0
0.505,0.003,4.518,0.0,-0.003,0.0
0.505,0.003,4.679,0.0,-0.011,0.0
0.505,0.003,3.929,0.0,-0.01,0.0
0.505,0.003,4.614,0.0,-0.01,0.0
0.505,0.003,5.53,0.0,0.009,0.0
0.505,0.003,5.538,0.0,0.007,0.0
0.505,0.003,5.536,0.0,0.015,0.0
0.505,0.003,5.075,0.0,0.0,0.0
0.505,0.003,3.755,0.0,0.009,0.0
0.505,0.003,4.874,0.0,-0.0,0.0
0.505,0.003,5.092,0.0,-0.006,0.0
0.505,0.003,4.255,0.0,-0.015,0.0
0.505,0.003,6.521,0.0,-0.002,0.0
0.505,0.003,4.722,0.0,-0.007,0.0
0.505,0.003,5.047,0.0,0.002,0.0
0.505,0.003,4.286,0.0,-0.001,0.0
0.505,0.003,6.209,0.0,0.002,0.0
0.505,0.003,6.175,0.0,-0.009,0.0
0.505,0.003,4.791,0.0,-0.005,0.0
0.505,0.003,4.242,0.0,-0.003,0.0
0.505,0.003,6.236,0.0,-0.007,0.0
0.505,0.003,6.03,0.0,-0.028,0.0
0.505,0.003,4.713,0.0,0.0,0.0
0.505,0.003,5.425,0.0,-0.014,0.0
0.505,0.003,4.973,0.0,-0.012,0.0
0.505,0.003,4.639,0.0,0.008,0.0
0.505,0.003,4.462,0.0,-0.005,0.0
0.505,0.003,6.318,0.0,-0.003,0.0
0.505,0.003,4.27,0.0,0.006,0.0
0.505,0.003,5.24,0.0,-0.026,0.0
0.505,0.003,4.896,0.0,0.004,0.0
0.506,0.003,5.265,0.0,-0.009,0.0
0.506,0.003,3.836,0.0,0.008,0.0
0.506,0.003,4.351,0.0,-0.016,0.0
0.506,0.003,4.812,0.0,-0.022,0.0
0.506,0.003,6.556,0.0,-0.004,0.0
0.506,0.003,5.187,0.0,0.001,0.0
0.506,0.003,3.857,0.0,-0.001,0.0
0.506,0.003,4.974,0.0,0.001,0.0
0.506,0.003,6.141,0.0,0.002,0.0
0.506,0.003,5.43,0.0,-0.014,0.0
0.506,0.003,6.038,0.0,-0.005,0.0
0.506,0.003,4.687,0.0,-0.009,0.0
0.506,0.003,4.864,0.0,0.017,0.0
0.506,0.003,5.971,0.0,-0.017,0.0
0.506,0.003,5.675,0.0,-0.001,0.0
0.506,0.003,3.481,0.0,-0.011,0.0
0.506,0.003,5.367,0.0,0.004,0.0
0.506,0.003,4.696,0.0,0.003,0.0
0.506,0.003,4.181,0.0,0.017,0.0
0.506,0.003,4.93,0.0,-0.006,0.0
0.506,0.003,4.894,0.0,-0.017,0.0
0.506,0.003,4.812,0.0,-0.021,0.0
0.506,0.003,4.307,0.0,0.009,0.0
0.506,0.003,5.065,0.0,-0.007,0.0
0.506,0.003,5.097,0.0,-0.01,0.0
0.506,0.003,4.79,0.0,-0.025,0.0
0.506,0.003,4.916,0.0,-0.004,0.0
0.506,0.003,4.24,0.0,0.004,0.0
0.506,0.003,4.78,0.0,-0.004,0.0
0.506,0.003,4.557,0.0,-0.012,0.0
0.506,0.003,4.917,0.0,-0.006,0.0
0.506,0.003,4.838,0.0,0.006,0.0
0.506,0.003,4.098,0.0,-0.013,0.0
0.506,0.003,4.838,0.0,0.007,0.0
0.506,0.003,5.349,0.0,-0.003,0.0
0.506,0.003,5.826,0.0,-0.019,0.0
0.506,0.003,5.001,0.0,-0.014,0.0
0.506,0.003,4.93,0.0,0.005,0.0
0.506,0.003,6.462,0.0,-0.001,0.0
0.506,0.003,6.176,0.0,-0.008,0.0
0.506,0.003,4.941,0.0,0.014,0.0
0.506,0.003,3.895,0.0,0.019,0.0
0.506,0.003,4.952,0.0,0.008,0.0
0.506,0.003,3.924,0.0,-0.007,0.0
0.506,0.003,6.072,0.0,-0.016,0.0
0.506,0.003,5.713,0.0,-0.007,0.0
0.506,0.003,4.955,0.0,-0.022,0.0
0.506,0.003,5.174,0.0,0.004,0.0
0.506,0.003,3.775,0.0,-0.008,0.0
0.506,0.003,4.792,0.0,-0.021,0.0
0.506,0.003,4.847,0.0,-0.003,0.0
0.506,0.003,6.97,0.0,-0.016,0.0
0.506,0.003,4.859,0.0,-0.001,0.0
0.506,0.003,5.803,0.0,0.006,0.0
0.506,0.003,4.304,0.0,0.006,0.0
0.506,0.003,5.314,0.0,-0.016,0.0
0.506,0.003,4.978,0.0,-0.023,0.0
0.506,0.003,5.377,0.0,-0.009,0.0
0.506,0.003,4.816,0.0,-0.01,0.0
0.506,0.003,5.323,0.0,0.006,0.0
0.506,0.003,4.054,0.0,-0.003,0.0
0.506,0.003,4.544,0.0,-0.0,0.0
0.506,0.003,4.686,0.0,0.008,0.0
0.506,0.003,4.406,0.0,0.008,0.0
0.506,0.003,4.713,0.0,-0.003,0.0
0.506,0.003,4.382,0.0,0.005,0.0
0.506,0.003,5.223,0.0,-0.008,0.0
0.506,0.003,5.325,0.0,-0.017,0.0
0.506,0.003,4.948,0.0,0.005,0.0
0.506,0.003,4.346,0.0,0.006,0.0
0.506,0.003,5.518,0.0,-0.019,0.0
0.506,0.003,5.143,0.0,-0.018,0.0
0.506,0.003,3.913,0.0,-0.01,0.0
0.506,0.003,5.263,0.0,0.003,0.0
0.506,0.003,4.57,0.0,0.007,0.0
0.506,0.003,4.529,0.0,0.007,0.0
0.506,0.003,4.458,0.0,-0.001,0.0
0.506,0.003,4.625,0.0,-0.011,0.0
0.506,0.003,5.574,0.0,0.018,0.0
0.506,0.003,4.457,0.0,-0.002,0.0
0.506,0.003,3.492,0.0,-0.01,0.0
0.506,0.003,4.868,0.0,-0.012,0.0
0.506,0.003,4.958,0.0,-0.01,0.0
0.506,0.003,4.652,0.0,-0.008,0.0
0.506,0.003,4.886,0.0,-0.01,0.0
0.506,0.003,5.487,0.0,-0.016,0.0
0.507,0.003,6.494,0.0,-0.007,0.0
0.507,0.003,4.668,0.0,-0.015,0.0
0.507,0.003,4.363,0.0,0.006,0.0
0.507,0.003,4.252,0.0,0.023,0.0
0.507,0.003,4.879,0.0,-0.005,0.0
0.507,0.003,5.361,0.0,-0.015,0.0
0.507,0.003,4.53,0.0,0.001,0.0
0.507,0.003,4.284,0.0,-0.013,0.0
0.507,0.003,4.857,0.0,-0.021,0.0
0.507,0.003,5.079,0.0,0.006,0.0
0.507,0.003,4.033,0.0,-0.005,0.0
0.507,0.003,5.247,0.0,-0.001,0.0
0.507,0.003,4.32,0.0,-0.02,0.0
0.507,0.003,5.471,0.0,-0.019,0.0
0.507,0.003,5.245,0.0,0.003,0.0
0.507,0.003,5.533,0.0,0.002,0.0
0.507,0.003,5.066,0.0,-0.002,0.0
0.507,0.003,5.263,0.0,0.003,0.0
0.507,0.003,5.362,0.0,0.003,0.0
0.507,0.003,4.651,0.0,-0.023,0.0
0.507,0.003,4.623,0.0,-0.01,0.0
0.507,0.003,5.322,0.0,0.012,0.0
0.507,0.003,5.499,0.0,-0.007,0.0
0.507,0.003,4.506,0.0,-0.026,0.0
0.507,0.003,3.635,0.0,0.003,0.0
0.507,0.003,4.375,0.0,-0.0,0.0
0.507,0.003,5.099,0.0,-0.01,0.0
0.507,0.003,4.547,0.0,0.002,0.0
0.507,0.003,4.144,0.0,-0.019,0.0
0.507,0.003,3.828,0.0,-0.007,0.0
0.507,0.003,5.376,0.0,0.003,0.0
0.507,0.003,5.375,0.0,-0.01,0.0
0.507,0.003,5.185,0.0,-0.022,0.0
0.507,0.003,5.486,0.0,-0.004,0.0
0.507,0.003,4.804,0.0,0.005,0.0
0.507,0.003,4.361,0.0,-0.005,0.0
0.507,0.003,4.882,0.0,-0.023,0.0
0.507,0.003,4.788,0.0,-0.014,0.0
0.507,0.003,4.946,0.0,0.009,0.0
0.507,0.003,4.992,0.0,-0.012,0.0
0.507,0.003,5.249,0.0,-0.003,0.0
0.507,0.003,6.784,0.0,-0.022,0.0
0.507,0.003,4.384,0.0,-0.001,0.0
0.507,0.003,4.416,0.0,-0.007,0.0
0.507,0.003,5.665,0.0,0.011,0.0
0.507,0.003,5.281,0.0,0.002,0.0
0.507,0.003,5.312,0.0,-0.01,0.0
0.507,0.003,3.588,0.0,0.006,0.0
0.507,0.003,3.869,0.0,-0.002,0.0
0.507,0.003,5.293,0.0,0.015,0.0
0.507,0.003,4.541,0.0,-0.016,0.0
0.507,0.003,5.528,0.0,-0.008,0.0
0.507,0.003,4.31,0.0,-0.0,0.0
0.507,0.003,6.822,0.0,-0.015,0.0
0.507,0.003,4.478,0.0,-0.003,0.0
0.507,0.003,4.844,0.0,-0.012,0.0
0.507,0.003,4.346,0.0,-0.001,0.0
0.507,0.003,5.143,0.0,0.021,0.0
0.507,0.003,5.308,0.0,0.005,0.0
0.507,0.003,4.1,0.0,-0.019,0.0
0.507,0.003,5.058,0.0,-0.006,0.0
0.507,0.003,6.604,0.0,-0.008,0.0
0.507,0.003,5.021,0.0,-0.003,0.0
0.507,0.003,5.497,0.0,-0.011,0.0
0.507,0.003,3.8,0.0,-0.002,0.0
0.507,0.003,4.827,0.0,-0.024,0.0
0.507,0.003,4.438,0.0,-0.013,0.0
0.507,0.003,5.101,0.0,-0.013,0.0
0.507,0.003,4.792,0.0,-0.003,0.0
0.507,0.003,4.695,0.0,-0.021,0.0
0.507,0.003,4.293,0.0,-0.009,0.0
0.507,0.003,3.931,0.0,-0.007,0.0
0.507,0.003,5.021,0.0,-0.014,0.0
0.507,0.003,4.568,0.0,-0.025,0.0
0.508,0.003,4.568,0.0,-0.006,0.0
0.508,0.003,5.088,0.0,0.017,0.0
0.508,0.003,5.081,0.0,-0.007,0.0
0.508,0.003,4.5,0.0,-0.01,0.0
0.508,0.003,4.252,0.0,-0.01,0.0
0.508,0.003,5.43,0.0,0.003,0.0
0.508,0.003,5.477,0.0,-0.0,0.0
0.508,0.003,4.512,0.0,0.01,0.0
0.508,0.003,4.396,0.0,-0.003,0.0
0.508,0.003,4.481,0.0,0.0,0.0
0.508,0.003,3.482,0.0,-0.001,0.0
0.508,0.003,6.298,0.0,-0.016,0.0
0.508,0.003,4.937,0.0,0.011,0.0
0.508,0.003,4.899,0.0,0.013,0.0
0.508,0.003,4.883,0.0,-0.0,0.0
0.508,0.003,5.249,0.0,-0.011,0.0
0.508,0.003,4.774,0.0,0.005,0.0
0.508,0.003,5.412,0.0,-0.001,0.0
0.508,0.003,4.455,0.0,-0.02,0.0
0.508,0.003,5.587,0.0,0.003,0.0
0.508,0.003,6.162,0.0,-0.006,0.0
0.508,0.003,4.134,0.0,-0.015,0.0
0.508,0.003,3.924,0.0,0.006,0.0
0.508,0.003,5.25,0.0,-0.003,0.0
0.508,0.003,5.256,0.0,-0.003,0.0
0.508,0.003,5.699,0.0,0.006,0.0
0.508,0.003,4.618,0.0,0.004,0.0
0.508,0.003,4.438,0.0,-0.005,0.0
0.508,0.003,6.129,0.0,0.0,0.0
0.508,0.003,3.829,0.0,0.004,0.0
0.508,0.003,5.116,0.0,-0.024,0.0
0.508,0.003,5.496,0.0,-0.03,0.0
0.508,0.003,5.198,0.0,0.013,0.0
0.508,0.003,4.639,0.0,0.002,0.0
0.508,0.003,6.012,0.0,0.013,0.0
0.508,0.003,4.68,0.0,-0.007,0.0
0.508,0.003,4.586,0.0,0.002,0.0
0.508,0.003,5.62,0.0,-0.008,0.0
0.508,0.003,3.939,0.0,0.02,0.0
0.508,0.003,5.517,0.0,-0.022,0.0
0.508,0.003,4.816,0.0,-0.007,0.0
0.508,0.003,4.923,0.0,-0.012,0.0
0.508,0.003,4.523,0.0,-0.02,0.0
0.508,0.003,4.59,0.0,-0.003,0.0
0.508,0.003,4.832,0.0,-0.008,0.0
0.508,0.003,6.029,0.0,-0.009,0.0
0.508,0.003,5.715,0.0,-0.004,0.0
0.508,0.003,5.485,0.0,-0.017,0.0
0.508,0.003,3.86,0.0,-0.005,0.0
0.508,0.003,4.457,0.0,0.003,0.0
0.508,0.003,4.528,0.0,-0.009,0.0
0.508,0.003,4.773,0.0,0.01,0.0
0.508,0.003,4.748,0.0,-0.001,0.0
0.508,0.003,4.881,0.0,-0.004,0.0
0.508,0.003,4.192,0.0,-0.022,0.0
0.508,0.003,3.456,0.0,0.02,0.0
0.508,0.003,4.886,0.0,-0.034,0.0
0.508,0.003,5.026,0.0,-0.013,0.0
0.508,0.003,4.375,0.0,0.006,0.0
0.508,0.003,4.144,0.0,0.017,0.0
0.508,0.003,4.946,0.0,-0.02,0.0
0.508,0.003,5.167,0.0,0.007,0.0
0.508,0.003,5.215,0.0,-0.005,0.0
0.508,0.003,4.296,0.0,0.004,0.0
0.508,0.003,6.027,0.0,-0.005,0.0
0.508,0.003,4.41,0.0,0.004,0.0
0.508,0.003,4.543,0.0,0.01,0.0
0.508,0.003,5.725,0.0,-0.019,0.0
0.508,0.003,5.078,0.0,-0.023,0.0
0.508,0.003,4.811,0.0,-0.015,0.0
0.508,0.003,5.624,0.0,0.006,0.0
0.508,0.003,5.477,0.0,0.0,0.0
0.508,0.003,4.931,0.0,-0.008,0.0
0.508,0.003,5.731,0.0,0.005,0.0
0.508,0.003,4.822,0.0,-0.0,0.0
0.508,0.003,2.869,0.0,-0.002,0.0
0.508,0.003,4.304,0.0,-0.014,0.0
0.509,0.003,5.74,0.0,-0.002,0.0
0.509,0.003,4.705,0.0,-0.001,0.0
0.509,0.003,5.521,0.0,-0.007,0.0
0.509,0.003,4.275,0.0,-0.006,0.0
0.509,0.003,5.699,0.0,-0.023,0.0
0.509,0.003,5.593,0.0,0.006,0.0
0.509,0.003,5.689,0.0,0.013,0.0
0.509,0.003,5.423,0.0,-0.01,0.0
0.509,0.003,4.664,0.0,0.005,0.0
0.509,0.003,5.029,0.0,-0.02,0.0
0.509,0.003,3.988,0.0,-0.01,0.0
0.509,0.003,4.495,0.0,-0.002,0.0
0.509,0.003,4.761,0.0,0.001,0.0
0.509,0.003,6.022,0.0,0.009,0.0
0.509,0.003,4.898,0.0,-0.016,0.0
0.509,0.003,3.83,0.0,-0.019,0.0
0.509,0.003,5.649,0.0,-0.01,0.0
0.509,0.003,4.535,0.0,-0.003,0.0
0.509,0.003,4.747,0.0,-0.016,0.0
0.509,0.003,4.802,0.0,0.005,0.0
0.509,0.003,4.254,0.0,-0.006,0.0
0.509,0.003,5.302,0.0,-0.005,0.0
0.509,0.003,5.725,0.0,-0.005,0.0
0.509,0.003,5.435,0.0,-0.016,0.0
0.509,0.003,4.281,0.0,-0.016,0.0
0.509,0.003,4.403,0.0,-0.001,0.0
0.509,0.003,5.516,0.0,0.019,0.0
0.509,0.003,5.914,0.0,-0.018,0.0
0.509,0.003,5.317,0.0,-0.01,0.0
0.509,0.003,4.242,0.0,0.002,0.0
0.509,0.003,4.874,0.0,-0.013,0.0
0.509,0.003,5.251,0.0,-0.002,0.0
0.509,0.003,4.48,0.0,0.012,0.0
0.509,0.003,3.216,0.0,-0.003,0.0
0.509,0.003,5.31,0.0,0.01,0.0
0.509,0.003,3.933,0.0,0.007,0.0
0.509,0.003,5.16,0.0,-0.005,0.0
0.509,0.003,3.948,0.0,-0.014,0.0
0.509,0.003,5.442,0.0,-0.015,0.0
0.509,0.003,5.281,0.0,-0.011,0.0
0.509,0.003,4.602,0.0,-0.018,0.0
0.509,0.003,4.442,0.0,-0.004,0.0
0.509,0.003,6.121,0.0,-0.003,0.0
0.509,0.003,5.273,0.0,-0.029,0.0
0.509,0.003,4.608,0.0,-0.016,0.0
0.509,0.003,6.938,0.0,-0.001,0.0
0.509,0.003,5.45,0.0,0.0,0.0
0.509,0.003,4.915,0.0,-0.014,0.0
0.509,0.003,5.39,0.0,-0.014,0.0
0.509,0.003,6.672,0.0,0.011,0.0
0.509,0.003,4.556,0.0,-0.025,0.0
0.509,0.003,4.602,0.0,-0.016,0.0
0.509,0.003,4.658,0.0,0.022,0.0
0.509,0.003,4.502,0.0,-0.004,0.0
0.509,0.003,5.588,0.0,0.005,0.0
0.509,0.003,5.625,0.0,-0.016,0.0
0.509,0.003,5.385,0.0,-0.008,0.0
0.509,0.003,5.127,0.0,-0.001,0.0
0.509,0.003,4.62,0.0,0.019,0.0
0.509,0.003,3.984,0.0,-0.009,0.0
0.509,0.003,4.488,0.0,-0.01,0.0
0.509,0.003,4.544,0.0,-0.016,0.0
0.509,0.003,6.144,0.0,0.02,0.0
0.509,0.003,4.087,0.0,-0.006,0.0
0.509,0.003,4.529,0.0,-0.003,0.0
0.509,0.003,3.678,0.0,-0.002,0.0
0.509,0.003,5.229,0.0,-0.002,0.0
0.509,0.003,3.942,0.0,-0.017,0.0
0.509,0.003,5.224,0.0,-0.018,0.0
0.509,0.003,5.301,0.0,0.012,0.0
0.509,0.003,4.34,0.0,-0.002,0.0
0.509,0.003,4.434,0.0,0.001,0.0
0.509,0.003,5.0,0.0,0.01,0.0
0.509,0.003,4.802,0.0,-0.004,0.0
0.509,0.003,3.688,0.0,0.02,0.0
0.509,0.003,5.943,0.0,0.013,0.0
0.509,0.003,4.576,0.0,-0.003,0.0
0.51,0.003,4.771,0.0,-0.003,0.0
0.51,0.003,4.767,0.0,-0.019,0.0
0.51,0.003,6.441,0.0,0.015,0.0
0.51,0.003,4.752,0.0,-0.027,0.0
0.51,0.003,4.461,0.0,-0.01,0.0
0.51,0.003,4.872,0.0,-0.023,0.0
0.51,0.003,5.436,0.0,0.015,0.0
0.51,0.003,5.517,0.0,-0.001,0.0
0.51,0.003,6.03,0.0,-0.017,0.0
0.51,0.003,5.686,0.0,-0.018,0.0
0.51,0.003,4.963,0.0,-0.016,0.0
0.51,0.003,4.817,0.0,-0.009,0.0
0.51,0.003,5.899,0.0,0.009,0.0
0.51,0.003,5.004,0.0,-0.005,0.0
0.51,0.003,5.215,0.0,-0.003,0.0
0.51,0.003,4.36,0.0,-0.015,0.0
0.51,0.003,4.035,0.0,-0.009,0.0
0.51,0.003,4.334,0.0,0.01,0.0
0.51,0.003,4.731,0.0,-0.029,0.0
0.51,0.003,4.961,0.0,-0.001,0.0
0.51,0.003,4.856,0.0,-0.015,0.0
0.51,0.003,5.412,0.0,0.011,0.0
0.51,0.003,4.001,0.0,0.03,0.0
0.51,0.003,4.321,0.0,0.025,0.0
0.51,0.003,5.37,0.0,-0.018,0.0
0.51,0.003,4.356,0.0,-0.006,0.0
0.51,0.003,5.146,0.0,-0.013,0.0
0.51,0.003,6.937,0.0,-0.019,0.0
0.51,0.003,4.988,0.0,-0.02,0.0
0.51,0.003,6.365,0.0,-0.016,0.0
0.51,0.003,4.806,0.0,-0.012,0.0
0.51,0.003,6.002,0.0,0.008,0.0
0.51,0.003,5.087,0.0,-0.011,0.0
0.51,0.003,4.417,0.0,-0.009,0.0
0.51,0.003,4.976,0.0,0.002,0.0
0.51,0.003,3.933,0.0,0.003,0.0
0.51,0.003,4.425,0.0,0.011,0.0
0.51,0.003,5.312,0.0,-0.013,0.0
0.51,0.003,5.853,0.0,-0.019,0.0
0.51,0.003,4.664,0.0,0.006,0.0
0.51,0.003,4.208,0.0,-0.008,0.0
0.51,0.003,4.784,0.0,-0.007,0.0
0.51,0.003,4.919,0.0,-0.014,0.0
0.51,0.003,6.457,0.0,-0.026,0.0
0.51,0.003,4.685,0.0,-0.009,0.0
0.51,0.003,3.815,0.0,0.004,0.0
0.51,0.003,4.843,0.0,-0.0,0.0
0.51,0.003,4.92,0.0,-0.021,0.0
0.51,0.003,5.056,0.0,0.003,0.0
0.51,0.003,3.982,0.0,0.031,0.0
0.51,0.003,5.406,0.0,0.005,0.0
0.51,0.003,5.147,0.0,0.018,0.0
0.51,0.003,4.577,0.0,-0.01,0.0
0.51,0.003,4.963,0.0,-0.006,0.0
0.51,0.003,2.894,0.0,0.011,0.0
0.51,0.003,3.338,0.0,-0.004,0.0
0.51,0.003,4.964,0.0,-0.015,0.0
0.51,0.003,5.595,0.0,-0.009,0.0
0.51,0.003,4.602,0.0,-0.002,0.0
0.51,0.003,4.308,0.0,0.003,0.0
0.51,0.003,4.285,0.0,-0.001,0.0
0.51,0.003,4.373,0.0,0.022,0.0
0.51,0.003,5.158,0.0,-0.006,0.0
0.51,0.003,6.16,0.0,-0.01,0.0
0.51,0.003,4.537,0.0,0.006,0.0
0.51,0.003,4.851,0.0,-0.008,0.0
0.51,0.003,4.138,0.0,-0.016,0.0
0.51,0.003,4.811,0.0,-0.003,0.0
0.51,0.003,5.351,0.0,-0.022,0.0
0.51,0.003,5.204,0.0,-0.001,0.0
0.51,0.003,5.394,0.0,-0.005,0.0
0.51,0.003,4.312,0.0,-0.009,0.0
0.51,0.003,3.698,0.0,-0.014,0.0
0.51,0.003,4.692,0.0,-0.004,0.0
0.51,0.003,4.768,0.0,-0.002,0.0
0.51,0.003,4.656,0.0,0.002,0.0
0.51,0.003,5.05,0.0,0.002,0.0
0.51,0.003,4.899,0.0,0.017,0.0
0.51,0.003,4.971,0.0,-0.008,0.0
0.511,0.003,4.18,0.0,-0.007,0.0
0.511,0.003,4.126,0.0,-0.01,0.0
0.511,0.003,4.78,0.0,0.013,0.0
0.511,0.003,5.055,0.0,-0.018,0.0
0.511,0.003,4.224,0.0,0.008,0.0
0.511,0.003,5.942,0.0,0.001,0.0
0.511,0.003,3.609,0.0,0.004,0.0
0.511,0.003,4.593,0.0,-0.026,0.0
0.511,0.003,6.906,0.0,-0.019,0.0
0.511,0.003,5.491,0.0,-0.001,0.0
0.511,0.003,4.832,0.0,-0.005,0.0
0.511,0.003,4.172,0.0,-0.009,0.0
0.511,0.003,5.036,0.0,-0.016,0.0
0.511,0.003,4.334,0.0,0.004,0.0
0.511,0.003,5.314,0.0,-0.005,0.0
0.511,0.003,4.286,0.0,0.012,0.0
0.511,0.003,4.436,0.0,-0.002,0.0
0.511,0.003,3.546,0.0,-0.015,0.0
0.511,0.003,4.572,0.0,-0.001,0.0
0.511,0.003,5.544,0.0,-0.03,0.0
0.511,0.003,5.59,0.0,-0.01,0.0
0.511,0.003,4.42,0.0,-0.003,0.0
0.511,0.003,3.112,0.0,-0.013,0.0
0.511,0.003,3.83,0.0,0.004,0.0
0.511,0.003,6.052,0.0,-0.023,0.0
0.511,0.003,4.188,0.0,-0.016,0.0
0.511,0.003,4.488,0.0,-0.003,0.0
0.511,0.003,5.462,0.0,-0.001,0.0
0.511,0.003,6.627,0.0,-0.01,0.0
0.511,0.003,6.795,0.0,-0.007,0.0
0.511,0.003,4.408,0.0,-0.009,0.0
0.511,0.003,4.04,0.0,-0.009,0.0
0.511,0.003,5.444,0.0,-0.028,0.0
0.511,0.003,4.92,0.0,-0.012,0.0
0.511,0.003,4.116,0.0,-0.009,0.0
0.511,0.003,3.859,0.0,-0.025,0.0
0.511,0.003,4.578,0.0,-0.024,0.0
0.511,0.003,5.29,0.0,0.004,0.0
0.511,0.003,4.444,0.0,0.019,0.0
0.511,0.003,5.447,0.0,-0.009,0.0
0.511,0.003,5.429,0.0,-0.006,0.0
0.511,0.003,4.418,0.0,-0.006,0.0
0.511,0.003,4.121,0.0,0.009,0.0
0.511,0.003,4.844,0.0,-0.01,0.0
0.511,0.003,4.805,0.0,-0.001,0.0
0.511,0.003,5.014,0.0,-0.006,0.0
0.511,0.003,5.121,0.0,-0.021,0.0
0.511,0.003,4.666,0.0,-0.018,0.0
0.511,0.003,5.052,0.0,0.012,0.0
0.511,0.003,5.416,0.0,-0.021,0.0
0.511,0.003,5.136,0.0,-0.003,0.0
0.511,0.003,3.924,0.0,-0.013,0.0
0.511,0.003,4.271,0.0,-0.006,0.0
0.511,0.003,5.059,0.0,-0.006,0.0
0.511,0.003,4.603,0.0,-0.007,0.0
0.511,0.003,4.903,0.0,-0.017,0.0
0.511,0.003,3.843,0.0,-0.008,0.0
0.511,0.003,4.802,0.0,0.012,0.0
0.511,0.003,4.483,0.0,0.007,0.0
0.511,0.003,6.136,0.0,-0.005,0.0
0.511,0.003,4.259,0.0,-0.0,0.0
0.511,0.003,4.037,0.0,-0.008,0.0
0.511,0.003,5.872,0.0,-0.004,0.0
0.511,0.003,4.884,0.0,0.005,0.0
0.511,0.003,4.363,0.0,-0.005,0.0
0.511,0.003,3.605,0.0,0.015,0.0
0.511,0.003,4.872,0.0,0.007,0.0
0.511,0.003,4.578,0.0,0.011,0.0
0.511,0.003,4.571,0.0,-0.019,0.0
0.511,0.003,5.24,0.0,-0.006,0.0
0.511,0.003,5.719,0.0,-0.001,0.0
0.511,0.003,4.853,0.0,-0.018,0.0
0.511,0.003,3.477,0.0,-0.014,0.0
0.511,0.003,6.124,0.0,-0.033,0.0
0.511,0.003,4.383,0.0,0.006,0.0
0.511,0.003,4.722,0.0,-0.009,0.0
0.511,0.003,5.466,0.0,0.005,0.0
0.511,0.003,2.917,0.0,0.006,0.0
0.511,0.003,5.872,0.0,-0.017,0.0
0.512,0.003,5.231,0.0,0.007,0.0
0.512,0.003,4.806,0.0,-0.003,0.0
0.512,0.003,3.155,0.0,-0.014,0.0
0.512,0.003,4.107,0.0,0.012,0.0
0.512,0.003,5.86,0.0,-0.002,0.0
0.512,0.003,4.314,0.0,0.004,0.0
0.512,0.003,4.7,0.0,-0.015,0.0
0.512,0.003,4.182,0.0,-0.007,0.0
0.512,0.003,3.898,0.0,-0.002,0.0
0.512,0.003,5.373,0.0,-0.005,0.0
0.512,0.003,3.993,0.0,-0.008,0.0
0.512,0.003,5.485,0.0,-0.007,0.0
0.512,0.003,5.128,0.0,-0.005,0.0
0.512,0.003,5.639,0.0,0.006,0.0
0.512,0.003,5.548,0.0,0.01,0.0
0.512,0.003,4.261,0.0,0.007,0.0
0.512,0.003,4.657,0.0,-0.004,0.0
0.512,0.003,5.93,0.0,-0.007,0.0
0.512,0.003,5.282,0.0,0.006,0.0
0.512,0.003,5.239,0.0,-0.005,0.0
0.512,0.003,4.004,0.0,-0.007,0.0
0.512,0.003,4.984,0.0,-0.013,0.0
0.512,0.003,4.684,0.0,-0.012,0.0
0.512,0.003,4.834,0.0,-0.03,0.0
0.512,0.003,4.628,0.0,0.0,0.0
0.512,0.003,5.817,0.0,0.001,0.0
0.512,0.003,4.192,0.0,0.013,0.0
0.512,0.003,5.328,0.0,0.012,0.0
0.512,0.003,5.395,0.0,-0.001,0.0
0.512,0.003,4.964,0.0,0.006,0.0
0.512,0.003,4.945,0.0,-0.01,0.0
0.512,0.003,5.263,0.0,-0.01,0.0
0.512,0.003,4.791,0.0,-0.002,0.0
0.512,0.003,4.389,0.0,-0.011,0.0
0.512,0.003,4.17,0.0,-0.021,0.0
0.512,0.003,6.13,0.0,-0.018,0.0
0.512,0.003,4.457,0.0,-0.024,0.0
0.512,0.003,5.227,0.0,0.011,0.0
0.512,0.003,4.878,0.0,-0.007,0.0
0.512,0.003,5.602,0.0,0.008,0.0
0.512,0.003,4.186,0.0,-0.008,0.0
0.512,0.003,4.29,0.0,-0.026,0.0
0.512,0.003,4.865,0.0,-0.006,0.0
0.512,0.003,4.32,0.0,0.018,0.0
0.512,0.003,6.313,0.0,0.001,0.0
0.512,0.003,4.064,0.0,-0.01,0.0
0.512,0.003,6.933,0.0,-0.01,0.0
0.512,0.003,4.976,0.0,0.002,0.0
0.512,0.003,3.528,0.0,0.008,0.0
0.512,0.003,4.804,0.0,0.014,0.0
0.512,0.003,5.371,0.0,-0.003,0.0
0.512,0.003,4.142,0.0,0.001,0.0
0.512,0.003,6.274,0.0,-0.006,0.0
0.512,0.003,4.939,0.0,-0.003,0.0
0.512,0.003,5.222,0.0,-0.002,0.0
0.512,0.003,5.246,0.0,-0.006,0.0
0.512,0.003,5.119,0.0,-0.001,0.0
0.512,0.003,4.967,0.0,0.011,0.0
0.512,0.003,4.328,0.0,0.005,0.0
0.512,0.003,3.471,0.0,0.008,0.0
0.512,0.003,3.817,0.0,-0.014,0.0
0.512,0.003,5.757,0.0,-0.0,0.0
0.512,0.003,4.554,0.0,0.012,0.0
0.512,0.003,4.414,0.0,0.002,0.0
0.512,0.003,5.703,0.0,-0.032,0.0
0.512,0.003,5.415,0.0,-0.016,0.0
0.512,0.003,5.954,0.0,-0.006,0.0
0.512,0.003,4.293,0.0,0.033,0.0
0.513,0.003,5.309,0.0,-0.016,0.0
0.513,0.003,5.525,0.0,-0.014,0.0
0.513,0.003,4.289,0.0,0.014,0.0
0.513,0.003,4.177,0.0,0.02,0.0
0.513,0.003,4.962,0.0,-0.011,0.0
0.513,0.003,5.37,0.0,-0.025,0.0
0.513,0.003,4.627,0.0,0.005,0.0
0.513,0.003,4.759,0.0,-0.023,0.0
0.513,0.003,3.94,0.0,-0.01,0.0
0.513,0.003,4.722,0.0,0.0,0.0
0.513,0.003,5.32,0.0,-0.016,0.0
0.513,0.003,5.865,0.0,-0.024,0.0
0.513,0.003,5.333,0.0,0.008,0.0
0.513,0.003,4.561,0.0,-0.003,0.0
0.513,0.003,6.217,0.0,-0.004,0.0
0.513,0.003,4.547,0.0,-0.015,0.0
0.513,0.003,6.138,0.0,-0.006,0.0
0.513,0.003,4.449,0.0,0.006,0.0
0.513,0.003,4.821,0.0,0.006,0.0
0.513,0.003,4.503,0.0,-0.002,0.0
0.513,0.003,5.581,0.0,0.006,0.0
0.513,0.003,4.273,0.0,0.014,0.0
0.513,0.003,3.433,0.0,0.017,0.0
0.513,0.003,5.84,0.0,-0.008,0.0
0.513,0.003,4.56,0.0,0.024,0.0
0.513,0.003,6.163,0.0,-0.028,0.0
0.513,0.003,6.652,0.0,-0.01,0.0
0.513,0.003,3.969,0.0,-0.014,0.0
0.513,0.003,5.595,0.0,-0.016,0.0
0.513,0.003,3.913,0.0,0.006,0.0
0.513,0.003,3.714,0.0,-0.003,0.0
0.513,0.003,5.848,0.0,-0.024,0.0
0.513,0.003,4.612,0.0,0.003,0.0
0.513,0.003,5.642,0.0,0.013,0.0
0.513,0.003,3.875,0.0,-0.01,0.0
0.513,0.003,4.817,0.0,-0.01,0.0
0.513,0.003,5.665,0.0,0.015,0.0
0.513,0.003,4.562,0.0,-0.008,0.0
0.513,0.003,5.928,0.0,-0.012,0.0
0.513,0.003,6.153,0.0,-0.018,0.0
0.513,0.003,5.082,0.0,0.006,0.0
0.513,0.003,6.027,0.0,-0.017,0.0
0.513,0.003,5.268,0.0,-0.024,0.0
0.513,0.003,4.303,0.0,0.005,0.0
0.513,0.003,4.838,0.0,0.001,0.0
0.513,0.003,6.216,0.0,0.008,0.0
0.513,0.003,4.457,0.0,-0.001,0.0
0.513,0.003,4.83,0.0,-0.004,0.0
0.513,0.003,5.363,0.0,-0.002,0.0
0.513,0.003,6.441,0.0,-0.004,0.0
0.513,0.003,4.903,0.0,-0.009,0.0
0.513,0.003,5.307,0.0,-0.0,0.0
0.513,0.003,5.347,0.0,0.011,0.0
0.513,0.003,4.77,0.0,-0.0,0.0
0.513,0.003,5.486,0.0,-0.013,0.0
0.513,0.003,4.949,0.0,0.005,0.0
0.513,0.003,5.504,0.0,-0.015,0.0
0.513,0.003,3.926,0.0,-0.024,0.0
0.513,0.003,4.947,0.0,-0.01,0.0
0.513,0.003,4.516,0.0,-0.004,0.0
0.513,0.003,4.146,0.0,0.004,0.0
0.513,0.003,4.695,0.0,0.004,0.0
0.514,0.003,3.636,0.0,-0.017,0.0
0.514,0.003,7.041,0.0,-0.013,0.0
0.514,0.003,6.274,0.0,0.006,0.0
0.514,0.003,5.279,0.0,-0.009,0.0
0.514,0.003,5.138,0.0,-0.015,0.0
0.514,0.003,5.737,0.0,0.004,0.0
0.514,0.003,3.689,0.0,-0.001,0.0
0.514,0.003,4.43,0.0,0.002,0.0
0.514,0.003,4.669,0.0,0.012,0.0
0.514,0.003,3.783,0.0,0.006,0.0
0.514,0.003,4.845,0.0,0.003,0.0
0.514,0.003,4.261,0.0,-0.001,0.0
0.514,0.003,4.853,0.0,-0.014,0.0
0.514,0.003,4.961,0.0,-0.014,0.0
0.514,0.003,4.128,0.0,0.008,0.0
0.514,0.003,5.025,0.0,0.002,0.0
0.514,0.003,3.99,0.0,0.028,0.0
0.514,0.003,5.226,0.0,0.006,0.0
0.514,0.003,4.85,0.0,-0.002,0.0
0.514,0.003,5.429,0.0,0.014,0.0
0.514,0.003,5.101,0.0,0.005,0.0
0.514,0.003,6.445,0.0,-0.01,0.0
0.514,0.003,5.486,0.0,0.007,0.0
0.514,0.003,4.816,0.0,-0.008,0.0
0.514,0.003,4.498,0.0,-0.008,0.0
0.514,0.003,5.278,0.0,-0.004,0.0
0.514,0.003,4.212,0.0,0.002,0.0
0.514,0.003,4.063,0.0,0.012,0.0
0.514,0.003,4.909,0.0,0.012,0.0
0.514,0.003,5.512,0.0,0.005,0.0
0.514,0.003,4.753,0.0,-0.005,0.0
0.514,0.003,4.802,0.0,-0.011,0.0
0.514,0.003,5.918,0.0,-0.016,0.0
0.514,0.003,3.824,0.0,-0.009,0.0
0.514,0.003,6.01,0.0,-0.012,0.0
0.514,0.003,5.441,0.0,-0.02,0.0
0.514,0.003,5.676,0.0,-0.0,0.0
0.514,0.003,5.427,0.0,-0.024,0.0
0.514,0.003,6.098,0.0,-0.028,0.0
0.514,0.003,4.188,0.0,0.007,0.0
0.514,0.003,5.09,0.0,-0.015,0.0
0.514,0.003,4.123,0.0,0.004,0.0
0.514,0.003,4.215,0.0,0.007,0.0
0.514,0.003,4.784,0.0,0.014,0.0
0.514,0.003,4.896,0.0,0.006,0.0
0.514,0.003,4.322,0.0,-0.003,0.0
0.514,0.003,5.525,0.0,-0.017,0.0
0.514,0.003,5.114,0.0,0.012,0.0
0.514,0.003,5.352,0.0,-0.003,0.0
0.514,0.003,3.648,0.0,-0.015,0.0
0.514,0.003,4.474,0.0,0.004,0.0
0.514,0.003,5.934,0.0,0.015,0.0
0.514,0.003,5.621,0.0,-0.013,0.0
0.514,0.003,4.4,0.0,-0.009,0.0
0.514,0.003,4.927,0.0,-0.011,0.0
0.514,0.003,5.236,0.0,0.02,0.0
0.514,0.003,3.604,0.0,-0.02,0.0
0.514,0.003,5.285,0.0,-0.011,0.0
0.514,0.003,5.307,0.0,0.006,0.0
0.514,0.003,4.803,0.0,-0.002,0.0
0.514,0.003,4.808,0.0,-0.003,0.0
0.514,0.003,5.033,0.0,-0.023,0.0
0.514,0.003,3.598,0.0,0.011,0.0
0.514,0.003,4.978,0.0,-0.011,0.0
0.514,0.003,6.07,0.0,-0.024,0.0
0.514,0.003,4.05,0.0,-0.015,0.0
0.514,0.003,5.615,0.0,-0.011,0.0
0.514,0.003,5.314,0.0,-0.022,0.0
0.514,0.003,4.645,0.0,-0.006,0.0
0.514,0.003,5.037,0.0,-0.017,0.0
0.515,0.003,5.572,0.0,-0.01,0.0
0.515,0.003,4.522,0.0,0.027,0.0
0.515,0.003,4.655,0.0,0.019,0.0
0.515,0.003,4.913,0.0,0.002,0.0
0.515,0.003,4.892,0.0,-0.006,0.0
0.515,0.003,6.048,0.0,-0.02,0.0
0.515,0.003,4.788,0.0,-0.011,0.0
0.515,0.003,4.734,0.0,-0.02,0.0
0.515,0.003,4.732,0.0,-0.008,0.0
0.515,0.003,4.894,0.0,-0.013,0.0
0.515,0.003,5.096,0.0,-0.002,0.0
0.515,0.003,2.993,0.0,-0.009,0.0
0.515,0.003,3.827,0.0,-0.01,0.0
0.515,0.003,5.263,0.0,-0.015,0.0
0.515,0.003,4.039,0.0,0.006,0.0
0.515,0.003,4.137,0.0,-0.013,0.0
0.515,0.003,5.222,0.0,-0.002,0.0
0.515,0.003,4.571,0.0,-0.003,0.0
0.515,0.003,3.651,0.0,0.013,0.0
0.515,0.003,4.934,0.333,-0.002,0.0
0.515,0.003,4.121,0.0,-0.005,0.0
0.515,0.003,4.637,0.0,0.016,0.0
0.515,0.003,5.64,0.0,0.006,0.0
0.515,0.003,5.33,0.0,0.007,0.0
0.515,0.003,3.725,0.0,-0.004,0.0
0.515,0.003,4.401,0.0,-0.002,0.0
0.515,0.003,4.392,0.0,0.008,0.0
0.515,0.003,4.94,0.0,-0.017,0.0
0.515,0.003,5.317,0.0,-0.006,0.0
0.515,0.003,5.337,0.0,-0.012,0.0
0.515,0.003,4.542,0.0,-0.016,0.0
0.515,0.003,5.847,0.0,0.0,0.0
0.515,0.003,4.155,0.0,0.003,0.0
0.515,0.003,3.802,0.0,-0.01,0.0
0.515,0.003,5.522,0.0,-0.02,0.0
0.515,0.003,4.283,0.0,-0.018,0.0
0.515,0.003,5.59,0.0,-0.014,0.0
0.515,0.003,3.59,0.0,0.004,0.0
0.515,0.003,4.249,0.0,-0.016,0.0
0.515,0.003,4.373,0.0,-0.014,0.0
0.515,0.007,4.561,0.0,-0.0,0.0
0.515,0.003,5.654,0.0,0.006,0.0
0.515,0.003,4.148,0.0,-0.011,0.0
0.515,0.003,6.204,0.0,-0.008,0.0
0.515,0.003,5.443,0.0,-0.002,0.0
0.515,0.003,3.701,0.0,-0.007,0.0
0.515,0.003,4.478,0.0,0.025,0.0
0.515,0.003,5.458,0.0,-0.013,0.0
0.515,0.003,4.353,0.0,-0.001,0.0
0.515,0.003,4.7,0.0,-0.002,0.0
0.515,0.003,5.01,0.0,-0.013,0.0
0.515,0.003,4.808,0.0,-0.016,0.0
0.515,0.003,5.145,0.0,0.001,0.0
0.515,0.003,5.297,0.0,-0.015,0.0
0.515,0.003,5.447,0.0,-0.006,0.0
0.515,0.003,4.514,0.0,-0.005,0.0
0.515,0.003,4.549,0.0,-0.024,0.0
0.515,0.003,6.77,0.0,-0.018,0.0
0.515,0.003,4.679,0.0,-0.006,0.0
0.515,0.003,4.938,0.0,-0.005,0.0
0.515,0.003,5.073,0.0,-0.018,0.0
0.515,0.003,4.613,0.0,-0.016,0.0
0.515,0.003,5.669,0.0,-0.011,0.0
0.515,0.003,6.21,0.0,-0.006,0.0
0.515,0.003,6.172,0.0,0.011,0.0
0.515,0.003,4.091,0.0,0.018,0.0
0.515,0.003,5.877,0.0,0.003,0.0
0.515,0.003,4.947,0.0,-0.028,0.0
0.515,0.003,5.366,0.0,-0.016,0.0
0.515,0.003,3.912,0.0,-0.016,0.0
0.515,0.003,3.986,0.0,-0.004,0.0
0.515,0.003,5.448,0.0,-0.001,0.0
0.515,0.003,5.754,0.0,-0.018,0.0
0.515,0.003,4.671,0.0,-0.011,0.0
0.515,0.003,4.912,0.0,-0.019,0.0
0.515,0.003,3.8,0.0,-0.009,0.0
0.515,0.003,4.847,0.0,-0.002,0.0
0.515,0.003,5.198,0.0,-0.011,0.0
0.515,0.003,5.11,0.0,-0.006,0.0
0.515,0.003,4.733,0.0,0.01,0.0
0.515,0.003,5.294,0.0,0.015,0.0
0.516,0.003,4.098,0.0,0.012,0.0
0.516,0.003,3.643,0.0,0.007,0.0
0.516,0.003,4.242,0.0,-0.005,0.0
0.516,0.003,4.557,0.0,0.01,0.0
0.516,0.003,4.994,0.0,-0.015,0.0
0.516,0.003,4.63,0.0,-0.015,0.0
0.516,0.003,4.597,0.0,-0.001,0.0
0.516,0.003,5.118,0.0,-0.001,0.0
0.516,0.003,5.687,0.0,0.011,0.0
0.516,0.003,6.05,0.0,0.001,0.0
0.516,0.003,6.121,0.0,0.011,0.0
0.516,0.003,5.718,0.0,-0.001,0.0
0.516,0.003,4.632,0.0,0.001,0.0
0.516,0.003,4.363,0.0,-0.002,0.0
0.516,0.003,5.547,0.0,-0.027,0.0
0.516,0.003,4.596,0.0,-0.016,0.0
0.516,0.003,4.915,0.0,-0.024,0.0
0.516,0.003,4.885,0.0,0.001,0.0
0.516,0.003,5.671,0.0,-0.021,0.0
0.516,0.003,4.727,0.0,-0.01,0.0
0.516,0.003,4.673,0.0,-0.016,0.0
0.516,0.003,5.197,0.0,-0.001,0.0
0.516,0.003,5.049,0.0,-0.017,0.0
0.516,0.003,4.457,0.0,-0.001,0.0
0.516,0.003,4.56,0.0,-0.011,0.0
0.516,0.003,5.048,0.0,-0.004,0.0
0.516,0.003,4.254,0.0,-0.009,0.0
0.516,0.003,6.092,0.0,0.002,0.0
0.516,0.003,5.432,0.0,-0.012,0.0
0.516,0.003,6.127,0.0,0.015,0.0
0.516,0.003,5.352,0.0,0.001,0.0
0.516,0.003,5.49,0.0,-0.005,0.0
0.516,0.003,4.535,0.0,-0.005,0.0
0.516,0.003,5.269,0.0,-0.009,0.0
0.516,0.003,4.443,0.0,0.012,0.0
0.516,0.003,4.861,0.0,-0.001,0.0
0.516,0.003,5.062,0.0,-0.001,0.0
0.516,0.007,5.685,0.0,0.001,0.0
0.516,0.003,4.755,0.0,-0.018,0.0
0.516,0.003,4.458,0.0,0.016,0.0
0.516,0.003,5.049,0.0,0.025,0.0
0.516,0.003,4.216,0.0,0.007,0.0
0.516,0.003,5.86,0.0,-0.013,0.0
0.516,0.003,4.816,0.0,-0.0,0.0
0.516,0.003,3.56,0.0,-0.002,0.0
0.516,0.003,3.697,0.0,0.006,0.0
0.516,0.003,4.633,0.0,0.001,0.0
0.516,0.003,5.524,0.0,0.003,0.0
0.516,0.003,3.819,0.0,0.01,0.0
0.516,0.003,5.08,0.0,-0.011,0.0
0.516,0.003,4.084,0.0,-0.02,0.0
0.516,0.003,4.706,0.0,-0.012,0.0
0.516,0.003,4.211,0.0,-0.002,0.0
0.516,0.003,4.381,0.0,-0.018,0.0
0.516,0.003,6.393,0.0,-0.014,0.0
0.517,0.003,4.431,0.0,-0.041,0.0
0.517,0.003,5.395,0.0,0.005,0.0
0.517,0.003,4.486,0.0,-0.001,0.0
0.517,0.003,6.356,0.0,-0.001,0.0
0.517,0.003,5.138,0.0,-0.009,0.0
0.517,0.003,4.677,0.0,-0.009,0.0
0.517,0.003,5.49,0.0,0.0,0.0
0.517,0.003,4.308,0.0,0.005,0.0
0.517,0.003,4.168,0.0,-0.013,0.0
0.517,0.003,4.268,0.0,-0.001,0.0
0.517,0.003,5.459,0.0,0.006,0.0
0.517,0.003,4.2,0.0,0.008,0.0
0.517,0.003,5.257,0.0,-0.023,0.0
0.517,0.003,5.295,0.0,-0.018,0.0
0.517,0.003,4.888,0.0,-0.002,0.0
0.517,0.003,5.271,0.0,-0.028,0.0
0.517,0.003,4.768,0.0,-0.021,0.0
0.517,0.003,5.455,0.0,-0.007,0.0
0.517,0.003,4.648,0.0,-0.011,0.0
0.517,0.003,4.571,0.0,-0.012,0.0
0.517,0.003,3.517,0.0,0.001,0.0
0.517,0.003,5.276,0.0,0.012,0.0
0.517,0.003,4.621,0.0,0.014,0.0
0.517,0.003,4.986,0.0,-0.038,0.0
0.517,0.003,4.568,0.0,-0.014,0.0
0.517,0.003,5.611,0.0,-0.014,0.0
0.517,0.003,3.865,0.0,0.012,0.0
0.517,0.003,5.757,0.0,-0.004,0.0
0.517,0.003,4.842,0.0,-0.0,0.0
0.517,0.003,4.892,0.0,-0.0,0.0
0.517,0.003,5.593,0.0,-0.024,0.0
0.517,0.003,4.571,0.0,-0.007,0.0
0.517,0.003,5.581,0.0,0.015,0.0
0.517,0.003,4.845,0.0,0.002,0.0
0.517,0.003,3.723,0.0,-0.023,0.0
0.517,0.003,5.23,0.0,-0.021,0.0
0.517,0.003,5.614,0.0,0.002,0.0
0.517,0.003,4.102,0.0,0.019,0.0
0.517,0.003,5.658,0.0,-0.007,0.0
0.517,0.003,4.997,0.0,-0.015,0.0
0.517,0.003,4.073,0.0,0.021,0.0
0.517,0.003,4.748,0.0,-0.002,0.0
0.517,0.003,4.679,0.0,-0.0,0.0
0.517,0.003,5.102,0.0,-0.004,0.0
0.517,0.003,4.14,0.0,-0.006,0.0
0.517,0.003,4.996,0.0,-0.013,0.0
0.517,0.003,5.599,0.0,-0.004,0.0
0.517,0.003,5.547,0.0,0.001,0.0
0.517,0.003,3.876,0.0,0.001,0.0
0.517,0.003,5.043,0.0,-0.018,0.0
0.517,0.003,5.555,0.0,-0.011,0.0
0.517,0.003,6.225,0.0,-0.03,0.0
0.517,0.003,5.899,0.0,0.012,0.0
0.517,0.003,4.311,0.0,0.025,0.0
0.517,0.003,4.368,0.0,-0.011,0.0
0.517,0.003,5.567,0.0,-0.011,0.0
0.517,0.003,5.523,0.0,-0.034,0.0
0.517,0.003,5.629,0.0,0.005,0.0
0.517,0.003,5.038,0.0,0.01,0.0
0.517,0.003,4.644,0.0,-0.014,0.0
0.517,0.003,5.357,0.0,0.0,0.0
0.517,0.003,5.24,0.0,-0.003,0.0
0.517,0.003,4.776,0.0,0.009,0.0
0.517,0.003,5.261,0.0,-0.009,0.0
0.517,0.003,5.272,0.0,0.009,0.0
0.517,0.003,4.761,0.0,-0.012,0.0
0.517,0.003,5.702,0.0,-0.018,0.0
0.517,0.003,4.68,0.0,0.004,0.0
0.518,0.003,5.349,0.0,0.004,0.0
0.518,0.003,4.712,0.0,0.004,0.0
0.518,0.003,5.635,0.0,0.006,0.0
0.518,0.003,4.928,0.0,0.016,0.0
0.518,0.003,4.987,0.0,-0.013,0.0
0.518,0.003,4.819,0.0,0.0,0.0
0.518,0.003,5.19,0.0,0.005,0.0
0.518,0.003,5.212,0.0,0.032,0.0
0.518,0.003,5.313,0.0,-0.01,0.0
0.518,0.003,4.778,0.0,-0.006,0.0
0.518,0.003,5.245,0.0,0.002,0.0
0.518,0.003,4.784,0.0,-0.014,0.0
0.518,0.003,5.772,0.0,0.0,0.0
0.518,0.003,3.953,0.0,-0.004,0.0
0.518,0.003,2.965,0.0,0.009,0.0
0.518,0.003,4.057,0.0,-0.005,0.0
0.518,0.003,5.944,0.0,-0.008,0.0
0.518,0.003,4.758,0.0,-0.011,0.0
0.518,0.003,5.273,0.0,0.002,0.0
0.518,0.003,5.09,0.0,0.004,0.0
0.518,0.003,5.034,0.0,-0.002,0.0
0.518,0.003,4.496,0.0,0.008,0.0
0.518,0.003,5.263,0.0,-0.007,0.0
0.518,0.003,4.553,0.0,-0.008,0.0
0.518,0.003,5.261,0.0,0.005,0.0
0.518,0.003,5.521,0.0,-0.012,0.0
0.518,0.003,5.548,0.0,-0.014,0.0
0.518,0.003,4.069,0.0,0.007,0.0
0.518,0.003,4.704,0.0,0.006,0.0
0.518,0.003,4.154,0.0,-0.007,0.0
0.518,0.003,4.167,0.0,-0.003,0.0
0.518,0.003,5.559,0.0,-0.001,0.0
0.518,0.003,4.3,0.0,-0.007,0.0
0.518,0.003,4.925,0.0,-0.004,0.0
0.518,0.003,5.401,0.0,-0.003,0.0
0.518,0.003,4.856,0.0,-0.01,0.0
0.518,0.003,5.521,0.0,-0.023,0.0
0.518,0.003,4.193,0.0,-0.013,0.0
0.518,0.003,4.32,0.0,-0.032,0.0
0.518,0.003,3.291,0.0,0.012,0.0
0.518,0.003,5.044,0.0,0.02,0.0
0.518,0.003,5.31,0.0,0.003,0.0
0.518,0.003,5.265,0.0,-0.02,0.0
0.518,0.003,4.408,0.0,0.002,0.0
0.518,0.003,4.444,0.0,-0.0,0.0
0.518,0.003,4.505,0.0,0.005,0.0
0.518,0.003,4.894,0.0,-0.005,0.0
0.518,0.003,5.115,0.0,0.001,0.0
0.518,0.003,4.216,0.0,-0.006,0.0
0.518,0.003,4.294,0.0,-0.004,0.0
0.518,0.003,3.424,0.0,-0.003,0.0
0.518,0.003,4.626,0.0,0.005,0.0
0.518,0.003,4.845,0.0,-0.018,0.0
0.518,0.003,4.298,0.0,0.003,0.0
0.518,0.003,6.48,0.0,0.027,0.0
0.518,0.003,4.425,0.0,-0.02,0.0
0.518,0.003,6.93,0.0,-0.01,0.0
0.519,0.003,5.967,0.0,-0.005,0.0
0.519,0.003,5.15,0.0,-0.007,0.0
0.519,0.003,6.108,0.0,-0.006,0.0
0.519,0.003,6.026,0.0,-0.001,0.0
0.519,0.003,5.354,0.0,-0.009,0.0
0.519,0.003,5.367,0.0,0.01,0.0
0.519,0.003,5.041,0.0,0.003,0.0
0.519,0.003,4.855,0.0,-0.017,0.0
0.519,0.003,5.971,0.0,-0.01,0.0
0.519,0.003,4.756,0.0,-0.007,0.0
0.519,0.003,4.753,0.0,0.001,0.0
0.519,0.003,5.707,0.0,-0.01,0.0
0.519,0.003,4.04,0.0,0.009,0.0
0.519,0.003,4.064,0.0,-0.004,0.0
0.519,0.003,4.918,0.0,0.012,0.0
0.519,0.003,5.88,0.0,-0.009,0.0
0.519,0.003,5.0,0.0,-0.003,0.0
0.519,0.003,4.99,0.0,-0.013,0.0
0.519,0.003,3.861,0.0,-0.001,0.0
0.519,0.003,4.584,0.0,0.007,0.0
0.519,0.003,5.178,0.0,-0.005,0.0
0.519,0.003,4.679,0.0,-0.006,0.0
0.519,0.003,4.7,0.0,-0.004,0.0
0.519,0.003,4.825,0.0,0.009,0.0
0.519,0.003,6.292,0.0,0.018,0.0
0.519,0.003,5.035,0.0,-0.005,0.0
0.519,0.003,4.578,0.0,0.005,0.0
0.519,0.003,5.634,0.0,-0.021,0.0
0.519,0.003,5.488,0.0,0.003,0.0
0.519,0.003,7.109,0.0,-0.015,0.0
0.519,0.003,6.064,0.0,0.023,0.0
0.519,0.003,5.691,0.0,0.017,0.0
0.519,0.003,5.446,0.0,0.0,0.0
0.519,0.003,5.014,0.0,0.023,0.0
0.519,0.003,4.475,0.0,0.003,0.0
0.519,0.003,5.225,0.0,-0.011,0.0
0.519,0.003,5.872,0.0,-0.016,0.0
0.519,0.003,5.178,0.0,-0.009,0.0
0.519,0.003,5.124,0.0,-0.01,0.0
0.519,0.003,5.39,0.0,0.009,0.0
0.519,0.003,4.69,0.0,-0.041,0.0
0.519,0.003,5.502,0.0,0.005,0.0
0.519,0.003,5.134,0.0,0.006,0.0
0.519,0.003,4.671,0.0,0.015,0.0
0.519,0.003,4.964,0.0,-0.012,0.0
0.519,0.003,4.139,0.0,-0.017,0.0
0.519,0.003,4.129,0.0,0.004,0.0
0.519,0.003,4.731,0.0,-0.011,0.0
0.519,0.003,4.635,0.0,0.0,0.0
0.519,0.003,5.325,0.0,-0.021,0.0
0.519,0.003,5.461,0.0,-0.005,0.0
0.519,0.003,4.553,0.0,-0.009,0.0
0.519,0.003,4.471,0.0,0.004,0.0
0.519,0.003,3.799,0.0,-0.0,0.0
0.519,0.003,4.604,0.0,-0.013,0.0
0.519,0.003,5.652,0.0,0.003,0.0
0.519,0.003,3.965,0.0,-0.013,0.0
0.519,0.003,4.545,0.0,-0.006,0.0
0.519,0.003,5.023,0.0,0.002,0.0
0.519,0.003,4.658,0.0,-0.008,0.0
0.519,0.003,4.298,0.0,0.005,0.0
0.519,0.003,5.595,0.0,0.007,0.0
0.519,0.003,4.848,0.0,-0.047,0.0
0.519,0.003,4.224,0.0,0.002,0.0
0.519,0.003,5.821,0.0,-0.003,0.0
0.519,0.003,6.03,0.0,-0.021,0.0
0.519,0.003,5.58,0.0,0.001,0.0
0.519,0.003,4.919,0.0,0.013,0.0
0.52,0.003,4.779,0.0,-0.007,0.0
0.52,0.003,5.955,0.0,-0.014,0.0
0.52,0.003,4.731,0.0,-0.025,0.0
0.52,0.003,3.995,0.0,-0.007,0.0
0.52,0.003,4.181,0.0,-0.006,0.0
0.52,0.003,5.406,0.0,-0.001,0.0
0.52,0.003,4.561,0.0,-0.015,0.0
0.52,0.003,4.711,0.0,0.014,0.0
0.52,0.003,3.565,0.0,0.016,0.0
0.52,0.003,5.284,0.0,0.005,0.0
0.52,0.003,5.239,0.0,0.007,0.0
0.52,0.003,5.101,0.0,0.01,0.0
0.52,0.003,5.079,0.0,-0.026,0.0
0.52,0.003,4.654,0.0,-0.008,0.0
0.52,0.003,3.495,0.0,-0.002,0.0
0.52,0.003,3.94,0.0,-0.003,0.0
0.52,0.003,5.06,0.0,0.012,0.0
0.52,0.003,4.319,0.0,-0.007,0.0
0.52,0.003,5.685,0.0,0.008,0.0
0.52,0.003,5.008,0.0,0.003,0.0
0.52,0.003,5.761,0.0,0.004,0.0
0.52,0.003,4.612,0.0,0.001,0.0
0.52,0.003,5.184,0.0,-0.001,0.0
0.52,0.003,5.648,0.0,-0.018,0.0
0.52,0.003,4.984,0.0,-0.007,0.0
0.52,0.003,4.771,0.0,-0.027,0.0
0.52,0.003,4.926,0.0,-0.004,0.0
0.52,0.003,3.9,0.0,-0.005,0.0
0.52,0.003,5.272,0.0,0.004,0.0
0.52,0.003,5.537,0.0,-0.02,0.0
0.52,0.003,6.523,0.0,-0.009,0.0
0.52,0.003,6.344,0.0,-0.024,0.0
0.52,0.003,5.452,0.0,0.008,0.0
0.52,0.003,2.776,0.0,0.017,0.0
0.52,0.003,4.67,0.0,-0.011,0.0
0.52,0.003,5.733,0.0,-0.015,0.0
0.52,0.003,4.797,0.0,-0.016,0.0
0.52,0.003,6.129,0.0,-0.001,0.0
0.52,0.003,4.222,0.0,-0.007,0.0
0.52,0.003,4.407,0.0,-0.013,0.0
0.52,0.003,3.752,0.0,0.002,0.0
0.52,0.003,5.338,0.0,-0.009,0.0
0.52,0.003,4.325,0.0,-0.004,0.0
0.52,0.003,3.584,0.0,0.014,0.0
0.52,0.003,4.634,0.0,-0.0,0.0
0.52,0.003,4.77,0.0,-0.008,0.0
0.52,0.003,4.553,0.0,0.004,0.0
0.52,0.003,4.652,0.0,-0.008,0.0
0.52,0.003,4.173,0.0,0.011,0.0
0.52,0.003,5.601,0.0,-0.03,0.0
0.52,0.003,4.781,0.0,-0.005,0.0
0.52,0.003,4.408,0.0,0.004,0.0
0.52,0.003,6.104,0.0,-0.004,0.0
0.52,0.003,4.737,0.0,0.001,0.0
0.52,0.003,5.732,0.0,0.005,0.0
0.52,0.003,5.651,0.0,0.003,0.0
0.52,0.003,5.774,0.0,0.014,0.0
0.52,0.003,5.093,0.0,-0.004,0.0
0.52,0.003,4.509,0.0,-0.018,0.0
0.52,0.003,4.746,0.0,0.007,0.0
0.52,0.003,4.553,0.0,0.006,0.0
0.52,0.003,5.67,0.0,-0.002,0.0
0.521,0.003,4.777,0.0,-0.006,0.0
0.521,0.003,5.32,0.0,-0.001,0.0
0.521,0.003,4.878,0.0,-0.0,0.0
0.521,0.003,5.919,0.0,-0.016,0.0
0.521,0.003,5.163,0.0,-0.002,0.0
0.521,0.003,4.483,0.0,0.009,0.0
0.521,0.003,4.537,0.0,-0.021,0.0
0.521,0.003,5.758,0.0,0.01,0.0
0.521,0.003,4.43,0.0,-0.022,0.0
0.521,0.003,7.202,0.0,-0.02,0.0
0.521,0.003,4.125,0.0,-0.005,0.0
0.521,0.003,5.246,0.0,-0.017,0.0
0.521,0.003,5.444,0.0,-0.014,0.0
0.521,0.003,4.007,0.0,-0.01,0.0
0.521,0.003,5.2,0.0,-0.005,0.0
0.521,0.003,4.283,0.0,0.002,0.0
0.521,0.003,3.968,0.0,-0.012,0.0
0.521,0.003,5.46,0.0,0.01,0.0
0.521,0.003,5.403,0.0,0.008,0.0
0.521,0.003,5.215,0.0,-0.008,0.0
0.521,0.003,5.273,0.0,-0.007,0.0
0.521,0.003,4.078,0.0,-0.006,0.0
0.521,0.003,3.913,0.0,0.026,0.0
0.521,0.003,4.04,0.0,0.007,0.0
0.521,0.003,4.612,0.0,-0.013,0.0
0.521,0.003,4.087,0.0,0.003,0.0
0.521,0.003,5.669,0.0,-0.002,0.0
0.521,0.003,5.805,0.0,0.021,0.0
0.521,0.003,4.594,0.0,-0.014,0.0
0.521,0.003,5.29,0.0,-0.001,0.0
0.521,0.003,4.168,0.0,-0.001,0.0
0.521,0.003,4.692,0.0,-0.011,0.0
0.521,0.003,4.998,0.0,-0.02,0.0
0.521,0.003,4.885,0.0,-0.004,0.0
0.521,0.003,4.844,0.0,-0.011,0.0
0.521,0.003,4.897,0.0,-0.019,0.0
0.521,0.003,3.858,0.0,0.02,0.0
0.521,0.003,5.14,0.0,-0.015,0.0
0.521,0.003,4.74,0.0,-0.015,0.0
0.521,0.003,4.63,0.0,-0.005,0.0
0.521,0.003,5.228,0.0,-0.0,0.0
0.521,0.003,3.86,0.0,0.006,0.0
0.521,0.003,5.463,0.0,-0.015,0.0
0.521,0.003,5.534,0.0,-0.004,0.0
0.521,0.003,4.601,0.0,-0.021,0.0
0.521,0.003,4.411,0.0,0.001,0.0
0.521,0.003,4.344,0.0,-0.013,0.0
0.521,0.003,6.472,0.0,0.004,0.0
0.521,0.003,5.034,0.0,-0.013,0.0
0.521,0.003,4.765,0.0,-0.002,0.0
0.521,0.003,6.734,0.0,-0.015,0.0
0.521,0.003,4.96,0.0,0.002,0.0
0.521,0.003,6.002,0.0,-0.005,0.0
0.521,0.003,4.812,0.0,0.007,0.0
0.521,0.003,5.549,0.0,-0.0,0.0
0.521,0.003,6.451,0.0,0.003,0.0
0.521,0.003,4.196,0.0,-0.004,0.0
0.521,0.003,4.38,0.0,-0.018,0.0
0.521,0.003,3.153,0.0,-0.009,0.0
0.521,0.003,3.892,0.0,0.001,0.0
0.521,0.003,4.986,0.0,-0.007,0.0
0.521,0.003,5.522,0.0,-0.015,0.0
0.521,0.003,3.214,0.0,-0.007,0.0
0.521,0.003,4.581,0.0,-0.006,0.0
0.521,0.003,5.715,0.0,-0.015,0.0
0.521,0.003,5.398,0.0,0.001,0.0
0.521,0.003,4.461,0.0,-0.014,0.0
0.521,0.003,4.22,0.0,0.021,0.0
0.521,0.003,5.511,0.0,-0.005,0.0
0.521,0.003,5.568,0.0,-0.007,0.0
0.521,0.003,4.431,0.0,-0.014,0.0
0.521,0.003,4.475,0.0,-0.0,0.0
0.521,0.003,5.008,0.0,0.008,0.0
0.521,0.003,5.202,0.0,-0.013,0.0
0.521,0.003,4.289,0.0,0.001,0.0
0.521,0.003,5.144,0.0,-0.017,0.0
0.521,0.003,3.634,0.0,-0.002,0.0
0.521,0.003,4.675,0.0,-0.017,0.0
0.521,0.003,5.611,0.0,0.007,0.0
0.521,0.003,5.626,0.0,0.004,0.0
0.521,0.003,4.548,0.0,-0.009,0.0
0.521,0.003,5.064,0.0,0.001,0.0
0.521,0.003,4.682,0.0,0.001,0.0
0.522,0.003,3.593,0.0,0.021,0.0
0.522,0.003,4.906,0.0,-0.009,0.0
0.522,0.003,4.029,0.0,-0.013,0.0
0.522,0.003,3.419,0.0,-0.004,0.0
0.522,0.003,3.959,0.0,0.005,0.0
0.522,0.003,5.125,0.0,0.007,0.0
0.522,0.003,4.69,0.0,-0.044,0.0
0.522,0.003,6.114,0.0,-0.003,0.0
0.522,0.003,4.684,0.0,-0.005,0.0
0.522,0.003,6.528,0.0,0.004,0.0
0.522,0.003,2.744,0.0,-0.008,0.0
0.522,0.003,7.258,0.0,-0.015,0.0
0.522,0.003,4.031,0.0,-0.008,0.0
0.522,0.003,6.243,0.0,-0.016,0.0
0.522,0.003,4.427,0.0,-0.023,0.0
0.522,0.003,4.747,0.0,-0.003,0.0
0.522,0.003,5.1,0.0,-0.015,0.0
0.522,0.003,5.567,0.0,-0.002,0.0
0.522,0.003,4.603,0.0,0.007,0.0
0.522,0.003,4.174,0.0,-0.024,0.0
0.522,0.003,4.668,0.0,-0.003,0.0
0.522,0.003,5.555,0.0,-0.006,0.0
0.522,0.003,4.922,0.0,-0.011,0.0
0.522,0.003,5.671,0.0,0.002,0.0
0.522,0.003,5.512,0.0,-0.024,0.0
0.522,0.003,4.454,0.0,0.003,0.0
0.522,0.003,4.616,0.0,-0.003,0.0
0.522,0.003,4.843,0.0,0.005,0.0
0.522,0.003,5.019,0.0,0.009,0.0
0.522,0.003,3.399,0.0,0.008,0.0
0.522,0.003,3.919,0.0,-0.014,0.0
0.522,0.003,4.692,0.0,-0.002,0.0
0.522,0.003,4.231,0.0,-0.003,0.0
0.522,0.003,5.692,0.0,-0.005,0.0
0.522,0.003,6.003,0.0,-0.007,0.0
0.522,0.003,5.193,0.0,0.008,0.0
0.522,0.003,4.382,0.0,-0.014,0.0
0.522,0.003,5.08,0.0,0.005,0.0
0.522,0.003,4.883,0.0,0.002,0.0
0.522,0.003,4.255,0.0,0.005,0.0
0.522,0.003,5.614,0.0,-0.005,0.0
0.522,0.003,4.547,0.0,-0.001,0.0
0.522,0.003,5.656,0.0,-0.002,0.0
0.522,0.003,5.337,0.0,-0.001,0.0
0.522,0.003,3.75,0.0,0.001,0.0
0.522,0.003,4.869,0.0,-0.016,0.0
0.522,0.003,4.883,0.0,-0.013,0.0
0.522,0.003,5.104,0.0,0.008,0.0
0.522,0.003,3.474,0.0,0.019,0.0
0.522,0.003,5.974,0.0,0.003,0.0
0.522,0.003,4.499,0.0,0.001,0.0
0.522,0.003,3.728,0.0,0.016,0.0
0.522,0.003,4.405,0.0,0.012,0.0
0.522,0.003,5.299,0.0,0.007,0.0
0.522,0.003,4.911,0.0,0.006,0.0
0.522,0.003,5.372,0.0,-0.007,0.0
0.522,0.003,4.768,0.0,-0.002,0.0
0.522,0.003,4.734,0.0,-0.005,0.0
0.522,0.003,4.387,0.0,-0.0,0.0
0.522,0.003,5.149,0.0,0.01,0.0
0.522,0.003,5.003,0.0,0.001,0.0
0.522,0.003,5.016,0.0,0.013,0.0
0.522,0.003,4.867,0.0,-0.01,0.0
0.522,0.003,4.592,0.0,-0.004,0.0
0.522,0.003,4.75,0.0,-0.02,0.0
0.522,0.003,5.26,0.0,-0.009,0.0
0.522,0.003,5.793,0.0,-0.001,0.0
0.522,0.003,5.786,0.0,-0.026,0.0
0.522,0.003,4.911,0.0,0.023,0.0
0.522,0.003,6.278,0.0,0.004,0.0
0.522,0.003,5.882,0.0,-0.005,0.0
0.523,0.003,2.963,0.0,-0.003,0.0
0.523,0.003,4.546,0.0,-0.014,0.0
0.523,0.003,4.665,0.0,-0.012,0.0
0.523,0.003,5.585,0.0,-0.016,0.0
0.523,0.003,6.567,0.0,-0.009,0.0
0.523,0.003,3.906,0.0,0.002,0.0
0.523,0.003,3.999,0.0,-0.017,0.0
0.523,0.003,5.523,0.0,0.004,0.0
0.523,0.003,4.417,0.0,0.004,0.0
0.523,0.003,5.012,0.0,-0.014,0.0
0.523,0.003,4.096,0.0,0.028,0.0
0.523,0.003,4.557,0.0,-0.002,0.0
0.523,0.003,5.536,0.0,-0.017,0.0
0.523,0.003,5.274,0.0,-0.009,0.0
0.523,0.003,4.521,0.0,-0.001,0.0
0.523,0.003,5.209,0.0,-0.008,0.0
0.523,0.003,4.807,0.0,0.005,0.0
0.523,0.003,5.799,0.0,-0.017,0.0
0.523,0.003,4.826,0.0,0.003,0.0
0.523,0.003,5.485,0.0,-0.004,0.0
0.523,0.003,5.444,0.0,-0.004,0.0
0.523,0.003,5.489,0.0,-0.012,0.0
0.523,0.003,5.055,0.0,-0.0,0.0
0.523,0.003,3.897,0.0,0.004,0.0
0.523,0.003,6.011,0.0,0.002,0.0
0.523,0.003,4.855,0.0,-0.009,0.0
0.523,0.003,5.905,0.0,0.002,0.0
0.523,0.003,4.723,0.0,-0.018,0.0
0.523,0.003,5.208,0.0,-0.017,0.0
0.523,0.003,5.069,0.0,0.011,0.0
0.523,0.003,5.285,0.0,0.014,0.0
0.523,0.003,5.945,0.0,-0.0,0.0
0.523,0.003,5.198,0.0,-0.027,0.0
0.523,0.003,5.477,0.0,-0.022,0.0
0.523,0.003,5.179,0.0,-0.009,0.0
0.523,0.003,4.583,0.0,-0.017,0.0
0.523,0.003,4.681,0.0,-0.019,0.0
0.523,0.003,5.104,0.0,0.002,0.0
0.523,0.003,5.046,0.0,-0.019,0.0
0.523,0.003,4.818,0.0,-0.008,0.0
0.523,0.003,4.089,0.0,-0.001,0.0
0.523,0.003,5.875,0.0,-0.004,0.0
0.523,0.003,4.229,0.0,-0.002,0.0
0.523,0.003,4.848,0.0,0.004,0.0
0.523,0.003,5.451,0.0,0.001,0.0
0.523,0.003,3.933,0.0,0.015,0.0
0.523,0.003,5.274,0.0,0.026,0.0
0.523,0.003,4.989,0.0,-0.014,0.0
0.523,0.003,5.137,0.0,0.005,0.0
0.523,0.003,4.879,0.0,0.009,0.0
0.523,0.003,5.38,0.0,-0.006,0.0
0.523,0.003,5.021,0.0,0.007,0.0
0.523,0.003,6.082,0.0,-0.014,0.0
0.523,0.003,4.421,0.0,0.001,0.0
0.523,0.003,4.348,0.0,0.016,0.0
0.523,0.003,4.22,0.0,-0.01,0.0
0.523,0.003,4.821,0.0,0.005,0.0
0.523,0.003,4.344,0.0,-0.002,0.0
0.523,0.003,4.645,0.0,-0.012,0.0
0.523,0.003,4.715,0.0,-0.014,0.0
0.523,0.003,6.309,0.0,-0.001,0.0
0.523,0.003,4.701,0.0,0.001,0.0
0.523,0.003,5.312,0.0,0.001,0.0
0.523,0.003,3.456,0.0,-0.013,0.0
0.523,0.003,5.314,0.0,0.004,0.0
0.523,0.003,4.777,0.0,-0.006,0.0
0.523,0.003,4.435,0.0,0.001,0.0
0.523,0.003,5.76,0.0,-0.017,0.0
0.523,0.003,4.019,0.0,-0.012,0.0
0.523,0.003,6.696,0.0,-0.008,0.0
0.523,0.003,4.035,0.0,0.007,0.0
0.523,0.007,5.26,0.0,-0.004,0.0
0.523,0.003,5.632,0.0,-0.018,0.0
0.523,0.003,5.163,0.0,-0.001,0.0
0.523,0.003,4.885,0.0,-0.014,0.0
0.523,0.003,5.593,0.0,-0.008,0.0
0.524,0.003,5.512,0.0,0.005,0.0
0.524,0.003,4.144,0.0,0.001,0.0
0.524,0.003,4.505,0.0,0.015,0.0
0.524,0.003,3.889,0.0,0.01,0.0
0.524,0.003,4.032,0.0,0.02,0.0
0.524,0.003,5.196,0.0,0.013,0.0
0.524,0.003,5.245,0.0,-0.009,0.0
0.524,0.003,4.654,0.0,-0.007,0.0
0.524,0.003,5.423,0.0,0.008,0.0
0.524,0.003,3.891,0.0,0.007,0.0
0.524,0.003,4.849,0.0,-0.013,0.0
0.524,0.003,5.093,0.0,-0.016,0.0
0.524,0.003,3.197,0.0,0.009,0.0
0.524,0.003,5.971,0.0,0.007,0.0
0.524,0.003,4.875,0.0,0.004,0.0
0.524,0.003,5.275,0.0,-0.014,0.0
0.524,0.003,5.686,0.0,0.023,0.0
0.524,0.003,4.748,0.0,0.006,0.0
0.524,0.003,3.244,0.0,-0.009,0.0
0.524,0.003,3.656,0.0,0.016,0.0
0.524,0.003,4.972,0.0,-0.006,0.0
0.524,0.003,5.522,0.0,-0.004,0.0
0.524,0.003,4.699,0.0,-0.009,0.0
0.524,0.003,4.307,0.0,-0.02,0.0
0.524,0.003,5.686,0.0,0.017,0.0
0.524,0.003,5.311,0.0,-0.011,0.0
0.524,0.003,5.396,0.0,0.009,0.0
0.524,0.003,3.204,0.0,0.019,0.0
0.524,0.003,4.655,0.0,-0.029,0.0
0.524,0.003,5.101,0.0,0.003,0.0
0.524,0.003,4.673,0.0,-0.024,0.0
0.524,0.003,5.001,0.0,0.0,0.0
0.524,0.003,4.835,0.0,-0.009,0.0
0.524,0.003,3.68,0.0,0.009,0.0
0.524,0.003,6.048,0.0,0.009,0.0
0.524,0.003,4.712,0.0,-0.009,0.0
0.524,0.003,4.139,0.0,0.025,0.0
0.524,0.003,5.996,0.0,-0.016,0.0
0.524,0.003,4.735,0.0,0.007,0.0
0.524,0.003,5.102,0.0,-0.011,0.0
0.524,0.003,4.782,0.0,0.006,0.0
0.524,0.003,4.335,0.0,0.001,0.0
0.524,0.003,6.282,0.0,0.0,0.0
0.524,0.003,4.325,0.0,-0.027,0.0
0.524,0.003,5.156,0.0,-0.006,0.0
0.524,0.003,5.578,0.0,-0.016,0.0
0.524,0.003,4.812,0.0,0.019,0.0
0.524,0.003,5.145,0.0,-0.02,0.0
0.524,0.003,4.155,0.0,-0.005,0.0
0.524,0.003,5.418,0.0,-0.011,0.0
0.524,0.003,4.365,0.0,-0.007,0.0
0.524,0.003,4.558,0.0,-0.012,0.0
0.524,0.003,6.978,0.0,-0.002,0.0
0.524,0.003,4.57,0.0,-0.008,0.0
0.524,0.003,4.352,0.0,0.005,0.0
0.524,0.003,5.396,0.0,-0.024,0.0
0.524,0.003,4.736,0.0,-0.01,0.0
0.524,0.003,4.568,0.0,-0.021,0.0
0.525,0.003,4.514,0.0,0.012,0.0
0.525,0.003,6.369,0.0,-0.026,0.0
0.525,0.003,4.11,0.0,0.003,0.0
0.525,0.003,4.605,0.0,-0.017,0.0
0.525,0.003,4.079,0.0,-0.01,0.0
0.525,0.003,4.247,0.0,-0.012,0.0
0.525,0.003,5.344,0.0,-0.014,0.0
0.525,0.003,4.433,0.0,-0.022,0.0
0.525,0.003,5.829,0.0,-0.013,0.0
0.525,0.003,5.439,0.0,-0.012,0.0
0.525,0.003,3.841,0.0,0.0,0.0
0.525,0.003,5.058,0.0,-0.007,0.0
0.525,0.003,4.803,0.0,0.001,0.0
0.525,0.003,4.658,0.0,-0.01,0.0
0.525,0.003,3.964,0.0,-0.011,0.0
0.525,0.003,5.221,0.0,0.001,0.0
0.525,0.003,5.393,0.0,-0.004,0.0
0.525,0.003,3.946,0.0,0.001,0.0
0.525,0.003,2.911,0.0,-0.009,0.0
0.525,0.003,5.588,0.0,-0.023,0.0
0.525,0.003,5.101,0.0,-0.005,0.0
0.525,0.003,3.653,0.0,-0.004,0.0
0.525,0.003,4.841,0.0,0.001,0.0
0.525,0.003,4.321,0.0,-0.017,0.0
0.525,0.003,4.36,0.0,-0.011,0.0
0.525,0.003,5.1,0.0,-0.014,0.0
0.525,0.003,4.709,0.0,-0.001,0.0
0.525,0.003,4.812,0.0,-0.006,0.0
0.525,0.003,5.073,0.0,-0.021,0.0
0.525,0.003,5.018,0.0,-0.011,0.0
0.525,0.003,4.709,0.0,-0.03,0.0
0.525,0.003,6.133,0.0,-0.009,0.0
0.525,0.003,6.017,0.0,0.004,0.0
0.525,0.003,5.119,0.0,-0.018,0.0
0.525,0.003,4.257,0.0,0.007,0.0
0.525,0.003,4.133,0.0,-0.012,0.0
0.525,0.003,4.478,0.0,-0.021,0.0
0.525,0.003,4.669,0.0,-0.026,0.0
0.525,0.003,5.764,0.0,-0.01,0.0
0.525,0.003,5.493,0.0,-0.01,0.0
0.525,0.003,4.827,0.0,0.001,0.0
0.525,0.003,5.657,0.0,0.004,0.0
0.525,0.003,4.249,0.0,-0.012,0.0
0.525,0.003,5.42,0.0,0.01,0.0
0.525,0.003,4.142,0.0,-0.0,0.0
0.525,0.003,5.513,0.0,-0.014,0.0
0.525,0.003,4.18,0.0,-0.007,0.0
0.525,0.003,4.189,0.0,-0.006,0.0
0.525,0.003,5.579,0.0,-0.015,0.0
0.525,0.003,4.975,0.0,-0.005,0.0
0.525,0.003,4.23,0.0,0.001,0.0
0.525,0.003,5.383,0.0,-0.017,0.0
0.525,0.003,5.48,0.0,0.004,0.0
0.525,0.003,4.326,0.0,-0.001,0.0
0.525,0.003,4.379,0.0,-0.014,0.0
0.525,0.003,5.207,0.0,-0.016,0.0
0.525,0.003,3.675,0.0,-0.003,0.0
0.525,0.003,4.381,0.0,0.019,0.0
0.525,0.003,4.251,0.0,0.001,0.0
0.525,0.003,6.62,0.0,-0.005,0.0
0.525,0.003,5.64,0.0,0.005,0.0
0.525,0.003,3.569,0.0,-0.011,0.0
0.525,0.003,5.633,0.0,-0.012,0.0
0.525,0.003,5.204,0.0,0.006,0.0
0.525,0.003,5.194,0.0,-0.015,0.0
0.525,0.003,4.934,0.0,-0.008,0.0
0.525,0.003,5.049,0.0,-0.013,0.0
0.525,0.003,5.074,0.0,-0.012,0.0
0.525,0.003,4.701,0.0,-0.003,0.0
0.525,0.003,4.681,0.0,0.004,0.0
0.525,0.003,5.147,0.0,0.013,0.0
0.525,0.003,5.511,0.0,-0.023,0.0
0.525,0.003,5.381,0.0,-0.007,0.0
0.525,0.003,4.08,0.0,0.011,0.0
0.525,0.003,4.374,0.0,-0.016,0.0
0.526,0.003,4.614,0.0,0.008,0.0
0.526,0.003,5.141,0.0,-0.01,0.0
0.526,0.003,3.962,0.0,0.003,0.0
0.526,0.003,5.362,0.0,-0.021,0.0
0.526,0.003,4.715,0.0,-0.003,0.0
0.526,0.003,5.173,0.0,-0.002,0.0
0.526,0.003,4.947,0.0,-0.009,0.0
0.526,0.003,4.003,0.0,0.01,0.0
0.526,0.003,4.342,0.0,0.013,0.0
0.526,0.003,3.047,0.0,-0.017,0.0
0.526,0.003,5.13,0.0,0.009,0.0
0.526,0.003,3.474,0.0,-0.007,0.0
0.526,0.003,5.718,0.0,0.0,0.0
0.526,0.003,5.092,0.0,-0.007,0.0
0.526,0.003,5.372,0.0,0.017,0.0
0.526,0.003,5.033,0.0,-0.002,0.0
0.526,0.003,5.125,0.0,0.005,0.0
0.526,0.003,5.836,0.0,-0.019,0.0
0.526,0.003,5.057,0.0,0.021,0.0
0.526,0.003,4.696,0.0,-0.017,0.0
0.526,0.003,4.619,0.0,-0.009,0.0
0.526,0.003,4.947,0.0,0.005,0.0
0.526,0.003,3.859,0.0,-0.023,0.0
0.526,0.003,4.98,0.0,0.012,0.0
0.526,0.003,5.369,0.0,-0.018,0.0
0.526,0.003,6.055,0.0,0.008,0.0
0.526,0.003,4.78,0.0,0.001,0.0
0.526,0.003,4.476,0.0,0.004,0.0
0.526,0.003,5.142,0.0,-0.011,0.0
0.526,0.003,4.731,0.0,-0.02,0.0
0.526,0.003,4.283,0.0,0.002,0.0
0.526,0.003,4.86,0.0,-0.012,0.0
0.526,0.003,4.126,0.0,-0.015,0.0
0.526,0.003,3.883,0.0,0.005,0.0
0.526,0.003,5.627,0.0,0.024,0.0
0.526,0.003,5.749,0.0,-0.009,0.0
0.526,0.007,5.019,0.0,0.004,0.0
0.526,0.003,5.545,0.0,-0.025,0.0
0.526,0.003,4.729,0.0,-0.008,0.0
0.526,0.003,6.26,0.0,-0.011,0.0
0.526,0.003,3.732,0.0,0.014,0.0
0.526,0.003,5.042,0.0,-0.011,0.0
0.526,0.003,5.575,0.0,-0.013,0.0
0.526,0.003,4.953,0.0,-0.01,0.0
0.526,0.003,6.204,0.0,0.022,0.0
0.526,0.003,4.436,0.0,-0.003,0.0
0.526,0.003,5.823,0.0,-0.018,0.0
0.526,0.003,4.796,0.0,-0.003,0.0
0.526,0.003,5.445,0.0,-0.007,0.0
0.526,0.003,4.942,0.0,0.022,0.0
0.526,0.003,6.586,0.0,-0.017,0.0
0.526,0.003,4.263,0.0,0.004,0.0
0.526,0.003,4.907,0.0,0.008,0.0
0.526,0.003,5.263,0.0,-0.014,0.0
0.526,0.003,5.785,0.0,-0.018,0.0
0.526,0.003,4.763,0.0,0.002,0.0
0.526,0.003,5.807,0.0,0.0,0.0
0.526,0.003,4.462,0.0,0.001,0.0
0.526,0.003,4.263,0.0,0.003,0.0
0.527,0.003,5.886,0.0,-0.008,0.0
0.527,0.003,2.656,0.0,0.008,0.0
0.527,0.003,5.26,0.0,0.0,0.0
0.527,0.003,3.656,0.0,0.003,0.0
0.527,0.003,4.53,0.0,-0.025,0.0
0.527,0.003,3.363,0.0,-0.013,0.0
0.527,0.003,4.746,0.0,-0.009,0.0
0.527,0.003,4.874,0.0,-0.021,0.0
0.527,0.003,4.168,0.0,-0.003,0.0
0.527,0.003,4.379,0.0,-0.014,0.0
0.527,0.003,4.657,0.0,0.007,0.0
0.527,0.003,5.173,0.0,-0.007,0.0
0.527,0.003,4.131,0.0,0.003,0.0
0.527,0.003,4.731,0.0,-0.01,0.0
0.527,0.003,4.076,0.0,-0.016,0.0
0.527,0.003,4.93,0.0,0.006,0.0
0.527,0.003,4.063,0.0,-0.035,0.0
0.527,0.003,3.929,0.0,0.015,0.0
0.527,0.003,4.268,0.0,-0.008,0.0
0.527,0.003,4.895,0.0,0.0,0.0
0.527,0.003,6.418,0.0,-0.017,0.0
0.527,0.003,5.03,0.0,0.011,0.0
0.527,0.003,5.368,0.0,0.003,0.0
0.527,0.003,4.527,0.0,0.006,0.0
0.527,0.003,5.05,0.0,-0.004,0.0
0.527,0.003,4.211,0.0,0.008,0.0
0.527,0.003,5.085,0.0,-0.013,0.0
0.527,0.003,5.924,0.0,-0.02,0.0
0.527,0.003,4.037,0.0,0.006,0.0
0.527,0.003,5.009,0.0,-0.013,0.0
0.527,0.003,5.071,0.0,0.0,0.0
0.527,0.003,4.619,0.0,-0.004,0.0
0.527,0.003,4.21,0.0,-0.019,0.0
0.527,0.003,5.122,0.0,-0.005,0.0
0.527,0.003,4.688,0.0,-0.019,0.0
0.527,0.003,4.592,0.0,-0.005,0.0
0.527,0.003,4.082,0.0,-0.011,0.0
0.527,0.003,4.767,0.0,0.005,0.0
0.527,0.003,4.693,0.0,0.001,0.0
0.527,0.003,4.259,0.0,-0.014,0.0
0.527,0.003,4.244,0.0,-0.023,0.0
0.527,0.003,5.465,0.0,-0.009,0.0
0.527,0.003,5.41,0.0,-0.011,0.0
0.527,0.003,5.162,0.0,0.009,0.0
0.527,0.003,5.062,0.0,-0.002,0.0
0.527,0.003,4.75,0.0,-0.017,0.0
0.527,0.003,4.109,0.0,-0.002,0.0
0.527,0.003,4.897,0.0,-0.001,0.0
0.527,0.003,4.76,0.0,-0.007,0.0
0.527,0.003,5.284,0.0,-0.004,0.0
0.527,0.003,4.678,0.0,0.022,0.0
0.527,0.003,4.844,0.0,0.002,0.0
0.527,0.003,4.505,0.0,0.007,0.0
0.527,0.003,5.368,0.0,0.013,0.0
0.527,0.003,3.698,0.0,-0.01,0.0
0.527,0.003,5.545,0.0,-0.008,0.0
0.527,0.003,4.095,0.0,0.002,0.0
0.527,0.003,6.444,0.0,-0.018,0.0
0.527,0.003,5.616,0.0,0.025,0.0
0.527,0.003,5.696,0.0,-0.007,0.0
0.527,0.003,4.608,0.0,-0.01,0.0
0.527,0.003,5.669,0.0,-0.005,0.0
0.527,0.003,3.951,0.0,-0.01,0.0
0.527,0.003,4.728,0.0,-0.005,0.0
0.527,0.003,4.42,0.0,0.012,0.0
0.528,0.003,3.848,0.0,-0.003,0.0
0.528,0.003,5.827,0.0,-0.014,0.0
0.528,0.003,5.068,0.0,-0.013,0.0
0.528,0.003,4.599,0.0,0.002,0.0
0.528,0.003,4.785,0.0,-0.011,0.0
0.528,0.003,5.768,0.0,-0.007,0.0
0.528,0.003,4.688,0.0,-0.008,0.0
0.528,0.003,6.022,0.0,-0.026,0.0
0.528,0.003,5.617,0.0,0.002,0.0
0.528,0.003,5.777,0.0,0.011,0.0
0.528,0.003,4.568,0.0,-0.009,0.0
0.528,0.003,3.842,0.0,-0.01,0.0
0.528,0.003,4.517,0.0,-0.012,0.0
0.528,0.003,5.504,0.0,0.01,0.0
0.528,0.003,4.712,0.0,0.005,0.0
0.528,0.003,3.45,0.0,0.015,0.0
0.528,0.003,4.258,0.0,0.001,0.0
0.528,0.003,4.999,0.0,0.007,0.0
0.528,0.003,5.778,0.0,-0.001,0.0
0.528,0.003,5.955,0.0,0.008,0.0
0.528,0.003,5.708,0.0,-0.012,0.0
0.528,0.003,4.899,0.0,0.019,0.0
0.528,0.003,4.41,0.0,-0.009,0.0
0.528,0.003,5.162,0.0,0.016,0.0
0.528,0.003,4.096,0.0,-0.008,0.0
0.528,0.003,5.399,0.0,-0.015,0.0
0.528,0.003,5.611,0.0,0.009,0.0
0.528,0.003,5.939,0.0,-0.017,0.0
0.528,0.003,4.353,0.0,0.034,0.0
0.528,0.003,5.494,0.0,-0.011,0.0
0.528,0.003,5.509,0.0,-0.003,0.0
0.528,0.003,4.51,0.0,-0.012,0.0
0.528,0.003,6.657,0.0,-0.014,0.0
0.528,0.003,6.483,0.0,-0.01,0.0
0.528,0.003,4.735,0.0,-0.021,0.0
0.528,0.003,5.506,0.0,0.019,0.0
0.528,0.003,5.122,0.0,-0.014,0.0
0.528,0.003,4.772,0.0,-0.006,0.0
0.528,0.003,5.992,0.0,-0.022,0.0
0.528,0.003,5.556,0.0,0.002,0.0
0.528,0.003,4.182,0.0,0.004,0.0
0.528,0.003,5.515,0.0,-0.014,0.0
0.528,0.003,4.167,0.0,-0.005,0.0
0.528,0.003,5.983,0.0,0.021,0.0
0.528,0.003,4.972,0.0,0.0,0.0
0.528,0.003,4.961,0.0,-0.008,0.0
0.528,0.003,5.252,0.0,-0.009,0.0
0.528,0.003,5.202,0.0,-0.011,0.0
0.528,0.003,5.748,0.0,-0.009,0.0
0.528,0.003,4.825,0.0,-0.012,0.0
0.528,0.003,3.977,0.0,-0.001,0.0
0.528,0.003,5.462,0.0,-0.015,0.0
0.528,0.003,5.288,0.0,-0.016,0.0
0.528,0.003,5.414,0.0,-0.011,0.0
0.528,0.003,4.579,0.0,-0.005,0.0
0.528,0.003,5.547,0.0,-0.008,0.0
0.528,0.003,4.847,0.0,-0.041,0.0
0.528,0.003,5.232,0.0,-0.006,0.0
0.528,0.003,5.233,0.0,-0.004,0.0
0.528,0.003,5.261,0.0,-0.027,0.0
0.528,0.003,5.408,0.0,-0.006,0.0
0.528,0.003,6.205,0.0,-0.023,0.0
0.528,0.003,4.042,0.0,0.009,0.0
0.528,0.003,4.472,0.0,-0.008,0.0
0.528,0.003,4.4,0.0,0.002,0.0
0.528,0.003,6.313,0.0,0.016,0.0
0.528,0.003,5.513,0.0,0.001,0.0
0.528,0.003,5.085,0.0,-0.007,0.0
0.529,0.003,6.665,0.0,-0.012,0.0
0.529,0.003,4.694,0.0,0.005,0.0
0.529,0.003,5.128,0.0,-0.017,0.0
0.529,0.003,4.768,0.0,0.004,0.0
0.529,0.003,4.664,0.0,0.011,0.0
0.529,0.003,5.294,0.0,-0.017,0.0
0.529,0.003,4.167,0.0,-0.004,0.0
0.529,0.003,4.943,0.0,-0.008,0.0
0.529,0.003,4.964,0.0,0.01,0.0
0.529,0.003,5.516,0.0,-0.012,0.0
0.529,0.003,5.666,0.0,-0.007,0.0
0.529,0.003,4.445,0.0,0.008,0.0
0.529,0.003,3.464,0.0,0.012,0.0
0.529,0.003,4.075,0.0,-0.029,0.0
0.529,0.003,5.757,0.0,-0.003,0.0
0.529,0.003,5.437,0.0,0.006,0.0
0.529,0.003,5.099,0.0,-0.017,0.0
0.529,0.003,5.516,0.0,-0.003,0.0
0.529,0.003,4.339,0.0,-0.019,0.0
0.529,0.003,4.719,0.0,-0.009,0.0
0.529,0.003,5.367,0.0,-0.012,0.0
0.529,0.003,5.723,0.0,-0.012,0.0
0.529,0.003,5.708,0.0,-0.01,0.0
0.529,0.003,4.256,0.0,-0.019,0.0
0.529,0.003,4.174,0.0,-0.01,0.0
0.529,0.003,4.254,0.0,-0.002,0.0
0.529,0.003,4.086,0.0,-0.002,0.0
0.529,0.003,4.986,0.0,0.003,0.0
0.529,0.003,5.258,0.0,-0.01,0.0
0.529,0.003,4.43,0.0,-0.004,0.0
0.529,0.003,5.685,0.0,-0.02,0.0
0.529,0.003,5.681,0.0,0.004,0.0
0.529,0.003,6.239,0.0,-0.002,0.0
0.529,0.003,5.635,0.0,-0.027,0.0
0.529,0.003,6.437,0.0,0.009,0.0
0.529,0.003,5.472,0.0,-0.002,0.0
0.529,0.003,5.835,0.0,-0.007,0.0
0.529,0.003,5.424,0.0,-0.015,0.0
0.529,0.003,5.055,0.0,0.002,0.0
0.529,0.003,4.546,0.0,0.001,0.0
0.529,0.003,4.737,0.0,-0.009,0.0
0.529,0.003,5.312,0.0,0.003,0.0
0.529,0.003,4.914,0.0,-0.001,0.0
0.529,0.003,3.977,0.0,-0.004,0.0
0.529,0.003,3.9,0.0,-0.017,0.0
0.529,0.003,3.99,0.0,-0.011,0.0
0.529,0.003,4.013,0.0,-0.026,0.0
0.529,0.003,3.874,0.0,0.003,0.0
0.529,0.003,4.573,0.0,-0.014,0.0
0.529,0.003,3.42,0.0,-0.005,0.0
0.529,0.003,4.902,0.0,-0.002,0.0
0.529,0.003,5.629,0.0,-0.007,0.0
0.529,0.003,4.899,0.0,-0.016,0.0
0.529,0.003,4.943,0.0,-0.01,0.0
0.529,0.003,4.717,0.0,0.009,0.0
0.529,0.003,4.989,0.0,-0.004,0.0
0.529,0.003,5.181,0.0,-0.012,0.0
0.529,0.003,4.729,0.0,-0.0,0.0
0.529,0.003,5.526,0.0,0.007,0.0
0.529,0.003,5.166,0.0,-0.002,0.0
0.529,0.003,4.281,0.0,-0.004,0.0
0.529,0.003,4.494,0.0,-0.016,0.0
0.529,0.003,4.433,0.0,-0.008,0.0
0.529,0.003,5.2,0.0,0.004,0.0
0.529,0.003,5.068,0.0,-0.022,0.0
0.529,0.003,5.697,0.0,-0.002,0.0
0.53,0.003,4.721,0.0,-0.001,0.0
0.53,0.003,5.314,0.0,-0.009,0.0
0.53,0.003,5.778,0.0,0.007,0.0
0.53,0.003,3.895,0.0,0.002,0.0
0.53,0.003,4.776,0.0,-0.001,0.0
0.53,0.003,4.896,0.0,-0.015,0.0
0.53,0.003,4.875,0.0,-0.002,0.0
0.53,0.003,4.447,0.0,0.01,0.0
0.53,0.003,4.313,0.0,0.005,0.0
0.53,0.003,4.037,0.0,-0.0,0.0
0.53,0.003,4.652,0.0,-0.014,0.0
0.53,0.003,4.98,0.0,-0.007,0.0
0.53,0.003,5.664,0.0,0.016,0.0
0.53,0.003,5.238,0.0,-0.011,0.0
0.53,0.003,4.906,0.0,-0.012,0.0
0.53,0.003,5.219,0.0,-0.013,0.0
0.53,0.003,5.18,0.0,-0.011,0.0
0.53,0.003,5.347,0.0,-0.01,0.0
0.53,0.003,4.524,0.0,-0.013,0.0
0.53,0.003,4.603,0.0,0.009,0.0
0.53,0.003,4.688,0.0,-0.022,0.0
0.53,0.003,5.161,0.0,-0.003,0.0
0.53,0.003,5.932,0.0,-0.023,0.0
0.53,0.003,3.99,0.0,-0.009,0.0
0.53,0.003,4.933,0.0,-0.01,0.0
0.53,0.003,5.658,0.0,-0.022,0.0
0.53,0.003,5.038,0.0,-0.009,0.0
0.53,0.003,6.529,0.0,-0.008,0.0
0.53,0.003,5.036,0.0,-0.02,0.0
0.53,0.003,5.172,0.0,-0.003,0.0
0.53,0.003,4.208,0.0,0.025,0.0
0.53,0.003,4.766,0.0,-0.005,0.0
0.53,0.003,5.566,0.0,0.004,0.0
0.53,0.003,4.881,0.0,-0.023,0.0
0.53,0.003,5.02,0.0,-0.013,0.0
0.53,0.003,4.694,0.0,-0.018,0.0
0.53,0.003,5.211,0.0,0.006,0.0
0.53,0.003,5.691,0.0,0.014,0.0
0.53,0.003,4.047,0.0,-0.015,0.0
0.53,0.003,4.368,0.0,-0.02,0.0
0.53,0.003,6.408,0.0,0.003,0.0
0.53,0.003,4.731,0.0,-0.013,0.0
0.53,0.003,5.788,0.0,0.004,0.0
0.53,0.003,4.978,0.0,-0.007,0.0
0.53,0.003,4.404,0.0,-0.013,0.0
0.53,0.003,5.04,0.0,-0.033,0.0
0.53,0.003,5.541,0.0,-0.03,0.0
0.53,0.003,5.56,0.0,-0.019,0.0
0.53,0.003,4.949,0.0,-0.001,0.0
0.53,0.003,4.984,0.0,-0.015,0.0
0.53,0.003,5.036,0.0,-0.006,0.0
0.53,0.003,4.007,0.0,-0.007,0.0
0.53,0.003,5.218,0.0,0.005,0.0
0.53,0.003,5.8,0.0,-0.003,0.0
0.53,0.003,5.427,0.0,0.01,0.0
0.53,0.003,4.662,0.0,-0.003,0.0
0.53,0.003,6.301,0.0,-0.011,0.0
0.53,0.003,4.581,0.0,-0.01,0.0
0.53,0.003,4.985,0.0,-0.005,0.0
0.53,0.003,4.575,0.0,-0.017,0.0
0.53,0.003,5.209,0.0,0.007,0.0
0.53,0.003,5.053,0.0,-0.004,0.0
0.53,0.003,6.947,0.0,-0.018,0.0
0.53,0.003,5.891,0.0,-0.025,0.0
0.53,0.003,4.546,0.0,-0.01,0.0
0.53,0.003,4.809,0.0,0.006,0.0
0.53,0.003,6.132,0.0,-0.015,0.0
0.53,0.003,4.855,0.0,-0.023,0.0
0.53,0.003,4.435,0.0,-0.011,0.0
0.53,0.003,5.384,0.0,-0.027,0.0
0.53,0.003,3.962,0.0,0.0,0.0
0.53,0.003,5.602,0.0,0.008,0.0
0.53,0.003,5.028,0.0,-0.024,0.0
0.53,0.003,5.44,0.0,-0.014,0.0
0.53,0.003,5.372,0.0,-0.004,0.0
0.53,0.003,4.933,0.0,-0.012,0.0
0.531,0.003,5.118,0.0,-0.017,0.0
0.531,0.003,5.686,0.0,-0.015,0.0
0.531,0.003,5.242,0.0,-0.009,0.0
0.531,0.003,6.993,0.0,-0.014,0.0
0.531,0.003,7.055,0.0,-0.023,0.0
0.531,0.003,4.986,0.0,-0.045,0.0
0.531,0.003,4.069,0.0,0.009,0.0
0.531,0.003,5.841,0.0,-0.013,0.0
0.531,0.003,4.806,0.0,-0.02,0.0
0.531,0.003,5.241,0.0,-0.009,0.0
0.531,0.003,4.897,0.0,-0.014,0.0
0.531,0.003,4.645,0.0,-0.008,0.0
0.531,0.003,6.5,0.0,0.002,0.0
0.531,0.003,5.189,0.0,-0.002,0.0
0.531,0.003,4.436,0.0,-0.012,0.0
0.531,0.003,5.904,0.0,-0.004,0.0
0.531,0.003,4.561,0.0,-0.011,0.0
0.531,0.003,4.528,0.0,0.001,0.0
0.531,0.003,4.601,0.0,0.01,0.0
0.531,0.003,5.091,0.0,-0.01,0.0
0.531,0.003,4.691,0.0,-0.007,0.0
0.531,0.003,5.032,0.0,0.002,0.0
0.531,0.003,4.331,0.0,-0.017,0.0
0.531,0.003,6.192,0.0,-0.015,0.0
0.531,0.003,5.341,0.0,-0.013,0.0
0.531,0.003,3.976,0.0,-0.021,0.0
0.531,0.003,4.56,0.0,-0.018,0.0
0.531,0.003,4.77,0.0,-0.008,0.0
0.531,0.003,6.421,0.0,-0.022,0.0
0.531,0.003,5.077,0.0,-0.025,0.0
0.531,0.003,5.291,0.0,-0.003,0.0
0.531,0.003,5.155,0.0,-0.015,0.0
0.531,0.003,3.701,0.0,0.007,0.0
0.531,0.003,5.55,0.0,-0.009,0.0
0.531,0.003,5.363,0.0,-0.009,0.0
0.531,0.003,4.248,0.0,-0.0,0.0
0.531,0.003,5.611,0.0,0.008,0.0
0.531,0.003,5.33,0.0,-0.003,0.0
0.531,0.003,5.062,0.0,-0.008,0.0
0.531,0.003,5.732,0.0,-0.028,0.0
0.531,0.003,5.198,0.0,-0.001,0.0
0.531,0.003,4.7,0.0,0.001,0.0
0.531,0.003,3.618,0.0,0.015,0.0
0.531,0.003,5.509,0.0,0.012,0.0
0.531,0.003,5.211,0.0,-0.003,0.0
0.531,0.003,4.544,0.0,-0.001,0.0
0.531,0.003,6.365,0.0,-0.008,0.0
0.531,0.003,5.176,0.0,-0.005,0.0
0.531,0.003,4.606,0.0,0.009,0.0
0.531,0.003,4.547,0.0,-0.016,0.0
0.531,0.003,5.545,0.0,-0.01,0.0
0.531,0.003,6.223,0.0,-0.005,0.0
0.531,0.003,5.727,0.0,0.003,0.0
0.531,0.003,5.647,0.0,0.007,0.0
0.531,0.003,5.13,0.0,0.005,0.0
0.531,0.003,4.709,0.0,0.007,0.0
0.531,0.003,3.982,0.0,0.002,0.0
0.531,0.003,3.879,0.0,0.026,0.0
0.531,0.003,6.001,0.0,-0.008,0.0
0.531,0.003,3.87,0.0,-0.021,0.0
0.531,0.003,4.622,0.0,0.0,0.0
0.531,0.003,3.807,0.0,-0.011,0.0
0.531,0.003,6.001,0.0,-0.005,0.0
0.531,0.003,3.688,0.0,-0.019,0.0
0.531,0.003,5.016,0.0,0.006,0.0
0.531,0.003,5.802,0.0,0.009,0.0
0.531,0.003,4.604,0.0,-0.002,0.0
0.531,0.003,4.024,0.0,0.004,0.0
0.531,0.003,5.747,0.0,-0.021,0.0
0.531,0.003,4.733,0.0,-0.004,0.0
0.531,0.003,4.695,0.0,0.001,0.0
0.531,0.003,5.124,0.0,-0.01,0.0
0.532,0.003,3.863,0.0,-0.002,0.0
0.532,0.003,4.634,0.0,-0.006,0.0
0.532,0.003,5.346,0.0,0.009,0.0
0.532,0.003,4.581,0.0,-0.014,0.0
0.532,0.003,4.449,0.0,0.007,0.0
0.532,0.003,5.355,0.0,-0.016,0.0
0.532,0.003,5.276,0.0,-0.009,0.0
0.532,0.003,5.563,0.0,-0.032,0.0
0.532,0.003,3.684,0.0,0.006,0.0
0.532,0.003,5.605,0.0,-0.008,0.0
0.532,0.003,3.595,0.0,0.01,0.0
0.532,0.003,4.022,0.0,0.008,0.0
0.532,0.003,4.574,0.0,-0.023,0.0
0.532,0.003,5.336,0.0,0.002,0.0
0.532,0.003,5.185,0.0,-0.022,0.0
0.532,0.003,3.607,0.0,-0.008,0.0
0.532,0.003,5.083,0.0,0.006,0.0
0.532,0.003,4.653,0.0,-0.012,0.0
0.532,0.003,3.848,0.0,0.017,0.0
0.532,0.003,4.282,0.0,-0.021,0.0
0.532,0.003,5.795,0.0,0.01,0.0
0.532,0.003,5.428,0.0,0.006,0.0
0.532,0.003,4.839,0.0,0.009,0.0
0.532,0.003,4.858,0.0,-0.006,0.0
0.532,0.003,4.409,0.0,-0.015,0.0
0.532,0.003,4.973,0.0,-0.015,0.0
0.532,0.003,4.047,0.0,0.001,0.0
0.532,0.003,5.002,0.0,-0.007,0.0
0.532,0.003,6.914,0.0,-0.012,0.0
0.532,0.003,5.236,0.0,-0.009,0.0
0.532,0.003,4.86,0.0,-0.0,0.0
0.532,0.003,4.139,0.0,-0.008,0.0
0.532,0.003,4.951,0.0,0.004,0.0
0.532,0.003,4.731,0.0,-0.015,0.0
0.532,0.003,4.926,0.0,0.001,0.0
0.532,0.003,6.145,0.0,-0.008,0.0
0.532,0.003,4.758,0.0,-0.019,0.0
0.532,0.003,4.351,0.0,-0.014,0.0
0.532,0.003,4.565,0.0,-0.012,0.0
0.532,0.003,4.776,0.0,-0.023,0.0
0.532,0.003,4.68,0.0,-0.028,0.0
0.532,0.007,4.733,0.0,0.001,0.0
0.532,0.003,4.221,0.0,-0.02,0.0
0.532,0.003,5.293,0.0,-0.0,0.0
0.532,0.003,5.911,0.0,-0.011,0.0
0.532,0.003,5.21,0.0,-0.005,0.0
0.532,0.003,4.091,0.0,-0.002,0.0
0.532,0.003,5.709,0.0,0.0,0.0
0.532,0.003,4.757,0.0,0.002,0.0
0.532,0.003,4.608,0.0,-0.0,0.0
0.532,0.003,4.997,0.0,-0.014,0.0
0.532,0.003,5.498,0.0,-0.008,0.0
0.532,0.003,5.807,0.0,-0.01,0.0
0.532,0.003,4.163,0.0,-0.001,0.0
0.532,0.003,5.433,0.0,-0.015,0.0
0.532,0.003,4.732,0.0,-0.004,0.0
0.532,0.003,5.055,0.0,-0.01,0.0
0.532,0.003,5.236,0.0,0.019,0.0
0.532,0.003,5.158,0.0,-0.011,0.0
0.532,0.003,4.659,0.0,0.003,0.0
0.532,0.003,4.795,0.0,0.008,0.0
0.532,0.003,4.55,0.0,0.011,0.0
0.532,0.003,4.864,0.0,-0.006,0.0
0.532,0.003,6.229,0.0,-0.014,0.0
0.532,0.003,4.563,0.0,-0.001,0.0
0.532,0.003,5.761,0.0,-0.031,0.0
0.532,0.003,4.482,0.0,0.008,0.0
0.532,0.003,4.403,0.0,-0.005,0.0
0.532,0.003,4.945,0.0,0.011,0.0
0.532,0.003,5.069,0.0,-0.018,0.0
0.532,0.003,4.778,0.0,-0.014,0.0
0.532,0.003,4.341,0.0,-0.017,0.0
0.532,0.003,5.364,0.0,-0.004,0.0
0.532,0.003,5.793,0.0,-0.007,0.0
0.532,0.003,4.758,0.0,0.003,0.0
0.532,0.003,4.467,0.0,-0.026,0.0
0.532,0.003,3.957,0.0,0.002,0.0
0.532,0.003,5.523,0.0,-0.008,0.0
0.532,0.003,4.512,0.0,-0.027,0.0
0.532,0.003,4.592,0.0,-0.012,0.0
0.532,0.003,4.019,0.0,-0.015,0.0
0.532,0.003,4.014,0.0,0.009,0.0
0.532,0.003,4.446,0.0,0.012,0.0
0.532,0.003,3.957,0.0,0.001,0.0
0.533,0.003,4.921,0.0,-0.01,0.0
0.533,0.003,4.371,0.0,0.008,0.0
0.533,0.003,4.213,0.0,-0.014,0.0
0.533,0.003,4.271,0.0,0.002,0.0
0.533,0.003,4.661,0.0,-0.005,0.0
0.533,0.003,4.43,0.0,-0.023,0.0
0.533,0.003,4.83,0.0,-0.004,0.0
0.533,0.003,4.77,0.0,-0.01,0.0
0.533,0.003,5.136,0.0,-0.017,0.0
0.533,0.003,4.446,0.0,0.007,0.0
0.533,0.003,5.274,0.0,-0.02,0.0
0.533,0.003,5.538,0.0,-0.014,0.0
0.533,0.003,4.122,0.0,-0.015,0.0
0.533,0.003,5.443,0.0,-0.013,0.0
0.533,0.003,3.96,0.0,0.01,0.0
0.533,0.003,4.846,0.0,-0.021,0.0
0.533,0.003,4.918,0.0,0.001,0.0
0.533,0.003,4.412,0.0,-0.026,0.0
0.533,0.003,5.416,0.0,-0.007,0.0
0.533,0.003,4.567,0.0,-0.0,0.0
0.533,0.003,5.256,0.0,0.003,0.0
0.533,0.003,6.56,0.0,0.004,0.0
0.533,0.003,4.494,0.0,0.012,0.0
0.533,0.003,4.351,0.0,-0.021,0.0
0.533,0.003,4.921,0.0,-0.015,0.0
0.533,0.003,4.64,0.0,-0.016,0.0
0.533,0.003,3.392,0.0,0.001,0.0
0.533,0.003,3.773,0.0,-0.0,0.0
0.533,0.003,3.762,0.0,0.011,0.0
0.533,0.003,5.259,0.0,-0.011,0.0
0.533,0.003,4.981,0.0,-0.018,0.0
0.533,0.003,5.08,0.0,0.004,0.0
0.533,0.003,5.156,0.0,-0.005,0.0
0.533,0.003,4.786,0.0,-0.011,0.0
0.533,0.003,4.343,0.0,0.006,0.0
0.533,0.003,4.253,0.0,-0.015,0.0
0.533,0.003,4.93,0.0,-0.006,0.0
0.533,0.003,4.406,0.0,0.011,0.0
0.533,0.003,3.908,0.0,-0.011,0.0
0.533,0.003,4.668,0.0,-0.014,0.0
0.533,0.003,6.753,0.0,-0.006,0.0
0.533,0.003,5.751,0.0,-0.019,0.0
0.533,0.003,6.01,0.0,-0.009,0.0
0.533,0.003,5.197,0.0,-0.004,0.0
0.533,0.003,3.72,0.0,-0.001,0.0
0.533,0.003,5.649,0.0,0.003,0.0
0.533,0.003,5.086,0.0,-0.024,0.0
0.533,0.003,5.987,0.0,0.003,0.0
0.533,0.003,5.208,0.0,-0.0,0.0
0.533,0.003,3.805,0.0,-0.01,0.0
0.533,0.003,5.185,0.0,-0.006,0.0
0.533,0.003,5.928,0.0,-0.003,0.0
0.533,0.003,4.442,0.0,0.003,0.0
0.533,0.003,4.638,0.0,-0.01,0.0
0.533,0.003,4.622,0.0,-0.007,0.0
0.533,0.003,5.733,0.0,-0.001,0.0
0.533,0.003,4.483,0.0,0.002,0.0
0.533,0.003,4.625,0.0,-0.006,0.0
0.533,0.003,5.004,0.0,-0.004,0.0
0.533,0.003,4.827,0.0,0.004,0.0
0.533,0.003,4.936,0.0,-0.026,0.0
0.533,0.003,4.46,0.0,0.019,0.0
0.533,0.007,5.051,0.0,0.001,0.0
0.534,0.003,4.344,0.0,0.025,0.0
0.534,0.003,5.592,0.0,-0.029,0.0
0.534,0.003,4.513,0.0,-0.002,0.0
0.534,0.003,4.529,0.0,0.003,0.0
0.534,0.003,4.555,0.0,0.01,0.0
0.534,0.003,3.924,0.0,-0.022,0.0
0.534,0.003,4.738,0.0,-0.006,0.0
0.534,0.003,4.425,0.0,0.012,0.0
0.534,0.003,5.073,0.0,0.03,0.0
0.534,0.003,4.906,0.0,0.003,0.0
0.534,0.003,4.114,0.0,-0.006,0.0
0.534,0.003,5.381,0.0,-0.005,0.0
0.534,0.003,4.153,0.0,-0.01,0.0
0.534,0.003,3.907,0.0,-0.004,0.0
0.534,0.003,5.108,0.0,0.001,0.0
0.534,0.003,4.325,0.0,0.011,0.0
0.534,0.003,5.982,0.0,-0.01,0.0
0.534,0.003,5.802,0.0,0.012,0.0
0.534,0.003,4.905,0.0,-0.016,0.0
0.534,0.003,7.286,0.0,0.009,0.0
0.534,0.003,4.835,0.0,-0.007,0.0
0.534,0.003,4.25,0.0,-0.013,0.0
0.534,0.003,5.498,0.0,-0.015,0.0
0.534,0.003,4.43,0.0,0.003,0.0
0.534,0.003,5.051,0.0,-0.016,0.0
0.534,0.003,5.768,0.0,0.016,0.0
0.534,0.003,4.78,0.0,-0.008,0.0
0.534,0.003,4.652,0.0,-0.005,0.0
0.534,0.003,4.979,0.0,0.013,0.0
0.534,0.003,6.334,0.0,-0.005,0.0
0.534,0.003,4.249,0.0,-0.016,0.0
0.534,0.003,4.322,0.0,0.002,0.0
0.534,0.003,5.651,0.0,-0.0,0.0
0.534,0.003,5.517,0.0,-0.008,0.0
0.534,0.003,4.917,0.0,-0.013,0.0
0.534,0.003,4.808,0.0,-0.012,0.0
0.534,0.003,5.191,0.0,-0.011,0.0
0.534,0.003,3.542,0.0,-0.006,0.0
0.534,0.003,4.467,0.0,-0.001,0.0
0.534,0.003,5.181,0.0,0.001,0.0
0.534,0.003,5.218,0.0,0.014,0.0
0.534,0.003,5.185,0.0,-0.023,0.0
0.534,0.003,4.693,0.0,-0.006,0.0
0.534,0.003,5.427,0.0,-0.001,0.0
0.534,0.003,5.832,0.0,-0.021,0.0
0.534,0.003,4.949,0.0,-0.004,0.0
0.534,0.003,6.167,0.0,-0.004,0.0
0.534,0.003,4.563,0.0,-0.01,0.0
0.534,0.003,4.168,0.0,-0.004,0.0
0.534,0.003,6.232,0.0,-0.019,0.0
0.534,0.003,5.721,0.0,-0.009,0.0
0.534,0.003,4.222,0.0,-0.003,0.0
0.534,0.003,4.206,0.0,-0.001,0.0
0.534,0.003,4.23,0.0,-0.003,0.0
0.534,0.003,6.61,0.0,-0.008,0.0
0.534,0.003,5.118,0.0,0.006,0.0
0.534,0.003,5.331,0.0,-0.014,0.0
0.534,0.003,4.845,0.0,-0.004,0.0
0.534,0.003,5.379,0.0,0.003,0.0
0.534,0.003,6.005,0.0,-0.02,0.0
0.534,0.003,5.418,0.0,0.006,0.0
0.534,0.003,4.298,0.0,0.02,0.0
0.534,0.003,4.337,0.0,0.007,0.0
0.534,0.003,3.452,0.0,-0.008,0.0
0.534,0.003,5.385,0.0,-0.007,0.0
0.534,0.003,5.725,0.0,-0.019,0.0
0.534,0.003,4.52,0.0,-0.019,0.0
0.534,0.003,4.963,0.0,-0.013,0.0
0.534,0.003,4.325,0.0,0.007,0.0
0.534,0.003,5.198,0.0,0.001,0.0
0.534,0.003,4.999,0.0,-0.004,0.0
0.534,0.003,4.098,0.0,-0.001,0.0
0.534,0.003,4.561,0.0,-0.011,0.0
0.534,0.003,5.385,0.0,0.001,0.0
0.534,0.003,4.471,0.0,0.011,0.0
0.535,0.003,3.958,0.0,0.007,0.0
0.535,0.003,5.277,0.0,-0.02,0.0
0.535,0.003,4.443,0.0,-0.02,0.0
0.535,0.003,5.02,0.0,-0.016,0.0
0.535,0.003,4.641,0.0,-0.007,0.0
0.535,0.003,5.542,0.0,-0.023,0.0
0.535,0.003,4.42,0.0,-0.0,0.0
0.535,0.003,4.304,0.0,0.012,0.0
0.535,0.003,5.151,0.0,0.001,0.0
0.535,0.003,5.679,0.0,0.015,0.0
0.535,0.003,4.836,0.0,-0.005,0.0
0.535,0.003,3.199,0.0,0.001,0.0
0.535,0.003,4.684,0.0,-0.006,0.0
0.535,0.003,5.904,0.0,0.019,0.0
0.535,0.003,4.63,0.0,-0.013,0.0
0.535,0.003,4.553,0.0,-0.002,0.0
0.535,0.003,4.786,0.0,0.014,0.0
0.535,0.003,3.94,0.0,0.021,0.0
0.535,0.003,7.877,0.0,-0.017,0.0
0.535,0.003,4.247,0.0,-0.014,0.0
0.535,0.003,3.168,0.0,-0.009,0.0
0.535,0.003,4.491,0.0,-0.006,0.0
0.535,0.003,3.785,0.0,-0.003,0.0
0.535,0.003,4.73,0.0,-0.001,0.0
0.535,0.003,5.19,0.0,0.003,0.0
0.535,0.003,5.37,0.0,-0.023,0.0
0.535,0.003,4.992,0.0,0.002,0.0
0.535,0.003,5.23,0.0,0.001,0.0
0.535,0.003,4.11,0.0,-0.025,0.0
0.535,0.003,4.305,0.0,-0.011,0.0
0.535,0.003,4.885,0.0,-0.02,0.0
0.535,0.003,4.417,0.0,0.003,0.0
0.535,0.003,5.375,0.0,-0.023,0.0
0.535,0.003,4.409,0.0,-0.006,0.0
0.535,0.003,4.327,0.0,-0.006,0.0
0.535,0.003,5.98,0.0,0.011,0.0
0.535,0.003,4.948,0.0,-0.006,0.0
0.535,0.003,4.741,0.0,-0.001,0.0
0.535,0.003,5.216,0.0,-0.002,0.0
0.535,0.003,4.767,0.0,-0.004,0.0
0.535,0.003,5.117,0.0,0.006,0.0
0.535,0.003,5.36,0.0,0.003,0.0
0.535,0.003,4.432,0.0,-0.018,0.0
0.535,0.003,4.674,0.0,-0.013,0.0
0.535,0.003,6.263,0.0,-0.023,0.0
0.535,0.003,3.984,0.0,0.001,0.0
0.535,0.003,6.891,0.0,-0.021,0.0
0.535,0.003,5.803,0.0,-0.009,0.0
0.535,0.003,4.533,0.0,-0.001,0.0
0.535,0.003,5.286,0.0,0.002,0.0
0.535,0.003,5.534,0.0,0.007,0.0
0.535,0.003,4.88,0.0,-0.015,0.0
0.535,0.003,5.411,0.0,-0.001,0.0
0.535,0.007,4.852,0.0,0.006,0.0
0.535,0.003,4.758,0.0,-0.014,0.0
0.535,0.003,4.874,0.0,-0.016,0.0
0.535,0.003,4.178,0.0,0.01,0.0
0.535,0.003,3.576,0.0,-0.009,0.0
0.535,0.003,5.009,0.0,0.009,0.0
0.535,0.003,4.35,0.0,-0.021,0.0
0.535,0.003,4.389,0.0,-0.02,0.0
0.536,0.003,4.458,0.0,-0.019,0.0
0.536,0.003,5.238,0.0,-0.02,0.0
0.536,0.003,4.598,0.0,0.003,0.0
0.536,0.003,4.513,0.0,-0.006,0.0
0.536,0.003,4.724,0.0,0.001,0.0
0.536,0.003,4.886,0.0,0.014,0.0
0.536,0.003,5.28,0.0,0.002,0.0
0.536,0.003,3.622,0.0,0.002,0.0
0.536,0.003,5.086,0.0,0.002,0.0
0.536,0.003,3.753,0.0,-0.006,0.0
0.536,0.003,3.739,0.0,-0.004,0.0
0.536,0.003,5.845,0.0,-0.008,0.0
0.536,0.003,5.482,0.0,-0.009,0.0
0.536,0.003,5.74,0.0,0.009,0.0
0.536,0.003,4.301,0.0,0.0,0.0
0.536,0.003,4.734,0.0,-0.005,0.0
0.536,0.003,4.253,0.0,-0.014,0.0
0.536,0.003,3.991,0.0,0.006,0.0
0.536,0.003,4.912,0.0,0.016,0.0
0.536,0.003,4.584,0.0,0.0,0.0
0.536,0.003,5.304,0.0,0.003,0.0
0.536,0.003,3.534,0.0,0.006,0.0
0.536,0.003,4.437,0.0,0.01,0.0
0.536,0.003,4.241,0.0,0.02,0.0
0.536,0.003,3.635,0.0,-0.006,0.0
0.536,0.003,5.26,0.0,0.013,0.0
0.536,0.003,4.227,0.0,-0.001,0.0
0.536,0.003,4.482,0.0,-0.014,0.0
0.536,0.003,5.968,0.0,-0.01,0.0
0.536,0.003,2.981,0.0,0.001,0.0
0.536,0.003,6.567,0.0,-0.003,0.0
0.536,0.003,5.119,0.0,0.021,0.0
0.536,0.003,5.004,0.0,0.004,0.0
0.536,0.003,5.315,0.0,0.002,0.0
0.536,0.003,5.729,0.0,-0.028,0.0
0.536,0.003,5.173,0.0,-0.016,0.0
0.536,0.003,4.293,0.0,0.014,0.0
0.536,0.003,4.675,0.0,-0.008,0.0
0.536,0.003,5.424,0.0,-0.003,0.0
0.536,0.003,5.569,0.0,0.01,0.0
0.536,0.003,5.781,0.0,0.006,0.0
0.536,0.003,5.908,0.0,-0.007,0.0
0.536,0.003,3.964,0.0,-0.0,0.0
0.536,0.003,6.143,0.0,0.001,0.0
0.536,0.003,5.608,0.0,-0.007,0.0
0.536,0.003,4.464,0.0,-0.006,0.0
0.536,0.003,4.435,0.0,0.007,0.0
0.536,0.003,4.466,0.0,-0.015,0.0
0.536,0.003,4.933,0.0,0.002,0.0
0.536,0.003,5.557,0.0,-0.003,0.0
0.536,0.003,4.332,0.0,-0.0,0.0
0.536,0.003,5.036,0.0,-0.012,0.0
0.536,0.003,4.634,0.0,0.016,0.0
0.536,0.003,4.573,0.0,0.01,0.0
0.536,0.003,4.303,0.0,-0.005,0.0
0.536,0.003,4.834,0.0,-0.019,0.0
0.536,0.003,4.418,0.0,-0.01,0.0
0.536,0.003,5.104,0.0,0.003,0.0
0.536,0.003,5.662,0.0,0.014,0.0
0.536,0.003,4.31,0.0,-0.006,0.0
0.536,0.003,5.473,0.0,-0.001,0.0
0.536,0.003,5.582,0.0,0.015,0.0
0.536,0.003,5.62,0.0,0.016,0.0
0.536,0.003,3.989,0.0,-0.012,0.0
0.536,0.003,5.095,0.0,-0.006,0.0
0.536,0.003,5.662,0.0,0.011,0.0
0.536,0.003,4.776,0.0,0.002,0.0
0.536,0.003,4.976,0.0,-0.011,0.0
0.536,0.003,6.058,0.0,-0.02,0.0
0.536,0.003,4.15,0.0,0.009,0.0
0.536,0.003,3.889,0.0,-0.014,0.0
0.536,0.003,4.791,0.0,-0.005,0.0
0.536,0.003,5.393,0.0,-0.007,0.0
0.536,0.003,4.604,0.0,0.02,0.0
0.536,0.003,4.335,0.0,-0.022,0.0
0.536,0.003,3.911,0.0,-0.01,0.0
0.536,0.003,4.929,0.0,0.005,0.0
0.536,0.003,4.795,0.0,0.009,0.0
0.536,0.003,5.965,0.0,0.009,0.0
0.536,0.003,5.953,0.0,-0.01,0.0
0.536,0.003,4.873,0.0,0.005,0.0
0.536,0.003,5.941,0.0,0.012,0.0
0.536,0.003,4.731,0.0,0.003,0.0
0.537,0.003,5.287,0.0,-0.018,0.0
0.537,0.003,4.336,0.0,-0.003,0.0
0.537,0.003,5.263,0.0,-0.007,0.0
0.537,0.003,4.747,0.0,-0.013,0.0
0.537,0.003,5.562,0.0,-0.001,0.0
0.537,0.003,4.98,0.0,-0.014,0.0
0.537,0.003,5.57,0.0,-0.022,0.0
0.537,0.003,4.734,0.0,-0.008,0.0
0.537,0.003,4.618,0.0,-0.006,0.0
0.537,0.003,4.516,0.0,-0.001,0.0
0.537,0.003,4.574,0.0,-0.007,0.0
0.537,0.003,4.98,0.0,-0.003,0.0
0.537,0.003,5.097,0.0,-0.008,0.0
0.537,0.003,5.858,0.0,-0.002,0.0
0.537,0.003,5.519,0.0,0.009,0.0
0.537,0.003,4.993,0.0,-0.002,0.0
0.537,0.003,4.623,0.0,-0.012,0.0
0.537,0.003,6.506,0.0,-0.01,0.0
0.537,0.003,5.613,0.0,-0.003,0.0
0.537,0.003,4.213,0.0,-0.018,0.0
0.537,0.003,5.215,0.0,-0.026,0.0
0.537,0.003,4.288,0.0,-0.003,0.0
0.537,0.003,4.16,0.0,-0.015,0.0
0.537,0.003,5.449,0.0,-0.007,0.0
0.537,0.003,5.116,0.0,0.009,0.0
0.537,0.003,4.726,0.0,-0.015,0.0
0.537,0.003,4.557,0.0,-0.014,0.0
0.537,0.003,5.177,0.0,-0.01,0.0
0.537,0.003,5.972,0.0,-0.004,0.0
0.537,0.003,4.494,0.0,0.004,0.0
0.537,0.003,4.669,0.0,0.001,0.0
0.537,0.003,5.037,0.0,-0.004,0.0
0.537,0.003,5.879,0.0,-0.023,0.0
0.537,0.003,4.946,0.0,-0.027,0.0
0.537,0.003,5.558,0.0,-0.012,0.0
0.537,0.003,6.036,0.0,-0.004,0.0
0.537,0.003,5.202,0.0,0.017,0.0
0.537,0.003,5.32,0.0,-0.016,0.0
0.537,0.003,5.068,0.0,-0.012,0.0
0.537,0.003,4.031,0.0,0.005,0.0
0.537,0.003,5.663,0.0,-0.014,0.0
0.537,0.003,4.256,0.0,-0.005,0.0
0.537,0.003,5.176,0.0,-0.003,0.0
0.537,0.003,4.333,0.0,-0.003,0.0
0.537,0.003,4.686,0.0,-0.013,0.0
0.537,0.003,4.512,0.0,-0.003,0.0
0.537,0.003,4.855,0.0,-0.02,0.0
0.537,0.003,4.758,0.0,-0.019,0.0
0.537,0.003,4.782,0.0,-0.007,0.0
0.537,0.003,5.23,0.0,0.003,0.0
0.537,0.003,3.408,0.0,-0.012,0.0
0.537,0.003,4.329,0.0,-0.009,0.0
0.537,0.003,4.514,0.0,-0.013,0.0
0.537,0.003,4.416,0.0,0.005,0.0
0.537,0.003,4.73,0.0,0.0,0.0
0.537,0.003,3.947,0.0,0.007,0.0
0.537,0.003,4.914,0.0,-0.015,0.0
0.537,0.003,3.762,0.0,0.011,0.0
0.537,0.003,5.764,0.0,-0.029,0.0
0.537,0.003,3.973,0.0,-0.008,0.0
0.537,0.003,6.29,0.0,-0.006,0.0
0.537,0.003,3.103,0.0,-0.003,0.0
0.537,0.003,4.731,0.0,-0.018,0.0
0.537,0.003,4.519,0.0,-0.009,0.0
0.537,0.003,4.785,0.0,0.001,0.0
0.537,0.003,4.931,0.0,-0.008,0.0
0.537,0.003,5.88,0.0,0.009,0.0
0.537,0.003,4.663,0.0,-0.006,0.0
0.537,0.003,4.673,0.0,0.025,0.0
0.537,0.003,4.968,0.0,-0.008,0.0
0.537,0.003,4.733,0.0,-0.004,0.0
0.537,0.003,5.183,0.0,0.004,0.0
0.537,0.003,5.363,0.0,-0.016,0.0
0.537,0.003,4.313,0.0,-0.013,0.0
0.538,0.003,4.557,0.0,-0.017,0.0
0.538,0.003,6.747,0.0,-0.026,0.0
0.538,0.003,4.725,0.0,-0.012,0.0
0.538,0.003,4.412,0.0,-0.002,0.0
0.538,0.003,5.605,0.0,-0.025,0.0
0.538,0.003,6.67,0.0,-0.014,0.0
0.538,0.003,4.123,0.0,-0.023,0.0
0.538,0.003,4.778,0.0,0.003,0.0
0.538,0.003,5.031,0.0,-0.023,0.0
0.538,0.003,4.637,0.0,0.006,0.0
0.538,0.003,2.387,0.0,-0.003,0.0
0.538,0.003,4.544,0.0,0.03,0.0
0.538,0.003,5.599,0.0,-0.016,0.0
0.538,0.003,4.213,0.0,0.007,0.0
0.538,0.003,4.499,0.0,0.03,0.0
0.538,0.003,6.261,0.0,-0.007,0.0
0.538,0.003,4.811,0.0,-0.009,0.0
0.538,0.003,4.5,0.0,-0.007,0.0
0.538,0.003,4.615,0.0,-0.002,0.0
0.538,0.003,6.271,0.0,-0.007,0.0
0.538,0.003,4.771,0.0,-0.014,0.0
0.538,0.003,3.832,0.0,-0.013,0.0
0.538,0.003,4.479,0.0,0.011,0.0
0.538,0.003,5.843,0.0,-0.0,0.0
0.538,0.003,6.446,0.0,-0.022,0.0
0.538,0.003,4.97,0.0,-0.006,0.0
0.538,0.003,4.403,0.0,0.007,0.0
0.538,0.003,3.967,0.0,-0.024,0.0
0.538,0.003,6.015,0.0,0.002,0.0
0.538,0.003,4.384,0.0,0.008,0.0
0.538,0.003,5.384,0.0,-0.001,0.0
0.538,0.003,5.836,0.0,-0.026,0.0
0.538,0.003,5.137,0.0,-0.02,0.0
0.538,0.003,4.529,0.0,-0.016,0.0
0.538,0.003,3.787,0.0,-0.023,0.0
0.538,0.003,4.973,0.0,0.014,0.0
0.538,0.003,5.397,0.0,0.022,0.0
0.538,0.003,5.952,0.0,-0.004,0.0
0.538,0.003,3.194,0.0,-0.006,0.0
0.538,0.003,3.855,0.0,-0.004,0.0
0.538,0.003,5.522,0.0,0.002,0.0
0.538,0.003,4.581,0.0,-0.012,0.0
0.538,0.003,4.051,0.0,-0.009,0.0
0.538,0.003,4.875,0.0,-0.013,0.0
0.538,0.003,5.479,0.0,0.008,0.0
0.538,0.003,5.303,0.0,-0.019,0.0
0.538,0.003,3.992,0.0,-0.008,0.0
0.538,0.003,5.377,0.0,0.015,0.0
0.538,0.003,4.051,0.0,0.014,0.0
0.538,0.003,5.355,0.0,0.004,0.0
0.538,0.003,5.059,0.0,-0.021,0.0
0.538,0.003,5.008,0.0,0.007,0.0
0.538,0.003,5.096,0.0,-0.012,0.0
0.538,0.003,4.428,0.0,-0.011,0.0
0.538,0.003,4.212,0.0,-0.009,0.0
0.538,0.003,6.682,0.0,-0.015,0.0
0.538,0.003,3.744,0.0,-0.008,0.0
0.538,0.003,5.383,0.0,0.002,0.0
0.538,0.003,3.617,0.0,-0.014,0.0
0.538,0.003,5.892,0.0,-0.012,0.0
0.538,0.003,5.714,0.0,0.017,0.0
0.538,0.003,5.785,0.0,-0.022,0.0
0.538,0.003,5.35,0.0,-0.004,0.0
0.538,0.003,5.105,0.0,0.037,0.0
0.538,0.003,5.704,0.0,0.014,0.0
0.538,0.003,4.838,0.0,-0.002,0.0
0.538,0.003,4.141,0.0,-0.008,0.0
0.538,0.003,4.299,0.0,0.01,0.0
0.538,0.003,3.841,0.0,0.003,0.0
0.538,0.003,6.272,0.0,0.005,0.0
0.538,0.003,4.188,0.0,-0.009,0.0
0.538,0.003,2.946,0.0,-0.012,0.0
0.538,0.003,5.171,0.0,0.014,0.0
0.538,0.003,4.605,0.0,-0.005,0.0
0.539,0.003,5.815,0.0,0.007,0.0
0.539,0.003,4.262,0.0,-0.001,0.0
0.539,0.003,4.816,0.0,-0.007,0.0
0.539,0.003,4.843,0.0,0.008,0.0
0.539,0.003,4.845,0.0,-0.006,0.0
0.539,0.003,5.948,0.0,0.009,0.0
0.539,0.003,4.453,0.0,-0.017,0.0
0.539,0.003,6.671,0.0,-0.018,0.0
0.539,0.003,5.276,0.0,0.012,0.0
0.539,0.003,3.629,0.0,-0.001,0.0
0.539,0.003,4.788,0.0,-0.022,0.0
0.539,0.003,3.086,0.0,0.003,0.0
0.539,0.003,5.581,0.0,-0.025,0.0
0.539,0.003,5.722,0.0,-0.005,0.0
0.539,0.003,4.062,0.0,-0.005,0.0
0.539,0.003,5.959,0.0,0.001,0.0
0.539,0.003,5.664,0.0,-0.019,0.0
0.539,0.003,5.153,0.0,-0.011,0.0
0.539,0.003,6.363,0.0,-0.014,0.0
0.539,0.003,4.878,0.0,0.002,0.0
0.539,0.003,4.729,0.0,-0.009,0.0
0.539,0.003,3.748,0.0,-0.005,0.0
0.539,0.003,4.183,0.0,-0.002,0.0
0.539,0.003,4.132,0.0,0.003,0.0
0.539,0.003,4.706,0.0,-0.019,0.0
0.539,0.003,4.484,0.0,-0.014,0.0
0.539,0.003,4.958,0.0,0.023,0.0
0.539,0.003,4.845,0.0,0.001,0.0
0.539,0.003,5.007,0.0,0.039,0.0
0.539,0.003,3.713,0.0,0.002,0.0
0.539,0.003,5.24,0.0,-0.021,0.0
0.539,0.003,5.412,0.0,-0.021,0.0
0.539,0.003,4.925,0.0,0.01,0.0
0.539,0.003,3.771,0.0,-0.006,0.0
0.539,0.003,3.409,0.0,-0.012,0.0
0.539,0.003,4.659,0.0,-0.009,0.0
0.539,0.003,5.522,0.0,-0.017,0.0
0.539,0.003,4.469,0.0,-0.017,0.0
0.539,0.003,4.858,0.0,0.007,0.0
0.539,0.003,5.038,0.0,-0.003,0.0
0.539,0.003,5.188,0.0,0.006,0.0
0.539,0.003,4.855,0.0,-0.003,0.0
0.539,0.003,4.393,0.0,-0.005,0.0
0.539,0.003,5.724,0.0,-0.003,0.0
0.539,0.003,4.709,0.0,-0.012,0.0
0.539,0.003,6.005,0.0,-0.02,0.0
0.539,0.003,4.465,0.0,0.001,0.0
0.539,0.003,6.149,0.0,-0.036,0.0
0.539,0.003,5.048,0.0,0.009,0.0
0.539,0.003,7.064,0.0,-0.005,0.0
0.539,0.003,5.467,0.0,-0.021,0.0
0.539,0.003,4.793,0.0,-0.022,0.0
0.539,0.003,5.174,0.0,-0.0,0.0
0.539,0.003,5.306,0.0,-0.025,0.0
0.539,0.003,4.828,0.0,-0.005,0.0
0.539,0.003,5.998,0.0,-0.006,0.0
0.54,0.003,5.283,0.0,-0.008,0.0
0.54,0.003,4.788,0.0,-0.006,0.0
0.54,0.003,3.392,0.0,0.001,0.0
0.54,0.003,4.637,0.0,0.007,0.0
0.54,0.003,5.449,0.0,0.005,0.0
0.54,0.003,3.955,0.0,-0.019,0.0
0.54,0.003,4.218,0.0,-0.023,0.0
0.54,0.003,5.197,0.0,-0.02,0.0
0.54,0.003,3.918,0.0,-0.0,0.0
0.54,0.003,4.143,0.0,-0.018,0.0
0.54,0.003,4.845,0.0,-0.002,0.0
0.54,0.003,4.722,0.0,-0.007,0.0
0.54,0.003,5.653,0.0,-0.015,0.0
0.54,0.003,4.819,0.0,-0.014,0.0
0.54,0.003,5.503,0.0,-0.01,0.0
0.54,0.003,3.973,0.0,-0.005,0.0
0.54,0.003,4.969,0.0,-0.024,0.0
0.54,0.003,4.735,0.0,-0.016,0.0
0.54,0.003,4.893,0.0,0.005,0.0
0.54,0.003,5.398,0.0,0.01,0.0
0.54,0.003,5.096,0.0,-0.011,0.0
0.54,0.003,5.369,0.0,-0.024,0.0
0.54,0.003,4.523,0.0,-0.009,0.0
0.54,0.003,3.95,0.0,-0.005,0.0
0.54,0.003,4.62,0.0,-0.021,0.0
0.54,0.003,5.105,0.0,0.003,0.0
0.54,0.003,4.524,0.0,-0.02,0.0
0.54,0.003,4.989,0.0,0.01,0.0
0.54,0.003,4.793,0.0,-0.002,0.0
0.54,0.003,5.02,0.0,-0.009,0.0
0.54,0.003,4.938,0.0,0.016,0.0
0.54,0.003,5.058,0.0,-0.024,0.0
0.54,0.003,7.392,0.0,-0.012,0.0
0.54,0.003,5.414,0.0,0.01,0.0
0.54,0.003,5.198,0.0,0.009,0.0
0.54,0.003,3.406,0.0,-0.006,0.0
0.54,0.003,3.712,0.0,-0.006,0.0
0.54,0.003,4.386,0.0,-0.02,0.0
0.54,0.003,4.073,0.0,0.029,0.0
0.54,0.003,5.05,0.0,-0.017,0.0
0.54,0.003,5.849,0.0,-0.003,0.0
0.54,0.003,5.691,0.0,0.006,0.0
0.54,0.003,4.245,0.0,-0.01,0.0
0.54,0.003,4.982,0.0,-0.007,0.0
0.54,0.003,4.835,0.0,0.004,0.0
0.54,0.003,5.238,0.0,0.003,0.0
0.54,0.003,3.804,0.0,0.008,0.0
0.54,0.003,3.788,0.0,0.03,0.0
0.54,0.003,4.278,0.0,-0.012,0.0
0.54,0.003,5.13,0.0,0.01,0.0
0.54,0.003,5.953,0.0,-0.033,0.0
0.54,0.003,4.687,0.0,-0.012,0.0
0.54,0.003,4.431,0.0,-0.005,0.0
0.54,0.003,5.462,0.0,-0.005,0.0
0.54,0.003,4.061,0.0,-0.02,0.0
0.54,0.003,5.487,0.0,0.001,0.0
0.54,0.003,5.512,0.0,-0.03,0.0
0.54,0.003,4.462,0.0,-0.008,0.0
0.541,0.003,7.204,0.0,-0.019,0.0
0.541,0.003,4.726,0.0,0.003,0.0
0.541,0.003,4.747,0.0,-0.006,0.0
0.541,0.003,4.983,0.0,-0.007,0.0
0.541,0.003,4.828,0.0,-0.02,0.0
0.541,0.003,4.879,0.0,-0.007,0.0
0.541,0.003,5.146,0.0,-0.021,0.0
0.541,0.003,4.546,0.0,-0.003,0.0
0.541,0.003,5.092,0.0,0.006,0.0
0.541,0.003,5.043,0.0,0.01,0.0
0.541,0.003,5.384,0.0,0.005,0.0
0.541,0.003,4.68,0.0,-0.0,0.0
0.541,0.003,4.987,0.0,-0.004,0.0
0.541,0.003,4.803,0.0,-0.002,0.0
0.541,0.003,4.478,0.0,-0.019,0.0
0.541,0.003,4.918,0.0,-0.013,0.0
0.541,0.003,5.259,0.0,0.002,0.0
0.541,0.003,4.767,0.0,0.012,0.0
0.541,0.003,5.237,0.0,-0.006,0.0
0.541,0.003,4.379,0.0,-0.005,0.0
0.541,0.003,4.329,0.0,-0.018,0.0
0.541,0.003,4.446,0.0,0.007,0.0
0.541,0.003,3.631,0.0,-0.016,0.0
0.541,0.003,4.606,0.0,-0.012,0.0
0.541,0.003,5.334,0.0,0.007,0.0
0.541,0.003,4.948,0.0,0.002,0.0
0.541,0.003,5.783,0.0,-0.017,0.0
0.541,0.003,5.075,0.0,0.003,0.0
0.541,0.003,5.656,0.0,-0.004,0.0
0.541,0.003,4.376,0.0,-0.004,0.0
0.541,0.003,4.781,0.0,-0.012,0.0
0.541,0.003,4.781,0.0,0.005,0.0
0.541,0.003,4.359,0.0,-0.005,0.0
0.541,0.003,4.058,0.0,-0.001,0.0
0.541,0.003,4.953,0.0,0.002,0.0
0.541,0.003,3.938,0.0,-0.015,0.0
0.541,0.003,5.355,0.0,-0.013,0.0
0.541,0.003,5.054,0.0,-0.026,0.0
0.541,0.003,4.724,0.0,-0.002,0.0
0.541,0.003,4.719,0.0,-0.002,0.0
0.541,0.003,5.463,0.0,-0.012,0.0
0.541,0.003,5.277,0.0,-0.007,0.0
0.541,0.003,4.845,0.0,0.02,0.0
0.541,0.003,5.425,0.0,-0.008,0.0
0.541,0.003,5.727,0.0,0.014,0.0
0.541,0.003,4.606,0.0,0.005,0.0
0.541,0.003,5.498,0.0,0.007,0.0
0.541,0.003,4.764,0.0,-0.007,0.0
0.541,0.003,4.706,0.0,-0.017,0.0
0.541,0.003,4.941,0.0,0.003,0.0
0.541,0.003,4.369,0.0,-0.015,0.0
0.541,0.003,3.494,0.0,0.007,0.0
0.541,0.003,5.231,0.0,0.005,0.0
0.541,0.003,5.042,0.0,-0.005,0.0
0.541,0.003,5.397,0.0,-0.02,0.0
0.541,0.003,5.596,0.0,-0.009,0.0
0.541,0.003,4.485,0.0,0.008,0.0
0.541,0.003,3.716,0.0,-0.016,0.0
0.541,0.003,5.74,0.0,-0.017,0.0
0.541,0.003,4.989,0.0,-0.01,0.0
0.541,0.003,4.607,0.0,0.002,0.0
0.541,0.003,5.289,0.0,-0.008,0.0
0.541,0.003,5.391,0.0,0.005,0.0
0.541,0.003,4.951,0.0,0.0,0.0
0.541,0.003,4.135,0.0,0.003,0.0
0.541,0.003,5.785,0.0,-0.005,0.0
0.541,0.003,5.734,0.0,-0.004,0.0
0.541,0.003,5.103,0.0,-0.018,0.0
0.541,0.003,5.458,0.0,-0.004,0.0
0.541,0.003,4.668,0.0,0.005,0.0
0.541,0.003,5.741,0.0,-0.015,0.0
0.541,0.003,4.579,0.0,0.004,0.0
0.541,0.003,5.265,0.0,-0.027,0.0
0.541,0.003,4.606,0.0,-0.004,0.0
0.541,0.003,5.469,0.0,0.024,0.0
0.541,0.003,4.764,0.0,-0.006,0.0
0.541,0.003,5.324,0.0,-0.0,0.0
0.541,0.003,3.72,0.0,-0.002,0.0
0.542,0.003,4.324,0.0,0.018,0.0
0.542,0.003,4.417,0.0,-0.009,0.0
0.542,0.003,4.616,0.0,-0.012,0.0
0.542,0.003,3.649,0.0,-0.005,0.0
0.542,0.003,6.812,0.0,-0.015,0.0
0.542,0.003,5.616,0.0,0.014,0.0
0.542,0.003,4.027,0.0,0.0,0.0
0.542,0.003,6.11,0.0,0.004,0.0
0.542,0.003,5.146,0.0,0.013,0.0
0.542,0.003,4.296,0.0,-0.006,0.0
0.542,0.003,4.632,0.0,-0.006,0.0
0.542,0.003,6.046,0.0,0.018,0.0
0.542,0.003,5.754,0.0,0.0,0.0
0.542,0.003,4.904,0.0,-0.022,0.0
0.542,0.003,4.744,0.0,0.003,0.0
0.542,0.003,5.98,0.0,-0.009,0.0
0.542,0.003,5.483,0.0,0.016,0.0
0.542,0.003,4.541,0.0,0.008,0.0
0.542,0.003,5.046,0.0,-0.018,0.0
0.542,0.003,4.437,0.0,-0.003,0.0
0.542,0.003,6.07,0.0,-0.021,0.0
0.542,0.003,6.21,0.0,-0.015,0.0
0.542,0.003,4.197,0.0,-0.011,0.0
0.542,0.003,5.548,0.0,0.0,0.0
0.542,0.003,4.387,0.0,-0.001,0.0
0.542,0.003,6.092,0.0,0.027,0.0
0.542,0.003,4.282,0.0,-0.018,0.0
0.542,0.003,4.798,0.0,-0.015,0.0
0.542,0.003,5.052,0.0,0.0,0.0
0.542,0.003,5.341,0.0,0.012,0.0
0.542,0.003,4.123,0.0,0.023,0.0
0.542,0.003,4.614,0.0,-0.008,0.0
0.542,0.003,4.833,0.0,0.012,0.0
0.542,0.003,4.987,0.0,0.001,0.0
0.542,0.003,6.71,0.0,-0.021,0.0
0.542,0.003,4.743,0.0,-0.013,0.0
0.542,0.003,3.434,0.0,-0.006,0.0
0.542,0.003,5.079,0.0,-0.004,0.0
0.542,0.003,5.037,0.0,-0.012,0.0
0.542,0.003,5.29,0.0,0.01,0.0
0.542,0.003,5.213,0.0,-0.012,0.0
0.542,0.003,5.673,0.0,-0.009,0.0
0.542,0.003,4.94,0.0,0.004,0.0
0.542,0.003,4.953,0.0,-0.045,0.0
0.542,0.003,4.953,0.0,-0.012,0.0
0.542,0.003,4.705,0.0,-0.005,0.0
0.542,0.003,5.514,0.0,-0.004,0.0
0.542,0.003,5.235,0.0,0.004,0.0
0.542,0.003,5.213,0.0,0.007,0.0
0.542,0.003,4.868,0.0,-0.01,0.0
0.542,0.003,4.68,0.0,-0.012,0.0
0.542,0.003,3.804,0.0,0.02,0.0
0.542,0.003,4.633,0.0,0.011,0.0
0.542,0.003,5.574,0.0,-0.01,0.0
0.542,0.003,4.918,0.0,-0.006,0.0
0.542,0.003,6.111,0.0,-0.02,0.0
0.542,0.003,4.54,0.0,-0.007,0.0
0.542,0.003,5.058,0.0,-0.025,0.0
0.542,0.003,4.322,0.0,-0.01,0.0
0.542,0.003,5.485,0.0,-0.003,0.0
0.542,0.003,3.666,0.0,-0.005,0.0
0.543,0.003,4.712,0.0,0.011,0.0
0.543,0.003,4.593,0.0,-0.013,0.0
0.543,0.003,4.561,0.0,-0.008,0.0
0.543,0.003,5.886,0.0,0.026,0.0
0.543,0.003,4.561,0.0,-0.012,0.0
0.543,0.003,5.02,0.0,-0.009,0.0
0.543,0.003,4.753,0.0,0.001,0.0
0.543,0.003,4.958,0.0,-0.001,0.0
0.543,0.003,5.131,0.0,-0.009,0.0
0.543,0.003,6.336,0.0,-0.001,0.0
0.543,0.003,4.423,0.0,0.001,0.0
0.543,0.003,3.961,0.0,-0.007,0.0
0.543,0.003,4.484,0.0,-0.019,0.0
0.543,0.003,3.975,0.0,0.029,0.0
0.543,0.003,4.164,0.0,-0.002,0.0
0.543,0.003,5.684,0.0,-0.004,0.0
0.543,0.003,4.049,0.0,-0.019,0.0
0.543,0.003,5.955,0.0,-0.023,0.0
0.543,0.003,4.133,0.0,0.013,0.0
0.543,0.003,5.325,0.0,-0.003,0.0
0.543,0.003,4.651,0.0,-0.023,0.0
0.543,0.003,4.744,0.0,0.005,0.0
0.543,0.003,4.347,0.0,-0.015,0.0
0.543,0.003,5.012,0.0,-0.005,0.0
0.543,0.003,4.75,0.0,0.018,0.0
0.543,0.003,4.868,0.0,0.03,0.0
0.543,0.003,4.99,0.0,0.003,0.0
0.543,0.003,5.543,0.0,0.007,0.0
0.543,0.003,4.474,0.0,-0.002,0.0
0.543,0.003,4.175,0.0,0.0,0.0
0.543,0.003,5.118,0.0,-0.008,0.0
0.543,0.003,5.021,0.0,0.004,0.0
0.543,0.003,5.132,0.0,0.009,0.0
0.543,0.003,3.908,0.0,-0.006,0.0
0.543,0.003,5.536,0.0,-0.014,0.0
0.543,0.003,5.566,0.0,-0.003,0.0
0.543,0.003,4.876,0.0,-0.004,0.0
0.543,0.003,4.467,0.0,-0.011,0.0
0.543,0.003,5.652,0.0,-0.004,0.0
0.543,0.003,4.348,0.0,-0.005,0.0
0.543,0.003,5.278,0.0,0.02,0.0
0.543,0.003,5.372,0.0,-0.006,0.0
0.543,0.003,4.826,0.0,0.013,0.0
0.543,0.003,5.844,0.0,-0.01,0.0
0.543,0.003,4.451,0.0,0.015,0.0
0.543,0.003,3.844,0.0,0.028,0.0
0.543,0.003,4.947,0.0,0.016,0.0
0.543,0.003,3.815,0.0,0.007,0.0
0.543,0.003,5.311,0.0,-0.013,0.0
0.543,0.003,3.725,0.0,-0.022,0.0
0.543,0.003,3.886,0.0,0.02,0.0
0.543,0.003,4.478,0.0,-0.024,0.0
0.543,0.003,4.33,0.0,-0.013,0.0
0.543,0.003,4.731,0.0,0.001,0.0
0.543,0.003,4.164,0.0,0.001,0.0
0.543,0.003,5.088,0.0,-0.011,0.0
0.543,0.003,4.617,0.0,-0.014,0.0
0.543,0.003,4.785,0.0,-0.021,0.0
0.543,0.003,4.607,0.0,0.003,0.0
0.543,0.003,4.242,0.0,-0.007,0.0
0.543,0.003,4.39,0.0,-0.003,0.0
0.543,0.003,5.911,0.0,0.005,0.0
0.543,0.003,6.056,0.0,-0.01,0.0
0.543,0.003,4.493,0.0,-0.006,0.0
0.543,0.003,6.34,0.0,-0.002,0.0
0.543,0.003,5.147,0.0,-0.014,0.0
0.543,0.003,6.213,0.0,-0.009,0.0
0.544,0.003,6.474,0.0,-0.014,0.0
0.544,0.003,5.238,0.0,0.001,0.0
0.544,0.003,4.111,0.0,-0.019,0.0
0.544,0.003,5.024,0.0,0.011,0.0
0.544,0.003,5.008,0.0,0.022,0.0
0.544,0.003,5.209,0.0,-0.002,0.0
0.544,0.003,4.598,0.0,-0.022,0.0
0.544,0.003,4.119,0.0,-0.013,0.0
0.544,0.003,4.319,0.0,-0.014,0.0
0.544,0.003,4.65,0.0,-0.02,0.0
0.544,0.003,3.719,0.0,0.0,0.0
0.544,0.003,5.27,0.0,-0.013,0.0
0.544,0.003,5.694,0.0,-0.02,0.0
0.544,0.003,4.16,0.0,-0.025,0.0
0.544,0.003,5.186,0.0,0.004,0.0
0.544,0.003,4.928,0.0,0.007,0.0
0.544,0.003,4.678,0.0,-0.013,0.0
0.544,0.003,4.324,0.0,0.0,0.0
0.544,0.003,5.456,0.0,-0.016,0.0
0.544,0.003,4.484,0.0,0.002,0.0
0.544,0.003,5.488,0.0,0.03,0.0
0.544,0.003,5.015,0.0,0.009,0.0
0.544,0.003,3.738,0.0,0.001,0.0
0.544,0.003,3.574,0.0,0.003,0.0
0.544,0.003,5.465,0.0,-0.022,0.0
0.544,0.003,4.397,0.0,0.009,0.0
0.544,0.003,5.685,0.0,-0.01,0.0
0.544,0.003,3.994,0.0,0.01,0.0
0.544,0.003,4.328,0.0,-0.012,0.0
0.544,0.003,5.128,0.0,-0.018,0.0
0.544,0.003,5.205,0.0,0.029,0.0
0.544,0.003,4.716,0.0,0.008,0.0
0.544,0.003,3.713,0.0,-0.014,0.0
0.544,0.003,3.272,0.0,0.005,0.0
0.544,0.003,5.353,0.0,0.002,0.0
0.544,0.003,4.036,0.0,0.0,0.0
0.544,0.003,5.976,0.0,-0.006,0.0
0.544,0.003,5.655,0.0,0.008,0.0
0.544,0.003,4.366,0.0,0.007,0.0
0.544,0.003,5.835,0.0,0.004,0.0
0.544,0.003,5.64,0.0,0.015,0.0
0.544,0.003,4.497,0.0,0.009,0.0
0.544,0.003,5.61,0.0,-0.002,0.0
0.544,0.003,4.199,0.0,-0.019,0.0
0.544,0.003,4.787,0.0,-0.024,0.0
0.544,0.003,4.82,0.0,-0.011,0.0
0.544,0.003,4.883,0.0,0.021,0.0
0.544,0.003,3.923,0.0,0.014,0.0
0.544,0.003,5.807,0.0,-0.016,0.0
0.544,0.003,4.519,0.0,-0.006,0.0
0.544,0.003,4.331,0.0,-0.007,0.0
0.545,0.003,5.059,0.0,0.011,0.0
0.545,0.003,4.286,0.0,-0.014,0.0
0.545,0.003,6.646,0.0,-0.021,0.0
0.545,0.003,4.863,0.0,0.008,0.0
0.545,0.003,5.82,0.0,-0.002,0.0
0.545,0.003,3.714,0.0,-0.008,0.0
0.545,0.003,5.559,0.0,-0.01,0.0
0.545,0.003,3.039,0.0,0.013,0.0
0.545,0.003,4.643,0.0,-0.001,0.0
0.545,0.003,3.959,0.0,0.01,0.0
0.545,0.003,4.834,0.0,-0.012,0.0
0.545,0.003,4.053,0.0,0.013,0.0
0.545,0.003,4.333,0.0,-0.013,0.0
0.545,0.003,4.702,0.0,-0.004,0.0
0.545,0.003,5.485,0.0,0.001,0.0
0.545,0.003,3.789,0.0,0.003,0.0
0.545,0.003,5.253,0.0,-0.005,0.0
0.545,0.003,6.409,0.0,-0.019,0.0
0.545,0.003,3.714,0.0,-0.005,0.0
0.545,0.003,6.149,0.0,-0.012,0.0
0.545,0.003,5.525,0.0,-0.013,0.0
0.545,0.003,3.884,0.0,0.012,0.0
0.545,0.003,5.407,0.0,0.002,0.0
0.545,0.003,4.242,0.0,0.021,0.0
0.545,0.003,5.129,0.0,0.013,0.0
0.545,0.003,4.159,0.0,-0.007,0.0
0.545,0.003,4.454,0.0,-0.015,0.0
0.545,0.003,5.155,0.0,0.004,0.0
0.545,0.003,4.965,0.0,-0.0,0.0
0.545,0.003,4.893,0.0,-0.017,0.0
0.545,0.003,4.983,0.0,-0.006,0.0
0.545,0.003,5.097,0.0,-0.013,0.0
0.545,0.003,3.941,0.0,-0.023,0.0
0.545,0.003,3.613,0.0,-0.001,0.0
0.545,0.003,3.548,0.0,0.013,0.0
0.545,0.003,5.731,0.0,-0.014,0.0
0.545,0.003,5.204,0.0,0.011,0.0
0.545,0.003,4.867,0.0,0.001,0.0
0.545,0.003,5.731,0.0,-0.007,0.0
0.545,0.003,5.161,0.0,0.0,0.0
0.545,0.003,6.021,0.0,0.004,0.0
0.545,0.003,4.975,0.0,-0.002,0.0
0.545,0.003,4.445,0.0,-0.024,0.0
0.545,0.003,4.138,0.0,-0.003,0.0
0.545,0.003,5.934,0.0,0.003,0.0
0.545,0.003,5.369,0.0,-0.012,0.0
0.545,0.003,3.621,0.0,-0.011,0.0
0.545,0.003,7.038,0.0,0.003,0.0
0.545,0.003,4.353,0.0,-0.011,0.0
0.545,0.003,4.596,0.0,-0.026,0.0
0.545,0.003,4.12,0.0,0.005,0.0
0.545,0.003,4.689,0.0,-0.006,0.0
0.545,0.003,5.12,0.0,-0.011,0.0
0.545,0.003,3.605,0.0,-0.001,0.0
0.545,0.003,4.153,0.0,-0.022,0.0
0.545,0.003,5.375,0.0,-0.003,0.0
0.545,0.003,4.671,0.0,-0.0,0.0
0.545,0.003,5.134,0.0,0.02,0.0
0.545,0.003,5.762,0.0,-0.017,0.0
0.545,0.003,5.714,0.0,-0.027,0.0
0.545,0.003,4.877,0.0,0.006,0.0
0.545,0.003,6.625,0.0,-0.012,0.0
0.545,0.003,6.055,0.0,-0.022,0.0
0.545,0.003,4.419,0.0,0.015,0.0
0.545,0.003,4.586,0.0,-0.014,0.0
0.545,0.003,6.178,0.0,-0.003,0.0
0.545,0.003,4.548,0.0,0.004,0.0
0.545,0.003,4.11,0.0,-0.007,0.0
0.545,0.003,5.132,0.0,-0.007,0.0
0.545,0.003,4.796,0.0,-0.012,0.0
0.545,0.003,5.451,0.0,0.008,0.0
0.545,0.003,5.577,0.0,-0.002,0.0
0.546,0.003,5.164,0.0,-0.008,0.0
0.546,0.003,6.247,0.0,0.017,0.0
0.546,0.003,5.168,0.0,0.013,0.0
0.546,0.003,6.011,0.0,-0.002,0.0
0.546,0.003,4.413,0.0,0.012,0.0
0.546,0.003,4.87,0.0,0.004,0.0
0.546,0.003,5.862,0.0,-0.018,0.0
0.546,0.003,4.303,0.0,-0.001,0.0
0.546,0.003,4.355,0.0,-0.019,0.0
0.546,0.003,4.605,0.0,-0.009,0.0
0.546,0.003,4.751,0.0,0.003,0.0
0.546,0.003,4.088,0.0,-0.003,0.0
0.546,0.003,4.89,0.0,-0.008,0.0
0.546,0.003,4.411,0.0,-0.01,0.0
0.546,0.003,5.897,0.0,0.006,0.0
0.546,0.003,6.579,0.0,-0.015,0.0
0.546,0.003,5.779,0.0,-0.028,0.0
0.546,0.003,5.598,0.0,-0.003,0.0
0.546,0.003,5.049,0.0,-0.009,0.0
0.546,0.003,5.095,0.0,0.01,0.0
0.546,0.003,4.559,0.0,0.002,0.0
0.546,0.003,5.281,0.0,0.004,0.0
0.546,0.003,5.673,0.0,-0.016,0.0
0.546,0.003,5.517,0.0,-0.009,0.0
0.546,0.003,5.008,0.0,0.0,0.0
0.546,0.003,5.36,0.0,0.006,0.0
0.546,0.003,5.105,0.0,-0.023,0.0
0.546,0.003,6.112,0.0,-0.006,0.0
0.546,0.003,5.749,0.0,0.013,0.0
0.546,0.003,4.116,0.0,-0.009,0.0
0.546,0.003,4.723,0.0,-0.0,0.0
0.546,0.003,4.582,0.0,-0.017,0.0
0.546,0.003,4.293,0.0,0.007,0.0
0.546,0.003,4.109,0.0,-0.019,0.0
0.546,0.003,4.227,0.0,0.001,0.0
0.546,0.003,4.483,0.0,-0.003,0.0
0.546,0.003,4.903,0.0,-0.006,0.0
0.546,0.003,5.812,0.0,-0.001,0.0
0.546,0.003,4.101,0.0,-0.012,0.0
0.546,0.003,4.74,0.0,-0.011,0.0
0.546,0.003,5.108,0.0,-0.015,0.0
0.546,0.003,5.816,0.0,-0.014,0.0
0.546,0.003,5.59,0.0,0.016,0.0
0.546,0.003,5.088,0.0,-0.006,0.0
0.546,0.003,4.859,0.0,-0.02,0.0
0.546,0.003,6.087,0.0,-0.013,0.0
0.546,0.003,4.031,0.0,0.007,0.0
0.546,0.003,5.53,0.0,0.004,0.0
0.546,0.003,5.894,0.0,-0.018,0.0
0.546,0.003,4.272,0.0,0.001,0.0
0.546,0.003,5.032,0.0,0.007,0.0
0.546,0.003,4.96,0.0,-0.023,0.0
0.546,0.003,4.758,0.0,0.009,0.0
0.546,0.003,4.5,0.0,-0.005,0.0
0.546,0.003,5.172,0.0,-0.017,0.0
0.546,0.003,5.304,0.0,0.017,0.0
0.546,0.003,5.555,0.0,-0.013,0.0
0.546,0.003,5.205,0.0,-0.019,0.0
0.547,0.003,4.157,0.0,-0.002,0.0
0.547,0.003,5.154,0.0,0.011,0.0
0.547,0.003,5.554,0.0,-0.002,0.0
0.547,0.003,4.487,0.0,0.014,0.0
0.547,0.003,5.28,0.0,0.005,0.0
0.547,0.003,4.275,0.0,0.02,0.0
0.547,0.003,4.786,0.0,-0.001,0.0
0.547,0.003,5.923,0.0,-0.006,0.0
0.547,0.003,5.668,0.0,-0.006,0.0
0.547,0.003,5.277,0.0,0.0,0.0
0.547,0.003,5.296,0.0,0.003,0.0
0.547,0.003,4.706,0.0,-0.03,0.0
0.547,0.003,5.044,0.0,-0.012,0.0
0.547,0.003,4.51,0.0,0.018,0.0
0.547,0.003,4.22,0.0,0.0,0.0
0.547,0.003,4.652,0.0,-0.007,0.0
0.547,0.003,4.718,0.0,-0.011,0.0
0.547,0.003,3.274,0.0,0.016,0.0
0.547,0.003,5.48,0.0,-0.026,0.0
0.547,0.003,7.497,0.0,-0.022,0.0
0.547,0.003,5.205,0.0,-0.013,0.0
0.547,0.003,5.431,0.0,0.002,0.0
0.547,0.003,4.769,0.0,-0.002,0.0
0.547,0.003,3.953,0.0,0.006,0.0
0.547,0.003,4.583,0.0,-0.006,0.0
0.547,0.003,5.419,0.0,-0.007,0.0
0.547,0.003,5.045,0.0,-0.004,0.0
0.547,0.003,3.967,0.0,0.001,0.0
0.547,0.003,5.632,0.0,0.014,0.0
0.547,0.003,5.203,0.0,0.016,0.0
0.547,0.003,4.645,0.0,-0.022,0.0
0.547,0.003,5.132,0.0,0.006,0.0
0.547,0.003,4.656,0.0,0.007,0.0
0.547,0.003,5.281,0.0,-0.019,0.0
0.547,0.003,4.999,0.0,-0.009,0.0
0.547,0.003,5.709,0.0,0.003,0.0
0.547,0.003,4.734,0.0,-0.006,0.0
0.547,0.003,4.018,0.0,-0.004,0.0
0.547,0.003,4.953,0.0,-0.009,0.0
0.547,0.003,3.552,0.0,-0.025,0.0
0.547,0.003,5.116,0.0,-0.015,0.0
0.547,0.003,4.555,0.0,-0.012,0.0
0.547,0.003,4.619,0.0,0.008,0.0
0.547,0.003,4.929,0.0,-0.015,0.0
0.547,0.003,4.463,0.0,-0.008,0.0
0.547,0.003,6.022,0.0,0.018,0.0
0.547,0.003,3.957,0.0,-0.016,0.0
0.547,0.003,4.749,0.0,-0.021,0.0
0.547,0.003,5.171,0.0,-0.012,0.0
0.547,0.003,3.459,0.0,0.019,0.0
0.547,0.003,4.038,0.0,0.019,0.0
0.547,0.003,5.436,0.0,-0.005,0.0
0.547,0.003,5.586,0.0,0.019,0.0
0.547,0.003,4.386,0.0,-0.008,0.0
0.547,0.003,4.455,0.0,-0.008,0.0
0.548,0.003,4.823,0.0,-0.01,0.0
0.548,0.003,4.468,0.0,0.006,0.0
0.548,0.003,5.278,0.0,-0.001,0.0
0.548,0.003,4.485,0.0,-0.018,0.0
0.548,0.003,3.619,0.0,0.003,0.0
0.548,0.003,5.539,0.0,-0.001,0.0
0.548,0.003,4.042,0.0,-0.012,0.0
0.548,0.003,5.421,0.0,0.022,0.0
0.548,0.003,4.926,0.0,-0.009,0.0
0.548,0.003,3.903,0.0,-0.007,0.0
0.548,0.003,5.181,0.0,-0.008,0.0
0.548,0.003,5.499,0.0,-0.026,0.0
0.548,0.003,4.828,0.0,-0.001,0.0
0.548,0.003,4.734,0.0,0.006,0.0
0.548,0.003,4.995,0.0,-0.004,0.0
0.548,0.003,5.498,0.0,-0.009,0.0
0.548,0.003,4.86,0.0,0.011,0.0
0.548,0.003,4.334,0.0,0.018,0.0
0.548,0.003,3.73,0.0,0.002,0.0
0.548,0.003,5.441,0.0,-0.014,0.0
0.548,0.003,5.025,0.0,0.001,0.0
0.548,0.003,4.567,0.0,-0.007,0.0
0.548,0.003,6.109,0.0,-0.007,0.0
0.548,0.003,5.171,0.0,0.019,0.0
0.548,0.003,5.319,0.0,-0.003,0.0
0.548,0.003,4.666,0.0,0.006,0.0
0.548,0.003,4.615,0.0,-0.016,0.0
0.548,0.003,5.964,0.0,-0.024,0.0
0.548,0.003,6.17,0.0,0.0,0.0
0.548,0.003,4.894,0.0,-0.009,0.0
0.548,0.003,5.116,0.0,-0.014,0.0
0.548,0.003,4.059,0.0,0.0,0.0
0.548,0.003,5.165,0.0,0.016,0.0
0.548,0.003,5.86,0.0,-0.027,0.0
0.548,0.003,4.701,0.0,-0.007,0.0
0.548,0.003,4.142,0.0,0.019,0.0
0.548,0.003,6.984,0.0,-0.014,0.0
0.548,0.003,4.617,0.0,0.01,0.0
0.548,0.003,4.594,0.0,-0.017,0.0
0.548,0.003,5.639,0.0,0.011,0.0
0.548,0.003,5.328,0.0,-0.001,0.0
0.548,0.003,5.898,0.0,-0.011,0.0
0.548,0.003,5.351,0.0,0.001,0.0
0.548,0.003,4.635,0.0,-0.016,0.0
0.548,0.003,4.808,0.0,-0.009,0.0
0.548,0.003,4.899,0.0,-0.016,0.0
0.548,0.003,3.923,0.0,-0.009,0.0
0.548,0.003,4.304,0.0,0.016,0.0
0.548,0.003,5.124,0.0,-0.002,0.0
0.548,0.003,3.652,0.0,-0.008,0.0
0.548,0.003,4.55,0.0,0.003,0.0
0.548,0.003,4.952,0.0,0.008,0.0
0.548,0.003,4.468,0.0,0.003,0.0
0.548,0.003,5.282,0.0,-0.009,0.0
0.548,0.003,5.994,0.0,-0.001,0.0
0.548,0.007,4.675,0.0,0.008,0.0
0.548,0.003,4.251,0.0,0.003,0.0
0.548,0.003,4.85,0.0,0.02,0.0
0.548,0.003,4.196,0.0,-0.013,0.0
0.548,0.003,4.781,0.0,-0.009,0.0
0.549,0.003,5.305,0.0,0.004,0.0
0.549,0.003,4.539,0.0,0.008,0.0
0.549,0.003,5.661,0.0,-0.017,0.0
0.549,0.003,5.39,0.0,-0.013,0.0
0.549,0.003,5.175,0.0,0.0,0.0
0.549,0.003,4.58,0.0,0.011,0.0
0.549,0.003,3.736,0.0,-0.003,0.0
0.549,0.003,5.178,0.0,-0.013,0.0
0.549,0.003,5.566,0.0,0.007,0.0
0.549,0.003,5.186,0.0,-0.009,0.0
0.549,0.003,4.513,0.0,0.001,0.0
0.549,0.003,6.46,0.0,-0.006,0.0
0.549,0.003,5.023,0.0,0.003,0.0
0.549,0.003,5.103,0.0,-0.02,0.0
0.549,0.003,5.894,0.0,-0.031,0.0
0.549,0.003,4.124,0.0,-0.008,0.0
0.549,0.003,4.341,0.0,-0.002,0.0
0.549,0.003,4.444,0.0,-0.009,0.0
0.549,0.003,4.711,0.0,-0.004,0.0
0.549,0.003,5.482,0.0,0.004,0.0
0.549,0.003,5.018,0.0,-0.005,0.0
0.549,0.003,5.163,0.0,-0.005,0.0
0.549,0.003,5.725,0.0,0.004,0.0
0.549,0.003,5.437,0.0,-0.002,0.0
0.549,0.003,5.158,0.0,0.004,0.0
0.549,0.003,5.219,0.0,0.015,0.0
0.549,0.003,5.951,0.0,-0.008,0.0
0.549,0.003,5.727,0.0,-0.004,0.0
0.549,0.003,4.81,0.0,0.01,0.0
0.549,0.003,6.09,0.0,-0.012,0.0
0.549,0.003,4.623,0.0,-0.0,0.0
0.549,0.003,5.025,0.0,-0.009,0.0
0.549,0.003,4.336,0.0,-0.009,0.0
0.549,0.003,4.777,0.0,-0.002,0.0
0.549,0.003,3.652,0.0,-0.016,0.0
0.549,0.003,4.452,0.0,-0.005,0.0
0.549,0.003,5.176,0.0,-0.02,0.0
0.549,0.003,5.109,0.0,-0.013,0.0
0.549,0.003,5.484,0.0,-0.024,0.0
0.549,0.003,5.351,0.0,-0.016,0.0
0.549,0.003,4.463,0.0,-0.017,0.0
0.549,0.003,4.677,0.0,-0.013,0.0
0.549,0.003,5.591,0.0,-0.006,0.0
0.549,0.003,4.349,0.0,-0.021,0.0
0.549,0.003,5.342,0.0,-0.004,0.0
0.549,0.003,4.79,0.0,0.005,0.0
0.549,0.003,4.849,0.0,0.003,0.0
0.549,0.003,4.974,0.0,-0.01,0.0
0.549,0.003,4.47,0.0,-0.007,0.0
0.549,0.003,6.243,0.0,0.014,0.0
0.549,0.003,4.848,0.0,-0.022,0.0
0.549,0.003,4.871,0.0,-0.012,0.0
0.55,0.003,4.581,0.0,-0.016,0.0
0.55,0.003,4.106,0.0,-0.004,0.0
0.55,0.003,5.812,0.0,0.019,0.0
0.55,0.003,6.099,0.0,-0.011,0.0
0.55,0.003,4.838,0.0,0.006,0.0
0.55,0.003,4.099,0.0,0.006,0.0
0.55,0.003,6.069,0.0,-0.024,0.0
0.55,0.003,5.256,0.0,-0.013,0.0
0.55,0.003,6.35,0.333,-0.021,0.0
0.55,0.003,4.54,0.0,-0.026,0.0
0.55,0.003,5.711,0.0,-0.019,0.0
0.55,0.003,6.175,0.0,-0.014,0.0
0.55,0.003,4.993,0.0,0.003,0.0
0.55,0.003,5.221,0.0,0.003,0.0
0.55,0.003,4.64,0.0,-0.004,0.0
0.55,0.003,4.938,0.0,-0.023,0.0
0.55,0.003,4.92,0.0,-0.01,0.0
0.55,0.003,4.499,0.0,-0.02,0.0
0.55,0.003,4.03,0.0,0.003,0.0
0.55,0.003,4.755,0.0,0.021,0.0
0.55,0.003,4.322,0.0,-0.009,0.0
0.55,0.003,5.938,0.0,-0.007,0.0
0.55,0.003,4.833,0.0,0.005,0.0
0.55,0.003,5.348,0.0,-0.007,0.0
0.55,0.003,3.508,0.0,-0.009,0.0
0.55,0.003,5.218,0.0,-0.004,0.0
0.55,0.003,5.222,0.0,-0.017,0.0
0.55,0.003,4.195,0.0,-0.009,0.0
0.55,0.003,4.69,0.0,0.008,0.0
0.55,0.003,4.401,0.0,-0.015,0.0
0.55,0.003,4.399,0.0,0.011,0.0
0.55,0.003,4.627,0.0,0.0,0.0
0.55,0.003,4.194,0.0,-0.008,0.0
0.55,0.003,4.632,0.0,-0.005,0.0
0.55,0.003,4.685,0.0,0.009,0.0
0.55,0.003,4.537,0.0,-0.022,0.0
0.55,0.003,4.801,0.0,-0.007,0.0
0.55,0.003,4.96,0.0,0.009,0.0
0.55,0.003,5.481,0.0,0.014,0.0
0.55,0.003,4.647,0.0,0.002,0.0
0.55,0.003,4.578,0.0,-0.017,0.0
0.55,0.003,4.18,0.0,0.019,0.0
0.55,0.003,4.217,0.0,-0.006,0.0
0.55,0.003,4.357,0.0,0.014,0.0
0.55,0.003,4.567,0.0,-0.003,0.0
0.55,0.003,4.311,0.0,0.003,0.0
0.55,0.003,4.312,0.0,0.003,0.0
0.55,0.003,4.006,0.0,0.003,0.0
0.55,0.003,5.823,0.0,-0.006,0.0
0.55,0.003,5.394,0.0,-0.023,0.0
0.55,0.003,5.06,0.0,0.01,0.0
0.55,0.003,5.086,0.0,0.008,0.0
0.55,0.003,5.361,0.0,-0.013,0.0
0.551,0.003,5.53,0.0,-0.021,0.0
0.551,0.003,4.104,0.0,-0.007,0.0
0.551,0.003,4.035,0.0,0.013,0.0
0.551,0.003,5.986,0.0,-0.014,0.0
0.551,0.003,4.349,0.0,0.001,0.0
0.551,0.003,4.935,0.0,-0.01,0.0
0.551,0.003,5.757,0.0,-0.005,0.0
0.551,0.003,5.287,0.0,-0.017,0.0
0.551,0.003,4.206,0.0,0.009,0.0
0.551,0.003,4.411,0.0,-0.017,0.0
0.551,0.003,5.736,0.0,-0.015,0.0
0.551,0.003,4.015,0.0,0.002,0.0
0.551,0.003,4.803,0.0,-0.008,0.0
0.551,0.003,3.897,0.0,-0.015,0.0
0.551,0.003,6.158,0.0,0.026,0.0
0.551,0.003,4.62,0.0,-0.021,0.0
0.551,0.003,3.812,0.0,0.005,0.0
0.551,0.003,3.823,0.0,0.019,0.0
0.551,0.003,5.351,0.0,-0.016,0.0
0.551,0.003,4.799,0.0,-0.009,0.0
0.551,0.003,4.851,0.0,0.004,0.0
0.551,0.003,4.786,0.0,0.008,0.0
0.551,0.003,4.29,0.0,-0.001,0.0
0.551,0.003,4.437,0.0,-0.0,0.0
0.551,0.003,4.917,0.0,0.013,0.0
0.551,0.003,5.456,0.0,-0.028,0.0
0.551,0.003,5.734,0.0,0.009,0.0
0.551,0.003,5.638,0.0,0.01,0.0
0.551,0.003,5.585,0.0,0.001,0.0
0.551,0.003,5.466,0.0,-0.005,0.0
0.551,0.003,4.634,0.0,-0.016,0.0
0.551,0.003,4.948,0.0,-0.01,0.0
0.551,0.003,5.483,0.0,0.015,0.0
0.551,0.003,4.561,0.0,-0.001,0.0
0.551,0.003,5.465,0.0,0.002,0.0
0.551,0.003,4.541,0.0,-0.003,0.0
0.551,0.003,5.253,0.0,-0.021,0.0
0.551,0.003,4.571,0.0,0.012,0.0
0.551,0.003,5.815,0.0,0.007,0.0
0.551,0.003,4.609,0.0,-0.023,0.0
0.551,0.003,4.623,0.0,-0.0,0.0
0.551,0.003,4.726,0.0,-0.011,0.0
0.551,0.003,5.786,0.0,0.002,0.0
0.551,0.003,6.136,0.0,-0.011,0.0
0.551,0.003,5.638,0.0,0.006,0.0
0.551,0.003,4.194,0.0,-0.0,0.0
0.551,0.003,6.351,0.0,-0.022,0.0
0.551,0.003,3.568,0.0,-0.021,0.0
0.552,0.003,5.362,0.0,0.003,0.0
0.552,0.003,4.842,0.0,0.005,0.0
0.552,0.003,4.309,0.0,0.007,0.0
0.552,0.003,5.889,0.0,-0.022,0.0
0.552,0.003,5.753,0.0,-0.018,0.0
0.552,0.003,4.652,0.0,-0.014,0.0
0.552,0.003,4.409,0.0,-0.023,0.0
0.552,0.003,4.476,0.0,0.019,0.0
0.552,0.003,4.829,0.0,-0.022,0.0
0.552,0.003,5.383,0.0,-0.018,0.0
0.552,0.003,4.846,0.0,-0.015,0.0
0.552,0.003,5.297,0.0,0.008,0.0
0.552,0.003,4.555,0.0,-0.005,0.0
0.552,0.003,3.509,0.0,-0.011,0.0
0.552,0.003,5.787,0.0,0.006,0.0
0.552,0.003,4.263,0.0,0.007,0.0
0.552,0.003,4.663,0.0,-0.01,0.0
0.552,0.003,5.669,0.0,-0.006,0.0
0.552,0.003,4.156,0.0,-0.013,0.0
0.552,0.003,4.418,0.0,0.006,0.0
0.552,0.003,2.735,0.0,-0.005,0.0
0.552,0.003,5.434,0.0,-0.002,0.0
0.552,0.003,4.588,0.0,-0.002,0.0
0.552,0.003,4.255,0.0,0.003,0.0
0.552,0.003,4.963,0.0,-0.006,0.0
0.552,0.003,4.088,0.0,-0.003,0.0
0.552,0.003,5.595,0.0,0.001,0.0
0.552,0.003,5.0,0.0,-0.016,0.0
0.552,0.003,4.564,0.0,-0.014,0.0
0.552,0.003,5.857,0.0,-0.021,0.0
0.552,0.003,5.127,0.0,0.006,0.0
0.552,0.003,5.986,0.0,-0.025,0.0
0.552,0.003,4.568,0.0,-0.021,0.0
0.552,0.003,3.96,0.0,-0.005,0.0
0.552,0.003,5.672,0.0,0.018,0.0
0.552,0.003,5.844,0.0,-0.012,0.0
0.552,0.003,5.724,0.0,-0.003,0.0
0.552,0.003,5.626,0.0,-0.017,0.0
0.552,0.003,4.54,0.0,-0.002,0.0
0.552,0.003,5.037,0.0,-0.02,0.0
0.552,0.003,4.51,0.0,-0.01,0.0
0.552,0.003,5.169,0.0,-0.005,0.0
0.552,0.003,6.229,0.0,-0.003,0.0
0.552,0.003,4.578,0.0,-0.02,0.0
0.552,0.003,4.326,0.0,-0.002,0.0
0.552,0.003,4.576,0.0,0.006,0.0
0.552,0.003,5.152,0.0,0.008,0.0
0.552,0.003,5.466,0.0,-0.026,0.0
0.552,0.003,5.586,0.0,0.019,0.0
0.552,0.003,5.18,0.0,0.001,0.0
0.552,0.003,4.998,0.0,-0.005,0.0
0.552,0.003,4.792,0.0,-0.012,0.0
0.552,0.003,5.494,0.0,-0.002,0.0
0.552,0.003,5.771,0.0,0.018,0.0
0.552,0.003,5.155,0.0,-0.012,0.0
0.552,0.003,4.835,0.0,0.002,0.0
0.552,0.003,5.604,0.0,0.019,0.0
0.552,0.003,4.875,0.0,0.0,0.0
0.552,0.003,4.448,0.0,0.0,0.0
0.552,0.003,5.269,0.0,-0.004,0.0
0.552,0.003,5.318,0.0,-0.0,0.0
0.552,0.003,4.752,0.0,-0.01,0.0
0.552,0.003,5.842,0.0,-0.02,0.0
0.552,0.003,5.671,0.0,0.01,0.0
0.552,0.003,5.878,0.0,0.002,0.0
0.552,0.003,5.148,0.0,-0.005,0.0
0.552,0.003,4.497,0.0,-0.02,0.0
0.552,0.003,4.421,0.0,-0.007,0.0
0.552,0.003,4.829,0.0,-0.01,0.0
0.552,0.003,3.041,0.0,-0.01,0.0
0.552,0.003,4.59,0.0,-0.01,0.0
0.552,0.003,4.948,0.0,-0.005,0.0
0.552,0.003,4.316,0.0,-0.006,0.0
0.552,0.003,4.335,0.0,0.002,0.0
0.552,0.003,6.381,0.0,-0.01,0.0
0.552,0.003,4.614,0.0,-0.005,0.0
0.553,0.003,5.431,0.0,-0.01,0.0
0.553,0.003,5.278,0.0,0.014,0.0
0.553,0.003,4.672,0.0,-0.0,0.0
0.553,0.003,4.431,0.0,-0.013,0.0
0.553,0.003,4.373,0.0,-0.012,0.0
0.553,0.003,6.077,0.0,0.003,0.0
0.553,0.003,6.364,0.0,-0.012,0.0
0.553,0.003,4.812,0.0,-0.024,0.0
0.553,0.003,5.269,0.0,0.002,0.0
0.553,0.003,4.612,0.0,-0.006,0.0
0.553,0.003,4.272,0.0,-0.012,0.0
0.553,0.003,5.899,0.0,0.001,0.0
0.553,0.003,4.502,0.0,-0.007,0.0
0.553,0.003,4.481,0.0,0.0,0.0
0.553,0.003,4.24,0.0,0.001,0.0
0.553,0.003,4.617,0.0,-0.013,0.0
0.553,0.003,5.41,0.0,-0.021,0.0
0.553,0.003,4.833,0.0,-0.005,0.0
0.553,0.003,4.878,0.0,-0.017,0.0
0.553,0.003,4.252,0.0,0.021,0.0
0.553,0.003,6.027,0.0,-0.024,0.0
0.553,0.003,5.04,0.0,0.005,0.0
0.553,0.003,5.014,0.0,-0.0,0.0
0.553,0.003,5.565,0.0,0.014,0.0
0.553,0.003,4.7,0.0,-0.008,0.0
0.553,0.003,3.956,0.0,-0.009,0.0
0.553,0.003,6.007,0.0,-0.011,0.0
0.553,0.003,4.771,0.0,-0.0,0.0
0.553,0.003,5.813,0.0,-0.018,0.0
0.553,0.003,4.731,0.0,-0.012,0.0
0.553,0.003,3.842,0.0,0.003,0.0
0.553,0.003,3.587,0.0,0.005,0.0
0.553,0.003,5.674,0.0,-0.005,0.0
0.553,0.003,4.285,0.0,0.004,0.0
0.553,0.003,4.744,0.0,-0.009,0.0
0.553,0.003,4.091,0.0,0.008,0.0
0.553,0.003,4.73,0.0,-0.007,0.0
0.553,0.003,3.981,0.0,-0.008,0.0
0.553,0.003,4.207,0.0,-0.027,0.0
0.553,0.003,3.793,0.0,-0.002,0.0
0.553,0.003,4.745,0.0,-0.0,0.0
0.553,0.003,6.587,0.0,-0.023,0.0
0.553,0.003,4.795,0.0,-0.001,0.0
0.553,0.003,5.778,0.0,0.009,0.0
0.553,0.003,4.131,0.0,0.016,0.0
0.553,0.003,5.725,0.0,-0.01,0.0
0.553,0.003,5.845,0.0,-0.018,0.0
0.553,0.003,6.156,0.0,-0.003,0.0
0.553,0.003,4.303,0.0,-0.013,0.0
0.553,0.003,7.279,0.0,-0.008,0.0
0.553,0.003,3.93,0.0,0.001,0.0
0.553,0.003,5.197,0.0,-0.002,0.0
0.553,0.003,6.368,0.0,0.014,0.0
0.553,0.003,5.68,0.0,-0.025,0.0
0.553,0.003,4.61,0.0,-0.015,0.0
0.554,0.003,4.737,0.0,-0.013,0.0
0.554,0.003,5.677,0.0,0.003,0.0
0.554,0.003,5.43,0.0,-0.008,0.0
0.554,0.003,5.274,0.0,0.001,0.0
0.554,0.003,5.489,0.0,-0.013,0.0
0.554,0.003,4.298,0.0,-0.029,0.0
0.554,0.003,4.252,0.0,-0.001,0.0
0.554,0.003,5.313,0.0,-0.028,0.0
0.554,0.003,3.824,0.0,0.02,0.0
0.554,0.003,5.154,0.0,-0.015,0.0
0.554,0.003,5.971,0.0,-0.007,0.0
0.554,0.003,3.987,0.0,0.015,0.0
0.554,0.003,5.319,0.0,-0.011,0.0
0.554,0.003,6.34,0.0,-0.023,0.0
0.554,0.003,5.477,0.0,-0.012,0.0
0.554,0.003,4.2,0.0,0.005,0.0
0.554,0.003,5.449,0.0,-0.002,0.0
0.554,0.003,5.263,0.0,-0.011,0.0
0.554,0.003,4.622,0.0,-0.004,0.0
0.554,0.003,4.681,0.0,0.017,0.0
0.554,0.003,4.704,0.0,-0.016,0.0
0.554,0.003,5.315,0.0,0.001,0.0
0.554,0.003,5.942,0.0,-0.01,0.0
0.554,0.003,4.297,0.0,-0.012,0.0
0.554,0.003,4.733,0.0,-0.004,0.0
0.554,0.003,3.808,0.0,0.002,0.0
0.554,0.003,4.602,0.0,-0.002,0.0
0.554,0.003,6.137,0.0,-0.003,0.0
0.554,0.003,5.106,0.0,-0.004,0.0
0.554,0.003,4.547,0.0,-0.004,0.0
0.554,0.003,3.64,0.0,0.013,0.0
0.554,0.003,4.217,0.0,-0.014,0.0
0.554,0.003,4.028,0.0,-0.005,0.0
0.554,0.003,4.882,0.0,-0.002,0.0
0.554,0.003,5.569,0.0,0.005,0.0
0.554,0.003,5.836,0.0,-0.023,0.0
0.554,0.003,5.598,0.0,-0.018,0.0
0.554,0.003,4.638,0.0,0.007,0.0
0.554,0.003,4.205,0.0,-0.017,0.0
0.554,0.003,5.162,0.0,0.001,0.0
0.554,0.003,4.978,0.0,-0.02,0.0
0.554,0.003,3.253,0.0,0.023,0.0
0.554,0.003,2.744,0.0,0.003,0.0
0.554,0.003,4.812,0.0,-0.012,0.0
0.555,0.003,5.764,0.0,0.012,0.0
0.555,0.003,4.249,0.0,0.018,0.0
0.555,0.003,3.339,0.0,0.0,0.0
0.555,0.003,5.843,0.0,-0.021,0.0
0.555,0.003,4.458,0.0,0.003,0.0
0.555,0.003,5.101,0.0,-0.033,0.0
0.555,0.003,3.9,0.0,0.005,0.0
0.555,0.003,5.135,0.0,-0.001,0.0
0.555,0.003,4.715,0.0,-0.004,0.0
0.555,0.003,4.14,0.0,0.018,0.0
0.555,0.003,3.376,0.0,0.005,0.0
0.555,0.003,5.684,0.0,-0.018,0.0
0.555,0.003,3.98,0.0,0.018,0.0
0.555,0.003,4.691,0.0,-0.015,0.0
0.555,0.003,4.467,0.0,0.016,0.0
0.555,0.003,5.692,0.0,0.011,0.0
0.555,0.003,4.479,0.0,0.012,0.0
0.555,0.003,4.52,0.0,-0.016,0.0
0.555,0.003,4.716,0.0,-0.016,0.0
0.555,0.003,6.075,0.0,-0.011,0.0
0.555,0.003,5.847,0.0,-0.031,0.0
0.555,0.003,4.221,0.0,0.005,0.0
0.555,0.003,4.848,0.0,-0.038,0.0
0.555,0.003,4.473,0.0,-0.017,0.0
0.555,0.003,5.2,0.0,-0.008,0.0
0.555,0.003,3.446,0.0,-0.002,0.0
0.555,0.003,5.851,0.0,-0.007,0.0
0.555,0.003,5.954,0.0,-0.006,0.0
0.555,0.003,6.624,0.0,-0.016,0.0
0.555,0.003,4.338,0.0,-0.017,0.0
0.555,0.003,4.084,0.0,-0.007,0.0
0.555,0.003,5.269,0.0,-0.007,0.0
0.555,0.003,5.187,0.0,0.006,0.0
0.555,0.003,5.319,0.0,-0.009,0.0
0.555,0.003,5.443,0.0,0.005,0.0
0.555,0.003,4.819,0.0,-0.006,0.0
0.555,0.003,4.592,0.0,0.005,0.0
0.555,0.003,4.734,0.0,-0.017,0.0
0.555,0.003,3.735,0.0,-0.002,0.0
0.555,0.003,4.324,0.0,0.012,0.0
0.555,0.003,4.091,0.0,-0.011,0.0
0.555,0.003,4.383,0.0,-0.024,0.0
0.555,0.003,4.95,0.0,0.001,0.0
0.555,0.003,5.222,0.0,-0.013,0.0
0.555,0.003,5.502,0.0,-0.018,0.0
0.555,0.003,5.043,0.0,0.01,0.0
0.555,0.003,5.2,0.0,-0.001,0.0
0.555,0.003,4.398,0.0,-0.011,0.0
0.555,0.003,5.67,0.0,-0.002,0.0
0.555,0.003,4.989,0.0,0.018,0.0
0.555,0.003,4.51,0.0,-0.004,0.0
0.555,0.003,4.31,0.0,0.004,0.0
0.555,0.003,5.558,0.0,-0.001,0.0
0.555,0.003,4.934,0.0,0.008,0.0
0.555,0.003,4.39,0.0,0.018,0.0
0.555,0.003,4.919,0.0,-0.015,0.0
0.555,0.003,6.778,0.0,-0.026,0.0
0.555,0.003,5.489,0.0,-0.001,0.0
0.555,0.003,5.422,0.0,-0.005,0.0
0.555,0.003,4.353,0.0,-0.003,0.0
0.555,0.003,4.608,0.0,-0.014,0.0
0.555,0.003,4.96,0.0,0.002,0.0
0.555,0.003,6.043,0.0,0.011,0.0
0.556,0.003,5.204,0.0,-0.024,0.0
0.556,0.003,4.834,0.0,0.011,0.0
0.556,0.003,5.425,0.0,0.027,0.0
0.556,0.003,4.296,0.0,-0.012,0.0
0.556,0.003,4.165,0.0,0.003,0.0
0.556,0.003,4.827,0.0,0.01,0.0
0.556,0.003,4.73,0.0,-0.013,0.0
0.556,0.003,6.008,0.0,-0.01,0.0
0.556,0.003,5.063,0.0,-0.006,0.0
0.556,0.003,5.064,0.0,-0.006,0.0
0.556,0.003,3.8,0.0,0.012,0.0
0.556,0.003,5.387,0.0,-0.019,0.0
0.556,0.003,6.023,0.0,0.007,0.0
0.556,0.003,4.767,0.0,0.005,0.0
0.556,0.003,4.423,0.0,-0.009,0.0
0.556,0.003,4.728,0.0,-0.019,0.0
0.556,0.003,4.936,0.0,-0.013,0.0
0.556,0.003,4.566,0.0,-0.017,0.0
0.556,0.003,4.984,0.0,0.008,0.0
0.556,0.003,5.701,0.0,-0.008,0.0
0.556,0.003,4.393,0.0,-0.014,0.0
0.556,0.003,4.351,0.0,-0.002,0.0
0.556,0.003,4.999,0.0,-0.01,0.0
0.556,0.003,5.355,0.0,0.018,0.0
0.556,0.003,4.554,0.0,-0.016,0.0
0.556,0.003,4.764,0.0,-0.021,0.0
0.556,0.003,5.695,0.0,0.01,0.0
0.556,0.003,6.576,0.0,-0.017,0.0
0.556,0.003,5.233,0.0,-0.009,0.0
0.556,0.003,5.008,0.0,-0.014,0.0
0.556,0.003,3.798,0.0,0.02,0.0
0.556,0.003,4.45,0.0,0.002,0.0
0.556,0.003,3.888,0.0,-0.02,0.0
0.556,0.003,4.636,0.0,-0.01,0.0
0.556,0.003,6.117,0.0,-0.001,0.0
0.556,0.003,3.626,0.0,0.0,0.0
0.556,0.003,4.98,0.0,-0.006,0.0
0.556,0.003,4.251,0.0,0.008,0.0
0.556,0.003,3.482,0.0,-0.014,0.0
0.556,0.003,5.244,0.0,-0.021,0.0
0.556,0.003,4.54,0.0,-0.01,0.0
0.556,0.003,4.829,0.0,0.003,0.0
0.556,0.003,3.276,0.0,-0.005,0.0
0.556,0.003,4.542,0.0,0.005,0.0
0.556,0.003,5.117,0.0,-0.001,0.0
0.556,0.003,5.108,0.0,-0.014,0.0
0.556,0.003,5.05,0.0,0.017,0.0
0.556,0.003,5.077,0.0,-0.009,0.0
0.556,0.003,6.569,0.0,-0.025,0.0
0.556,0.003,5.471,0.0,-0.002,0.0
0.556,0.003,4.604,0.0,0.005,0.0
0.556,0.003,5.512,0.0,0.019,0.0
0.556,0.003,4.233,0.0,0.001,0.0
0.556,0.003,5.627,0.0,-0.026,0.0
0.556,0.003,4.729,0.0,0.005,0.0
0.556,0.003,5.486,0.0,0.003,0.0
0.556,0.003,5.297,0.0,-0.012,0.0
0.556,0.003,5.189,0.0,-0.019,0.0
0.556,0.003,5.639,0.0,-0.013,0.0
0.557,0.003,4.558,0.0,0.008,0.0
0.557,0.003,3.721,0.0,-0.0,0.0
0.557,0.003,5.721,0.0,-0.013,0.0
0.557,0.003,5.244,0.0,-0.003,0.0
0.557,0.003,4.188,0.0,0.0,0.0
0.557,0.003,4.389,0.0,-0.015,0.0
0.557,0.003,4.435,0.0,-0.005,0.0
0.557,0.003,5.44,0.0,-0.013,0.0
0.557,0.003,4.567,0.0,0.004,0.0
0.557,0.003,5.598,0.0,-0.004,0.0
0.557,0.003,5.427,0.0,-0.005,0.0
0.557,0.003,4.603,0.0,0.0,0.0
0.557,0.003,4.486,0.0,-0.009,0.0
0.557,0.003,4.639,0.0,0.016,0.0
0.557,0.003,3.338,0.0,0.012,0.0
0.557,0.003,6.139,0.0,-0.015,0.0
0.557,0.003,3.77,0.0,0.015,0.0
0.557,0.003,3.993,0.0,-0.014,0.0
0.557,0.003,4.679,0.0,-0.014,0.0
0.557,0.003,4.59,0.0,-0.017,0.0
0.557,0.003,5.042,0.0,0.002,0.0
0.557,0.003,5.481,0.0,-0.015,0.0
0.557,0.003,5.334,0.0,-0.002,0.0
0.557,0.003,5.329,0.0,-0.016,0.0
0.557,0.003,5.933,0.0,-0.004,0.0
0.557,0.003,3.95,0.0,-0.011,0.0
0.557,0.003,5.029,0.0,-0.019,0.0
0.557,0.003,4.632,0.0,-0.004,0.0
0.557,0.003,6.092,0.0,-0.005,0.0
0.557,0.003,4.638,0.0,-0.006,0.0
0.557,0.003,4.44,0.0,0.0,0.0
0.557,0.003,5.381,0.0,-0.02,0.0
0.557,0.003,5.326,0.0,0.011,0.0
0.557,0.003,5.651,0.0,0.002,0.0
0.557,0.003,5.721,0.0,-0.011,0.0
0.557,0.003,4.213,0.0,0.011,0.0
0.557,0.003,4.271,0.0,0.02,0.0
0.557,0.003,4.432,0.0,-0.013,0.0
0.557,0.003,5.638,0.0,0.005,0.0
0.557,0.003,5.503,0.0,0.009,0.0
0.557,0.003,5.283,0.0,0.019,0.0
0.557,0.003,5.174,0.0,0.007,0.0
0.557,0.003,3.18,0.0,-0.008,0.0
0.557,0.003,5.055,0.0,-0.012,0.0
0.557,0.003,4.491,0.0,-0.019,0.0
0.557,0.003,5.396,0.0,-0.002,0.0
0.557,0.003,6.59,0.0,-0.013,0.0
0.557,0.003,5.41,0.0,-0.004,0.0
0.557,0.003,3.136,0.0,-0.011,0.0
0.557,0.003,6.325,0.0,-0.004,0.0
0.557,0.003,3.523,0.0,-0.01,0.0
0.557,0.003,5.652,0.0,0.002,0.0
0.557,0.003,5.04,0.0,-0.004,0.0
0.557,0.003,5.433,0.0,-0.021,0.0
0.557,0.003,5.352,0.0,-0.025,0.0
0.557,0.003,4.975,0.0,0.021,0.0
0.558,0.003,3.628,0.0,-0.017,0.0
0.558,0.003,4.155,0.0,0.004,0.0
0.558,0.003,4.482,0.0,-0.016,0.0
0.558,0.003,3.688,0.0,0.002,0.0
0.558,0.003,4.693,0.0,-0.005,0.0
0.558,0.003,6.062,0.0,-0.019,0.0
0.558,0.003,4.709,0.0,0.01,0.0
0.558,0.003,4.601,0.0,-0.023,0.0
0.558,0.003,5.804,0.0,-0.004,0.0
0.558,0.003,4.181,0.0,-0.017,0.0
0.558,0.003,4.415,0.0,-0.015,0.0
0.558,0.003,4.697,0.0,-0.003,0.0
0.558,0.003,5.399,0.0,0.009,0.0
0.558,0.003,4.628,0.0,-0.013,0.0
0.558,0.003,5.424,0.0,-0.004,0.0
0.558,0.003,3.028,0.0,-0.013,0.0
0.558,0.003,4.634,0.0,0.012,0.0
0.558,0.003,5.465,0.0,0.001,0.0
0.558,0.003,5.913,0.0,-0.011,0.0
0.558,0.003,4.754,0.0,-0.008,0.0
0.558,0.003,5.143,0.0,-0.023,0.0
0.558,0.003,4.677,0.0,0.019,0.0
0.558,0.003,6.92,0.0,-0.016,0.0
0.558,0.003,4.373,0.0,-0.008,0.0
0.558,0.003,3.546,0.0,-0.015,0.0
0.558,0.003,5.545,0.0,0.004,0.0
0.558,0.003,5.152,0.0,0.017,0.0
0.558,0.003,6.825,0.0,0.001,0.0
0.558,0.003,6.129,0.0,0.005,0.0
0.558,0.003,5.296,0.0,-0.004,0.0
0.558,0.003,4.482,0.0,-0.01,0.0
0.558,0.003,4.75,0.0,0.005,0.0
0.558,0.003,4.688,0.0,0.002,0.0
0.558,0.003,4.419,0.0,-0.011,0.0
0.558,0.003,4.478,0.0,-0.006,0.0
0.558,0.003,7.171,0.0,0.006,0.0
0.558,0.003,4.774,0.0,0.0,0.0
0.558,0.003,6.029,0.0,-0.011,0.0
0.558,0.003,4.103,0.0,-0.011,0.0
0.558,0.003,4.393,0.0,-0.007,0.0
0.558,0.003,4.82,0.0,0.008,0.0
0.558,0.003,5.023,0.0,-0.001,0.0
0.558,0.003,5.884,0.0,0.008,0.0
0.558,0.003,4.976,0.0,-0.015,0.0
0.558,0.003,5.39,0.0,0.003,0.0
0.558,0.003,3.892,0.0,-0.001,0.0
0.558,0.003,4.18,0.0,-0.005,0.0
0.558,0.003,4.615,0.0,-0.009,0.0
0.558,0.003,5.632,0.0,0.006,0.0
0.558,0.003,4.66,0.0,-0.012,0.0
0.558,0.003,4.448,0.0,0.001,0.0
0.558,0.003,4.573,0.0,-0.002,0.0
0.558,0.003,4.176,0.0,-0.02,0.0
0.558,0.003,4.346,0.0,0.002,0.0
0.558,0.003,5.388,0.0,0.003,0.0
0.558,0.003,4.285,0.0,0.007,0.0
0.558,0.003,4.801,0.0,0.006,0.0
0.558,0.003,4.382,0.0,-0.021,0.0
0.558,0.003,5.968,0.0,0.013,0.0
0.558,0.003,5.246,0.0,-0.005,0.0
0.558,0.003,5.672,0.0,0.006,0.0
0.559,0.003,3.937,0.0,0.0,0.0
0.559,0.003,4.621,0.0,0.007,0.0
0.559,0.003,4.632,0.0,0.028,0.0
0.559,0.003,6.015,0.0,0.021,0.0
0.559,0.003,5.141,0.0,-0.01,0.0
0.559,0.003,4.446,0.0,-0.004,0.0
0.559,0.003,4.561,0.0,-0.002,0.0
0.559,0.003,4.28,0.0,0.001,0.0
0.559,0.003,6.09,0.0,-0.002,0.0
0.559,0.003,5.331,0.0,0.0,0.0
0.559,0.003,4.561,0.0,-0.006,0.0
0.559,0.003,3.869,0.0,-0.006,0.0
0.559,0.003,6.04,0.0,-0.037,0.0
0.559,0.003,4.522,0.0,-0.011,0.0
0.559,0.003,4.416,0.0,-0.009,0.0
0.559,0.003,4.561,0.0,0.002,0.0
0.559,0.003,4.838,0.0,-0.011,0.0
0.559,0.003,4.728,0.0,0.016,0.0
0.559,0.003,5.233,0.0,0.001,0.0
0.559,0.003,4.086,0.0,0.001,0.0
0.559,0.003,4.734,0.0,0.0,0.0
0.559,0.003,3.654,0.0,0.009,0.0
0.559,0.003,4.714,0.0,-0.012,0.0
0.559,0.003,4.794,0.0,-0.012,0.0
0.559,0.003,5.095,0.0,0.005,0.0
0.559,0.003,5.249,0.0,-0.009,0.0
0.559,0.003,5.034,0.0,0.009,0.0
0.559,0.003,4.165,0.0,0.017,0.0
0.559,0.003,5.425,0.0,-0.002,0.0
0.559,0.003,4.6,0.0,-0.028,0.0
0.559,0.003,5.578,0.0,-0.006,0.0
0.559,0.003,4.062,0.0,-0.006,0.0
0.559,0.003,4.602,0.0,-0.01,0.0
0.559,0.003,5.157,0.0,-0.005,0.0
0.559,0.003,5.344,0.0,0.005,0.0
0.559,0.003,5.484,0.0,-0.01,0.0
0.559,0.003,5.489,0.0,-0.003,0.0
0.559,0.003,4.443,0.0,0.006,0.0
0.559,0.003,3.86,0.0,-0.002,0.0
0.559,0.003,4.873,0.0,-0.009,0.0
0.559,0.003,4.839,0.0,-0.002,0.0
0.559,0.003,4.489,0.0,-0.013,0.0
0.559,0.003,5.071,0.0,-0.022,0.0
0.559,0.003,3.81,0.0,-0.003,0.0
0.559,0.003,3.866,0.0,0.013,0.0
0.559,0.003,5.527,0.0,0.011,0.0
0.559,0.003,4.726,0.0,-0.004,0.0
0.559,0.003,5.212,0.0,0.016,0.0
0.559,0.003,4.098,0.0,0.004,0.0
0.559,0.003,4.999,0.0,-0.004,0.0
0.559,0.003,4.569,0.0,0.021,0.0
0.559,0.003,5.772,0.0,0.001,0.0
0.559,0.003,5.244,0.0,0.006,0.0
0.559,0.003,5.37,0.0,0.002,0.0
0.559,0.003,4.936,0.0,-0.01,0.0
0.559,0.003,4.513,0.0,-0.002,0.0
0.56,0.003,4.912,0.0,0.004,0.0
0.56,0.003,5.345,0.0,0.005,0.0
0.56,0.003,5.898,0.0,0.004,0.0
0.56,0.003,4.322,0.0,0.008,0.0
0.56,0.003,4.863,0.0,-0.012,0.0
0.56,0.003,6.247,0.0,-0.014,0.0
0.56,0.003,4.423,0.0,-0.001,0.0
0.56,0.003,4.631,0.0,-0.01,0.0
0.56,0.003,4.61,0.0,-0.016,0.0
0.56,0.003,5.401,0.0,-0.003,0.0
0.56,0.003,4.386,0.0,0.007,0.0
0.56,0.003,5.113,0.0,-0.024,0.0
0.56,0.003,5.01,0.0,0.014,0.0
0.56,0.003,3.75,0.0,-0.018,0.0
0.56,0.003,6.578,0.0,-0.008,0.0
0.56,0.003,4.438,0.0,0.004,0.0
0.56,0.003,5.169,0.0,-0.013,0.0
0.56,0.003,4.857,0.0,0.0,0.0
0.56,0.003,5.829,0.0,0.012,0.0
0.56,0.003,4.691,0.0,0.012,0.0
0.56,0.003,4.486,0.0,-0.028,0.0
0.56,0.003,4.494,0.0,-0.003,0.0
0.56,0.003,4.561,0.0,0.011,0.0
0.56,0.003,5.368,0.0,0.008,0.0
0.56,0.003,4.368,0.333,0.012,0.0
0.56,0.003,5.28,0.0,-0.01,0.0
0.56,0.003,5.0,0.0,-0.005,0.0
0.56,0.003,5.946,0.0,-0.018,0.0
0.56,0.003,4.114,0.0,-0.017,0.0
0.56,0.003,4.079,0.0,-0.007,0.0
0.56,0.003,4.358,0.0,-0.01,0.0
0.56,0.003,4.094,0.0,-0.013,0.0
0.56,0.003,4.404,0.0,-0.0,0.0
0.56,0.003,5.004,0.0,-0.01,0.0
0.56,0.003,5.42,0.0,0.004,0.0
0.56,0.003,4.618,0.0,-0.024,0.0
0.56,0.003,4.966,0.0,-0.012,0.0
0.56,0.003,6.64,0.0,-0.012,0.0
0.56,0.003,4.124,0.0,0.007,0.0
0.56,0.003,4.062,0.0,-0.009,0.0
0.56,0.003,4.106,0.0,-0.023,0.0
0.56,0.003,4.469,0.0,0.014,0.0
0.56,0.003,4.346,0.0,0.0,0.0
0.56,0.003,4.662,0.0,-0.01,0.0
0.56,0.003,4.235,0.0,-0.015,0.0
0.56,0.003,3.595,0.0,0.001,0.0
0.56,0.003,6.388,0.0,-0.008,0.0
0.56,0.003,5.81,0.0,-0.005,0.0
0.56,0.003,4.726,0.0,-0.008,0.0
0.56,0.003,6.829,0.0,-0.014,0.0
0.56,0.003,5.828,0.0,-0.006,0.0
0.56,0.003,5.348,0.0,0.009,0.0
0.56,0.003,5.427,0.0,-0.011,0.0
0.56,0.003,5.562,0.0,-0.011,0.0
0.56,0.003,2.703,0.0,-0.012,0.0
0.56,0.003,5.102,0.0,0.003,0.0
0.56,0.003,3.516,0.0,-0.005,0.0
0.56,0.003,6.137,0.0,-0.035,0.0
0.561,0.003,4.853,0.0,-0.009,0.0
0.561,0.003,6.066,0.0,0.003,0.0
0.561,0.003,4.275,0.0,0.001,0.0
0.561,0.003,4.667,0.0,-0.012,0.0
0.561,0.003,5.488,0.0,-0.004,0.0
0.561,0.003,4.87,0.0,0.009,0.0
0.561,0.003,5.332,0.0,0.001,0.0
0.561,0.003,4.887,0.0,-0.015,0.0
0.561,0.003,4.38,0.0,-0.004,0.0
0.561,0.003,5.154,0.0,-0.011,0.0
0.561,0.003,4.965,0.0,0.005,0.0
0.561,0.003,5.178,0.0,0.008,0.0
0.561,0.003,4.72,0.0,0.022,0.0
0.561,0.003,4.106,0.0,0.016,0.0
0.561,0.003,3.951,0.0,-0.022,0.0
0.561,0.003,4.441,0.0,-0.009,0.0
0.561,0.003,4.673,0.0,0.001,0.0
0.561,0.003,4.888,0.0,0.008,0.0
0.561,0.003,5.436,0.0,0.011,0.0
0.561,0.003,6.328,0.0,-0.019,0.0
0.561,0.003,5.146,0.0,0.0,0.0
0.561,0.003,3.803,0.0,0.003,0.0
0.561,0.003,4.873,0.0,-0.012,0.0
0.561,0.003,4.006,0.0,-0.024,0.0
0.561,0.003,3.983,0.0,-0.012,0.0
0.561,0.003,5.967,0.0,-0.014,0.0
0.561,0.003,5.203,0.0,-0.01,0.0
0.561,0.003,5.423,0.0,-0.009,0.0
0.561,0.003,6.487,0.0,-0.017,0.0
0.561,0.003,4.723,0.0,-0.005,0.0
0.561,0.003,5.273,0.0,0.004,0.0
0.561,0.003,4.089,0.0,-0.019,0.0
0.561,0.003,3.963,0.0,-0.001,0.0
0.561,0.003,5.412,0.0,-0.013,0.0
0.561,0.003,4.516,0.0,-0.008,0.0
0.561,0.003,4.99,0.0,-0.004,0.0
0.561,0.003,5.379,0.0,-0.019,0.0
0.561,0.003,4.623,0.0,-0.016,0.0
0.561,0.003,4.427,0.0,0.008,0.0
0.561,0.003,5.866,0.0,-0.009,0.0
0.561,0.003,4.495,0.0,0.003,0.0
0.561,0.003,3.939,0.0,-0.003,0.0
0.561,0.003,6.365,0.0,-0.024,0.0
0.561,0.003,4.701,0.0,-0.01,0.0
0.561,0.003,5.325,0.0,-0.014,0.0
0.561,0.003,4.455,0.0,-0.001,0.0
0.561,0.003,5.221,0.0,-0.007,0.0
0.561,0.003,4.806,0.0,-0.024,0.0
0.561,0.003,5.327,0.0,0.0,0.0
0.561,0.003,5.021,0.0,-0.006,0.0
0.562,0.003,5.692,0.0,-0.014,0.0
0.562,0.003,5.688,0.0,-0.0,0.0
0.562,0.003,4.015,0.0,0.001,0.0
0.562,0.003,5.362,0.0,0.014,0.0
0.562,0.003,4.456,0.0,0.006,0.0
0.562,0.003,5.282,0.0,0.003,0.0
0.562,0.003,4.556,0.0,-0.006,0.0
0.562,0.003,5.0,0.0,-0.007,0.0
0.562,0.003,4.474,0.0,-0.03,0.0
0.562,0.003,4.339,0.0,-0.016,0.0
0.562,0.003,3.838,0.0,-0.02,0.0
0.562,0.003,4.657,0.0,-0.007,0.0
0.562,0.003,3.705,0.0,0.018,0.0
0.562,0.003,6.317,0.0,-0.007,0.0
0.562,0.003,4.707,0.0,0.001,0.0
0.562,0.003,5.073,0.0,-0.006,0.0
0.562,0.003,5.603,0.0,-0.02,0.0
0.562,0.003,5.316,0.0,0.014,0.0
0.562,0.003,4.636,0.0,-0.004,0.0
0.562,0.003,5.381,0.0,-0.011,0.0
0.562,0.003,5.34,0.0,0.012,0.0
0.562,0.003,4.984,0.0,0.028,0.0
0.562,0.003,4.537,0.0,0.012,0.0
0.562,0.003,5.121,0.0,-0.008,0.0
0.562,0.003,5.413,0.0,-0.024,0.0
0.562,0.003,5.618,0.0,-0.01,0.0
0.562,0.003,4.709,0.0,0.002,0.0
0.562,0.003,6.728,0.0,-0.008,0.0
0.562,0.003,5.538,0.0,-0.013,0.0
0.562,0.003,3.823,0.0,-0.001,0.0
0.562,0.003,4.659,0.0,-0.01,0.0
0.562,0.003,4.87,0.0,-0.02,0.0
0.562,0.003,4.1,0.0,0.012,0.0
0.562,0.003,5.071,0.0,0.001,0.0
0.562,0.003,4.243,0.0,-0.009,0.0
0.562,0.003,4.762,0.0,0.004,0.0
0.562,0.003,4.693,0.0,-0.01,0.0
0.562,0.003,3.812,0.0,0.001,0.0
0.562,0.003,6.144,0.0,-0.021,0.0
0.562,0.003,5.224,0.0,-0.0,0.0
0.562,0.003,5.125,0.0,-0.006,0.0
0.562,0.003,4.384,0.0,0.01,0.0
0.562,0.003,4.154,0.0,-0.008,0.0
0.562,0.003,4.834,0.0,-0.003,0.0
0.562,0.003,3.615,0.0,-0.016,0.0
0.562,0.003,5.629,0.0,0.004,0.0
0.562,0.003,5.388,0.0,-0.024,0.0
0.562,0.003,5.132,0.0,0.02,0.0
0.562,0.003,5.522,0.0,-0.003,0.0
0.562,0.003,4.956,0.0,-0.016,0.0
0.562,0.003,4.889,0.0,-0.013,0.0
0.562,0.003,4.961,0.0,-0.009,0.0
0.562,0.003,5.113,0.0,-0.003,0.0
0.562,0.003,4.045,0.0,0.001,0.0
0.562,0.003,6.138,0.0,-0.02,0.0
0.562,0.003,4.463,0.0,-0.01,0.0
0.562,0.003,4.37,0.0,-0.007,0.0
0.562,0.003,4.46,0.0,-0.017,0.0
0.562,0.003,5.047,0.0,-0.006,0.0
0.562,0.003,5.597,0.0,-0.023,0.0
0.562,0.003,4.939,0.0,-0.004,0.0
0.563,0.003,5.627,0.0,-0.015,0.0
0.563,0.003,4.347,0.0,-0.015,0.0
0.563,0.003,5.058,0.0,-0.009,0.0
0.563,0.003,5.211,0.0,0.004,0.0
0.563,0.003,5.538,0.0,-0.003,0.0
0.563,0.003,3.282,0.0,-0.002,0.0
0.563,0.003,5.741,0.0,0.018,0.0
0.563,0.003,3.819,0.0,-0.008,0.0
0.563,0.003,5.548,0.0,0.005,0.0
0.563,0.003,5.057,0.0,0.008,0.0
0.563,0.003,3.697,0.0,-0.016,0.0
0.563,0.003,4.344,0.0,-0.006,0.0
0.563,0.003,5.431,0.0,-0.001,0.0
0.563,0.003,5.944,0.0,-0.023,0.0
0.563,0.003,4.773,0.0,0.007,0.0
0.563,0.003,5.778,0.0,0.014,0.0
0.563,0.003,4.191,0.0,-0.022,0.0
0.563,0.003,5.297,0.0,-0.007,0.0
0.563,0.003,5.661,0.0,-0.007,0.0
0.563,0.003,4.467,0.0,-0.013,0.0
0.563,0.003,3.924,0.0,-0.007,0.0
0.563,0.003,3.078,0.0,0.014,0.0
0.563,0.003,4.788,0.0,-0.02,0.0
0.563,0.003,4.568,0.0,-0.001,0.0
0.563,0.003,6.294,0.0,-0.004,0.0
0.563,0.003,4.643,0.0,-0.002,0.0
0.563,0.003,3.061,0.0,-0.008,0.0
0.563,0.003,4.876,0.0,-0.013,0.0
0.563,0.003,6.165,0.0,-0.011,0.0
0.563,0.003,5.571,0.0,0.016,0.0
0.563,0.003,3.858,0.0,0.03,0.0
0.563,0.003,5.949,0.0,-0.014,0.0
0.563,0.003,4.666,0.0,-0.016,0.0
0.563,0.003,4.622,0.0,-0.001,0.0
0.563,0.003,5.623,0.0,-0.002,0.0
0.563,0.003,4.372,0.0,0.016,0.0
0.563,0.003,5.336,0.0,-0.001,0.0
0.563,0.003,5.01,0.0,-0.012,0.0
0.563,0.003,5.307,0.0,-0.013,0.0
0.563,0.003,4.736,0.0,-0.009,0.0
0.563,0.003,3.522,0.0,0.003,0.0
0.563,0.003,4.77,0.0,-0.018,0.0
0.563,0.003,5.484,0.0,-0.009,0.0
0.563,0.003,4.611,0.0,-0.011,0.0
0.563,0.003,6.618,0.0,0.011,0.0
0.563,0.003,4.383,0.0,0.008,0.0
0.563,0.003,5.421,0.0,-0.012,0.0
0.563,0.003,5.936,0.0,0.005,0.0
0.563,0.003,4.791,0.0,-0.004,0.0
0.563,0.003,4.695,0.0,-0.02,0.0
0.563,0.003,5.153,0.0,-0.016,0.0
0.563,0.003,4.156,0.0,0.007,0.0
0.563,0.003,4.315,0.0,0.004,0.0
0.563,0.003,5.193,0.0,0.027,0.0
0.563,0.003,5.013,0.0,0.008,0.0
0.563,0.003,5.269,0.0,-0.016,0.0
0.563,0.003,4.536,0.0,-0.007,0.0
0.563,0.003,6.552,0.0,-0.026,0.0
0.563,0.003,3.731,0.0,-0.018,0.0
0.563,0.003,6.651,0.0,-0.004,0.0
0.563,0.003,4.819,0.0,-0.018,0.0
0.563,0.003,4.759,0.0,-0.002,0.0
0.563,0.003,4.839,0.0,0.002,0.0
0.563,0.003,5.604,0.0,-0.01,0.0
0.563,0.003,5.467,0.0,-0.006,0.0
0.563,0.003,6.274,0.0,-0.018,0.0
0.564,0.003,4.506,0.0,0.011,0.0
0.564,0.003,3.809,0.0,-0.006,0.0
0.564,0.003,4.919,0.0,-0.018,0.0
0.564,0.003,3.267,0.0,-0.009,0.0
0.564,0.003,5.696,0.0,-0.01,0.0
0.564,0.003,4.412,0.0,-0.016,0.0
0.564,0.003,4.372,0.0,-0.002,0.0
0.564,0.003,5.208,0.0,0.013,0.0
0.564,0.003,5.235,0.0,-0.008,0.0
0.564,0.003,5.483,0.0,-0.011,0.0
0.564,0.003,5.535,0.0,0.011,0.0
0.564,0.003,4.342,0.0,-0.008,0.0
0.564,0.003,5.606,0.0,-0.021,0.0
0.564,0.003,4.918,0.0,-0.002,0.0
0.564,0.003,4.951,0.0,0.006,0.0
0.564,0.003,5.192,0.0,-0.002,0.0
0.564,0.003,5.716,0.0,0.006,0.0
0.564,0.003,5.891,0.0,0.014,0.0
0.564,0.003,5.049,0.0,0.008,0.0
0.564,0.003,5.214,0.0,-0.007,0.0
0.564,0.003,5.778,0.0,0.001,0.0
0.564,0.003,6.956,0.0,-0.011,0.0
0.564,0.003,5.034,0.0,-0.013,0.0
0.564,0.003,4.111,0.0,-0.022,0.0
0.564,0.003,3.971,0.0,0.013,0.0
0.564,0.003,3.842,0.0,-0.015,0.0
0.564,0.003,4.683,0.0,-0.018,0.0
0.564,0.003,3.736,0.0,0.01,0.0
0.564,0.003,5.185,0.0,0.006,0.0
0.564,0.003,5.358,0.0,0.004,0.0
0.564,0.003,3.142,0.0,0.002,0.0
0.564,0.003,4.824,0.0,-0.008,0.0
0.564,0.003,5.915,0.0,0.002,0.0
0.564,0.003,4.648,0.0,0.011,0.0
0.564,0.003,3.954,0.0,-0.022,0.0
0.564,0.003,5.327,0.0,0.007,0.0
0.564,0.003,4.673,0.0,-0.001,0.0
0.564,0.003,4.153,0.0,0.012,0.0
0.564,0.003,5.204,0.0,-0.013,0.0
0.564,0.003,3.022,0.0,0.002,0.0
0.564,0.003,4.233,0.0,0.01,0.0
0.564,0.003,4.854,0.0,-0.018,0.0
0.564,0.003,4.426,0.0,0.013,0.0
0.564,0.003,4.62,0.0,-0.005,0.0
0.564,0.003,5.343,0.0,-0.022,0.0
0.564,0.003,4.679,0.0,-0.014,0.0
0.564,0.003,5.355,0.0,0.01,0.0
0.564,0.003,4.203,0.0,-0.011,0.0
0.564,0.003,4.869,0.0,0.004,0.0
0.564,0.003,4.314,0.0,-0.007,0.0
0.564,0.003,4.557,0.0,0.005,0.0
0.564,0.003,5.009,0.0,0.002,0.0
0.564,0.003,5.549,0.0,0.0,0.0
0.564,0.003,4.584,0.0,-0.007,0.0
0.564,0.003,5.245,0.0,0.006,0.0
0.564,0.003,5.033,0.0,0.007,0.0
0.564,0.007,5.021,0.0,-0.008,0.0
0.564,0.003,4.069,0.0,-0.006,0.0
0.564,0.003,5.914,0.0,-0.002,0.0
0.564,0.003,3.845,0.0,0.0,0.0
0.564,0.003,5.334,0.0,-0.008,0.0
0.564,0.003,6.436,0.0,0.012,0.0
0.564,0.003,4.583,0.0,-0.016,0.0
0.564,0.003,4.297,0.0,0.002,0.0
0.564,0.003,5.329,0.0,0.001,0.0
0.564,0.003,4.712,0.0,0.003,0.0
0.564,0.003,4.976,0.0,-0.013,0.0
0.564,0.003,5.236,0.0,-0.019,0.0
0.564,0.003,3.748,0.0,-0.008,0.0
0.564,0.003,4.772,0.0,-0.014,0.0
0.564,0.003,4.044,0.0,-0.022,0.0
0.564,0.003,5.615,0.0,-0.002,0.0
0.564,0.003,5.759,0.0,-0.001,0.0
0.564,0.003,5.902,0.0,-0.008,0.0
0.564,0.003,4.215,0.0,0.023,0.0
0.564,0.003,3.518,0.0,0.003,0.0
0.565,0.003,4.902,0.0,0.015,0.0
0.565,0.003,5.073,0.0,0.006,0.0
0.565,0.003,4.916,0.0,-0.015,0.0
0.565,0.003,5.577,0.0,0.013,0.0
0.565,0.003,4.962,0.0,-0.01,0.0
0.565,0.003,5.834,0.0,-0.018,0.0
0.565,0.003,4.337,0.0,-0.016,0.0
0.565,0.003,4.689,0.0,-0.01,0.0
0.565,0.003,5.082,0.0,-0.01,0.0
0.565,0.003,3.898,0.0,0.014,0.0
0.565,0.003,4.88,0.0,-0.017,0.0
0.565,0.003,4.36,0.0,-0.015,0.0
0.565,0.003,5.578,0.0,0.001,0.0
0.565,0.003,5.123,0.0,-0.022,0.0
0.565,0.003,5.899,0.0,0.014,0.0
0.565,0.003,5.251,0.0,-0.0,0.0
0.565,0.003,6.252,0.0,0.013,0.0
0.565,0.003,6.727,0.0,-0.036,0.0
0.565,0.003,4.329,0.0,-0.016,0.0
0.565,0.003,5.78,0.0,0.004,0.0
0.565,0.003,3.896,0.0,-0.009,0.0
0.565,0.003,4.816,0.0,-0.006,0.0
0.565,0.003,4.964,0.0,-0.01,0.0
0.565,0.003,4.836,0.0,0.007,0.0
0.565,0.003,5.134,0.0,0.006,0.0
0.565,0.003,4.132,0.0,0.005,0.0
0.565,0.003,5.175,0.0,0.009,0.0
0.565,0.003,4.529,0.0,0.007,0.0
0.565,0.003,5.49,0.0,-0.007,0.0
0.565,0.003,4.144,0.0,-0.005,0.0
0.565,0.003,5.637,0.0,-0.014,0.0
0.565,0.003,5.671,0.0,0.002,0.0
0.565,0.003,4.506,0.0,-0.011,0.0
0.565,0.003,4.06,0.0,-0.004,0.0
0.565,0.003,3.801,0.0,-0.002,0.0
0.565,0.003,4.603,0.0,-0.02,0.0
0.565,0.003,3.587,0.0,0.004,0.0
0.565,0.003,5.921,0.0,-0.012,0.0
0.565,0.003,4.321,0.0,0.005,0.0
0.565,0.003,4.517,0.0,-0.013,0.0
0.565,0.003,3.924,0.0,-0.016,0.0
0.565,0.003,5.405,0.0,-0.008,0.0
0.565,0.003,4.156,0.0,0.001,0.0
0.565,0.003,4.341,0.0,-0.008,0.0
0.565,0.003,4.796,0.0,-0.013,0.0
0.565,0.003,4.542,0.0,-0.019,0.0
0.565,0.003,4.31,0.0,0.007,0.0
0.565,0.003,4.629,0.0,0.007,0.0
0.565,0.003,6.862,0.0,-0.022,0.0
0.565,0.003,4.789,0.0,0.007,0.0
0.565,0.003,4.592,0.0,0.008,0.0
0.565,0.003,6.295,0.0,-0.015,0.0
0.565,0.003,5.001,0.0,-0.01,0.0
0.565,0.003,4.335,0.0,-0.008,0.0
0.565,0.003,6.378,0.0,0.012,0.0
0.565,0.003,4.692,0.0,0.011,0.0
0.565,0.003,4.672,0.0,0.012,0.0
0.565,0.003,4.648,0.0,-0.015,0.0
0.565,0.003,4.004,0.0,-0.006,0.0
0.565,0.003,4.341,0.0,-0.02,0.0
0.565,0.003,5.044,0.0,-0.017,0.0
0.565,0.003,5.812,0.0,0.002,0.0
0.565,0.003,5.005,0.0,-0.013,0.0
0.565,0.003,4.466,0.0,-0.005,0.0
0.565,0.003,3.377,0.0,0.017,0.0
0.565,0.003,5.647,0.0,-0.017,0.0
0.565,0.003,3.847,0.0,-0.015,0.0
0.566,0.003,4.195,0.0,0.004,0.0
0.566,0.003,3.33,0.0,-0.015,0.0
0.566,0.003,4.922,0.0,-0.023,0.0
0.566,0.003,5.896,0.0,-0.019,0.0
0.566,0.003,5.315,0.0,-0.002,0.0
0.566,0.003,4.4,0.0,0.005,0.0
0.566,0.003,4.666,0.0,-0.002,0.0
0.566,0.003,5.455,0.0,-0.004,0.0
0.566,0.003,4.64,0.0,-0.016,0.0
0.566,0.003,5.858,0.0,-0.029,0.0
0.566,0.003,4.474,0.0,-0.006,0.0
0.566,0.003,4.811,0.0,-0.024,0.0
0.566,0.003,5.535,0.0,0.003,0.0
0.566,0.003,4.477,0.0,-0.008,0.0
0.566,0.003,6.63,0.0,0.001,0.0
0.566,0.003,5.361,0.0,0.003,0.0
0.566,0.003,5.4,0.0,0.007,0.0
0.566,0.003,4.038,0.0,-0.015,0.0
0.566,0.003,6.18,0.0,0.011,0.0
0.566,0.003,5.285,0.0,-0.026,0.0
0.566,0.003,4.282,0.0,-0.009,0.0
0.566,0.003,5.103,0.0,-0.007,0.0
0.566,0.003,5.548,0.0,0.016,0.0
0.566,0.003,4.955,0.0,0.004,0.0
0.566,0.003,4.712,0.0,0.001,0.0
0.566,0.003,6.008,0.0,-0.003,0.0
0.566,0.003,5.653,0.0,-0.023,0.0
0.566,0.003,5.413,0.0,-0.015,0.0
0.566,0.003,4.958,0.0,-0.001,0.0
0.566,0.003,5.181,0.0,0.012,0.0
0.566,0.003,3.922,0.0,-0.01,0.0
0.566,0.003,4.497,0.0,-0.014,0.0
0.566,0.003,5.586,0.0,0.003,0.0
0.566,0.003,5.686,0.0,0.003,0.0
0.566,0.003,4.016,0.0,-0.006,0.0
0.566,0.003,5.489,0.0,0.001,0.0
0.566,0.003,5.361,0.0,-0.02,0.0
0.566,0.003,4.39,0.0,0.005,0.0
0.566,0.003,4.789,0.0,-0.01,0.0
0.566,0.003,5.571,0.0,-0.006,0.0
0.566,0.003,6.681,0.0,-0.02,0.0
0.566,0.003,4.112,0.0,-0.002,0.0
0.566,0.003,4.187,0.0,-0.01,0.0
0.566,0.003,5.376,0.0,-0.016,0.0
0.566,0.003,6.164,0.0,-0.037,0.0
0.566,0.003,4.841,0.0,-0.024,0.0
0.566,0.003,5.875,0.0,-0.011,0.0
0.566,0.003,4.981,0.0,-0.016,0.0
0.566,0.003,5.014,0.0,0.003,0.0
0.566,0.003,5.779,0.0,-0.012,0.0
0.566,0.003,5.575,0.0,-0.004,0.0
0.566,0.003,5.529,0.0,0.0,0.0
0.566,0.003,5.289,0.0,-0.028,0.0
0.566,0.003,4.458,0.0,-0.002,0.0
0.566,0.003,4.954,0.0,0.018,0.0
0.566,0.003,6.796,0.0,-0.004,0.0
0.566,0.003,5.24,0.0,-0.014,0.0
0.566,0.003,4.623,0.0,-0.0,0.0
0.566,0.003,4.391,0.0,-0.005,0.0
0.566,0.003,4.428,0.0,-0.007,0.0
0.566,0.003,5.468,0.0,-0.02,0.0
0.567,0.003,5.991,0.0,-0.009,0.0
0.567,0.003,6.558,0.0,0.014,0.0
0.567,0.003,4.743,0.0,-0.0,0.0
0.567,0.003,5.157,0.0,0.009,0.0
0.567,0.003,5.475,0.0,0.002,0.0
0.567,0.003,4.64,0.0,-0.017,0.0
0.567,0.003,5.451,0.0,-0.026,0.0
0.567,0.003,5.229,0.0,0.011,0.0
0.567,0.003,4.85,0.0,0.002,0.0
0.567,0.003,5.381,0.0,0.008,0.0
0.567,0.003,5.412,0.0,-0.004,0.0
0.567,0.003,5.55,0.0,-0.002,0.0
0.567,0.003,5.471,0.0,0.006,0.0
0.567,0.003,5.525,0.0,0.008,0.0
0.567,0.003,4.144,0.0,-0.0,0.0
0.567,0.003,6.471,0.0,-0.023,0.0
0.567,0.003,4.735,0.0,-0.013,0.0
0.567,0.003,5.056,0.0,-0.023,0.0
0.567,0.003,5.396,0.0,-0.004,0.0
0.567,0.003,5.77,0.0,-0.022,0.0
0.567,0.003,4.553,0.0,-0.018,0.0
0.567,0.003,3.52,0.0,0.007,0.0
0.567,0.003,4.852,0.0,-0.013,0.0
0.567,0.003,3.712,0.0,0.003,0.0
0.567,0.003,4.79,0.0,0.001,0.0
0.567,0.003,4.349,0.0,0.003,0.0
0.567,0.003,5.039,0.0,-0.003,0.0
0.567,0.003,4.9,0.0,-0.012,0.0
0.567,0.003,4.555,0.0,-0.018,0.0
0.567,0.003,4.288,0.0,0.014,0.0
0.567,0.003,6.845,0.0,0.004,0.0
0.567,0.003,4.475,0.0,-0.012,0.0
0.567,0.003,3.942,0.0,-0.009,0.0
0.567,0.003,4.843,0.0,-0.002,0.0
0.567,0.003,4.777,0.0,0.007,0.0
0.567,0.003,4.73,0.0,-0.0,0.0
0.567,0.003,3.613,0.0,0.018,0.0
0.567,0.003,4.585,0.0,-0.011,0.0
0.567,0.003,5.303,0.0,-0.01,0.0
0.567,0.003,4.621,0.0,-0.014,0.0
0.567,0.003,5.289,0.0,-0.021,0.0
0.567,0.003,5.093,0.0,-0.016,0.0
0.567,0.003,4.64,0.0,-0.008,0.0
0.567,0.003,4.479,0.0,-0.004,0.0
0.567,0.003,3.848,0.0,0.007,0.0
0.567,0.003,4.319,0.0,-0.031,0.0
0.567,0.003,5.558,0.0,0.02,0.0
0.567,0.003,4.363,0.0,0.002,0.0
0.567,0.003,2.884,0.0,0.018,0.0
0.567,0.003,3.461,0.0,-0.011,0.0
0.567,0.003,4.79,0.0,-0.017,0.0
0.567,0.003,4.267,0.0,-0.012,0.0
0.567,0.003,6.966,0.0,-0.013,0.0
0.567,0.003,4.28,0.0,-0.009,0.0
0.567,0.003,4.781,0.0,-0.0,0.0
0.567,0.003,5.948,0.0,-0.003,0.0
0.567,0.003,2.959,0.0,0.013,0.0
0.567,0.003,4.672,0.0,-0.003,0.0
0.567,0.003,5.364,0.0,-0.021,0.0
0.567,0.003,6.876,0.0,-0.009,0.0
0.567,0.003,6.186,0.0,-0.025,0.0
0.568,0.003,4.116,0.0,-0.017,0.0
0.568,0.003,6.391,0.0,-0.019,0.0
0.568,0.003,3.74,0.0,-0.03,0.0
0.568,0.003,5.0,0.0,0.007,0.0
0.568,0.003,5.41,0.0,-0.009,0.0
0.568,0.003,3.998,0.0,0.012,0.0
0.568,0.003,4.033,0.0,0.006,0.0
0.568,0.003,5.044,0.0,-0.019,0.0
0.568,0.003,5.083,0.0,0.0,0.0
0.568,0.003,6.368,0.0,-0.018,0.0
0.568,0.003,4.596,0.0,-0.013,0.0
0.568,0.003,5.1,0.0,-0.016,0.0
0.568,0.003,4.888,0.0,0.005,0.0
0.568,0.003,4.436,0.0,-0.019,0.0
0.568,0.003,4.352,0.0,-0.018,0.0
0.568,0.003,4.539,0.0,0.002,0.0
0.568,0.003,4.561,0.0,-0.023,0.0
0.568,0.003,5.913,0.0,-0.02,0.0
0.568,0.003,4.299,0.0,-0.004,0.0
0.568,0.003,4.637,0.0,-0.018,0.0
0.568,0.003,4.106,0.0,0.003,0.0
0.568,0.003,4.007,0.0,0.007,0.0
0.568,0.003,4.872,0.0,0.006,0.0
0.568,0.003,4.982,0.0,-0.007,0.0
0.568,0.003,4.846,0.0,-0.015,0.0
0.568,0.003,5.143,0.0,-0.025,0.0
0.568,0.003,3.88,0.0,-0.011,0.0
0.568,0.003,3.77,0.0,0.007,0.0
0.568,0.003,5.464,0.0,-0.013,0.0
0.568,0.003,4.926,0.0,0.007,0.0
0.568,0.003,4.058,0.0,-0.006,0.0
0.568,0.003,5.027,0.0,-0.024,0.0
0.568,0.003,5.303,0.0,-0.003,0.0
0.568,0.003,5.084,0.0,-0.01,0.0
0.568,0.003,4.452,0.0,-0.007,0.0
0.568,0.003,5.665,0.0,-0.014,0.0
0.568,0.003,4.637,0.0,-0.014,0.0
0.568,0.003,4.417,0.0,-0.012,0.0
0.568,0.003,5.743,0.0,0.011,0.0
0.568,0.003,4.991,0.0,0.003,0.0
0.568,0.003,4.918,0.0,0.001,0.0
0.568,0.003,5.077,0.0,0.004,0.0
0.568,0.003,4.534,0.0,-0.012,0.0
0.568,0.003,5.13,0.0,-0.009,0.0
0.568,0.003,5.861,0.0,-0.017,0.0
0.568,0.003,5.416,0.0,0.005,0.0
0.568,0.003,5.011,0.0,-0.007,0.0
0.568,0.003,4.947,0.0,-0.017,0.0
0.568,0.003,3.265,0.0,0.015,0.0
0.568,0.003,5.286,0.0,0.01,0.0
0.568,0.003,4.937,0.0,0.023,0.0
0.568,0.003,4.738,0.0,-0.018,0.0
0.568,0.003,5.465,0.0,0.006,0.0
0.568,0.003,5.251,0.0,-0.011,0.0
0.568,0.003,5.868,0.0,-0.011,0.0
0.568,0.003,4.695,0.0,0.007,0.0
0.568,0.003,5.577,0.0,0.005,0.0
0.568,0.003,4.54,0.0,-0.003,0.0
0.568,0.003,5.671,0.0,-0.001,0.0
0.568,0.003,5.794,0.0,0.006,0.0
0.569,0.003,4.223,0.0,0.009,0.0
0.569,0.003,5.081,0.0,-0.008,0.0
0.569,0.003,5.633,0.0,-0.028,0.0
0.569,0.003,4.922,0.0,0.003,0.0
0.569,0.003,5.455,0.0,-0.017,0.0
0.569,0.003,4.858,0.0,-0.009,0.0
0.569,0.003,5.616,0.0,-0.008,0.0
0.569,0.003,4.071,0.0,0.01,0.0
0.569,0.003,4.542,0.0,-0.021,0.0
0.569,0.003,5.649,0.0,-0.003,0.0
0.569,0.003,4.097,0.0,-0.006,0.0
0.569,0.003,5.37,0.0,0.009,0.0
0.569,0.003,4.144,0.0,0.004,0.0
0.569,0.003,4.903,0.0,-0.0,0.0
0.569,0.003,4.334,0.0,0.0,0.0
0.569,0.003,4.78,0.0,-0.003,0.0
0.569,0.003,5.507,0.0,-0.012,0.0
0.569,0.003,4.59,0.0,-0.003,0.0
0.569,0.003,6.106,0.0,-0.016,0.0
0.569,0.003,5.261,0.0,-0.007,0.0
0.569,0.003,5.663,0.0,0.011,0.0
0.569,0.003,5.285,0.0,-0.011,0.0
0.569,0.003,6.146,0.0,-0.02,0.0
0.569,0.003,5.248,0.0,0.004,0.0
0.569,0.003,5.566,0.0,-0.018,0.0
0.569,0.003,4.479,0.0,0.022,0.0
0.569,0.003,4.746,0.0,-0.006,0.0
0.569,0.003,4.729,0.0,0.004,0.0
0.569,0.003,4.836,0.0,-0.019,0.0
0.569,0.003,4.641,0.0,0.006,0.0
0.569,0.003,5.755,0.0,0.004,0.0
0.569,0.003,6.346,0.0,-0.002,0.0
0.569,0.003,4.684,0.0,-0.026,0.0
0.569,0.003,3.698,0.0,0.006,0.0
0.569,0.003,4.975,0.0,0.001,0.0
0.569,0.003,5.932,0.0,-0.012,0.0
0.569,0.003,3.049,0.0,0.007,0.0
0.569,0.003,5.563,0.0,-0.022,0.0
0.569,0.003,4.9,0.0,-0.001,0.0
0.569,0.003,5.309,0.0,-0.019,0.0
0.569,0.003,4.249,0.0,-0.012,0.0
0.569,0.003,6.015,0.0,0.021,0.0
0.569,0.003,4.9,0.0,-0.002,0.0
0.569,0.003,4.578,0.0,-0.003,0.0
0.569,0.003,4.808,0.0,-0.013,0.0
0.569,0.003,3.831,0.0,-0.009,0.0
0.569,0.003,4.576,0.0,-0.021,0.0
0.569,0.003,5.656,0.0,-0.008,0.0
0.569,0.003,3.893,0.0,0.0,0.0
0.569,0.003,4.919,0.0,-0.008,0.0
0.569,0.003,4.728,0.0,-0.013,0.0
0.57,0.003,5.754,0.0,-0.004,0.0
0.57,0.003,4.617,0.0,0.03,0.0
0.57,0.003,4.863,0.0,-0.02,0.0
0.57,0.003,6.191,0.0,-0.012,0.0
0.57,0.003,5.185,0.0,-0.014,0.0
0.57,0.003,5.369,0.0,-0.012,0.0
0.57,0.003,4.882,0.0,-0.006,0.0
0.57,0.003,4.137,0.0,-0.019,0.0
0.57,0.003,5.35,0.0,-0.005,0.0
0.57,0.003,4.661,0.0,0.013,0.0
0.57,0.003,5.278,0.0,-0.006,0.0
0.57,0.003,4.689,0.0,0.008,0.0
0.57,0.003,5.698,0.0,-0.012,0.0
0.57,0.003,4.98,0.0,0.013,0.0
0.57,0.003,5.95,0.0,-0.019,0.0
0.57,0.003,4.553,0.0,-0.011,0.0
0.57,0.003,4.137,0.0,-0.016,0.0
0.57,0.003,4.552,0.0,-0.013,0.0
0.57,0.003,5.793,0.0,0.007,0.0
0.57,0.003,4.369,0.0,-0.026,0.0
0.57,0.003,5.863,0.0,-0.007,0.0
0.57,0.003,6.185,0.0,-0.023,0.0
0.57,0.003,5.561,0.0,0.001,0.0
0.57,0.003,4.239,0.0,-0.006,0.0
0.57,0.003,4.728,0.0,-0.002,0.0
0.57,0.003,4.714,0.0,-0.01,0.0
0.57,0.003,6.476,0.0,-0.012,0.0
0.57,0.003,5.527,0.0,0.005,0.0
0.57,0.003,5.396,0.0,-0.005,0.0
0.57,0.003,6.557,0.0,-0.018,0.0
0.57,0.003,6.566,0.0,0.008,0.0
0.57,0.003,4.824,0.0,0.022,0.0
0.57,0.003,4.078,0.0,0.012,0.0
0.57,0.003,4.057,0.0,0.002,0.0
0.57,0.003,5.432,0.0,0.004,0.0
0.57,0.003,3.868,0.0,-0.004,0.0
0.57,0.003,3.315,0.0,-0.006,0.0
0.57,0.003,4.438,0.0,-0.01,0.0
0.57,0.003,3.938,0.0,-0.01,0.0
0.57,0.003,4.814,0.0,0.006,0.0
0.57,0.003,7.687,0.0,-0.013,0.0
0.57,0.003,5.403,0.0,0.002,0.0
0.57,0.003,3.632,0.0,-0.017,0.0
0.57,0.003,4.782,0.0,0.007,0.0
0.57,0.003,5.265,0.0,-0.009,0.0
0.57,0.003,7.219,0.0,-0.023,0.0
0.57,0.003,3.306,0.0,-0.008,0.0
0.57,0.003,4.723,0.0,-0.018,0.0
0.57,0.003,5.697,0.0,0.004,0.0
0.57,0.003,5.259,0.0,-0.009,0.0
0.57,0.003,4.978,0.0,-0.014,0.0
0.57,0.003,5.011,0.0,0.015,0.0
0.57,0.003,5.54,0.0,0.017,0.0
0.57,0.003,4.56,0.0,-0.005,0.0
0.57,0.003,5.32,0.0,0.004,0.0
0.57,0.003,5.736,0.0,-0.012,0.0
0.57,0.003,4.614,0.0,-0.005,0.0
0.57,0.003,5.71,0.0,-0.013,0.0
0.57,0.003,4.234,0.0,-0.012,0.0
0.57,0.003,4.737,0.0,0.009,0.0
0.57,0.003,5.276,0.0,-0.02,0.0
0.57,0.003,5.509,0.0,-0.03,0.0
0.57,0.003,5.21,0.0,0.01,0.0
0.57,0.003,5.103,0.0,-0.015,0.0
0.571,0.003,4.977,0.0,-0.015,0.0
0.571,0.003,5.428,0.0,-0.001,0.0
0.571,0.003,5.081,0.0,-0.014,0.0
0.571,0.003,4.185,0.0,-0.014,0.0
0.571,0.003,5.515,0.0,-0.005,0.0
0.571,0.003,4.287,0.0,0.004,0.0
0.571,0.003,4.484,0.0,0.007,0.0
0.571,0.003,3.738,0.0,-0.019,0.0
0.571,0.003,4.292,0.0,-0.014,0.0
0.571,0.003,4.774,0.0,-0.011,0.0
0.571,0.003,5.13,0.0,-0.0,0.0
0.571,0.003,5.654,0.0,-0.022,0.0
0.571,0.003,5.447,0.0,-0.005,0.0
0.571,0.003,4.241,0.0,-0.003,0.0
0.571,0.003,5.355,0.0,-0.001,0.0
0.571,0.003,5.741,0.0,0.002,0.0
0.571,0.003,4.624,0.0,-0.022,0.0
0.571,0.003,5.591,0.0,-0.009,0.0
0.571,0.003,5.332,0.0,-0.001,0.0
0.571,0.003,5.692,0.0,-0.003,0.0
0.571,0.003,4.878,0.0,-0.011,0.0
0.571,0.003,4.694,0.0,-0.007,0.0
0.571,0.003,5.742,0.0,-0.004,0.0
0.571,0.003,5.329,0.0,-0.006,0.0
0.571,0.003,4.814,0.0,0.002,0.0
0.571,0.003,4.735,0.0,0.004,0.0
0.571,0.003,4.455,0.0,-0.024,0.0
0.571,0.003,3.779,0.0,-0.002,0.0
0.571,0.003,4.986,0.0,0.012,0.0
0.571,0.003,4.615,0.0,-0.02,0.0
0.571,0.003,4.609,0.0,-0.011,0.0
0.571,0.003,6.363,0.0,-0.027,0.0
0.571,0.003,5.359,0.0,0.004,0.0
0.571,0.003,5.489,0.0,-0.022,0.0
0.571,0.003,4.583,0.0,-0.014,0.0
0.571,0.003,5.825,0.0,-0.03,0.0
0.571,0.003,5.632,0.0,0.011,0.0
0.571,0.003,4.706,0.0,0.001,0.0
0.571,0.003,4.449,0.0,0.007,0.0
0.571,0.003,5.33,0.0,-0.016,0.0
0.571,0.003,4.25,0.0,-0.014,0.0
0.571,0.003,3.876,0.0,0.017,0.0
0.571,0.003,4.879,0.0,0.008,0.0
0.571,0.003,4.133,0.0,0.018,0.0
0.571,0.003,5.471,0.0,-0.012,0.0
0.571,0.003,4.367,0.0,-0.002,0.0
0.571,0.003,4.851,0.0,0.002,0.0
0.571,0.003,6.419,0.0,-0.009,0.0
0.571,0.003,4.848,0.0,0.013,0.0
0.571,0.003,4.207,0.0,-0.012,0.0
0.571,0.003,5.341,0.0,-0.005,0.0
0.571,0.003,4.903,0.0,-0.005,0.0
0.571,0.003,4.076,0.0,-0.007,0.0
0.571,0.003,3.772,0.0,-0.016,0.0
0.571,0.003,3.888,0.0,-0.006,0.0
0.571,0.003,4.004,0.0,-0.016,0.0
0.571,0.003,5.432,0.0,-0.024,0.0
0.571,0.003,4.061,0.0,0.006,0.0
0.572,0.003,5.085,0.0,0.013,0.0
0.572,0.003,6.244,0.0,-0.004,0.0
0.572,0.003,4.985,0.0,-0.013,0.0
0.572,0.003,4.951,0.0,-0.001,0.0
0.572,0.003,4.017,0.0,-0.02,0.0
0.572,0.003,5.031,0.0,-0.007,0.0
0.572,0.003,5.31,0.0,0.011,0.0
0.572,0.003,5.66,0.0,-0.023,0.0
0.572,0.003,5.997,0.0,0.0,0.0
0.572,0.003,4.612,0.0,-0.014,0.0
0.572,0.003,4.653,0.0,0.001,0.0
0.572,0.003,4.66,0.0,-0.008,0.0
0.572,0.003,4.713,0.0,-0.014,0.0
0.572,0.003,4.673,0.0,-0.027,0.0
0.572,0.003,4.771,0.0,-0.0,0.0
0.572,0.003,5.232,0.0,-0.01,0.0
0.572,0.003,4.516,0.0,0.006,0.0
0.572,0.003,5.037,0.0,-0.007,0.0
0.572,0.003,3.947,0.0,-0.014,0.0
0.572,0.003,4.125,0.0,0.001,0.0
0.572,0.003,4.056,0.0,0.006,0.0
0.572,0.007,4.868,0.0,-0.011,0.0
0.572,0.003,4.484,0.0,-0.013,0.0
0.572,0.003,4.831,0.0,-0.004,0.0
0.572,0.003,4.441,0.0,0.004,0.0
0.572,0.003,4.233,0.0,0.011,0.0
0.572,0.003,4.529,0.0,0.006,0.0
0.572,0.003,5.891,0.0,-0.023,0.0
0.572,0.003,6.223,0.0,-0.003,0.0
0.572,0.003,5.583,0.0,-0.029,0.0
0.572,0.003,4.923,0.0,0.011,0.0
0.572,0.003,5.136,0.0,-0.009,0.0
0.572,0.003,5.087,0.0,-0.002,0.0
0.572,0.003,4.477,0.0,-0.017,0.0
0.572,0.003,3.971,0.0,-0.015,0.0
0.572,0.003,3.96,0.0,-0.009,0.0
0.572,0.003,5.617,0.0,-0.011,0.0
0.572,0.003,5.271,0.0,-0.011,0.0
0.572,0.003,4.222,0.0,-0.006,0.0
0.572,0.003,4.21,0.0,-0.019,0.0
0.572,0.003,4.447,0.0,-0.006,0.0
0.572,0.003,5.628,0.0,-0.018,0.0
0.572,0.003,3.014,0.0,0.014,0.0
0.572,0.003,4.754,0.0,-0.002,0.0
0.572,0.003,5.381,0.0,0.008,0.0
0.572,0.003,4.882,0.0,-0.012,0.0
0.572,0.003,4.263,0.0,-0.009,0.0
0.572,0.003,5.825,0.0,0.011,0.0
0.572,0.003,4.246,0.0,0.005,0.0
0.572,0.003,4.933,0.0,0.006,0.0
0.572,0.003,6.152,0.0,-0.026,0.0
0.572,0.003,5.895,0.0,-0.0,0.0
0.572,0.003,3.262,0.0,-0.01,0.0
0.572,0.003,6.17,0.0,-0.006,0.0
0.572,0.003,4.696,0.0,0.0,0.0
0.572,0.003,5.103,0.0,-0.001,0.0
0.572,0.003,5.607,0.0,0.009,0.0
0.572,0.003,5.765,0.0,0.023,0.0
0.572,0.003,4.8,0.0,-0.008,0.0
0.573,0.003,5.215,0.0,0.009,0.0
0.573,0.003,5.131,0.0,-0.003,0.0
0.573,0.003,6.63,0.0,-0.025,0.0
0.573,0.003,4.994,0.0,0.001,0.0
0.573,0.003,5.27,0.0,0.004,0.0
0.573,0.003,4.685,0.0,-0.009,0.0
0.573,0.003,4.354,0.0,0.004,0.0
0.573,0.003,4.328,0.0,0.009,0.0
0.573,0.003,4.921,0.0,-0.009,0.0
0.573,0.003,4.806,0.0,-0.002,0.0
0.573,0.003,5.036,0.0,-0.016,0.0
0.573,0.003,5.751,0.0,0.014,0.0
0.573,0.003,4.344,0.0,-0.004,0.0
0.573,0.003,4.399,0.0,-0.015,0.0
0.573,0.003,6.932,0.0,-0.009,0.0
0.573,0.003,5.318,0.0,-0.011,0.0
0.573,0.003,5.22,0.0,-0.019,0.0
0.573,0.003,5.697,0.0,0.024,0.0
0.573,0.003,4.158,0.0,-0.013,0.0
0.573,0.003,4.762,0.0,-0.012,0.0
0.573,0.003,4.336,0.0,0.001,0.0
0.573,0.003,4.494,0.0,-0.01,0.0
0.573,0.003,5.365,0.0,0.002,0.0
0.573,0.003,3.984,0.0,-0.003,0.0
0.573,0.003,4.774,0.0,0.003,0.0
0.573,0.003,5.419,0.0,-0.003,0.0
0.573,0.003,5.436,0.0,0.004,0.0
0.573,0.003,4.312,0.0,-0.017,0.0
0.573,0.003,4.914,0.0,-0.014,0.0
0.573,0.003,5.23,0.0,-0.012,0.0
0.573,0.003,4.339,0.0,-0.013,0.0
0.573,0.003,4.447,0.0,0.001,0.0
0.573,0.003,5.609,0.0,-0.021,0.0
0.573,0.003,5.507,0.0,-0.006,0.0
0.573,0.003,4.35,0.0,-0.016,0.0
0.573,0.003,4.125,0.0,-0.001,0.0
0.573,0.003,3.628,0.0,-0.015,0.0
0.573,0.003,4.884,0.0,-0.0,0.0
0.573,0.003,4.539,0.0,-0.023,0.0
0.573,0.003,4.573,0.0,-0.005,0.0
0.573,0.003,2.745,0.0,-0.008,0.0
0.573,0.003,5.269,0.0,0.004,0.0
0.573,0.003,5.079,0.0,-0.003,0.0
0.573,0.003,5.004,0.0,-0.011,0.0
0.573,0.003,5.471,0.0,0.015,0.0
0.573,0.003,5.856,0.0,-0.004,0.0
0.573,0.003,5.635,0.0,-0.02,0.0
0.573,0.003,4.962,0.0,-0.0,0.0
0.573,0.003,4.853,0.0,-0.022,0.0
0.573,0.003,4.136,0.333,0.003,0.0
0.573,0.003,4.511,0.0,0.03,0.0
0.573,0.003,4.832,0.0,-0.001,0.0
0.573,0.003,5.348,0.0,-0.001,0.0
0.573,0.003,5.122,0.0,-0.012,0.0
0.573,0.003,5.356,0.0,0.008,0.0
0.573,0.003,4.888,0.0,-0.02,0.0
0.573,0.003,4.835,0.0,0.016,0.0
0.573,0.003,4.741,0.0,-0.024,0.0
0.573,0.003,6.659,0.0,-0.03,0.0
0.573,0.003,5.212,0.0,-0.029,0.0
0.574,0.003,5.481,0.0,-0.009,0.0
0.574,0.003,4.116,0.0,-0.017,0.0
0.574,0.003,4.766,0.0,-0.041,0.0
0.574,0.003,4.934,0.0,-0.008,0.0
0.574,0.003,4.967,0.0,-0.012,0.0
0.574,0.003,6.119,0.0,-0.02,0.0
0.574,0.003,4.537,0.0,-0.016,0.0
0.574,0.003,3.998,0.0,-0.005,0.0
0.574,0.003,4.477,0.0,-0.009,0.0
0.574,0.003,4.612,0.0,-0.012,0.0
0.574,0.003,6.218,0.0,0.016,0.0
0.574,0.003,4.748,0.0,-0.015,0.0
0.574,0.003,5.364,0.0,-0.005,0.0
0.574,0.003,5.304,0.0,0.001,0.0
0.574,0.003,7.111,0.0,-0.017,0.0
0.574,0.003,5.767,0.0,-0.002,0.0
0.574,0.003,5.396,0.0,-0.009,0.0
0.574,0.003,4.537,0.0,0.017,0.0
0.574,0.003,4.271,0.0,-0.016,0.0
0.574,0.003,4.379,0.0,-0.013,0.0
0.574,0.003,4.712,0.0,-0.021,0.0
0.574,0.003,5.257,0.0,-0.01,0.0
0.574,0.003,4.703,0.0,-0.009,0.0
0.574,0.003,5.956,0.0,-0.006,0.0
0.574,0.003,5.826,0.0,0.025,0.0
0.574,0.003,4.529,0.0,-0.012,0.0
0.574,0.003,5.448,0.0,0.013,0.0
0.574,0.003,5.399,0.0,-0.004,0.0
0.574,0.003,5.999,0.0,-0.014,0.0
0.574,0.003,5.22,0.0,-0.012,0.0
0.574,0.003,3.273,0.0,-0.01,0.0
0.574,0.003,4.287,0.0,-0.002,0.0
0.574,0.003,5.096,0.0,-0.006,0.0
0.574,0.003,5.293,0.0,-0.006,0.0
0.574,0.003,4.294,0.0,-0.014,0.0
0.574,0.003,4.537,0.0,-0.009,0.0
0.574,0.003,3.964,0.0,-0.018,0.0
0.574,0.003,4.162,0.0,-0.004,0.0
0.574,0.003,4.586,0.0,-0.008,0.0
0.574,0.003,5.249,0.0,-0.001,0.0
0.574,0.003,3.917,0.0,0.022,0.0
0.574,0.003,5.373,0.0,-0.012,0.0
0.574,0.003,4.183,0.0,-0.001,0.0
0.574,0.003,4.875,0.0,-0.03,0.0
0.574,0.003,4.212,0.0,-0.006,0.0
0.574,0.003,4.111,0.0,-0.01,0.0
0.574,0.003,4.581,0.0,-0.02,0.0
0.574,0.003,4.503,0.0,0.006,0.0
0.574,0.003,5.914,0.0,-0.003,0.0
0.574,0.003,5.063,0.0,0.011,0.0
0.574,0.003,4.748,0.0,0.011,0.0
0.574,0.003,4.707,0.0,-0.01,0.0
0.574,0.003,5.461,0.0,0.001,0.0
0.574,0.003,5.797,0.0,0.01,0.0
0.574,0.003,4.413,0.0,0.006,0.0
0.574,0.003,5.46,0.0,-0.0,0.0
0.574,0.003,4.222,0.0,-0.005,0.0
0.574,0.003,5.332,0.0,-0.01,0.0
0.575,0.003,4.418,0.0,-0.013,0.0
0.575,0.003,5.513,0.0,0.013,0.0
0.575,0.003,5.581,0.0,-0.009,0.0
0.575,0.003,4.068,0.0,-0.004,0.0
0.575,0.003,4.818,0.0,0.004,0.0
0.575,0.003,4.476,0.0,-0.007,0.0
0.575,0.003,5.696,0.0,-0.007,0.0
0.575,0.003,5.216,0.0,0.015,0.0
0.575,0.003,4.49,0.0,-0.004,0.0
0.575,0.003,6.198,0.0,-0.001,0.0
0.575,0.003,4.635,0.0,0.016,0.0
0.575,0.003,3.176,0.0,-0.007,0.0
0.575,0.003,3.864,0.0,-0.007,0.0
0.575,0.003,4.91,0.0,-0.02,0.0
0.575,0.003,5.89,0.0,0.016,0.0
0.575,0.003,5.572,0.0,-0.012,0.0
0.575,0.003,4.707,0.0,-0.002,0.0
0.575,0.003,5.455,0.0,-0.017,0.0
0.575,0.003,3.76,0.0,-0.008,0.0
0.575,0.003,4.444,0.0,-0.019,0.0
0.575,0.003,4.111,0.0,0.007,0.0
0.575,0.003,5.236,0.0,-0.011,0.0
0.575,0.003,4.196,0.0,-0.016,0.0
0.575,0.003,4.121,0.0,-0.007,0.0
0.575,0.003,4.702,0.0,0.002,0.0
0.575,0.003,5.48,0.0,-0.013,0.0
0.575,0.003,4.724,0.0,0.008,0.0
0.575,0.003,4.99,0.0,0.004,0.0
0.575,0.003,4.407,0.0,-0.0,0.0
0.575,0.003,5.173,0.0,-0.025,0.0
0.575,0.003,3.298,0.0,0.007,0.0
0.575,0.003,4.094,0.0,-0.011,0.0
0.575,0.003,4.085,0.0,-0.017,0.0
0.575,0.003,4.665,0.0,-0.006,0.0
0.575,0.003,4.467,0.0,0.02,0.0
0.575,0.003,4.043,0.0,-0.009,0.0
0.575,0.003,5.848,0.0,0.002,0.0
0.575,0.003,5.888,0.0,-0.018,0.0
0.575,0.003,4.745,0.0,-0.004,0.0
0.575,0.003,4.491,0.0,-0.008,0.0
0.575,0.003,5.944,0.0,-0.01,0.0
0.575,0.003,5.99,0.0,-0.023,0.0
0.575,0.003,5.804,0.0,-0.014,0.0
0.575,0.003,5.767,0.0,0.021,0.0
0.575,0.003,5.863,0.0,0.009,0.0
0.575,0.003,4.997,0.0,0.005,0.0
0.575,0.003,4.444,0.0,-0.0,0.0
0.575,0.003,5.233,0.0,-0.003,0.0
0.575,0.003,4.83,0.0,-0.007,0.0
0.575,0.003,4.732,0.0,0.003,0.0
0.575,0.003,4.502,0.0,-0.009,0.0
0.575,0.003,4.392,0.0,-0.005,0.0
0.575,0.003,5.948,0.0,0.017,0.0
0.576,0.003,4.676,0.0,-0.012,0.0
0.576,0.003,5.777,0.0,0.001,0.0
0.576,0.003,4.22,0.0,0.015,0.0
0.576,0.003,3.893,0.0,-0.006,0.0
0.576,0.003,5.823,0.0,-0.01,0.0
0.576,0.003,5.212,0.0,0.003,0.0
0.576,0.003,4.996,0.0,-0.007,0.0
0.576,0.003,6.502,0.0,-0.005,0.0
0.576,0.003,5.126,0.0,-0.008,0.0
0.576,0.003,4.257,0.0,-0.028,0.0
0.576,0.003,5.348,0.0,0.013,0.0
0.576,0.003,4.641,0.0,0.01,0.0
0.576,0.003,4.257,0.0,-0.006,0.0
0.576,0.003,4.495,0.0,0.011,0.0
0.576,0.003,4.763,0.0,-0.009,0.0
0.576,0.003,4.375,0.0,-0.016,0.0
0.576,0.003,5.059,0.0,-0.006,0.0
0.576,0.003,4.67,0.0,-0.008,0.0
0.576,0.003,5.333,0.0,0.002,0.0
0.576,0.003,4.639,0.0,-0.0,0.0
0.576,0.003,4.455,0.0,-0.009,0.0
0.576,0.003,4.63,0.0,-0.017,0.0
0.576,0.003,4.759,0.0,0.015,0.0
0.576,0.003,5.979,0.0,0.007,0.0
0.576,0.003,4.0,0.0,0.007,0.0
0.576,0.003,5.66,0.0,-0.018,0.0
0.576,0.003,5.274,0.0,0.019,0.0
0.576,0.003,5.784,0.0,0.01,0.0
0.576,0.003,3.407,0.0,0.002,0.0
0.576,0.003,5.608,0.0,-0.016,0.0
0.576,0.003,4.211,0.0,-0.0,0.0
0.576,0.003,3.291,0.0,0.025,0.0
0.576,0.003,4.25,0.0,-0.006,0.0
0.576,0.003,5.075,0.0,0.002,0.0
0.576,0.003,4.319,0.0,-0.007,0.0
0.576,0.003,4.899,0.0,-0.012,0.0
0.576,0.003,5.466,0.0,-0.012,0.0
0.576,0.003,5.964,0.0,-0.018,0.0
0.577,0.003,4.716,0.0,-0.007,0.0
0.577,0.003,5.249,0.0,-0.007,0.0
0.577,0.003,5.498,0.0,0.018,0.0
0.577,0.003,5.085,0.0,0.002,0.0
0.577,0.003,5.632,0.0,0.022,0.0
0.577,0.003,5.122,0.0,-0.007,0.0
0.577,0.003,4.683,0.0,-0.024,0.0
0.577,0.003,5.767,0.0,-0.022,0.0
0.577,0.003,4.959,0.0,0.003,0.0
0.577,0.003,5.962,0.0,0.002,0.0
0.577,0.003,5.205,0.0,-0.007,0.0
0.577,0.003,4.668,0.0,-0.014,0.0
0.577,0.003,5.027,0.0,-0.028,0.0
0.577,0.003,4.26,0.0,-0.012,0.0
0.577,0.003,6.044,0.0,-0.027,0.0
0.577,0.003,5.542,0.0,-0.009,0.0
0.577,0.003,4.38,0.0,0.001,0.0
0.577,0.003,5.101,0.0,-0.018,0.0
0.577,0.003,5.763,0.0,0.012,0.0
0.577,0.003,4.232,0.0,-0.008,0.0
0.577,0.003,4.477,0.0,-0.011,0.0
0.577,0.003,4.21,0.0,-0.022,0.0
0.577,0.003,6.113,0.0,-0.018,0.0
0.577,0.003,5.121,0.0,-0.01,0.0
0.577,0.003,4.87,0.0,-0.008,0.0
0.577,0.003,4.551,0.0,0.012,0.0
0.577,0.003,5.325,0.0,-0.003,0.0
0.577,0.003,4.757,0.0,0.002,0.0
0.577,0.003,5.031,0.0,-0.005,0.0
0.577,0.003,4.663,0.0,0.012,0.0
0.577,0.003,5.026,0.0,-0.004,0.0
0.577,0.003,4.392,0.0,-0.005,0.0
0.577,0.003,5.278,0.0,-0.008,0.0
0.577,0.003,5.921,0.0,-0.025,0.0
0.577,0.003,4.227,0.0,-0.006,0.0
0.577,0.003,4.999,0.0,-0.003,0.0
0.577,0.003,5.245,0.0,0.019,0.0
0.577,0.003,3.598,0.0,0.025,0.0
0.577,0.003,5.747,0.0,-0.018,0.0
0.577,0.003,6.044,0.0,-0.021,0.0
0.577,0.003,4.377,0.0,-0.009,0.0
0.577,0.003,4.701,0.0,-0.013,0.0
0.577,0.003,4.776,0.0,-0.0,0.0
0.577,0.003,3.908,0.0,-0.007,0.0
0.577,0.003,5.425,0.0,-0.022,0.0
0.577,0.003,5.572,0.0,-0.009,0.0
0.577,0.003,3.852,0.0,-0.024,0.0
0.577,0.003,4.684,0.0,-0.026,0.0
0.577,0.003,5.671,0.0,-0.001,0.0
0.577,0.003,5.751,0.0,-0.011,0.0
0.577,0.003,4.895,0.0,-0.002,0.0
0.578,0.003,4.336,0.0,0.003,0.0
0.578,0.003,4.865,0.0,-0.007,0.0
0.578,0.003,4.454,0.0,0.0,0.0
0.578,0.003,5.152,0.0,-0.019,0.0
0.578,0.003,5.605,0.0,-0.014,0.0
0.578,0.003,4.282,0.0,-0.022,0.0
0.578,0.003,5.404,0.0,-0.027,0.0
0.578,0.003,3.79,0.0,-0.003,0.0
0.578,0.003,4.802,0.0,0.012,0.0
0.578,0.003,4.991,0.0,-0.011,0.0
0.578,0.003,5.046,0.0,-0.001,0.0
0.578,0.003,5.269,0.0,0.009,0.0
0.578,0.003,4.967,0.0,-0.017,0.0
0.578,0.003,4.03,0.0,0.018,0.0
0.578,0.003,3.865,0.0,-0.02,0.0
0.578,0.003,4.675,0.0,-0.005,0.0
0.578,0.003,5.209,0.0,-0.002,0.0
0.578,0.003,4.729,0.0,-0.018,0.0
0.578,0.003,6.08,0.0,-0.013,0.0
0.578,0.003,5.407,0.0,-0.013,0.0
0.578,0.003,6.325,0.0,-0.014,0.0
0.578,0.003,4.772,0.0,0.017,0.0
0.578,0.003,5.19,0.0,-0.004,0.0
0.578,0.003,5.319,0.0,0.015,0.0
0.578,0.003,5.309,0.0,0.006,0.0
0.578,0.003,4.268,0.0,-0.015,0.0
0.578,0.003,5.233,0.0,0.025,0.0
0.578,0.003,4.769,0.0,-0.008,0.0
0.578,0.003,6.774,0.0,-0.006,0.0
0.578,0.003,3.807,0.0,0.013,0.0
0.578,0.003,4.843,0.0,0.001,0.0
0.578,0.003,4.714,0.0,-0.02,0.0
0.578,0.003,4.714,0.0,-0.0,0.0
0.578,0.003,5.786,0.0,0.003,0.0
0.578,0.003,5.547,0.0,-0.024,0.0
0.578,0.003,6.169,0.0,-0.022,0.0
0.578,0.003,5.394,0.0,-0.015,0.0
0.578,0.003,4.622,0.0,-0.023,0.0
0.578,0.003,5.686,0.0,-0.016,0.0
0.578,0.003,4.338,0.0,0.001,0.0
0.578,0.003,4.615,0.0,0.017,0.0
0.578,0.003,4.214,0.0,0.007,0.0
0.578,0.003,3.849,0.0,-0.013,0.0
0.578,0.003,6.624,0.0,-0.015,0.0
0.578,0.003,4.6,0.0,-0.004,0.0
0.578,0.003,4.895,0.0,0.002,0.0
0.578,0.003,5.391,0.0,-0.016,0.0
0.578,0.003,5.21,0.0,-0.015,0.0
0.578,0.003,4.53,0.0,-0.003,0.0
0.578,0.003,5.56,0.0,0.002,0.0
0.578,0.003,6.156,0.0,-0.022,0.0
0.578,0.003,5.503,0.0,-0.003,0.0
0.578,0.003,4.276,0.0,-0.019,0.0
0.578,0.003,5.449,0.0,-0.001,0.0
0.578,0.003,5.437,0.0,0.007,0.0
0.578,0.003,3.827,0.0,0.015,0.0
0.578,0.003,4.996,0.0,-0.001,0.0
0.578,0.003,4.476,0.0,-0.025,0.0
0.578,0.003,5.366,0.0,0.005,0.0
0.578,0.003,5.782,0.0,-0.019,0.0
0.578,0.003,4.459,0.0,-0.009,0.0
0.578,0.003,5.023,0.0,-0.006,0.0
0.578,0.003,4.206,0.0,0.004,0.0
0.578,0.003,4.886,0.0,-0.008,0.0
0.578,0.003,4.276,0.0,-0.005,0.0
0.579,0.003,4.707,0.0,0.004,0.0
0.579,0.003,4.805,0.0,0.01,0.0
0.579,0.003,5.216,0.0,-0.017,0.0
0.579,0.003,4.178,0.0,-0.013,0.0
0.579,0.003,4.583,0.0,-0.015,0.0
0.579,0.003,4.572,0.0,-0.015,0.0
0.579,0.003,6.086,0.0,-0.015,0.0
0.579,0.003,4.784,0.0,-0.002,0.0
0.579,0.003,4.133,0.0,-0.01,0.0
0.579,0.003,4.474,0.0,0.002,0.0
0.579,0.003,5.227,0.0,-0.002,0.0
0.579,0.003,4.463,0.0,-0.01,0.0
0.579,0.003,5.494,0.0,-0.008,0.0
0.579,0.003,5.541,0.0,0.001,0.0
0.579,0.003,4.824,0.0,0.006,0.0
0.579,0.003,6.141,0.0,-0.013,0.0
0.579,0.003,5.863,0.0,-0.012,0.0
0.579,0.003,4.073,0.0,-0.016,0.0
0.579,0.003,4.296,0.0,-0.005,0.0
0.579,0.003,5.62,0.0,-0.003,0.0
0.579,0.003,5.56,0.0,0.01,0.0
0.579,0.003,3.667,0.0,-0.01,0.0
0.579,0.003,4.712,0.0,0.015,0.0
0.579,0.003,3.75,0.0,-0.003,0.0
0.579,0.003,3.949,0.0,-0.003,0.0
0.579,0.003,4.364,0.0,-0.025,0.0
0.579,0.003,5.328,0.0,-0.017,0.0
0.579,0.003,4.028,0.0,0.009,0.0
0.579,0.003,4.041,0.0,-0.025,0.0
0.579,0.003,4.83,0.0,0.002,0.0
0.579,0.003,3.942,0.0,-0.014,0.0
0.579,0.003,4.716,0.0,0.005,0.0
0.579,0.003,5.321,0.0,-0.001,0.0
0.579,0.003,4.654,0.0,0.014,0.0
0.579,0.003,5.346,0.0,0.0,0.0
0.579,0.003,5.831,0.0,-0.023,0.0
0.579,0.003,4.818,0.0,0.002,0.0
0.579,0.003,4.726,0.0,-0.013,0.0
0.579,0.003,4.185,0.0,0.001,0.0
0.579,0.003,5.128,0.0,-0.011,0.0
0.579,0.003,5.869,0.0,0.022,0.0
0.579,0.003,4.825,0.0,-0.003,0.0
0.579,0.003,4.865,0.0,-0.009,0.0
0.579,0.003,4.778,0.0,-0.01,0.0
0.579,0.003,5.513,0.0,0.004,0.0
0.579,0.003,4.729,0.0,-0.001,0.0
0.579,0.003,4.166,0.0,0.002,0.0
0.579,0.003,4.385,0.0,-0.012,0.0
0.579,0.003,4.509,0.0,-0.022,0.0
0.579,0.003,5.418,0.0,-0.026,0.0
0.579,0.003,4.381,0.0,-0.023,0.0
0.58,0.003,4.406,0.0,0.009,0.0
0.58,0.003,3.496,0.0,-0.004,0.0
0.58,0.003,4.425,0.0,0.02,0.0
0.58,0.003,4.956,0.0,0.005,0.0
0.58,0.003,5.395,0.0,0.001,0.0
0.58,0.003,4.931,0.0,0.01,0.0
0.58,0.003,6.859,0.0,-0.028,0.0
0.58,0.003,4.82,0.0,-0.017,0.0
0.58,0.003,5.447,0.0,0.007,0.0
0.58,0.003,5.416,0.0,-0.007,0.0
0.58,0.003,5.225,0.0,-0.014,0.0
0.58,0.003,4.998,0.0,-0.008,0.0
0.58,0.003,4.762,0.0,0.005,0.0
0.58,0.003,5.85,0.0,0.002,0.0
0.58,0.003,4.068,0.0,-0.005,0.0
0.58,0.003,4.585,0.0,-0.016,0.0
0.58,0.003,4.293,0.0,-0.014,0.0
0.58,0.003,4.806,0.0,-0.021,0.0
0.58,0.003,4.755,0.0,0.006,0.0
0.58,0.003,4.443,0.0,-0.009,0.0
0.58,0.003,5.73,0.0,-0.015,0.0
0.58,0.003,5.138,0.0,-0.02,0.0
0.58,0.003,5.461,0.0,-0.011,0.0
0.58,0.003,5.855,0.0,-0.004,0.0
0.58,0.003,4.628,0.0,-0.004,0.0
0.58,0.003,4.363,0.0,0.004,0.0
0.58,0.003,5.378,0.0,-0.016,0.0
0.58,0.003,4.14,0.0,-0.018,0.0
0.58,0.003,5.777,0.0,-0.019,0.0
0.58,0.003,5.419,0.0,0.013,0.0
0.58,0.003,3.927,0.0,-0.0,0.0
0.58,0.003,3.575,0.0,0.013,0.0
0.58,0.003,4.963,0.0,-0.004,0.0
0.58,0.003,5.916,0.0,0.02,0.0
0.58,0.003,4.769,0.0,0.005,0.0
0.58,0.003,5.256,0.0,-0.004,0.0
0.58,0.003,5.073,0.0,0.001,0.0
0.58,0.003,6.445,0.0,-0.001,0.0
0.58,0.003,6.198,0.0,-0.0,0.0
0.58,0.003,5.519,0.0,0.004,0.0
0.58,0.003,4.935,0.0,-0.013,0.0
0.58,0.003,4.591,0.0,-0.008,0.0
0.58,0.003,4.615,0.0,0.02,0.0
0.58,0.003,4.197,0.0,0.01,0.0
0.58,0.003,5.659,0.0,-0.012,0.0
0.58,0.003,5.454,0.0,-0.006,0.0
0.58,0.003,5.518,0.0,-0.01,0.0
0.58,0.003,5.674,0.0,-0.003,0.0
0.58,0.003,4.337,0.0,-0.019,0.0
0.58,0.003,3.877,0.0,0.001,0.0
0.58,0.003,3.839,0.0,0.004,0.0
0.58,0.003,5.566,0.0,0.006,0.0
0.58,0.003,5.481,0.0,0.003,0.0
0.58,0.003,6.242,0.0,0.015,0.0
0.58,0.003,4.941,0.0,-0.002,0.0
0.58,0.003,4.363,0.0,-0.006,0.0
0.58,0.003,5.473,0.0,0.008,0.0
0.58,0.003,4.19,0.0,0.001,0.0
0.58,0.003,5.957,0.0,-0.008,0.0
0.58,0.003,4.682,0.0,0.005,0.0
0.58,0.003,4.477,0.0,-0.012,0.0
0.58,0.003,4.488,0.0,0.001,0.0
0.58,0.003,4.426,0.0,-0.005,0.0
0.58,0.003,4.729,0.0,-0.003,0.0
0.58,0.003,4.19,0.0,-0.013,0.0
0.58,0.003,4.79,0.0,-0.002,0.0
0.58,0.003,6.073,0.0,-0.026,0.0
0.58,0.003,4.245,0.0,-0.004,0.0
0.58,0.003,5.099,0.0,-0.008,0.0
0.58,0.003,5.21,0.0,0.013,0.0
0.581,0.003,4.716,0.0,0.02,0.0
0.581,0.003,5.321,0.0,-0.009,0.0
0.581,0.003,5.336,0.0,0.006,0.0
0.581,0.003,4.551,0.0,-0.011,0.0
0.581,0.003,5.092,0.0,-0.018,0.0
0.581,0.003,4.744,0.0,-0.016,0.0
0.581,0.003,5.795,0.0,-0.002,0.0
0.581,0.003,4.696,0.0,0.001,0.0
0.581,0.003,3.367,0.0,0.003,0.0
0.581,0.003,4.261,0.0,-0.029,0.0
0.581,0.003,3.962,0.0,0.002,0.0
0.581,0.003,4.994,0.0,0.005,0.0
0.581,0.003,4.482,0.0,-0.007,0.0
0.581,0.003,4.744,0.0,-0.025,0.0
0.581,0.003,5.44,0.0,0.013,0.0
0.581,0.003,7.013,0.0,-0.02,0.0
0.581,0.003,4.689,0.0,-0.005,0.0
0.581,0.003,5.102,0.0,0.014,0.0
0.581,0.003,5.391,0.0,0.005,0.0
0.581,0.003,4.013,0.0,0.003,0.0
0.581,0.003,4.682,0.0,0.015,0.0
0.581,0.003,5.614,0.0,-0.001,0.0
0.581,0.003,6.67,0.0,-0.013,0.0
0.581,0.003,4.432,0.0,0.002,0.0
0.581,0.003,5.272,0.0,0.03,0.0
0.581,0.003,5.796,0.0,0.01,0.0
0.581,0.003,5.462,0.0,-0.024,0.0
0.581,0.003,5.363,0.0,0.016,0.0
0.581,0.003,6.027,0.0,-0.009,0.0
0.581,0.003,3.835,0.0,0.0,0.0
0.581,0.003,3.8,0.0,-0.012,0.0
0.581,0.003,6.067,0.0,-0.013,0.0
0.581,0.003,5.072,0.0,-0.014,0.0
0.581,0.003,6.12,0.0,-0.005,0.0
0.581,0.003,4.856,0.0,-0.008,0.0
0.581,0.003,5.312,0.0,-0.011,0.0
0.581,0.003,4.711,0.0,0.0,0.0
0.582,0.003,5.905,0.0,-0.009,0.0
0.582,0.003,5.511,0.0,-0.023,0.0
0.582,0.003,4.963,0.0,-0.001,0.0
0.582,0.003,4.722,0.0,0.004,0.0
0.582,0.003,4.487,0.0,-0.001,0.0
0.582,0.003,5.655,0.0,-0.009,0.0
0.582,0.003,5.647,0.0,-0.0,0.0
0.582,0.003,4.082,0.0,0.01,0.0
0.582,0.003,4.199,0.0,-0.009,0.0
0.582,0.003,4.009,0.0,-0.02,0.0
0.582,0.003,5.293,0.0,-0.021,0.0
0.582,0.003,5.507,0.0,0.017,0.0
0.582,0.003,5.609,0.0,-0.001,0.0
0.582,0.003,5.062,0.0,-0.009,0.0
0.582,0.003,4.249,0.0,-0.025,0.0
0.582,0.003,4.903,0.0,0.001,0.0
0.582,0.003,4.133,0.0,-0.011,0.0
0.582,0.003,5.713,0.0,-0.003,0.0
0.582,0.003,5.312,0.0,-0.033,0.0
0.582,0.003,5.153,0.0,0.007,0.0
0.582,0.003,4.614,0.0,-0.042,0.0
0.582,0.003,5.497,0.0,0.023,0.0
0.582,0.003,4.507,0.0,-0.006,0.0
0.582,0.003,6.21,0.0,0.008,0.0
0.582,0.003,4.436,0.0,0.018,0.0
0.582,0.003,5.327,0.0,-0.008,0.0
0.582,0.003,5.65,0.0,0.026,0.0
0.582,0.003,5.109,0.0,-0.013,0.0
0.582,0.003,4.488,0.0,-0.008,0.0
0.582,0.003,5.319,0.0,0.008,0.0
0.582,0.003,5.544,0.0,-0.002,0.0
0.582,0.003,3.837,0.0,-0.019,0.0
0.582,0.003,5.731,0.0,-0.021,0.0
0.582,0.003,4.856,0.0,0.017,0.0
0.582,0.003,3.642,0.0,0.004,0.0
0.582,0.003,5.53,0.0,-0.01,0.0
0.582,0.003,4.318,0.0,-0.009,0.0
0.582,0.003,5.875,0.0,-0.024,0.0
0.582,0.003,5.528,0.0,0.004,0.0
0.582,0.003,5.02,0.0,-0.016,0.0
0.582,0.003,4.662,0.0,-0.009,0.0
0.582,0.003,4.854,0.0,-0.012,0.0
0.582,0.003,5.709,0.0,-0.021,0.0
0.583,0.003,5.175,0.0,-0.014,0.0
0.583,0.003,5.404,0.0,-0.003,0.0
0.583,0.003,5.507,0.0,0.016,0.0
0.583,0.003,5.3,0.0,0.007,0.0
0.583,0.003,4.794,0.0,-0.042,0.0
0.583,0.003,5.108,0.0,0.008,0.0
0.583,0.003,5.312,0.0,-0.009,0.0
0.583,0.003,3.867,0.0,0.019,0.0
0.583,0.003,5.079,0.0,-0.007,0.0
0.583,0.003,6.965,0.0,0.028,0.0
0.583,0.003,4.672,0.0,-0.008,0.0
0.583,0.003,7.067,0.0,-0.014,0.0
0.583,0.003,4.507,0.0,-0.009,0.0
0.583,0.003,4.826,0.0,0.002,0.0
0.583,0.003,4.676,0.0,0.001,0.0
0.583,0.003,2.984,0.0,-0.017,0.0
0.583,0.003,5.551,0.0,0.003,0.0
0.583,0.003,4.673,0.0,-0.017,0.0
0.583,0.003,4.345,0.0,-0.005,0.0
0.583,0.003,3.966,0.0,0.001,0.0
0.583,0.003,4.764,0.0,-0.018,0.0
0.583,0.003,4.384,0.0,-0.028,0.0
0.583,0.003,3.815,0.0,-0.006,0.0
0.583,0.003,5.146,0.0,0.003,0.0
0.583,0.003,4.502,0.0,-0.0,0.0
0.583,0.003,6.876,0.0,-0.019,0.0
0.583,0.003,5.431,0.0,-0.006,0.0
0.583,0.003,3.727,0.0,-0.019,0.0
0.583,0.003,6.043,0.0,-0.012,0.0
0.583,0.003,6.687,0.0,-0.009,0.0
0.583,0.003,5.975,0.0,-0.027,0.0
0.583,0.003,5.088,0.0,-0.011,0.0
0.583,0.003,3.735,0.0,0.013,0.0
0.583,0.003,4.716,0.0,-0.007,0.0
0.583,0.003,3.998,0.0,-0.015,0.0
0.583,0.003,3.749,0.0,0.011,0.0
0.583,0.003,5.966,0.0,0.01,0.0
0.583,0.003,4.892,0.0,-0.001,0.0
0.583,0.003,4.981,0.0,-0.011,0.0
0.583,0.003,4.694,0.0,-0.021,0.0
0.583,0.003,3.929,0.0,0.011,0.0
0.583,0.003,6.37,0.0,-0.028,0.0
0.583,0.003,4.231,0.0,0.007,0.0
0.583,0.003,6.339,0.0,-0.01,0.0
0.583,0.003,6.965,0.0,0.0,0.0
0.583,0.003,3.573,0.0,-0.01,0.0
0.583,0.003,6.412,0.0,-0.018,0.0
0.583,0.003,4.635,0.0,-0.008,0.0
0.583,0.003,4.507,0.0,0.017,0.0
0.583,0.003,6.124,0.0,0.002,0.0
0.583,0.003,5.982,0.0,-0.007,0.0
0.583,0.003,5.429,0.0,0.008,0.0
0.583,0.003,4.933,0.0,-0.003,0.0
0.583,0.003,3.581,0.0,-0.012,0.0
0.583,0.003,5.339,0.0,-0.005,0.0
0.583,0.003,5.928,0.0,0.009,0.0
0.583,0.003,6.384,0.0,0.02,0.0
0.583,0.003,4.659,0.0,-0.011,0.0
0.584,0.003,4.805,0.0,-0.003,0.0
0.584,0.003,5.039,0.0,-0.002,0.0
0.584,0.003,4.018,0.0,-0.006,0.0
0.584,0.003,5.478,0.0,-0.03,0.0
0.584,0.003,4.495,0.0,0.004,0.0
0.584,0.003,3.926,0.0,-0.013,0.0
0.584,0.003,4.788,0.0,0.004,0.0
0.584,0.003,5.042,0.0,-0.003,0.0
0.584,0.003,5.723,0.0,-0.024,0.0
0.584,0.003,4.299,0.0,0.013,0.0
0.584,0.003,6.454,0.0,-0.003,0.0
0.584,0.003,6.56,0.0,-0.012,0.0
0.584,0.003,6.011,0.0,0.0,0.0
0.584,0.003,5.564,0.0,-0.019,0.0
0.584,0.003,6.386,0.0,-0.014,0.0
0.584,0.003,6.346,0.0,0.009,0.0
0.584,0.003,5.72,0.0,-0.008,0.0
0.584,0.003,3.737,0.0,0.002,0.0
0.584,0.003,4.758,0.0,-0.023,0.0
0.584,0.003,5.778,0.0,-0.013,0.0
0.584,0.003,5.645,0.0,-0.007,0.0
0.584,0.003,5.988,0.0,-0.04,0.0
0.584,0.003,4.488,0.0,0.01,0.0
0.584,0.003,5.9,0.0,0.005,0.0
0.584,0.003,5.781,0.0,0.002,0.0
0.584,0.003,4.465,0.0,0.014,0.0
0.584,0.003,4.265,0.0,-0.015,0.0
0.584,0.003,5.758,0.0,-0.002,0.0
0.584,0.003,3.699,0.0,0.002,0.0
0.584,0.003,5.415,0.0,-0.004,0.0
0.584,0.003,3.74,0.0,-0.008,0.0
0.584,0.003,5.604,0.0,-0.019,0.0
0.584,0.003,4.589,0.0,-0.006,0.0
0.584,0.003,5.439,0.0,0.009,0.0
0.584,0.003,5.727,0.0,-0.001,0.0
0.584,0.003,4.341,0.0,-0.005,0.0
0.584,0.003,4.8,0.0,0.012,0.0
0.584,0.003,4.779,0.0,0.001,0.0
0.584,0.003,5.875,0.0,0.009,0.0
0.584,0.003,4.848,0.0,-0.017,0.0
0.584,0.003,5.444,0.0,-0.022,0.0
0.584,0.003,4.89,0.0,-0.016,0.0
0.584,0.003,6.437,0.0,-0.006,0.0
0.584,0.003,5.548,0.0,-0.002,0.0
0.585,0.003,4.996,0.0,-0.002,0.0
0.585,0.003,6.186,0.0,-0.017,0.0
0.585,0.003,4.482,0.0,0.001,0.0
0.585,0.003,4.693,0.0,-0.012,0.0
0.585,0.003,2.874,0.0,0.002,0.0
0.585,0.003,4.68,0.0,-0.008,0.0
0.585,0.003,4.62,0.0,-0.011,0.0
0.585,0.003,4.406,0.0,-0.012,0.0
0.585,0.003,6.088,0.0,-0.003,0.0
0.585,0.003,4.806,0.0,0.009,0.0
0.585,0.003,4.971,0.0,0.022,0.0
0.585,0.003,4.537,0.0,-0.009,0.0
0.585,0.003,4.949,0.0,-0.002,0.0
0.585,0.003,5.383,0.0,-0.022,0.0
0.585,0.003,5.193,0.0,-0.02,0.0
0.585,0.003,4.403,0.0,0.004,0.0
0.585,0.003,4.833,0.0,-0.003,0.0
0.585,0.003,5.333,0.0,-0.016,0.0
0.585,0.003,4.628,0.0,-0.03,0.0
0.585,0.003,5.7,0.0,0.012,0.0
0.585,0.003,6.11,0.0,-0.005,0.0
0.585,0.003,4.749,0.0,-0.02,0.0
0.585,0.003,4.583,0.0,-0.006,0.0
0.585,0.003,4.138,0.0,0.023,0.0
0.585,0.003,4.663,0.0,0.01,0.0
0.585,0.003,5.253,0.0,-0.019,0.0
0.585,0.003,4.22,0.0,0.003,0.0
0.585,0.003,6.716,0.0,-0.011,0.0
0.585,0.003,6.645,0.0,0.019,0.0
0.585,0.003,4.791,0.0,-0.005,0.0
0.585,0.003,6.06,0.0,-0.001,0.0
0.585,0.003,5.281,0.0,0.003,0.0
0.585,0.003,4.486,0.0,-0.011,0.0
0.585,0.003,5.886,0.0,-0.01,0.0
0.585,0.003,4.992,0.0,-0.014,0.0
0.585,0.003,4.043,0.0,-0.008,0.0
0.585,0.003,4.532,0.0,0.004,0.0
0.585,0.003,5.452,0.0,0.003,0.0
0.585,0.003,4.514,0.0,-0.006,0.0
0.585,0.003,5.528,0.0,-0.019,0.0
0.585,0.003,6.298,0.0,-0.016,0.0
0.585,0.003,4.201,0.0,-0.015,0.0
0.585,0.003,5.413,0.0,0.018,0.0
0.585,0.003,4.407,0.0,-0.008,0.0
0.585,0.003,4.387,0.0,-0.004,0.0
0.585,0.003,4.919,0.0,-0.008,0.0
0.585,0.003,4.764,0.0,-0.01,0.0
0.585,0.003,5.333,0.0,-0.025,0.0
0.585,0.003,4.222,0.0,-0.006,0.0
0.585,0.003,6.056,0.0,0.002,0.0
0.585,0.003,4.659,0.0,-0.001,0.0
0.585,0.003,5.369,0.0,-0.028,0.0
0.585,0.003,3.897,0.0,0.02,0.0
0.585,0.003,3.951,0.0,-0.005,0.0
0.585,0.003,4.896,0.0,0.001,0.0
0.585,0.003,5.651,0.0,-0.007,0.0
0.585,0.003,4.934,0.0,-0.01,0.0
0.585,0.003,4.959,0.0,0.009,0.0
0.585,0.003,4.858,0.0,-0.025,0.0
0.585,0.003,5.334,0.0,-0.03,0.0
0.585,0.003,4.776,0.0,-0.002,0.0
0.585,0.003,5.922,0.0,-0.02,0.0
0.585,0.003,5.474,0.0,-0.003,0.0
0.585,0.003,6.195,0.0,0.019,0.0
0.585,0.003,4.104,0.0,0.014,0.0
0.585,0.003,5.336,0.0,0.002,0.0
0.585,0.003,4.523,0.0,-0.0,0.0
0.585,0.003,3.833,0.0,-0.013,0.0
0.586,0.003,5.674,0.0,-0.006,0.0
0.586,0.003,3.538,0.0,-0.018,0.0
0.586,0.003,4.453,0.0,-0.016,0.0
0.586,0.003,4.631,0.0,-0.021,0.0
0.586,0.003,4.802,0.0,0.017,0.0
0.586,0.003,6.563,0.0,-0.008,0.0
0.586,0.003,4.699,0.0,0.002,0.0
0.586,0.003,5.596,0.0,0.022,0.0
0.586,0.003,4.777,0.0,-0.018,0.0
0.586,0.003,5.74,0.0,-0.011,0.0
0.586,0.003,5.707,0.0,-0.023,0.0
0.586,0.003,4.785,0.0,-0.023,0.0
0.586,0.003,4.622,0.0,0.011,0.0
0.586,0.003,4.123,0.0,-0.007,0.0
0.586,0.003,4.811,0.0,-0.008,0.0
0.586,0.003,4.622,0.0,0.002,0.0
0.586,0.003,4.364,0.0,0.003,0.0
0.586,0.003,6.277,0.0,0.001,0.0
0.586,0.003,5.42,0.0,-0.003,0.0
0.586,0.003,4.857,0.0,-0.012,0.0
0.586,0.003,5.596,0.0,-0.032,0.0
0.586,0.003,5.315,0.0,0.001,0.0
0.586,0.003,3.617,0.0,0.025,0.0
0.586,0.003,4.949,0.0,-0.005,0.0
0.586,0.003,4.674,0.0,-0.015,0.0
0.586,0.003,5.213,0.0,-0.016,0.0
0.586,0.003,4.73,0.0,-0.007,0.0
0.586,0.003,4.858,0.0,0.013,0.0
0.586,0.003,4.194,0.0,-0.004,0.0
0.586,0.003,4.464,0.0,-0.008,0.0
0.586,0.003,3.769,0.0,0.015,0.0
0.586,0.003,5.325,0.0,-0.025,0.0
0.586,0.003,4.403,0.0,-0.014,0.0
0.586,0.003,5.177,0.0,-0.012,0.0
0.586,0.003,6.112,0.0,-0.0,0.0
0.586,0.003,5.124,0.0,0.008,0.0
0.586,0.003,5.431,0.0,-0.016,0.0
0.586,0.003,6.999,0.0,-0.014,0.0
0.586,0.003,4.442,0.0,0.0,0.0
0.586,0.003,5.319,0.0,-0.027,0.0
0.586,0.003,4.665,0.0,0.019,0.0
0.586,0.003,3.914,0.0,0.007,0.0
0.586,0.003,3.912,0.0,0.007,0.0
0.586,0.003,5.055,0.0,-0.0,0.0
0.586,0.003,5.652,0.0,0.017,0.0
0.586,0.003,5.042,0.0,-0.004,0.0
0.587,0.003,4.653,0.0,0.001,0.0
0.587,0.003,4.907,0.0,0.015,0.0
0.587,0.003,6.116,0.0,-0.027,0.0
0.587,0.003,5.157,0.0,-0.013,0.0
0.587,0.003,5.264,0.0,-0.005,0.0
0.587,0.003,5.082,0.0,-0.012,0.0
0.587,0.003,5.671,0.0,0.006,0.0
0.587,0.003,5.104,0.0,-0.019,0.0
0.587,0.003,5.772,0.0,0.002,0.0
0.587,0.003,5.813,0.0,-0.002,0.0
0.587,0.003,4.398,0.0,-0.001,0.0
0.587,0.003,5.786,0.0,-0.007,0.0
0.587,0.003,5.397,0.0,-0.002,0.0
0.587,0.003,4.349,0.0,0.001,0.0
0.587,0.003,5.147,0.0,-0.005,0.0
0.587,0.003,4.63,0.0,-0.02,0.0
0.587,0.003,5.7,0.0,-0.014,0.0
0.587,0.003,4.275,0.0,0.0,0.0
0.587,0.003,5.107,0.0,0.034,0.0
0.587,0.003,4.01,0.0,0.014,0.0
0.587,0.003,5.197,0.0,-0.002,0.0
0.587,0.003,5.479,0.0,0.005,0.0
0.587,0.003,4.418,0.0,0.001,0.0
0.587,0.003,4.205,0.0,0.005,0.0
0.587,0.003,5.411,0.0,-0.034,0.0
0.587,0.003,4.64,0.0,-0.002,0.0
0.587,0.003,6.282,0.0,-0.02,0.0
0.587,0.003,4.018,0.0,-0.021,0.0
0.587,0.003,6.031,0.0,0.002,0.0
0.587,0.003,5.796,0.0,0.013,0.0
0.587,0.003,4.024,0.0,0.001,0.0
0.587,0.003,5.585,0.0,-0.01,0.0
0.587,0.003,5.897,0.0,-0.012,0.0
0.587,0.003,5.021,0.0,-0.018,0.0
0.587,0.003,3.839,0.0,-0.02,0.0
0.587,0.003,5.234,0.0,-0.009,0.0
0.587,0.003,4.147,0.0,-0.01,0.0
0.587,0.003,5.179,0.0,-0.02,0.0
0.587,0.003,3.305,0.0,0.008,0.0
0.587,0.003,5.412,0.0,0.006,0.0
0.587,0.003,4.325,0.0,-0.003,0.0
0.587,0.003,5.198,0.0,-0.016,0.0
0.587,0.003,5.109,0.0,0.001,0.0
0.587,0.003,4.59,0.0,-0.026,0.0
0.587,0.003,5.66,0.0,-0.013,0.0
0.587,0.003,5.999,0.0,-0.004,0.0
0.587,0.003,5.617,0.0,0.018,0.0
0.587,0.003,5.037,0.0,-0.019,0.0
0.587,0.003,3.578,0.0,0.009,0.0
0.587,0.003,5.676,0.0,-0.009,0.0
0.587,0.003,4.012,0.0,-0.005,0.0
0.587,0.003,5.519,0.0,-0.011,0.0
0.587,0.003,5.709,0.0,0.004,0.0
0.587,0.003,6.002,0.0,0.001,0.0
0.587,0.003,4.202,0.0,0.018,0.0
0.587,0.003,4.948,0.0,0.008,0.0
0.587,0.003,4.196,0.0,-0.011,0.0
0.587,0.003,4.616,0.0,-0.004,0.0
0.587,0.003,4.805,0.0,-0.015,0.0
0.587,0.003,4.439,0.0,-0.009,0.0
0.587,0.003,4.141,0.0,-0.021,0.0
0.588,0.003,6.229,0.0,-0.024,0.0
0.588,0.003,5.018,0.0,-0.009,0.0
0.588,0.003,3.442,0.0,0.006,0.0
0.588,0.003,6.157,0.0,0.013,0.0
0.588,0.003,5.34,0.0,-0.001,0.0
0.588,0.003,4.196,0.0,-0.002,0.0
0.588,0.003,5.472,0.0,0.003,0.0
0.588,0.003,5.044,0.0,-0.008,0.0
0.588,0.003,4.155,0.0,-0.002,0.0
0.588,0.003,5.259,0.0,-0.005,0.0
0.588,0.003,5.102,0.0,-0.006,0.0
0.588,0.003,3.663,0.0,0.006,0.0
0.588,0.003,5.003,0.0,-0.002,0.0
0.588,0.003,5.692,0.0,-0.003,0.0
0.588,0.003,4.581,0.0,0.016,0.0
0.588,0.003,5.371,0.0,-0.019,0.0
0.588,0.003,6.279,0.0,0.009,0.0
0.588,0.003,4.881,0.0,0.002,0.0
0.588,0.003,4.795,0.0,0.004,0.0
0.588,0.003,5.01,0.0,0.017,0.0
0.588,0.003,4.311,0.0,-0.002,0.0
0.588,0.003,7.031,0.0,-0.013,0.0
0.588,0.003,4.516,0.0,0.01,0.0
0.588,0.003,4.128,0.0,-0.016,0.0
0.588,0.003,4.168,0.0,-0.018,0.0
0.588,0.003,4.842,0.0,0.002,0.0
0.588,0.003,5.192,0.0,-0.0,0.0
0.588,0.003,5.604,0.0,0.002,0.0
0.588,0.003,4.226,0.0,-0.001,0.0
0.588,0.003,4.283,0.0,0.005,0.0
0.588,0.003,5.117,0.0,0.009,0.0
0.588,0.003,4.378,0.0,0.002,0.0
0.588,0.003,6.437,0.0,-0.007,0.0
0.588,0.003,5.239,0.0,0.003,0.0
0.588,0.003,6.183,0.0,0.016,0.0
0.588,0.003,4.551,0.0,-0.012,0.0
0.588,0.003,4.856,0.0,0.001,0.0
0.588,0.003,5.417,0.0,-0.006,0.0
0.588,0.003,4.812,0.0,-0.012,0.0
0.588,0.003,5.939,0.0,-0.015,0.0
0.588,0.003,5.975,0.0,-0.014,0.0
0.588,0.003,6.397,0.0,0.006,0.0
0.588,0.003,4.628,0.0,-0.008,0.0
0.588,0.003,4.706,0.0,-0.007,0.0
0.588,0.003,4.61,0.0,-0.021,0.0
0.588,0.003,5.593,0.0,-0.016,0.0
0.588,0.003,5.541,0.0,-0.004,0.0
0.588,0.003,6.626,0.0,-0.018,0.0
0.588,0.003,4.05,0.0,-0.019,0.0
0.588,0.003,4.979,0.0,0.01,0.0
0.588,0.003,5.352,0.0,-0.01,0.0
0.588,0.003,5.128,0.0,0.009,0.0
0.588,0.003,4.152,0.0,0.006,0.0
0.588,0.003,3.546,0.0,-0.012,0.0
0.588,0.003,4.005,0.0,0.024,0.0
0.588,0.003,5.129,0.0,-0.014,0.0
0.588,0.003,4.857,0.0,-0.013,0.0
0.588,0.003,4.635,0.0,0.014,0.0
0.588,0.003,4.998,0.0,-0.006,0.0
0.589,0.003,5.343,0.0,-0.016,0.0
0.589,0.003,5.567,0.0,0.026,0.0
0.589,0.003,4.553,0.0,-0.019,0.0
0.589,0.003,5.505,0.0,0.009,0.0
0.589,0.003,3.969,0.0,-0.014,0.0
0.589,0.003,4.911,0.0,-0.001,0.0
0.589,0.003,5.033,0.0,0.014,0.0
0.589,0.003,5.741,0.0,0.0,0.0
0.589,0.003,5.81,0.0,-0.013,0.0
0.589,0.003,4.7,0.0,-0.017,0.0
0.589,0.003,4.805,0.0,-0.005,0.0
0.589,0.003,4.922,0.0,0.016,0.0
0.589,0.003,5.031,0.0,-0.021,0.0
0.589,0.003,5.403,0.0,0.013,0.0
0.589,0.003,3.861,0.0,-0.001,0.0
0.589,0.003,6.134,0.0,-0.009,0.0
0.589,0.003,4.381,0.0,-0.007,0.0
0.589,0.003,6.161,0.0,0.002,0.0
0.589,0.003,5.793,0.0,-0.009,0.0
0.589,0.003,5.065,0.0,-0.006,0.0
0.589,0.003,3.134,0.0,0.009,0.0
0.589,0.003,4.465,0.0,0.01,0.0
0.589,0.003,3.784,0.0,-0.024,0.0
0.589,0.003,5.089,0.0,-0.003,0.0
0.589,0.003,4.599,0.0,-0.016,0.0
0.589,0.003,5.003,0.0,0.002,0.0
0.589,0.003,6.142,0.0,-0.034,0.0
0.589,0.003,5.023,0.0,-0.026,0.0
0.589,0.003,5.974,0.0,0.015,0.0
0.589,0.003,5.229,0.0,0.007,0.0
0.589,0.003,6.0,0.0,-0.0,0.0
0.589,0.003,5.55,0.0,-0.024,0.0
0.589,0.003,4.713,0.0,-0.018,0.0
0.589,0.003,4.402,0.0,-0.012,0.0
0.589,0.003,6.112,0.0,-0.024,0.0
0.589,0.003,5.021,0.0,0.001,0.0
0.589,0.003,4.399,0.0,-0.012,0.0
0.589,0.003,4.884,0.0,-0.014,0.0
0.589,0.003,4.882,0.0,-0.001,0.0
0.589,0.003,6.124,0.0,-0.014,0.0
0.589,0.003,2.991,0.0,0.018,0.0
0.589,0.003,5.542,0.0,0.006,0.0
0.589,0.003,6.686,0.0,-0.009,0.0
0.589,0.003,4.874,0.0,-0.006,0.0
0.589,0.003,4.74,0.0,-0.014,0.0
0.589,0.003,4.782,0.0,0.016,0.0
0.589,0.003,5.164,0.0,-0.019,0.0
0.589,0.003,3.967,0.0,-0.018,0.0
0.59,0.003,4.248,0.0,-0.016,0.0
0.59,0.003,5.572,0.0,0.015,0.0
0.59,0.003,4.693,0.0,-0.007,0.0
0.59,0.003,5.372,0.0,-0.011,0.0
0.59,0.003,4.581,0.0,-0.021,0.0
0.59,0.003,5.86,0.0,0.022,0.0
0.59,0.003,5.152,0.0,0.0,0.0
0.59,0.003,4.722,0.0,-0.011,0.0
0.59,0.003,4.892,0.0,-0.011,0.0
0.59,0.003,5.229,0.0,-0.015,0.0
0.59,0.003,5.81,0.0,-0.018,0.0
0.59,0.003,6.642,0.0,0.009,0.0
0.59,0.003,5.335,0.0,-0.008,0.0
0.59,0.003,6.213,0.0,-0.009,0.0
0.59,0.003,4.135,0.0,-0.002,0.0
0.59,0.003,4.754,0.0,-0.02,0.0
0.59,0.003,4.179,0.0,0.016,0.0
0.59,0.003,5.33,0.0,-0.005,0.0
0.59,0.003,4.303,0.0,0.008,0.0
0.59,0.003,5.803,0.0,-0.017,0.0
0.59,0.003,5.333,0.0,-0.008,0.0
0.59,0.003,4.697,0.0,-0.012,0.0
0.59,0.003,4.854,0.0,-0.009,0.0
0.59,0.003,4.171,0.0,0.009,0.0
0.59,0.003,5.793,0.0,-0.02,0.0
0.59,0.003,4.691,0.0,0.015,0.0
0.59,0.003,4.179,0.0,0.007,0.0
0.59,0.003,5.974,0.0,-0.015,0.0
0.59,0.003,5.129,0.0,-0.027,0.0
0.59,0.003,4.758,0.0,0.019,0.0
0.59,0.003,4.458,0.0,-0.007,0.0
0.59,0.003,3.674,0.0,-0.007,0.0
0.59,0.003,6.059,0.0,-0.012,0.0
0.59,0.003,5.592,0.0,-0.007,0.0
0.59,0.003,5.629,0.0,-0.013,0.0
0.59,0.003,3.246,0.0,-0.002,0.0
0.59,0.003,5.084,0.0,-0.013,0.0
0.59,0.003,6.542,0.0,-0.022,0.0
0.59,0.003,4.638,0.0,0.006,0.0
0.59,0.003,4.353,0.0,-0.007,0.0
0.59,0.003,5.379,0.0,-0.01,0.0
0.59,0.003,4.413,0.0,0.019,0.0
0.59,0.003,4.728,0.0,-0.015,0.0
0.59,0.003,4.695,0.0,-0.008,0.0
0.59,0.003,5.504,0.0,-0.01,0.0
0.59,0.003,4.479,0.0,-0.019,0.0
0.59,0.003,5.006,0.0,-0.01,0.0
0.591,0.003,4.399,0.0,-0.008,0.0
0.591,0.003,4.677,0.0,-0.006,0.0
0.591,0.003,5.118,0.0,0.012,0.0
0.591,0.003,5.373,0.0,-0.002,0.0
0.591,0.003,5.748,0.0,0.017,0.0
0.591,0.003,4.19,0.0,-0.004,0.0
0.591,0.003,6.069,0.0,-0.005,0.0
0.591,0.003,4.495,0.0,-0.017,0.0
0.591,0.003,6.109,0.0,-0.006,0.0
0.591,0.003,4.953,0.0,-0.003,0.0
0.591,0.003,4.482,0.0,0.02,0.0
0.591,0.003,4.238,0.0,-0.004,0.0
0.591,0.003,4.59,0.0,-0.001,0.0
0.591,0.003,5.624,0.0,-0.004,0.0
0.591,0.003,4.34,0.0,-0.014,0.0
0.591,0.003,4.744,0.0,0.023,0.0
0.591,0.003,4.437,0.0,0.008,0.0
0.591,0.003,4.5,0.0,-0.011,0.0
0.591,0.003,4.582,0.0,0.001,0.0
0.591,0.003,5.086,0.0,0.024,0.0
0.591,0.003,5.63,0.0,-0.023,0.0
0.591,0.003,5.017,0.0,0.004,0.0
0.591,0.003,5.499,0.0,-0.019,0.0
0.591,0.003,4.669,0.0,-0.005,0.0
0.591,0.003,4.445,0.0,0.002,0.0
0.591,0.003,4.407,0.0,-0.013,0.0
0.591,0.003,5.512,0.0,-0.016,0.0
0.591,0.003,4.871,0.0,-0.016,0.0
0.591,0.003,5.568,0.0,0.002,0.0
0.591,0.003,5.543,0.0,-0.015,0.0
0.591,0.003,5.807,0.0,-0.002,0.0
0.591,0.003,4.732,0.0,-0.009,0.0
0.591,0.003,5.833,0.0,0.012,0.0
0.591,0.003,3.972,0.0,0.002,0.0
0.591,0.003,5.253,0.0,0.028,0.0
0.591,0.003,4.444,0.0,0.01,0.0
0.591,0.003,4.919,0.0,-0.01,0.0
0.591,0.003,5.314,0.0,0.011,0.0
0.591,0.003,4.143,0.0,-0.003,0.0
0.591,0.003,4.893,0.0,-0.01,0.0
0.591,0.003,5.035,0.0,-0.004,0.0
0.591,0.003,3.833,0.0,0.006,0.0
0.591,0.003,7.519,0.0,-0.006,0.0
0.591,0.003,5.471,0.0,-0.007,0.0
0.591,0.003,4.202,0.0,-0.02,0.0
0.591,0.003,4.742,0.0,0.001,0.0
0.591,0.003,4.704,0.0,-0.012,0.0
0.591,0.003,6.228,0.0,-0.004,0.0
0.591,0.003,5.964,0.0,0.012,0.0
0.591,0.003,4.879,0.0,-0.021,0.0
0.591,0.003,5.893,0.0,-0.01,0.0
0.591,0.003,5.216,0.0,-0.01,0.0
0.591,0.003,4.877,0.0,-0.001,0.0
0.591,0.003,5.841,0.0,-0.011,0.0
0.591,0.003,6.868,0.0,-0.02,0.0
0.591,0.003,5.397,0.0,-0.005,0.0
0.591,0.003,3.816,0.0,-0.019,0.0
0.591,0.003,5.614,0.0,-0.02,0.0
0.591,0.003,4.201,0.0,-0.009,0.0
0.591,0.003,5.884,0.0,-0.021,0.0
0.591,0.003,5.087,0.0,-0.015,0.0
0.591,0.003,5.249,0.0,-0.006,0.0
0.592,0.003,5.733,0.0,-0.014,0.0
0.592,0.003,5.622,0.0,0.004,0.0
0.592,0.003,4.194,0.0,-0.003,0.0
0.592,0.003,5.318,0.0,0.009,0.0
0.592,0.003,4.505,0.0,-0.004,0.0
0.592,0.003,5.82,0.0,-0.024,0.0
0.592,0.003,4.816,0.0,-0.001,0.0
0.592,0.003,5.075,0.0,0.007,0.0
0.592,0.003,5.153,0.0,0.014,0.0
0.592,0.003,5.361,0.0,-0.022,0.0
0.592,0.003,5.107,0.0,-0.018,0.0
0.592,0.003,4.185,0.0,0.008,0.0
0.592,0.003,5.026,0.0,0.003,0.0
0.592,0.003,5.103,0.0,-0.003,0.0
0.592,0.003,4.328,0.0,-0.011,0.0
0.592,0.003,4.09,0.0,-0.007,0.0
0.592,0.003,4.285,0.0,0.004,0.0
0.592,0.003,4.109,0.0,-0.005,0.0
0.592,0.003,4.939,0.0,-0.007,0.0
0.592,0.003,5.846,0.0,0.009,0.0
0.592,0.003,4.11,0.0,-0.014,0.0
0.592,0.003,5.966,0.0,0.017,0.0
0.592,0.003,4.624,0.0,-0.011,0.0
0.592,0.003,3.898,0.0,0.007,0.0
0.592,0.003,4.51,0.0,-0.011,0.0
0.592,0.003,5.221,0.0,-0.016,0.0
0.592,0.003,4.16,0.0,-0.011,0.0
0.592,0.003,5.44,0.0,-0.019,0.0
0.592,0.003,5.521,0.0,0.006,0.0
0.592,0.003,4.903,0.0,-0.02,0.0
0.592,0.003,4.167,0.0,-0.014,0.0
0.592,0.003,5.254,0.0,-0.016,0.0
0.592,0.003,4.662,0.0,-0.007,0.0
0.592,0.003,5.645,0.0,-0.018,0.0
0.592,0.003,6.155,0.0,-0.021,0.0
0.592,0.003,5.931,0.0,-0.023,0.0
0.592,0.003,5.046,0.0,0.017,0.0
0.592,0.003,4.486,0.0,0.003,0.0
0.592,0.003,4.351,0.0,-0.011,0.0
0.592,0.003,4.56,0.0,-0.014,0.0
0.592,0.003,5.239,0.0,0.007,0.0
0.592,0.003,4.233,0.0,-0.011,0.0
0.592,0.003,5.781,0.0,0.01,0.0
0.592,0.003,5.203,0.0,-0.021,0.0
0.592,0.003,4.635,0.0,0.002,0.0
0.592,0.003,4.529,0.0,-0.004,0.0
0.592,0.003,4.785,0.0,-0.016,0.0
0.592,0.003,4.555,0.0,-0.001,0.0
0.592,0.003,5.53,0.0,0.013,0.0
0.592,0.003,3.938,0.0,0.024,0.0
0.592,0.003,5.644,0.0,0.021,0.0
0.592,0.003,4.937,0.0,0.0,0.0
0.592,0.003,5.254,0.0,-0.013,0.0
0.592,0.003,4.896,0.0,-0.009,0.0
0.592,0.003,4.335,0.0,-0.007,0.0
0.592,0.003,4.548,0.0,-0.009,0.0
0.592,0.003,5.282,0.0,-0.002,0.0
0.592,0.003,4.956,0.0,-0.019,0.0
0.592,0.003,6.297,0.0,-0.007,0.0
0.592,0.003,5.044,0.0,0.008,0.0
0.592,0.003,4.301,0.0,-0.001,0.0
0.592,0.003,5.319,0.0,0.007,0.0
0.593,0.003,4.209,0.0,0.022,0.0
0.593,0.003,6.197,0.0,-0.022,0.0
0.593,0.003,4.26,0.0,0.008,0.0
0.593,0.003,5.323,0.0,-0.004,0.0
0.593,0.003,4.003,0.0,-0.007,0.0
0.593,0.003,5.156,0.0,0.004,0.0
0.593,0.003,5.15,0.0,-0.004,0.0
0.593,0.003,4.319,0.0,0.003,0.0
0.593,0.003,5.08,0.0,-0.026,0.0
0.593,0.003,5.726,0.0,0.002,0.0
0.593,0.003,4.564,0.0,0.004,0.0
0.593,0.003,5.588,0.0,0.011,0.0
0.593,0.003,4.531,0.0,-0.013,0.0
0.593,0.003,4.574,0.0,-0.005,0.0
0.593,0.003,4.883,0.0,0.01,0.0
0.593,0.003,3.981,0.0,-0.004,0.0
0.593,0.003,6.828,0.0,-0.015,0.0
0.593,0.003,4.57,0.0,-0.004,0.0
0.593,0.003,5.499,0.0,-0.0,0.0
0.593,0.003,5.959,0.0,-0.001,0.0
0.593,0.003,4.169,0.0,-0.018,0.0
0.593,0.003,4.714,0.0,0.013,0.0
0.593,0.003,4.156,0.0,-0.008,0.0
0.593,0.003,5.047,0.0,-0.013,0.0
0.593,0.003,6.316,0.0,-0.014,0.0
0.593,0.003,5.509,0.0,0.006,0.0
0.593,0.003,3.575,0.0,-0.017,0.0
0.593,0.003,5.617,0.0,-0.007,0.0
0.593,0.003,7.043,0.0,-0.006,0.0
0.593,0.003,4.563,0.0,-0.024,0.0
0.593,0.003,5.081,0.0,-0.006,0.0
0.593,0.003,6.321,0.0,-0.004,0.0
0.593,0.003,4.285,0.0,0.009,0.0
0.593,0.003,5.133,0.0,0.006,0.0
0.593,0.003,5.428,0.0,0.0,0.0
0.593,0.003,6.121,0.0,0.019,0.0
0.593,0.003,4.709,0.0,-0.003,0.0
0.593,0.003,5.193,0.0,-0.018,0.0
0.593,0.003,5.008,0.0,0.009,0.0
0.593,0.003,7.112,0.0,-0.014,0.0
0.593,0.003,5.525,0.0,-0.007,0.0
0.593,0.003,4.912,0.0,-0.005,0.0
0.593,0.003,4.677,0.0,-0.007,0.0
0.593,0.003,4.672,0.0,-0.006,0.0
0.593,0.003,5.167,0.0,-0.016,0.0
0.593,0.003,3.793,0.0,0.0,0.0
0.593,0.003,4.216,0.0,0.004,0.0
0.594,0.003,5.641,0.0,-0.023,0.0
0.594,0.003,5.344,0.0,-0.02,0.0
0.594,0.003,5.285,0.0,0.002,0.0
0.594,0.003,5.778,0.0,-0.019,0.0
0.594,0.003,4.643,0.0,-0.003,0.0
0.594,0.003,4.414,0.0,-0.012,0.0
0.594,0.003,5.235,0.0,0.01,0.0
0.594,0.003,5.343,0.0,-0.004,0.0
0.594,0.003,4.625,0.0,-0.006,0.0
0.594,0.003,6.419,0.0,0.006,0.0
0.594,0.003,4.131,0.0,-0.021,0.0
0.594,0.003,3.787,0.0,0.005,0.0
0.594,0.003,4.378,0.0,0.011,0.0
0.594,0.003,4.413,0.0,0.004,0.0
0.594,0.003,6.235,0.0,-0.008,0.0
0.594,0.003,5.729,0.0,-0.022,0.0
0.594,0.003,5.516,0.0,0.009,0.0
0.594,0.003,4.423,0.0,0.018,0.0
0.594,0.003,5.97,0.0,-0.002,0.0
0.594,0.003,4.325,0.0,-0.015,0.0
0.594,0.003,5.14,0.0,0.01,0.0
0.594,0.003,3.899,0.0,-0.013,0.0
0.594,0.003,4.948,0.0,0.009,0.0
0.594,0.003,5.661,0.0,0.002,0.0
0.594,0.003,4.724,0.0,-0.006,0.0
0.594,0.003,4.599,0.0,0.0,0.0
0.594,0.003,5.551,0.0,0.002,0.0
0.594,0.003,5.28,0.0,-0.012,0.0
0.594,0.003,4.845,0.0,-0.007,0.0
0.594,0.003,5.46,0.0,0.005,0.0
0.594,0.003,3.816,0.0,0.01,0.0
0.594,0.003,4.582,0.0,-0.017,0.0
0.594,0.003,4.532,0.0,0.002,0.0
0.594,0.003,5.019,0.0,-0.005,0.0
0.594,0.003,4.575,0.0,-0.013,0.0
0.594,0.003,5.506,0.0,-0.001,0.0
0.594,0.003,4.249,0.0,-0.012,0.0
0.594,0.003,5.497,0.0,-0.009,0.0
0.594,0.003,4.524,0.0,-0.003,0.0
0.594,0.003,4.95,0.0,0.007,0.0
0.594,0.003,4.142,0.0,-0.008,0.0
0.594,0.003,5.129,0.0,-0.004,0.0
0.594,0.003,4.425,0.0,-0.014,0.0
0.594,0.003,3.83,0.0,-0.0,0.0
0.594,0.003,5.117,0.0,-0.03,0.0
0.594,0.003,4.621,0.0,0.01,0.0
0.594,0.003,4.845,0.0,0.002,0.0
0.594,0.003,5.911,0.0,-0.02,0.0
0.594,0.003,5.772,0.0,0.017,0.0
0.594,0.003,4.236,0.0,-0.005,0.0
0.594,0.003,5.489,0.0,0.01,0.0
0.594,0.003,5.017,0.0,0.013,0.0
0.594,0.003,5.769,0.0,-0.024,0.0
0.594,0.003,4.729,0.0,0.005,0.0
0.595,0.003,5.463,0.0,-0.001,0.0
0.595,0.003,4.426,0.0,-0.008,0.0
0.595,0.003,3.3,0.0,-0.005,0.0
0.595,0.003,4.737,0.0,-0.0,0.0
0.595,0.003,4.306,0.0,0.019,0.0
0.595,0.003,5.116,0.0,0.014,0.0
0.595,0.003,5.948,0.0,-0.0,0.0
0.595,0.003,3.768,0.0,0.0,0.0
0.595,0.003,4.441,0.0,-0.008,0.0
0.595,0.003,4.812,0.0,-0.003,0.0
0.595,0.003,4.541,0.0,0.009,0.0
0.595,0.003,4.416,0.0,-0.017,0.0
0.595,0.003,3.36,0.0,0.007,0.0
0.595,0.003,4.862,0.0,0.006,0.0
0.595,0.003,5.186,0.0,-0.009,0.0
0.595,0.003,5.345,0.0,-0.01,0.0
0.595,0.003,3.436,0.0,0.005,0.0
0.595,0.003,3.679,0.0,0.002,0.0
0.595,0.003,5.879,0.0,0.005,0.0
0.595,0.003,3.424,0.0,-0.027,0.0
0.595,0.003,5.981,0.0,-0.024,0.0
0.595,0.003,4.844,0.0,0.006,0.0
0.595,0.003,5.852,0.0,-0.017,0.0
0.595,0.003,4.163,0.0,-0.007,0.0
0.595,0.003,5.461,0.0,-0.007,0.0
0.595,0.003,4.925,0.0,0.016,0.0
0.595,0.003,4.08,0.0,0.003,0.0
0.595,0.003,4.438,0.0,0.002,0.0
0.595,0.003,5.616,0.0,-0.027,0.0
0.595,0.003,4.703,0.0,-0.013,0.0
0.595,0.003,4.029,0.0,0.021,0.0
0.595,0.003,4.302,0.0,-0.006,0.0
0.595,0.003,5.295,0.0,-0.012,0.0
0.595,0.003,5.838,0.0,0.013,0.0
0.595,0.003,4.959,0.0,0.009,0.0
0.595,0.003,4.501,0.0,0.007,0.0
0.595,0.003,4.21,0.0,0.006,0.0
0.595,0.003,5.018,0.0,0.01,0.0
0.595,0.003,3.473,0.0,0.0,0.0
0.595,0.003,4.636,0.0,0.002,0.0
0.595,0.003,5.285,0.0,0.014,0.0
0.595,0.003,4.244,0.0,-0.007,0.0
0.595,0.003,4.462,0.0,-0.01,0.0
0.595,0.003,3.626,0.0,0.01,0.0
0.595,0.003,3.925,0.0,-0.006,0.0
0.595,0.003,4.802,0.0,-0.016,0.0
0.595,0.003,5.826,0.0,-0.005,0.0
0.595,0.003,5.44,0.0,-0.013,0.0
0.595,0.003,4.343,0.0,-0.009,0.0
0.595,0.003,4.393,0.0,0.01,0.0
0.596,0.003,4.574,0.0,0.009,0.0
0.596,0.003,5.469,0.0,-0.015,0.0
0.596,0.003,6.446,0.0,0.011,0.0
0.596,0.003,5.287,0.0,0.008,0.0
0.596,0.003,4.254,0.0,0.003,0.0
0.596,0.003,5.29,0.0,0.01,0.0
0.596,0.003,4.145,0.0,-0.002,0.0
0.596,0.003,5.469,0.0,-0.007,0.0
0.596,0.003,6.081,0.0,-0.022,0.0
0.596,0.003,5.922,0.0,-0.01,0.0
0.596,0.003,3.55,0.0,-0.006,0.0
0.596,0.003,4.51,0.0,-0.002,0.0
0.596,0.003,4.487,0.0,-0.029,0.0
0.596,0.003,5.06,0.0,-0.002,0.0
0.596,0.003,4.768,0.0,0.004,0.0
0.596,0.003,4.351,0.0,0.004,0.0
0.596,0.003,5.378,0.0,-0.011,0.0
0.596,0.003,4.764,0.0,0.024,0.0
0.596,0.003,5.518,0.0,0.001,0.0
0.596,0.003,5.531,0.0,-0.012,0.0
0.596,0.003,4.481,0.0,0.014,0.0
0.596,0.003,6.541,0.0,-0.012,0.0
0.596,0.003,5.469,0.0,-0.022,0.0
0.596,0.003,5.346,0.0,-0.029,0.0
0.596,0.003,5.008,0.0,-0.005,0.0
0.596,0.003,4.608,0.0,0.003,0.0
0.596,0.003,5.795,0.0,-0.021,0.0
0.596,0.003,5.272,0.0,-0.008,0.0
0.596,0.003,4.561,0.0,-0.004,0.0
0.596,0.003,4.351,0.0,-0.014,0.0
0.596,0.003,5.795,0.0,0.006,0.0
0.596,0.003,4.648,0.0,-0.024,0.0
0.596,0.003,4.433,0.0,-0.002,0.0
0.596,0.003,5.03,0.0,0.008,0.0
0.596,0.003,4.056,0.0,-0.004,0.0
0.596,0.003,5.172,0.0,-0.021,0.0
0.596,0.003,6.264,0.0,-0.004,0.0
0.596,0.003,3.734,0.0,-0.014,0.0
0.596,0.003,5.397,0.0,-0.012,0.0
0.596,0.003,4.945,0.0,-0.007,0.0
0.596,0.003,5.578,0.0,-0.005,0.0
0.596,0.003,4.551,0.0,0.008,0.0
0.596,0.003,5.599,0.0,-0.008,0.0
0.596,0.003,5.406,0.0,0.005,0.0
0.596,0.003,4.281,0.0,0.006,0.0
0.596,0.003,5.234,0.0,-0.006,0.0
0.596,0.003,5.629,0.0,-0.012,0.0
0.596,0.003,5.234,0.0,0.001,0.0
0.596,0.003,4.57,0.0,-0.008,0.0
0.597,0.003,5.089,0.0,-0.023,0.0
0.597,0.003,5.259,0.0,-0.017,0.0
0.597,0.003,5.578,0.0,-0.027,0.0
0.597,0.003,4.972,0.0,-0.03,0.0
0.597,0.003,4.554,0.0,-0.002,0.0
0.597,0.003,4.609,0.0,-0.013,0.0
0.597,0.003,4.995,0.0,-0.018,0.0
0.597,0.003,3.785,0.0,-0.014,0.0
0.597,0.003,4.397,0.0,0.013,0.0
0.597,0.003,5.69,0.0,-0.01,0.0
0.597,0.003,4.64,0.0,-0.009,0.0
0.597,0.003,5.177,0.0,-0.031,0.0
0.597,0.003,5.396,0.0,-0.003,0.0
0.597,0.003,5.901,0.0,0.02,0.0
0.597,0.003,4.866,0.0,0.006,0.0
0.597,0.003,4.898,0.0,-0.02,0.0
0.597,0.003,5.075,0.0,-0.026,0.0
0.597,0.003,4.061,0.0,-0.002,0.0
0.597,0.003,5.893,0.0,-0.016,0.0
0.597,0.003,4.127,0.0,-0.009,0.0
0.597,0.003,5.012,0.0,-0.018,0.0
0.597,0.003,5.753,0.0,0.014,0.0
0.597,0.003,4.725,0.0,-0.014,0.0
0.597,0.003,5.01,0.0,0.002,0.0
0.597,0.003,5.504,0.0,0.028,0.0
0.597,0.003,5.516,0.0,0.019,0.0
0.597,0.003,4.496,0.0,-0.01,0.0
0.597,0.003,4.574,0.0,0.006,0.0
0.597,0.003,5.701,0.0,-0.009,0.0
0.597,0.003,5.92,0.0,-0.006,0.0
0.597,0.003,5.883,0.0,-0.012,0.0
0.597,0.003,5.605,0.0,0.012,0.0
0.597,0.003,3.636,0.0,0.01,0.0
0.597,0.003,5.434,0.0,0.005,0.0
0.597,0.003,4.049,0.0,-0.016,0.0
0.597,0.003,6.265,0.0,-0.019,0.0
0.597,0.003,5.914,0.0,-0.001,0.0
0.597,0.003,5.503,0.0,0.009,0.0
0.597,0.003,6.72,0.0,0.013,0.0
0.597,0.003,5.875,0.0,-0.006,0.0
0.597,0.003,5.436,0.0,-0.003,0.0
0.597,0.003,5.865,0.0,-0.012,0.0
0.597,0.003,4.941,0.0,-0.016,0.0
0.597,0.003,4.552,0.0,-0.007,0.0
0.597,0.003,6.542,0.0,0.01,0.0
0.597,0.003,4.273,0.0,-0.002,0.0
0.597,0.003,4.325,0.0,-0.015,0.0
0.597,0.003,5.1,0.0,0.008,0.0
0.597,0.003,5.552,0.0,0.004,0.0
0.597,0.003,4.451,0.0,-0.016,0.0
0.597,0.003,3.313,0.0,-0.006,0.0
0.597,0.003,4.021,0.0,-0.006,0.0
0.597,0.003,4.292,0.0,0.003,0.0
0.597,0.003,5.053,0.0,-0.013,0.0
0.597,0.003,5.079,0.0,-0.005,0.0
0.597,0.003,5.617,0.0,-0.012,0.0
0.598,0.003,4.627,0.0,-0.019,0.0
0.598,0.003,4.43,0.0,0.014,0.0
0.598,0.003,5.114,0.0,-0.009,0.0
0.598,0.003,5.356,0.0,0.016,0.0
0.598,0.003,3.032,0.0,0.004,0.0
0.598,0.003,5.059,0.0,0.017,0.0
0.598,0.003,4.867,0.0,-0.015,0.0
0.598,0.003,6.379,0.0,0.012,0.0
0.598,0.003,4.404,0.0,0.0,0.0
0.598,0.003,4.706,0.0,-0.011,0.0
0.598,0.003,4.934,0.0,-0.013,0.0
0.598,0.003,4.374,0.0,-0.002,0.0
0.598,0.003,3.732,0.0,0.009,0.0
0.598,0.003,5.792,0.0,0.0,0.0
0.598,0.003,6.282,0.0,-0.01,0.0
0.598,0.003,3.885,0.0,-0.01,0.0
0.598,0.003,4.907,0.0,0.003,0.0
0.598,0.003,5.577,0.0,0.016,0.0
0.598,0.003,4.973,0.0,-0.018,0.0
0.598,0.003,4.396,0.0,0.001,0.0
0.598,0.003,4.38,0.0,-0.02,0.0
0.598,0.003,4.462,0.0,-0.008,0.0
0.598,0.003,4.913,0.0,-0.016,0.0
0.598,0.003,4.589,0.0,-0.015,0.0
0.598,0.003,3.365,0.0,0.017,0.0
0.598,0.003,5.761,0.0,0.004,0.0
0.598,0.003,5.398,0.0,-0.001,0.0
0.598,0.003,4.014,0.0,-0.006,0.0
0.598,0.003,5.674,0.0,-0.025,0.0
0.598,0.003,5.839,0.0,-0.017,0.0
0.598,0.003,4.736,0.0,-0.011,0.0
0.598,0.003,4.121,0.0,-0.014,0.0
0.598,0.003,5.672,0.0,0.0,0.0
0.598,0.003,3.97,0.0,0.005,0.0
0.598,0.003,4.977,0.0,-0.004,0.0
0.598,0.003,5.219,0.0,-0.009,0.0
0.598,0.003,3.921,0.0,-0.016,0.0
0.598,0.003,5.633,0.0,-0.004,0.0
0.598,0.003,3.023,0.0,-0.003,0.0
0.598,0.003,5.587,0.0,-0.02,0.0
0.598,0.003,5.325,0.0,-0.011,0.0
0.598,0.003,3.772,0.0,-0.0,0.0
0.598,0.003,4.329,0.0,0.0,0.0
0.598,0.003,4.751,0.0,-0.0,0.0
0.598,0.003,4.447,0.0,-0.014,0.0
0.598,0.003,5.402,0.0,0.021,0.0
0.598,0.003,6.024,0.0,-0.006,0.0
0.598,0.003,4.497,0.0,0.005,0.0
0.598,0.003,5.62,0.0,-0.007,0.0
0.598,0.003,5.947,0.0,-0.029,0.0
0.598,0.003,5.328,0.0,-0.026,0.0
0.598,0.003,5.088,0.0,-0.019,0.0
0.598,0.003,4.739,0.0,0.003,0.0
0.598,0.003,5.097,0.0,-0.011,0.0
0.598,0.003,5.656,0.0,-0.008,0.0
0.598,0.003,6.789,0.0,-0.028,0.0
0.598,0.003,4.142,0.0,0.009,0.0
0.598,0.003,4.793,0.0,0.014,0.0
0.598,0.003,4.683,0.0,0.017,0.0
0.598,0.003,4.565,0.0,-0.009,0.0
0.598,0.003,5.435,0.0,-0.017,0.0
0.598,0.003,5.077,0.0,-0.003,0.0
0.599,0.003,4.392,0.0,-0.003,0.0
0.599,0.003,3.325,0.0,-0.003,0.0
0.599,0.003,4.424,0.0,0.007,0.0
0.599,0.003,5.588,0.0,0.014,0.0
0.599,0.003,6.367,0.0,-0.024,0.0
0.599,0.003,3.933,0.0,-0.01,0.0
0.599,0.003,4.174,0.0,-0.001,0.0
0.599,0.003,6.032,0.0,0.012,0.0
0.599,0.003,5.642,0.0,0.001,0.0
0.599,0.003,4.424,0.0,0.002,0.0
0.599,0.003,5.38,0.0,-0.013,0.0
0.599,0.003,4.516,0.0,0.022,0.0
0.599,0.003,5.498,0.0,-0.0,0.0
0.599,0.003,5.236,0.0,0.014,0.0
0.599,0.003,4.82,0.0,-0.008,0.0
0.599,0.003,4.979,0.0,-0.017,0.0
0.599,0.003,4.776,0.0,-0.019,0.0
0.599,0.003,4.387,0.0,0.003,0.0
0.599,0.003,4.223,0.0,0.003,0.0
0.599,0.003,4.436,0.0,0.004,0.0
0.599,0.003,4.83,0.0,0.017,0.0
0.599,0.003,5.299,0.0,0.001,0.0
0.599,0.003,4.449,0.0,0.014,0.0
0.599,0.003,4.063,0.0,-0.013,0.0
0.599,0.003,4.548,0.0,-0.004,0.0
0.599,0.003,3.89,0.0,-0.009,0.0
0.599,0.003,5.087,0.0,0.002,0.0
0.599,0.003,5.375,0.0,-0.01,0.0
0.599,0.003,4.613,0.0,-0.003,0.0
0.599,0.003,4.38,0.0,-0.017,0.0
0.599,0.003,5.448,0.0,-0.004,0.0
0.599,0.003,5.31,0.0,-0.006,0.0
0.599,0.003,4.223,0.0,0.001,0.0
0.599,0.003,3.786,0.0,-0.004,0.0
0.599,0.003,4.905,0.0,-0.011,0.0
0.599,0.003,4.687,0.0,-0.017,0.0
0.599,0.003,5.572,0.0,-0.019,0.0
0.599,0.003,3.697,0.0,-0.002,0.0
0.599,0.003,4.716,0.0,-0.005,0.0
0.599,0.003,4.172,0.0,-0.013,0.0
0.599,0.003,5.187,0.0,-0.022,0.0
0.599,0.003,5.249,0.0,-0.009,0.0
0.599,0.003,4.146,0.0,0.016,0.0
0.599,0.003,4.685,0.0,-0.005,0.0
0.599,0.003,4.939,0.0,0.002,0.0
0.599,0.003,4.446,0.0,-0.018,0.0
0.599,0.003,3.859,0.0,-0.022,0.0
0.599,0.003,5.151,0.0,-0.004,0.0
0.599,0.003,4.268,0.0,-0.006,0.0
0.599,0.003,5.952,0.0,-0.003,0.0
0.599,0.003,4.887,0.0,0.011,0.0
0.599,0.003,6.285,0.0,0.02,0.0
0.599,0.003,5.54,0.0,-0.0,0.0
0.6,0.003,5.471,0.0,-0.016,0.0
0.6,0.003,5.218,0.0,-0.01,0.0
0.6,0.003,4.003,0.0,-0.027,0.0
0.6,0.003,4.152,0.0,-0.014,0.0
0.6,0.003,4.976,0.0,-0.011,0.0
0.6,0.003,5.373,0.0,0.009,0.0
0.6,0.003,4.328,0.0,0.006,0.0
0.6,0.003,4.143,0.0,-0.014,0.0
0.6,0.003,5.474,0.0,0.006,0.0
0.6,0.003,4.643,0.0,0.009,0.0
0.6,0.003,4.051,0.0,-0.004,0.0
0.6,0.003,5.51,0.0,-0.011,0.0
0.6,0.003,4.127,0.0,-0.011,0.0
0.6,0.003,5.681,0.0,0.024,0.0
0.6,0.003,5.913,0.0,0.014,0.0
0.6,0.003,4.649,0.0,-0.015,0.0
0.6,0.003,4.74,0.0,-0.014,0.0
0.6,0.003,5.947,0.0,0.015,0.0
0.6,0.003,4.724,0.0,-0.006,0.0
0.6,0.003,4.436,0.0,-0.01,0.0
0.6,0.003,6.655,0.0,-0.017,0.0
0.6,0.003,5.393,0.0,-0.027,0.0
0.6,0.003,4.712,0.0,0.008,0.0
0.6,0.003,5.965,0.0,-0.004,0.0
0.6,0.003,4.935,0.0,0.016,0.0
0.6,0.003,4.876,0.0,-0.021,0.0
0.6,0.003,3.844,0.0,-0.014,0.0
0.6,0.003,5.44,0.0,0.002,0.0
0.6,0.003,4.587,0.0,0.004,0.0
0.6,0.003,4.522,0.0,0.014,0.0
0.6,0.003,6.254,0.0,0.001,0.0
0.6,0.003,4.363,0.0,-0.009,0.0
0.6,0.003,5.848,0.0,0.0,0.0
0.6,0.003,5.2,0.0,0.014,0.0
0.6,0.003,5.397,0.0,-0.012,0.0
0.6,0.003,3.508,0.0,0.004,0.0
0.6,0.003,4.052,0.0,-0.011,0.0
0.6,0.003,4.292,0.0,-0.016,0.0
0.6,0.003,4.847,0.0,0.011,0.0
0.6,0.003,5.302,0.0,-0.011,0.0
0.6,0.003,4.098,0.0,-0.013,0.0
0.6,0.003,3.787,0.0,-0.006,0.0
0.6,0.003,5.629,0.0,0.005,0.0
0.6,0.003,5.157,0.0,-0.012,0.0
0.6,0.003,4.938,0.0,0.007,0.0
0.6,0.003,4.048,0.0,0.002,0.0
0.6,0.003,4.311,0.0,-0.006,0.0
0.6,0.003,5.012,0.0,0.004,0.0
0.6,0.003,4.763,0.0,-0.005,0.0
0.6,0.003,5.441,0.0,-0.007,0.0
0.601,0.003,5.738,0.0,-0.006,0.0
0.601,0.003,5.421,0.0,-0.031,0.0
0.601,0.003,4.208,0.0,-0.011,0.0
0.601,0.003,4.317,0.0,-0.015,0.0
0.601,0.003,5.503,0.0,-0.012,0.0
0.601,0.003,4.587,0.0,-0.019,0.0
0.601,0.003,5.267,0.0,-0.007,0.0
0.601,0.003,3.526,0.0,-0.008,0.0
0.601,0.003,5.932,0.0,0.01,0.0
0.601,0.003,4.125,0.0,-0.012,0.0
0.601,0.003,4.922,0.0,-0.016,0.0
0.601,0.003,4.988,0.0,0.008,0.0
0.601,0.003,5.105,0.0,-0.005,0.0
0.601,0.003,5.671,0.0,-0.01,0.0
0.601,0.003,7.262,0.0,-0.02,0.0
0.601,0.003,5.115,0.0,-0.02,0.0
0.601,0.003,4.992,0.0,0.015,0.0
0.601,0.003,4.755,0.0,0.002,0.0
0.601,0.003,5.772,0.0,-0.028,0.0
0.601,0.003,5.5,0.0,-0.008,0.0
0.601,0.003,4.759,0.0,-0.005,0.0
0.601,0.003,5.93,0.0,-0.015,0.0
0.601,0.003,5.905,0.0,-0.002,0.0
0.601,0.003,4.396,0.0,-0.018,0.0
0.601,0.003,3.906,0.0,-0.014,0.0
0.601,0.003,5.68,0.0,0.001,0.0
0.601,0.003,5.119,0.333,-0.017,0.0
0.601,0.003,4.694,0.0,-0.01,0.0
0.601,0.003,4.78,0.0,0.012,0.0
0.601,0.003,4.677,0.0,0.013,0.0
0.601,0.003,4.912,0.0,-0.01,0.0
0.601,0.003,5.6,0.0,-0.016,0.0
0.601,0.003,4.313,0.0,0.004,0.0
0.601,0.003,5.413,0.0,-0.012,0.0
0.601,0.003,4.564,0.0,-0.016,0.0
0.601,0.003,5.596,0.0,-0.0,0.0
0.601,0.003,5.451,0.0,0.002,0.0
0.601,0.003,4.286,0.0,-0.013,0.0
0.601,0.003,4.562,0.0,-0.003,0.0
0.601,0.003,6.038,0.0,-0.014,0.0
0.601,0.003,4.789,0.0,-0.019,0.0
0.601,0.003,4.672,0.0,-0.009,0.0
0.601,0.003,6.18,0.0,-0.0,0.0
0.601,0.003,5.888,0.0,-0.017,0.0
0.601,0.003,4.151,0.0,-0.001,0.0
0.601,0.003,4.83,0.0,-0.007,0.0
0.601,0.003,5.78,0.0,0.018,0.0
0.602,0.003,5.123,0.0,-0.019,0.0
0.602,0.003,5.045,0.0,0.008,0.0
0.602,0.003,5.67,0.0,-0.005,0.0
0.602,0.003,6.669,0.0,0.009,0.0
0.602,0.003,3.082,0.0,-0.002,0.0
0.602,0.003,6.31,0.0,-0.017,0.0
0.602,0.003,4.512,0.0,0.009,0.0
0.602,0.003,5.33,0.0,-0.011,0.0
0.602,0.003,5.866,0.0,-0.024,0.0
0.602,0.003,4.746,0.0,-0.009,0.0
0.602,0.003,4.575,0.0,-0.015,0.0
0.602,0.003,4.726,0.0,0.011,0.0
0.602,0.003,5.465,0.0,-0.0,0.0
0.602,0.003,4.772,0.0,-0.013,0.0
0.602,0.003,4.93,0.0,-0.013,0.0
0.602,0.003,4.619,0.0,-0.008,0.0
0.602,0.003,3.65,0.0,-0.008,0.0
0.602,0.003,4.867,0.0,0.004,0.0
0.602,0.003,5.859,0.0,-0.01,0.0
0.602,0.003,5.921,0.0,0.02,0.0
0.602,0.003,4.6,0.0,0.002,0.0
0.602,0.003,3.838,0.0,-0.022,0.0
0.602,0.003,4.915,0.0,0.005,0.0
0.602,0.003,4.552,0.0,-0.018,0.0
0.602,0.003,4.419,0.0,-0.014,0.0
0.602,0.003,4.833,0.0,0.008,0.0
0.602,0.003,5.215,0.0,0.005,0.0
0.602,0.003,3.752,0.0,0.004,0.0
0.602,0.003,4.679,0.0,-0.017,0.0
0.602,0.003,4.884,0.0,-0.002,0.0
0.602,0.003,5.053,0.0,-0.017,0.0
0.602,0.003,5.59,0.0,-0.029,0.0
0.602,0.003,4.588,0.0,0.007,0.0
0.602,0.003,4.581,0.0,-0.014,0.0
0.602,0.003,6.219,0.0,-0.005,0.0
0.602,0.003,4.332,0.0,-0.009,0.0
0.602,0.003,4.672,0.0,0.006,0.0
0.602,0.003,3.809,0.0,0.004,0.0
0.602,0.003,3.744,0.0,-0.005,0.0
0.602,0.003,4.846,0.0,-0.014,0.0
0.602,0.003,4.103,0.0,0.02,0.0
0.602,0.003,5.095,0.0,0.013,0.0
0.602,0.003,5.11,0.0,-0.019,0.0
0.602,0.003,4.842,0.0,-0.019,0.0
0.602,0.003,4.743,0.0,0.0,0.0
0.602,0.003,5.718,0.0,-0.0,0.0
0.602,0.003,4.688,0.0,0.004,0.0
0.602,0.003,4.923,0.0,0.002,0.0
0.602,0.003,4.738,0.0,0.003,0.0
0.602,0.003,4.888,0.0,-0.012,0.0
0.602,0.003,3.98,0.0,0.013,0.0
0.602,0.003,3.727,0.0,-0.006,0.0
0.602,0.003,3.881,0.0,-0.008,0.0
0.602,0.003,5.046,0.0,-0.013,0.0
0.602,0.003,4.838,0.0,-0.01,0.0
0.602,0.003,4.219,0.0,-0.016,0.0
0.602,0.003,4.836,0.0,0.005,0.0
0.602,0.003,4.147,0.0,0.003,0.0
0.602,0.003,5.029,0.0,-0.011,0.0
0.603,0.003,5.164,0.0,-0.002,0.0
0.603,0.003,4.963,0.0,-0.006,0.0
0.603,0.003,5.409,0.0,0.005,0.0
0.603,0.003,5.08,0.0,0.002,0.0
0.603,0.003,5.133,0.0,-0.004,0.0
0.603,0.003,4.304,0.0,-0.007,0.0
0.603,0.003,4.92,0.0,0.003,0.0
0.603,0.003,5.196,0.0,-0.002,0.0
0.603,0.003,5.553,0.0,-0.027,0.0
0.603,0.003,5.417,0.0,-0.018,0.0
0.603,0.003,4.858,0.0,-0.011,0.0
0.603,0.003,3.846,0.0,-0.015,0.0
0.603,0.003,3.988,0.0,0.01,0.0
0.603,0.003,5.852,0.0,-0.002,0.0
0.603,0.003,4.602,0.0,0.006,0.0
0.603,0.003,5.215,0.0,-0.008,0.0
0.603,0.003,5.842,0.0,0.001,0.0
0.603,0.003,5.734,0.0,0.001,0.0
0.603,0.003,5.797,0.0,-0.005,0.0
0.603,0.003,3.75,0.0,0.004,0.0
0.603,0.003,4.579,0.0,-0.014,0.0
0.603,0.003,5.394,0.0,-0.003,0.0
0.603,0.003,5.522,0.0,-0.023,0.0
0.603,0.003,4.65,0.0,0.004,0.0
0.603,0.003,5.001,0.0,-0.017,0.0
0.603,0.003,4.488,0.0,-0.006,0.0
0.603,0.003,6.274,0.0,-0.016,0.0
0.603,0.003,6.453,0.0,-0.023,0.0
0.603,0.003,4.259,0.0,0.007,0.0
0.603,0.003,5.286,0.0,0.01,0.0
0.603,0.003,5.332,0.0,-0.028,0.0
0.603,0.003,4.356,0.0,-0.005,0.0
0.603,0.003,3.969,0.0,-0.01,0.0
0.603,0.003,4.675,0.0,-0.016,0.0
0.603,0.003,6.719,0.0,-0.008,0.0
0.603,0.003,5.028,0.0,0.004,0.0
0.603,0.003,5.49,0.0,0.022,0.0
0.603,0.003,5.173,0.0,0.02,0.0
0.603,0.003,4.725,0.0,0.006,0.0
0.603,0.003,3.896,0.0,-0.014,0.0
0.603,0.003,5.037,0.0,-0.025,0.0
0.603,0.003,5.711,0.0,0.005,0.0
0.603,0.003,4.951,0.0,0.018,0.0
0.603,0.003,5.263,0.0,0.004,0.0
0.603,0.003,4.697,0.0,-0.007,0.0
0.603,0.003,4.46,0.0,0.002,0.0
0.603,0.003,4.534,0.0,0.016,0.0
0.603,0.003,3.715,0.0,-0.011,0.0
0.603,0.003,5.134,0.0,-0.011,0.0
0.603,0.003,5.474,0.0,-0.009,0.0
0.603,0.003,5.597,0.0,-0.012,0.0
0.603,0.003,5.861,0.0,-0.005,0.0
0.603,0.003,5.116,0.0,-0.014,0.0
0.603,0.003,4.39,0.0,-0.019,0.0
0.603,0.003,4.379,0.0,-0.014,0.0
0.603,0.003,4.758,0.0,0.01,0.0
0.604,0.003,6.614,0.0,0.006,0.0
0.604,0.003,4.359,0.0,-0.011,0.0
0.604,0.003,5.934,0.0,-0.013,0.0
0.604,0.003,5.848,0.0,0.012,0.0
0.604,0.003,4.58,0.0,-0.003,0.0
0.604,0.003,4.704,0.0,-0.0,0.0
0.604,0.003,4.953,0.0,0.002,0.0
0.604,0.003,3.915,0.0,-0.004,0.0
0.604,0.003,4.847,0.0,-0.006,0.0
0.604,0.003,4.435,0.0,-0.012,0.0
0.604,0.003,4.277,0.0,0.001,0.0
0.604,0.003,5.706,0.0,0.001,0.0
0.604,0.003,7.09,0.0,-0.013,0.0
0.604,0.003,4.725,0.0,-0.005,0.0
0.604,0.003,5.883,0.0,-0.003,0.0
0.604,0.003,4.306,0.0,-0.006,0.0
0.604,0.003,5.143,0.0,-0.011,0.0
0.604,0.003,4.139,0.0,-0.01,0.0
0.604,0.003,5.24,0.0,-0.011,0.0
0.604,0.003,4.711,0.0,0.017,0.0
0.604,0.003,6.454,0.0,-0.006,0.0
0.604,0.003,4.894,0.0,-0.013,0.0
0.604,0.003,3.714,0.0,0.013,0.0
0.604,0.003,4.644,0.0,0.002,0.0
0.604,0.003,4.261,0.0,-0.022,0.0
0.604,0.003,3.966,0.0,-0.001,0.0
0.604,0.003,6.305,0.0,-0.024,0.0
0.604,0.003,5.538,0.0,-0.002,0.0
0.604,0.003,5.077,0.0,-0.014,0.0
0.604,0.003,5.583,0.0,0.002,0.0
0.604,0.003,5.431,0.0,0.006,0.0
0.604,0.003,5.605,0.0,0.005,0.0
0.604,0.003,5.58,0.0,0.012,0.0
0.604,0.003,4.306,0.0,-0.023,0.0
0.604,0.003,3.857,0.0,-0.008,0.0
0.604,0.003,4.872,0.0,0.021,0.0
0.604,0.003,4.712,0.0,0.003,0.0
0.604,0.003,5.178,0.0,0.004,0.0
0.604,0.003,5.026,0.0,-0.023,0.0
0.604,0.003,6.104,0.0,-0.002,0.0
0.604,0.003,4.807,0.0,0.007,0.0
0.604,0.003,5.375,0.0,-0.026,0.0
0.604,0.003,4.697,0.0,0.002,0.0
0.604,0.003,4.628,0.0,-0.014,0.0
0.604,0.003,5.014,0.0,-0.01,0.0
0.604,0.003,4.331,0.0,-0.026,0.0
0.604,0.003,5.917,0.0,0.001,0.0
0.604,0.003,5.512,0.0,0.018,0.0
0.604,0.003,5.523,0.0,0.002,0.0
0.604,0.003,5.477,0.0,-0.026,0.0
0.604,0.003,4.302,0.0,-0.005,0.0
0.604,0.003,5.22,0.0,0.004,0.0
0.604,0.003,7.015,0.0,-0.023,0.0
0.604,0.003,5.182,0.0,-0.014,0.0
0.604,0.003,4.271,0.0,-0.022,0.0
0.604,0.003,4.254,0.0,0.006,0.0
0.604,0.003,7.065,0.0,-0.015,0.0
0.604,0.003,5.276,0.0,-0.0,0.0
0.604,0.003,4.429,0.0,0.003,0.0
0.604,0.003,5.662,0.0,-0.008,0.0
0.605,0.003,5.231,0.0,0.003,0.0
0.605,0.003,4.338,0.0,-0.001,0.0
0.605,0.003,5.199,0.0,-0.014,0.0
0.605,0.003,4.898,0.0,-0.016,0.0
0.605,0.003,4.295,0.0,-0.006,0.0
0.605,0.003,4.843,0.0,0.009,0.0
0.605,0.003,5.596,0.0,-0.009,0.0
0.605,0.003,4.561,0.0,-0.018,0.0
0.605,0.003,5.256,0.0,-0.01,0.0
0.605,0.003,4.291,0.0,-0.003,0.0
0.605,0.003,4.528,0.0,0.004,0.0
0.605,0.003,3.605,0.0,0.021,0.0
0.605,0.003,4.659,0.0,0.005,0.0
0.605,0.003,6.624,0.0,-0.011,0.0
0.605,0.003,4.558,0.0,0.016,0.0
0.605,0.003,6.026,0.0,-0.007,0.0
0.605,0.003,3.781,0.0,-0.025,0.0
0.605,0.003,4.67,0.0,-0.015,0.0
0.605,0.003,4.915,0.0,-0.018,0.0
0.605,0.003,4.538,0.0,-0.003,0.0
0.605,0.003,5.075,0.0,-0.023,0.0
0.605,0.003,4.186,0.0,-0.015,0.0
0.605,0.003,4.791,0.0,0.001,0.0
0.605,0.003,5.966,0.0,0.003,0.0
0.605,0.003,4.17,0.0,-0.013,0.0
0.605,0.003,6.211,0.0,-0.018,0.0
0.605,0.003,3.305,0.0,-0.025,0.0
0.605,0.003,5.223,0.0,-0.013,0.0
0.605,0.003,4.658,0.0,-0.004,0.0
0.605,0.003,5.12,0.0,0.0,0.0
0.605,0.003,4.301,0.0,0.006,0.0
0.605,0.003,3.772,0.0,-0.005,0.0
0.605,0.003,4.811,0.0,-0.014,0.0
0.605,0.003,5.79,0.0,-0.003,0.0
0.605,0.003,5.48,0.0,-0.009,0.0
0.605,0.003,4.839,0.0,0.002,0.0
0.605,0.003,4.009,0.0,-0.009,0.0
0.605,0.003,4.728,0.0,-0.018,0.0
0.605,0.003,4.676,0.0,0.001,0.0
0.605,0.003,5.229,0.0,-0.011,0.0
0.605,0.003,5.971,0.0,-0.028,0.0
0.605,0.003,5.39,0.0,0.004,0.0
0.605,0.003,4.536,0.0,-0.021,0.0
0.605,0.003,4.525,0.0,-0.009,0.0
0.605,0.003,4.789,0.0,-0.009,0.0
0.605,0.003,6.154,0.0,-0.013,0.0
0.605,0.003,5.486,0.0,0.025,0.0
0.606,0.003,5.112,0.0,-0.009,0.0
0.606,0.003,4.282,0.0,-0.011,0.0
0.606,0.003,4.474,0.0,-0.006,0.0
0.606,0.003,4.388,0.0,-0.006,0.0
0.606,0.003,3.744,0.0,-0.006,0.0
0.606,0.003,5.395,0.0,0.004,0.0
0.606,0.003,3.787,0.0,0.016,0.0
0.606,0.003,6.424,0.0,0.014,0.0
0.606,0.003,5.359,0.0,0.003,0.0
0.606,0.003,4.777,0.0,-0.01,0.0
0.606,0.003,5.755,0.0,-0.02,0.0
0.606,0.003,4.786,0.0,-0.013,0.0
0.606,0.003,5.743,0.0,-0.016,0.0
0.606,0.003,4.831,0.0,0.012,0.0
0.606,0.003,4.612,0.0,0.004,0.0
0.606,0.003,5.102,0.0,0.002,0.0
0.606,0.003,4.593,0.0,-0.001,0.0
0.606,0.003,5.959,0.0,-0.004,0.0
0.606,0.003,4.514,0.0,-0.021,0.0
0.606,0.003,6.711,0.0,-0.014,0.0
0.606,0.003,4.538,0.0,-0.004,0.0
0.606,0.003,5.931,0.0,-0.02,0.0
0.606,0.003,5.425,0.0,-0.006,0.0
0.606,0.003,4.232,0.0,-0.002,0.0
0.606,0.003,4.556,0.0,-0.022,0.0
0.606,0.003,4.656,0.0,-0.001,0.0
0.606,0.003,5.586,0.0,-0.004,0.0
0.606,0.003,3.537,0.0,-0.007,0.0
0.606,0.003,6.66,0.0,0.004,0.0
0.606,0.003,5.498,0.0,0.016,0.0
0.606,0.003,5.041,0.0,0.003,0.0
0.606,0.003,5.296,0.0,-0.009,0.0
0.606,0.003,5.066,0.0,-0.019,0.0
0.606,0.003,4.754,0.0,-0.022,0.0
0.606,0.003,4.379,0.0,-0.003,0.0
0.606,0.003,4.599,0.0,0.006,0.0
0.606,0.003,5.924,0.0,-0.005,0.0
0.606,0.003,5.639,0.0,0.005,0.0
0.606,0.003,5.24,0.0,-0.019,0.0
0.606,0.003,4.233,0.0,-0.007,0.0
0.606,0.003,4.886,0.0,0.003,0.0
0.606,0.003,4.167,0.0,0.018,0.0
0.606,0.003,5.489,0.0,0.008,0.0
0.606,0.003,4.754,0.0,-0.007,0.0
0.607,0.003,4.305,0.0,-0.006,0.0
0.607,0.003,4.607,0.0,0.009,0.0
0.607,0.003,4.452,0.0,0.007,0.0
0.607,0.003,5.63,0.0,0.022,0.0
0.607,0.003,5.012,0.0,-0.0,0.0
0.607,0.003,7.425,0.0,-0.021,0.0
0.607,0.003,4.934,0.0,-0.004,0.0
0.607,0.003,4.719,0.0,-0.012,0.0
0.607,0.003,4.553,0.0,0.017,0.0
0.607,0.003,4.242,0.0,0.019,0.0
0.607,0.003,4.575,0.0,-0.016,0.0
0.607,0.003,7.102,0.0,-0.017,0.0
0.607,0.003,3.582,0.0,-0.023,0.0
0.607,0.003,4.036,0.0,-0.02,0.0
0.607,0.003,4.142,0.0,0.009,0.0
0.607,0.003,4.598,0.0,-0.024,0.0
0.607,0.003,3.994,0.0,-0.012,0.0
0.607,0.003,5.051,0.0,-0.008,0.0
0.607,0.003,5.192,0.0,-0.024,0.0
0.607,0.003,4.38,0.0,-0.003,0.0
0.607,0.003,4.606,0.0,-0.014,0.0
0.607,0.003,5.239,0.0,0.003,0.0
0.607,0.003,4.885,0.0,-0.034,0.0
0.607,0.003,5.264,0.0,-0.001,0.0
0.607,0.003,4.396,0.0,0.005,0.0
0.607,0.003,5.558,0.0,-0.015,0.0
0.607,0.003,5.171,0.0,-0.014,0.0
0.607,0.003,4.374,0.0,-0.011,0.0
0.607,0.003,5.231,0.0,0.007,0.0
0.607,0.003,3.878,0.0,-0.011,0.0
0.607,0.003,5.141,0.0,0.015,0.0
0.607,0.003,4.538,0.0,-0.02,0.0
0.607,0.003,5.048,0.0,-0.024,0.0
0.607,0.003,4.544,0.0,-0.011,0.0
0.607,0.003,4.648,0.0,-0.0,0.0
0.607,0.003,5.292,0.0,0.014,0.0
0.607,0.003,6.263,0.0,-0.023,0.0
0.607,0.003,4.674,0.0,-0.005,0.0
0.607,0.003,4.481,0.0,-0.016,0.0
0.607,0.003,4.359,0.0,0.006,0.0
0.607,0.003,3.857,0.0,0.017,0.0
0.607,0.003,5.284,0.0,0.014,0.0
0.607,0.003,3.769,0.0,-0.018,0.0
0.607,0.003,3.881,0.0,-0.022,0.0
0.607,0.003,5.639,0.0,0.001,0.0
0.607,0.003,5.017,0.0,0.002,0.0
0.607,0.003,4.551,0.0,-0.019,0.0
0.607,0.003,4.512,0.0,-0.011,0.0
0.607,0.003,6.438,0.0,-0.009,0.0
0.607,0.003,4.874,0.0,-0.029,0.0
0.607,0.003,6.037,0.0,0.004,0.0
0.607,0.003,5.57,0.0,-0.007,0.0
0.607,0.003,5.644,0.0,0.005,0.0
0.607,0.003,5.088,0.0,-0.022,0.0
0.607,0.003,3.878,0.0,0.017,0.0
0.607,0.003,4.627,0.0,-0.001,0.0
0.607,0.003,4.935,0.0,0.0,0.0
0.607,0.003,4.574,0.0,0.018,0.0
0.608,0.003,4.909,0.0,-0.006,0.0
0.608,0.003,4.41,0.0,0.001,0.0
0.608,0.003,4.425,0.0,0.0,0.0
0.608,0.003,6.143,0.0,0.014,0.0
0.608,0.003,7.289,0.0,0.004,0.0
0.608,0.003,4.393,0.0,-0.02,0.0
0.608,0.003,4.372,0.0,0.003,0.0
0.608,0.003,4.767,0.0,-0.005,0.0
0.608,0.003,4.9,0.0,-0.025,0.0
0.608,0.003,5.287,0.0,0.001,0.0
0.608,0.003,5.006,0.0,-0.019,0.0
0.608,0.003,4.873,0.0,-0.021,0.0
0.608,0.003,4.956,0.0,0.005,0.0
0.608,0.003,4.803,0.0,-0.015,0.0
0.608,0.003,4.862,0.0,-0.013,0.0
0.608,0.003,4.563,0.0,-0.018,0.0
0.608,0.003,4.482,0.0,0.007,0.0
0.608,0.003,3.955,0.0,-0.008,0.0
0.608,0.003,5.916,0.0,-0.003,0.0
0.608,0.003,6.761,0.0,0.008,0.0
0.608,0.003,4.375,0.0,-0.023,0.0
0.608,0.003,6.192,0.0,-0.007,0.0
0.608,0.003,4.662,0.0,0.014,0.0
0.608,0.003,5.109,0.0,-0.01,0.0
0.608,0.003,4.498,0.0,0.006,0.0
0.608,0.003,3.719,0.0,-0.027,0.0
0.608,0.003,4.881,0.0,-0.031,0.0
0.608,0.007,5.152,0.0,0.004,0.0
0.608,0.003,4.083,0.0,-0.008,0.0
0.608,0.003,5.476,0.0,0.006,0.0
0.608,0.003,5.34,0.0,-0.011,0.0
0.608,0.003,5.016,0.0,-0.006,0.0
0.608,0.003,4.685,0.0,0.024,0.0
0.608,0.003,4.228,0.0,-0.001,0.0
0.608,0.003,4.241,0.0,-0.004,0.0
0.608,0.003,6.027,0.0,-0.002,0.0
0.608,0.003,5.705,0.0,-0.001,0.0
0.608,0.003,6.163,0.0,-0.012,0.0
0.608,0.003,4.917,0.0,-0.009,0.0
0.608,0.003,6.923,0.0,-0.013,0.0
0.608,0.003,5.181,0.0,-0.01,0.0
0.608,0.003,5.516,0.0,-0.013,0.0
0.608,0.003,4.698,0.0,0.018,0.0
0.608,0.003,4.649,0.0,0.002,0.0
0.608,0.003,4.596,0.0,-0.016,0.0
0.609,0.003,4.512,0.0,-0.011,0.0
0.609,0.003,4.254,0.0,0.022,0.0
0.609,0.003,4.243,0.0,-0.003,0.0
0.609,0.003,5.499,0.0,0.003,0.0
0.609,0.003,6.25,0.0,-0.01,0.0
0.609,0.003,5.615,0.0,0.011,0.0
0.609,0.003,5.639,0.0,0.014,0.0
0.609,0.003,5.664,0.0,0.009,0.0
0.609,0.003,4.826,0.0,-0.013,0.0
0.609,0.003,4.852,0.0,-0.014,0.0
0.609,0.003,4.905,0.0,-0.011,0.0
0.609,0.003,4.026,0.0,-0.023,0.0
0.609,0.003,4.964,0.0,-0.003,0.0
0.609,0.003,4.854,0.0,-0.017,0.0
0.609,0.003,5.704,0.0,-0.004,0.0
0.609,0.003,4.043,0.0,-0.004,0.0
0.609,0.003,4.396,0.0,-0.016,0.0
0.609,0.003,4.335,0.0,-0.012,0.0
0.609,0.003,4.514,0.0,-0.013,0.0
0.609,0.003,5.649,0.0,0.005,0.0
0.609,0.003,4.818,0.0,-0.02,0.0
0.609,0.003,5.422,0.0,-0.009,0.0
0.609,0.003,5.21,0.0,0.008,0.0
0.609,0.003,5.562,0.0,0.008,0.0
0.609,0.003,4.407,0.0,-0.013,0.0
0.609,0.003,4.704,0.0,-0.022,0.0
0.609,0.003,6.087,0.0,-0.011,0.0
0.609,0.003,5.857,0.0,0.023,0.0
0.609,0.003,5.481,0.0,-0.019,0.0
0.609,0.003,4.548,0.0,-0.022,0.0
0.609,0.003,5.227,0.0,-0.021,0.0
0.609,0.003,2.943,0.0,-0.001,0.0
0.609,0.003,4.299,0.0,0.013,0.0
0.609,0.003,5.253,0.0,-0.009,0.0
0.609,0.003,3.555,0.0,-0.017,0.0
0.609,0.003,5.499,0.0,0.001,0.0
0.609,0.003,4.892,0.0,0.005,0.0
0.609,0.003,4.823,0.0,-0.006,0.0
0.609,0.003,4.463,0.0,0.007,0.0
0.609,0.003,6.254,0.0,-0.019,0.0
0.609,0.003,4.419,0.0,-0.006,0.0
0.609,0.003,4.691,0.0,0.008,0.0
0.609,0.003,4.663,0.0,-0.011,0.0
0.609,0.003,3.572,0.0,-0.019,0.0
0.609,0.003,6.1,0.0,-0.016,0.0
0.61,0.003,5.26,0.0,-0.011,0.0
0.61,0.003,5.12,0.0,0.008,0.0
0.61,0.003,4.636,0.0,-0.006,0.0
0.61,0.003,4.854,0.0,-0.0,0.0
0.61,0.003,5.666,0.0,0.002,0.0
0.61,0.003,5.375,0.0,-0.008,0.0
0.61,0.003,5.994,0.0,-0.003,0.0
0.61,0.003,4.185,0.0,-0.006,0.0
0.61,0.003,5.444,0.0,-0.001,0.0
0.61,0.003,4.725,0.0,-0.004,0.0
0.61,0.003,4.849,0.0,-0.016,0.0
0.61,0.003,4.427,0.0,-0.017,0.0
0.61,0.003,4.297,0.0,-0.006,0.0
0.61,0.003,5.819,0.0,0.007,0.0
0.61,0.003,6.504,0.0,0.024,0.0
0.61,0.003,5.38,0.0,0.018,0.0
0.61,0.003,5.685,0.0,0.006,0.0
0.61,0.003,3.911,0.0,0.002,0.0
0.61,0.003,5.576,0.0,-0.012,0.0
0.61,0.003,4.471,0.0,-0.015,0.0
0.61,0.003,6.075,0.0,-0.001,0.0
0.61,0.003,5.329,0.0,-0.0,0.0
0.61,0.003,4.007,0.0,-0.014,0.0
0.61,0.003,5.613,0.0,-0.01,0.0
0.61,0.003,5.134,0.0,-0.012,0.0
0.61,0.003,5.389,0.0,-0.015,0.0
0.61,0.003,4.753,0.0,-0.003,0.0
0.61,0.003,4.983,0.0,-0.014,0.0
0.61,0.003,5.544,0.0,-0.012,0.0
0.61,0.003,5.765,0.0,0.0,0.0
0.61,0.003,5.326,0.0,-0.006,0.0
0.61,0.003,3.757,0.0,-0.008,0.0
0.61,0.003,4.805,0.0,-0.001,0.0
0.61,0.003,4.488,0.0,0.006,0.0
0.61,0.003,4.86,0.0,-0.015,0.0
0.61,0.003,4.567,0.0,-0.016,0.0
0.61,0.003,4.9,0.0,0.015,0.0
0.61,0.003,6.261,0.0,-0.02,0.0
0.61,0.003,4.399,0.0,-0.011,0.0
0.61,0.003,3.661,0.0,0.015,0.0
0.61,0.003,4.35,0.0,-0.006,0.0
0.61,0.003,5.047,0.0,0.004,0.0
0.61,0.003,4.014,0.0,-0.001,0.0
0.61,0.003,5.741,0.0,0.005,0.0
0.61,0.003,5.63,0.0,0.02,0.0
0.61,0.003,5.181,0.0,-0.028,0.0
0.61,0.003,5.483,0.0,-0.004,0.0
0.61,0.003,5.286,0.0,-0.021,0.0
0.61,0.003,4.452,0.0,-0.0,0.0
0.61,0.003,4.805,0.0,-0.0,0.0
0.61,0.003,5.752,0.0,0.006,0.0
0.61,0.003,4.608,0.0,0.004,0.0
0.611,0.003,4.887,0.0,-0.024,0.0
0.611,0.003,5.61,0.0,0.015,0.0
0.611,0.003,6.607,0.0,0.008,0.0
0.611,0.003,4.554,0.0,-0.018,0.0
0.611,0.003,3.265,0.0,0.005,0.0
0.611,0.003,4.221,0.0,0.013,0.0
0.611,0.003,5.311,0.0,-0.016,0.0
0.611,0.003,5.863,0.0,0.011,0.0
0.611,0.003,4.793,0.0,0.006,0.0
0.611,0.003,5.935,0.0,-0.013,0.0
0.611,0.003,5.524,0.0,0.001,0.0
0.611,0.003,3.757,0.0,-0.007,0.0
0.611,0.003,5.719,0.0,-0.021,0.0
0.611,0.003,5.028,0.0,-0.017,0.0
0.611,0.003,4.134,0.0,-0.01,0.0
0.611,0.003,4.628,0.0,0.001,0.0
0.611,0.003,5.372,0.0,-0.018,0.0
0.611,0.003,5.709,0.0,-0.009,0.0
0.611,0.003,4.621,0.0,-0.0,0.0
0.611,0.003,5.263,0.0,-0.009,0.0
0.611,0.003,4.294,0.0,-0.026,0.0
0.611,0.003,5.484,0.0,0.01,0.0
0.611,0.003,4.833,0.0,-0.008,0.0
0.611,0.003,6.994,0.0,-0.003,0.0
0.611,0.003,5.693,0.0,-0.004,0.0
0.611,0.003,4.663,0.0,-0.003,0.0
0.611,0.003,5.387,0.0,0.023,0.0
0.611,0.003,3.704,0.0,0.005,0.0
0.611,0.003,5.7,0.0,0.006,0.0
0.611,0.003,5.625,0.0,-0.022,0.0
0.611,0.003,4.438,0.0,0.018,0.0
0.611,0.003,4.979,0.0,0.006,0.0
0.611,0.003,4.376,0.0,0.0,0.0
0.611,0.003,5.804,0.0,-0.002,0.0
0.611,0.003,5.037,0.0,-0.009,0.0
0.611,0.003,5.35,0.0,-0.002,0.0
0.611,0.003,4.525,0.0,-0.009,0.0
0.611,0.003,4.956,0.0,0.006,0.0
0.611,0.003,6.031,0.0,-0.02,0.0
0.611,0.003,5.356,0.0,0.005,0.0
0.611,0.003,4.877,0.0,0.003,0.0
0.612,0.003,4.703,0.0,-0.01,0.0
0.612,0.003,5.579,0.0,-0.008,0.0
0.612,0.003,4.936,0.0,-0.011,0.0
0.612,0.003,4.527,0.0,-0.026,0.0
0.612,0.003,4.854,0.0,-0.015,0.0
0.612,0.003,4.641,0.0,-0.004,0.0
0.612,0.003,4.828,0.0,-0.014,0.0
0.612,0.003,5.09,0.0,-0.007,0.0
0.612,0.003,4.506,0.0,-0.009,0.0
0.612,0.003,4.482,0.0,-0.013,0.0
0.612,0.003,3.783,0.0,-0.01,0.0
0.612,0.003,5.949,0.0,-0.013,0.0
0.612,0.003,5.563,0.0,0.013,0.0
0.612,0.003,5.441,0.0,0.006,0.0
0.612,0.003,4.248,0.0,0.001,0.0
0.612,0.003,4.994,0.0,0.002,0.0
0.612,0.003,4.451,0.0,-0.005,0.0
0.612,0.003,5.331,0.0,0.008,0.0
0.612,0.003,4.088,0.0,0.009,0.0
0.612,0.003,5.257,0.0,-0.028,0.0
0.612,0.003,4.07,0.0,-0.005,0.0
0.612,0.003,5.532,0.0,-0.024,0.0
0.612,0.003,3.989,0.0,-0.0,0.0
0.612,0.003,5.927,0.0,-0.006,0.0
0.612,0.003,4.758,0.0,-0.001,0.0
0.612,0.003,5.372,0.0,0.001,0.0
0.612,0.003,4.525,0.0,-0.017,0.0
0.612,0.003,4.177,0.0,-0.011,0.0
0.612,0.003,5.322,0.0,0.025,0.0
0.612,0.003,6.028,0.0,-0.013,0.0
0.612,0.003,4.981,0.0,0.01,0.0
0.612,0.003,5.594,0.0,-0.005,0.0
0.612,0.003,4.864,0.0,-0.013,0.0
0.612,0.003,4.768,0.0,0.014,0.0
0.612,0.003,6.192,0.0,-0.022,0.0
0.612,0.003,3.935,0.0,-0.012,0.0
0.612,0.003,4.768,0.0,-0.006,0.0
0.612,0.003,4.969,0.0,-0.02,0.0
0.612,0.003,4.154,0.0,-0.01,0.0
0.612,0.003,4.204,0.0,-0.013,0.0
0.612,0.003,4.192,0.0,-0.019,0.0
0.612,0.003,4.559,0.0,-0.013,0.0
0.613,0.003,4.733,0.0,-0.011,0.0
0.613,0.003,3.746,0.0,0.003,0.0
0.613,0.003,5.284,0.0,-0.027,0.0
0.613,0.003,6.879,0.0,-0.02,0.0
0.613,0.003,5.651,0.0,-0.012,0.0
0.613,0.003,5.467,0.0,0.007,0.0
0.613,0.003,6.419,0.0,0.009,0.0
0.613,0.003,5.622,0.0,-0.012,0.0
0.613,0.003,4.855,0.0,-0.003,0.0
0.613,0.003,5.308,0.0,-0.0,0.0
0.613,0.003,4.21,0.0,0.005,0.0
0.613,0.003,4.225,0.0,-0.001,0.0
0.613,0.003,4.46,0.0,-0.012,0.0
0.613,0.003,5.929,0.0,0.001,0.0
0.613,0.003,5.358,0.0,-0.014,0.0
0.613,0.003,4.193,0.0,-0.02,0.0
0.613,0.003,7.333,0.0,-0.017,0.0
0.613,0.003,5.801,0.0,-0.001,0.0
0.613,0.003,5.736,0.0,-0.002,0.0
0.613,0.003,6.047,0.0,-0.001,0.0
0.613,0.003,4.724,0.0,-0.009,0.0
0.613,0.003,6.892,0.0,-0.014,0.0
0.613,0.003,4.457,0.0,0.002,0.0
0.613,0.003,5.142,0.0,-0.007,0.0
0.613,0.003,4.675,0.0,-0.003,0.0
0.613,0.003,5.285,0.0,-0.012,0.0
0.613,0.003,5.678,0.0,0.006,0.0
0.613,0.003,5.109,0.0,0.002,0.0
0.613,0.003,5.341,0.0,-0.002,0.0
0.613,0.003,6.246,0.0,0.012,0.0
0.613,0.003,5.521,0.0,0.0,0.0
0.613,0.003,5.563,0.0,-0.013,0.0
0.613,0.003,4.544,0.0,-0.018,0.0
0.613,0.003,4.418,0.0,-0.007,0.0
0.613,0.003,5.125,0.0,-0.01,0.0
0.613,0.003,4.667,0.0,0.002,0.0
0.613,0.003,4.835,0.0,-0.016,0.0
0.613,0.007,4.681,0.0,-0.0,0.0
0.613,0.003,4.732,0.0,0.018,0.0
0.613,0.003,5.931,0.0,-0.003,0.0
0.614,0.003,5.309,0.0,-0.005,0.0
0.614,0.003,3.93,0.0,-0.005,0.0
0.614,0.003,5.798,0.0,-0.027,0.0
0.614,0.003,6.102,0.0,-0.008,0.0
0.614,0.003,5.133,0.0,-0.009,0.0
0.614,0.003,5.55,0.0,-0.02,0.0
0.614,0.003,4.945,0.0,0.02,0.0
0.614,0.003,5.028,0.0,0.01,0.0
0.614,0.003,5.271,0.0,0.007,0.0
0.614,0.003,4.569,0.0,-0.019,0.0
0.614,0.003,5.937,0.0,-0.004,0.0
0.614,0.003,3.947,0.0,0.022,0.0
0.614,0.003,5.507,0.0,0.013,0.0
0.614,0.003,5.79,0.0,0.004,0.0
0.614,0.003,5.494,0.0,-0.009,0.0
0.614,0.003,5.167,0.0,-0.003,0.0
0.614,0.003,5.77,0.0,-0.005,0.0
0.614,0.003,4.959,0.0,0.028,0.0
0.614,0.003,4.294,0.0,0.007,0.0
0.614,0.003,4.317,0.0,0.011,0.0
0.614,0.003,4.636,0.0,-0.004,0.0
0.614,0.007,4.198,0.0,-0.003,0.0
0.614,0.003,4.585,0.0,0.001,0.0
0.614,0.003,5.307,0.0,-0.013,0.0
0.614,0.003,4.917,0.0,-0.018,0.0
0.614,0.003,5.329,0.0,0.027,0.0
0.614,0.003,5.19,0.0,-0.002,0.0
0.614,0.003,5.137,0.0,-0.015,0.0
0.614,0.003,5.689,0.0,-0.01,0.0
0.614,0.003,5.532,0.0,-0.001,0.0
0.614,0.003,4.731,0.0,-0.007,0.0
0.614,0.003,5.531,0.0,-0.0,0.0
0.614,0.003,5.905,0.0,-0.008,0.0
0.614,0.003,3.671,0.0,-0.004,0.0
0.614,0.003,3.926,0.0,-0.012,0.0
0.614,0.003,4.014,0.0,0.002,0.0
0.614,0.003,5.194,0.0,0.001,0.0
0.614,0.003,6.457,0.0,-0.005,0.0
0.614,0.003,4.636,0.0,-0.012,0.0
0.614,0.003,4.212,0.0,0.004,0.0
0.614,0.003,6.001,0.0,-0.022,0.0
0.614,0.003,5.914,0.0,-0.0,0.0
0.614,0.003,4.341,0.0,-0.012,0.0
0.614,0.003,5.649,0.0,0.029,0.0
0.614,0.003,5.612,0.0,-0.008,0.0
0.614,0.003,4.074,0.0,-0.026,0.0
0.614,0.003,5.535,0.0,-0.021,0.0
0.615,0.003,5.33,0.0,0.006,0.0
0.615,0.003,5.522,0.0,-0.006,0.0
0.615,0.003,3.535,0.0,-0.001,0.0
0.615,0.003,5.111,0.0,-0.012,0.0
0.615,0.003,4.641,0.0,-0.001,0.0
0.615,0.003,3.933,0.0,-0.014,0.0
0.615,0.003,5.508,0.0,0.002,0.0
0.615,0.003,4.667,0.0,0.018,0.0
0.615,0.003,5.299,0.0,0.014,0.0
0.615,0.003,4.539,0.0,-0.009,0.0
0.615,0.003,4.949,0.0,-0.005,0.0
0.615,0.003,4.367,0.0,-0.006,0.0
0.615,0.003,5.265,0.0,-0.008,0.0
0.615,0.003,5.061,0.0,0.011,0.0
0.615,0.003,3.834,0.0,-0.02,0.0
0.615,0.003,4.935,0.0,0.019,0.0
0.615,0.003,3.772,0.0,-0.0,0.0
0.615,0.003,3.61,0.0,-0.012,0.0
0.615,0.003,4.922,0.0,-0.002,0.0
0.615,0.003,5.471,0.0,-0.003,0.0
0.615,0.003,6.147,0.0,0.003,0.0
0.615,0.003,4.654,0.0,-0.004,0.0
0.615,0.003,5.864,0.0,0.019,0.0
0.615,0.003,5.577,0.0,-0.017,0.0
0.615,0.003,5.628,0.0,-0.013,0.0
0.615,0.003,5.165,0.0,-0.017,0.0
0.615,0.003,4.887,0.0,-0.009,0.0
0.615,0.003,3.656,0.0,-0.014,0.0
0.615,0.003,5.107,0.0,0.008,0.0
0.615,0.003,5.285,0.0,-0.014,0.0
0.615,0.003,5.102,0.0,-0.005,0.0
0.615,0.003,4.516,0.0,-0.001,0.0
0.615,0.003,5.87,0.0,0.024,0.0
0.615,0.003,5.339,0.0,-0.004,0.0
0.615,0.003,5.924,0.0,-0.03,0.0
0.615,0.003,3.753,0.0,-0.011,0.0
0.615,0.003,4.97,0.0,0.003,0.0
0.615,0.003,5.336,0.0,0.011,0.0
0.615,0.003,5.202,0.0,0.024,0.0
0.615,0.003,4.895,0.0,-0.013,0.0
0.615,0.003,4.589,0.0,-0.016,0.0
0.615,0.003,5.675,0.0,-0.006,0.0
0.615,0.003,4.002,0.0,-0.012,0.0
0.615,0.003,6.111,0.0,-0.012,0.0
0.615,0.003,4.071,0.0,-0.011,0.0
0.615,0.003,4.786,0.0,-0.006,0.0
0.616,0.003,5.929,0.0,-0.008,0.0
0.616,0.003,5.159,0.0,-0.015,0.0
0.616,0.003,4.705,0.0,-0.019,0.0
0.616,0.003,5.381,0.0,-0.012,0.0
0.616,0.003,4.409,0.0,-0.004,0.0
0.616,0.003,6.0,0.0,-0.028,0.0
0.616,0.003,5.091,0.0,-0.001,0.0
0.616,0.003,4.181,0.0,0.005,0.0
0.616,0.003,3.831,0.0,-0.001,0.0
0.616,0.003,4.367,0.0,0.002,0.0
0.616,0.003,6.642,0.0,-0.023,0.0
0.616,0.003,4.53,0.0,-0.015,0.0
0.616,0.003,5.14,0.0,0.002,0.0
0.616,0.003,4.422,0.0,-0.01,0.0
0.616,0.003,5.083,0.0,-0.005,0.0
0.616,0.003,4.524,0.0,-0.001,0.0
0.616,0.003,6.203,0.0,0.004,0.0
0.616,0.003,4.996,0.0,-0.011,0.0
0.616,0.003,5.499,0.0,0.003,0.0
0.616,0.003,4.82,0.0,-0.005,0.0
0.616,0.003,3.64,0.0,0.029,0.0
0.616,0.003,5.723,0.0,-0.006,0.0
0.616,0.003,5.334,0.0,-0.006,0.0
0.616,0.003,3.791,0.0,0.005,0.0
0.616,0.003,4.552,0.0,-0.017,0.0
0.616,0.003,4.656,0.0,0.022,0.0
0.616,0.003,5.566,0.0,-0.004,0.0
0.616,0.003,4.471,0.0,-0.0,0.0
0.616,0.003,4.536,0.0,-0.007,0.0
0.616,0.003,6.263,0.0,0.005,0.0
0.616,0.003,5.451,0.0,-0.002,0.0
0.616,0.003,5.348,0.0,-0.024,0.0
0.616,0.003,6.242,0.0,-0.015,0.0
0.616,0.003,4.508,0.0,0.015,0.0
0.616,0.003,5.628,0.0,-0.016,0.0
0.616,0.003,6.376,0.0,0.026,0.0
0.616,0.003,5.201,0.0,-0.006,0.0
0.616,0.003,4.703,0.0,-0.01,0.0
0.616,0.003,5.037,0.0,-0.023,0.0
0.616,0.003,4.549,0.0,-0.026,0.0
0.616,0.003,5.216,0.0,0.011,0.0
0.616,0.003,4.242,0.0,0.007,0.0
0.616,0.003,5.251,0.0,0.006,0.0
0.616,0.003,4.482,0.0,-0.012,0.0
0.616,0.003,6.021,0.0,0.007,0.0
0.616,0.003,5.149,0.0,0.026,0.0
0.616,0.003,4.832,0.0,-0.002,0.0
0.616,0.003,5.368,0.0,0.009,0.0
0.616,0.003,4.047,0.0,-0.022,0.0
0.616,0.003,5.697,0.0,-0.026,0.0
0.616,0.003,3.821,0.0,0.016,0.0
0.616,0.003,5.53,0.0,-0.01,0.0
0.617,0.003,4.473,0.0,-0.009,0.0
0.617,0.003,5.137,0.0,-0.011,0.0
0.617,0.003,6.056,0.0,0.017,0.0
0.617,0.003,4.144,0.0,-0.005,0.0
0.617,0.003,4.685,0.0,0.001,0.0
0.617,0.003,6.291,0.0,-0.011,0.0
0.617,0.003,4.586,0.0,0.001,0.0
0.617,0.003,4.643,0.0,-0.015,0.0
0.617,0.003,6.101,0.0,-0.004,0.0
0.617,0.003,5.922,0.0,0.025,0.0
0.617,0.003,6.649,0.0,-0.014,0.0
0.617,0.003,7.131,0.0,-0.021,0.0
0.617,0.003,4.154,0.0,-0.027,0.0
0.617,0.003,4.475,0.0,-0.003,0.0
0.617,0.003,4.308,0.0,0.0,0.0
0.617,0.003,4.659,0.0,0.019,0.0
0.617,0.003,6.103,0.0,0.01,0.0
0.617,0.003,4.806,0.0,-0.004,0.0
0.617,0.003,4.797,0.0,-0.018,0.0
0.617,0.003,4.762,0.0,-0.001,0.0
0.617,0.003,6.781,0.0,0.009,0.0
0.617,0.003,4.934,0.0,-0.019,0.0
0.617,0.003,5.504,0.0,-0.012,0.0
0.617,0.003,6.952,0.0,-0.005,0.0
0.617,0.003,4.553,0.0,0.011,0.0
0.617,0.003,5.454,0.0,-0.023,0.0
0.617,0.003,5.044,0.0,-0.012,0.0
0.617,0.003,4.738,0.0,-0.003,0.0
0.617,0.003,2.972,0.0,-0.004,0.0
0.617,0.003,4.827,0.0,-0.026,0.0
0.617,0.003,5.101,0.0,-0.014,0.0
0.617,0.003,6.031,0.0,-0.003,0.0
0.617,0.003,5.44,0.0,-0.034,0.0
0.617,0.003,4.986,0.0,0.002,0.0
0.617,0.003,4.613,0.0,-0.007,0.0
0.617,0.003,4.69,0.0,-0.008,0.0
0.617,0.003,5.784,0.0,-0.004,0.0
0.617,0.003,4.538,0.0,-0.01,0.0
0.617,0.003,5.129,0.0,0.015,0.0
0.617,0.003,4.799,0.0,-0.01,0.0
0.617,0.003,5.281,0.0,-0.01,0.0
0.617,0.003,4.985,0.0,0.01,0.0
0.617,0.003,4.469,0.0,-0.017,0.0
0.617,0.003,3.595,0.0,0.004,0.0
0.617,0.003,5.398,0.0,-0.001,0.0
0.617,0.003,5.424,0.0,-0.017,0.0
0.617,0.003,5.32,0.0,0.014,0.0
0.617,0.003,4.705,0.0,-0.006,0.0
0.618,0.003,4.718,0.0,-0.004,0.0
0.618,0.003,5.501,0.0,-0.018,0.0
0.618,0.003,5.461,0.0,-0.007,0.0
0.618,0.003,4.897,0.0,-0.019,0.0
0.618,0.003,5.84,0.0,0.005,0.0
0.618,0.003,6.115,0.0,-0.02,0.0
0.618,0.003,5.307,0.0,-0.005,0.0
0.618,0.003,4.68,0.0,0.005,0.0
0.618,0.003,7.518,0.0,-0.02,0.0
0.618,0.003,5.418,0.0,-0.007,0.0
0.618,0.003,4.505,0.0,0.004,0.0
0.618,0.003,4.339,0.0,-0.012,0.0
0.618,0.003,5.189,0.0,0.005,0.0
0.618,0.003,3.971,0.0,-0.009,0.0
0.618,0.003,5.185,0.0,-0.011,0.0
0.618,0.003,4.915,0.0,0.011,0.0
0.618,0.003,4.618,0.0,-0.005,0.0
0.618,0.003,4.587,0.0,-0.004,0.0
0.618,0.003,3.893,0.0,-0.009,0.0
0.618,0.003,4.764,0.0,0.002,0.0
0.618,0.003,4.797,0.0,0.008,0.0
0.618,0.003,4.39,0.0,-0.011,0.0
0.618,0.003,4.962,0.0,-0.014,0.0
0.618,0.003,5.415,0.0,0.009,0.0
0.618,0.003,4.686,0.0,-0.019,0.0
0.618,0.003,5.221,0.0,-0.014,0.0
0.618,0.003,6.892,0.0,-0.006,0.0
0.618,0.003,4.622,0.0,0.007,0.0
0.618,0.003,5.474,0.0,0.019,0.0
0.618,0.003,5.06,0.0,0.008,0.0
0.618,0.003,3.945,0.0,-0.02,0.0
0.618,0.003,5.7,0.0,-0.014,0.0
0.618,0.003,4.483,0.0,0.01,0.0
0.618,0.003,3.1,0.0,0.01,0.0
0.618,0.003,4.599,0.0,0.001,0.0
0.618,0.003,4.339,0.0,0.005,0.0
0.618,0.003,4.292,0.0,-0.009,0.0
0.618,0.003,5.724,0.0,-0.004,0.0
0.618,0.003,5.36,0.0,-0.003,0.0
0.618,0.003,5.093,0.0,-0.005,0.0
0.618,0.003,4.228,0.0,0.014,0.0
0.618,0.003,5.235,0.0,-0.022,0.0
0.618,0.003,4.069,0.0,-0.008,0.0
0.618,0.003,7.004,0.0,-0.005,0.0
0.618,0.003,5.151,0.0,0.015,0.0
0.618,0.003,6.115,0.0,-0.005,0.0
0.618,0.003,4.376,0.0,-0.012,0.0
0.618,0.003,5.479,0.0,-0.003,0.0
0.618,0.003,3.6,0.0,-0.021,0.0
0.618,0.003,4.089,0.0,-0.004,0.0
0.618,0.003,5.639,0.0,0.018,0.0
0.618,0.003,5.049,0.0,-0.009,0.0
0.618,0.003,4.371,0.0,-0.012,0.0
0.619,0.003,4.667,0.0,-0.01,0.0
0.619,0.003,3.697,0.0,-0.018,0.0
0.619,0.003,4.791,0.0,-0.013,0.0
0.619,0.003,4.491,0.0,-0.007,0.0
0.619,0.003,4.619,0.0,-0.002,0.0
0.619,0.003,4.658,0.0,0.009,0.0
0.619,0.003,6.024,0.0,0.008,0.0
0.619,0.003,5.571,0.0,0.004,0.0
0.619,0.003,4.371,0.0,-0.022,0.0
0.619,0.003,5.186,0.0,0.0,0.0
0.619,0.003,7.209,0.0,0.004,0.0
0.619,0.003,4.425,0.0,-0.004,0.0
0.619,0.003,4.768,0.0,0.007,0.0
0.619,0.003,5.24,0.0,-0.003,0.0
0.619,0.003,4.939,0.0,-0.031,0.0
0.619,0.003,5.585,0.0,0.002,0.0
0.619,0.003,6.097,0.0,0.006,0.0
0.619,0.003,6.11,0.0,0.008,0.0
0.619,0.003,5.35,0.0,-0.01,0.0
0.619,0.003,4.1,0.0,0.01,0.0
0.619,0.003,5.152,0.0,-0.0,0.0
0.619,0.003,5.849,0.0,-0.015,0.0
0.619,0.003,5.412,0.0,0.004,0.0
0.619,0.003,5.295,0.0,-0.005,0.0
0.619,0.003,5.621,0.0,0.002,0.0
0.619,0.003,3.325,0.0,0.016,0.0
0.619,0.003,5.523,0.0,-0.002,0.0
0.619,0.003,5.731,0.0,-0.017,0.0
0.619,0.003,5.355,0.0,-0.015,0.0
0.619,0.003,5.022,0.0,-0.011,0.0
0.619,0.003,5.346,0.0,0.014,0.0
0.619,0.003,5.334,0.0,-0.004,0.0
0.619,0.003,5.1,0.0,-0.007,0.0
0.619,0.003,5.324,0.0,-0.027,0.0
0.619,0.003,5.005,0.0,0.006,0.0
0.619,0.003,4.739,0.0,-0.01,0.0
0.62,0.003,4.654,0.0,0.008,0.0
0.62,0.003,5.331,0.0,-0.017,0.0
0.62,0.003,5.372,0.0,0.009,0.0
0.62,0.003,5.669,0.0,-0.017,0.0
0.62,0.003,4.7,0.0,0.009,0.0
0.62,0.003,4.714,0.0,0.002,0.0
0.62,0.003,5.468,0.0,-0.012,0.0
0.62,0.003,5.364,0.0,-0.006,0.0
0.62,0.003,5.392,0.0,0.017,0.0
0.62,0.003,5.096,0.0,0.004,0.0
0.62,0.003,4.08,0.0,-0.01,0.0
0.62,0.003,4.824,0.0,0.017,0.0
0.62,0.003,3.013,0.0,-0.004,0.0
0.62,0.003,5.603,0.0,0.008,0.0
0.62,0.003,4.238,0.0,0.008,0.0
0.62,0.003,5.125,0.0,0.03,0.0
0.62,0.003,5.161,0.0,-0.002,0.0
0.62,0.003,4.025,0.0,-0.024,0.0
0.62,0.003,5.401,0.0,0.002,0.0
0.62,0.003,4.484,0.0,-0.014,0.0
0.62,0.003,4.971,0.0,-0.017,0.0
0.62,0.003,3.944,0.0,-0.019,0.0
0.62,0.003,4.839,0.0,-0.015,0.0
0.62,0.003,6.239,0.0,-0.005,0.0
0.62,0.003,5.874,0.0,0.005,0.0
0.62,0.003,4.92,0.0,0.014,0.0
0.62,0.003,5.423,0.0,-0.016,0.0
0.62,0.003,5.28,0.0,-0.009,0.0
0.62,0.003,5.754,0.0,-0.016,0.0
0.62,0.003,5.855,0.0,-0.014,0.0
0.62,0.003,4.489,0.0,0.012,0.0
0.62,0.003,5.609,0.0,-0.006,0.0
0.62,0.003,6.212,0.0,-0.006,0.0
0.62,0.003,6.071,0.0,0.009,0.0
0.62,0.003,5.495,0.0,0.01,0.0
0.62,0.003,4.222,0.0,-0.003,0.0
0.62,0.003,4.965,0.333,0.018,0.0
0.62,0.003,5.268,0.0,-0.028,0.0
0.62,0.003,5.008,0.0,-0.004,0.0
0.62,0.003,5.346,0.0,0.01,0.0
0.62,0.003,4.667,0.0,-0.014,0.0
0.62,0.003,4.034,0.0,-0.01,0.0
0.62,0.003,5.427,0.0,-0.002,0.0
0.62,0.003,5.076,0.0,-0.007,0.0
0.62,0.003,3.711,0.0,0.006,0.0
0.621,0.003,4.401,0.0,0.004,0.0
0.621,0.003,4.695,0.0,-0.006,0.0
0.621,0.003,4.901,0.0,-0.023,0.0
0.621,0.003,5.877,0.0,-0.016,0.0
0.621,0.003,4.362,0.0,-0.012,0.0
0.621,0.003,4.949,0.0,-0.002,0.0
0.621,0.003,4.471,0.0,0.013,0.0
0.621,0.003,5.41,0.0,0.015,0.0
0.621,0.003,5.608,0.0,0.002,0.0
0.621,0.003,4.869,0.0,-0.012,0.0
0.621,0.003,5.574,0.0,0.025,0.0
0.621,0.003,4.329,0.0,0.017,0.0
0.621,0.003,4.572,0.0,0.005,0.0
0.621,0.003,4.711,0.0,0.002,0.0
0.621,0.003,6.335,0.0,0.003,0.0
0.621,0.003,5.345,0.0,0.01,0.0
0.621,0.003,5.207,0.0,0.009,0.0
0.621,0.003,6.109,0.0,-0.021,0.0
0.621,0.003,4.574,0.0,-0.01,0.0
0.621,0.003,4.868,0.0,0.0,0.0
0.621,0.003,4.593,0.0,0.003,0.0
0.621,0.003,5.703,0.0,0.003,0.0
0.621,0.003,4.591,0.0,-0.012,0.0
0.621,0.003,5.599,0.0,-0.015,0.0
0.621,0.003,3.708,0.0,0.008,0.0
0.621,0.003,4.493,0.0,-0.016,0.0
0.621,0.003,4.64,0.0,-0.011,0.0
0.621,0.003,4.066,0.0,-0.022,0.0
0.621,0.003,5.496,0.0,0.008,0.0
0.621,0.003,5.058,0.0,-0.004,0.0
0.621,0.003,3.181,0.0,0.001,0.0
0.621,0.003,5.607,0.0,-0.02,0.0
0.621,0.003,5.325,0.0,-0.024,0.0
0.621,0.003,5.084,0.0,0.003,0.0
0.621,0.003,6.003,0.0,0.002,0.0
0.621,0.003,4.706,0.0,0.02,0.0
0.621,0.003,5.35,0.0,0.014,0.0
0.621,0.003,5.172,0.0,-0.0,0.0
0.621,0.003,6.148,0.0,0.011,0.0
0.622,0.003,4.458,0.0,-0.0,0.0
0.622,0.003,3.524,0.0,0.002,0.0
0.622,0.003,4.453,0.0,-0.021,0.0
0.622,0.003,5.304,0.0,0.022,0.0
0.622,0.003,7.155,0.0,-0.013,0.0
0.622,0.003,3.77,0.0,-0.01,0.0
0.622,0.003,5.46,0.0,-0.012,0.0
0.622,0.003,4.306,0.0,-0.002,0.0
0.622,0.003,4.008,0.0,0.013,0.0
0.622,0.003,6.438,0.0,0.009,0.0
0.622,0.003,4.94,0.0,-0.014,0.0
0.622,0.003,5.039,0.0,0.031,0.0
0.622,0.003,4.626,0.0,-0.003,0.0
0.622,0.003,4.805,0.0,-0.007,0.0
0.622,0.003,4.716,0.0,-0.008,0.0
0.622,0.003,5.306,0.0,0.005,0.0
0.622,0.003,5.11,0.0,0.001,0.0
0.622,0.003,4.0,0.0,-0.011,0.0
0.622,0.003,5.95,0.0,-0.001,0.0
0.622,0.003,5.722,0.0,0.001,0.0
0.622,0.003,4.275,0.0,-0.018,0.0
0.622,0.003,3.206,0.0,0.011,0.0
0.622,0.003,4.646,0.0,-0.002,0.0
0.622,0.003,5.27,0.0,0.01,0.0
0.622,0.003,5.328,0.0,-0.003,0.0
0.622,0.003,5.028,0.0,-0.014,0.0
0.622,0.003,5.278,0.0,-0.029,0.0
0.622,0.003,5.98,0.0,-0.001,0.0
0.622,0.003,5.1,0.0,-0.013,0.0
0.622,0.003,4.241,0.0,-0.012,0.0
0.622,0.003,4.159,0.0,-0.014,0.0
0.622,0.003,5.105,0.0,-0.011,0.0
0.622,0.003,5.313,0.0,-0.021,0.0
0.622,0.003,4.104,0.0,-0.001,0.0
0.622,0.003,5.91,0.0,0.017,0.0
0.622,0.003,5.27,0.0,-0.008,0.0
0.622,0.003,5.249,0.0,-0.007,0.0
0.622,0.003,4.938,0.0,0.008,0.0
0.622,0.003,5.897,0.0,-0.012,0.0
0.622,0.003,5.847,0.0,-0.007,0.0
0.622,0.003,4.543,0.0,-0.015,0.0
0.622,0.003,5.886,0.0,0.023,0.0
0.622,0.003,4.682,0.0,-0.002,0.0
0.622,0.003,5.549,0.0,-0.011,0.0
0.622,0.003,5.674,0.0,-0.004,0.0
0.622,0.003,4.827,0.0,0.001,0.0
0.622,0.003,5.013,0.0,-0.007,0.0
0.622,0.003,4.995,0.0,-0.003,0.0
0.622,0.003,4.001,0.0,0.006,0.0
0.622,0.003,6.103,0.0,-0.007,0.0
0.623,0.003,5.364,0.0,0.008,0.0
0.623,0.003,3.576,0.0,0.002,0.0
0.623,0.003,5.136,0.0,-0.015,0.0
0.623,0.003,3.914,0.0,-0.022,0.0
0.623,0.003,4.636,0.0,-0.008,0.0
0.623,0.003,5.262,0.0,0.003,0.0
0.623,0.003,5.228,0.0,-0.008,0.0
0.623,0.003,5.321,0.0,-0.021,0.0
0.623,0.003,4.329,0.0,-0.023,0.0
0.623,0.003,4.78,0.0,-0.02,0.0
0.623,0.003,3.847,0.0,-0.007,0.0
0.623,0.003,4.047,0.0,-0.004,0.0
0.623,0.003,5.042,0.0,-0.01,0.0
0.623,0.003,5.233,0.0,0.01,0.0
0.623,0.003,3.966,0.0,-0.024,0.0
0.623,0.003,4.916,0.0,-0.01,0.0
0.623,0.003,4.92,0.0,0.01,0.0
0.623,0.003,6.931,0.0,-0.013,0.0
0.623,0.003,4.188,0.0,-0.024,0.0
0.623,0.003,5.328,0.0,-0.02,0.0
0.623,0.003,6.175,0.0,0.007,0.0
0.623,0.003,4.227,0.0,0.002,0.0
0.623,0.003,4.9,0.0,-0.007,0.0
0.623,0.003,3.272,0.0,0.007,0.0
0.623,0.003,4.325,0.0,-0.013,0.0
0.623,0.003,4.036,0.0,-0.007,0.0
0.623,0.003,5.289,0.0,-0.034,0.0
0.623,0.003,5.819,0.0,0.004,0.0
0.623,0.003,7.462,0.0,-0.002,0.0
0.623,0.003,4.616,0.0,-0.011,0.0
0.623,0.003,4.759,0.0,-0.033,0.0
0.623,0.003,5.482,0.0,0.008,0.0
0.623,0.003,4.827,0.0,-0.013,0.0
0.623,0.003,4.294,0.0,-0.021,0.0
0.623,0.003,5.432,0.0,-0.02,0.0
0.623,0.003,5.674,0.0,-0.01,0.0
0.623,0.003,5.299,0.0,-0.008,0.0
0.623,0.003,4.277,0.0,0.002,0.0
0.623,0.003,4.872,0.0,-0.027,0.0
0.623,0.003,4.801,0.0,-0.014,0.0
0.623,0.003,4.182,0.0,0.005,0.0
0.623,0.003,5.816,0.0,0.007,0.0
0.624,0.003,4.174,0.0,-0.018,0.0
0.624,0.003,5.091,0.0,-0.006,0.0
0.624,0.003,3.974,0.0,-0.01,0.0
0.624,0.003,6.405,0.0,-0.018,0.0
0.624,0.003,5.764,0.0,-0.018,0.0
0.624,0.003,3.423,0.0,-0.006,0.0
0.624,0.003,5.209,0.0,-0.006,0.0
0.624,0.003,4.315,0.0,-0.015,0.0
0.624,0.003,5.909,0.0,-0.011,0.0
0.624,0.003,5.73,0.0,-0.007,0.0
0.624,0.003,4.143,0.0,0.014,0.0
0.624,0.003,4.626,0.0,0.005,0.0
0.624,0.003,4.754,0.0,0.02,0.0
0.624,0.003,4.641,0.0,-0.001,0.0
0.624,0.003,4.503,0.0,-0.011,0.0
0.624,0.003,4.758,0.0,-0.018,0.0
0.624,0.003,4.001,0.0,-0.005,0.0
0.624,0.003,6.148,0.0,-0.007,0.0
0.624,0.003,5.586,0.0,-0.015,0.0
0.624,0.003,3.991,0.0,-0.006,0.0
0.624,0.003,5.16,0.0,-0.0,0.0
0.624,0.003,5.598,0.0,-0.009,0.0
0.624,0.003,4.524,0.0,0.009,0.0
0.624,0.003,5.522,0.0,-0.01,0.0
0.624,0.003,6.219,0.0,-0.002,0.0
0.624,0.003,4.694,0.0,-0.004,0.0
0.624,0.003,3.428,0.0,-0.006,0.0
0.624,0.003,5.254,0.0,0.019,0.0
0.624,0.003,4.994,0.0,-0.004,0.0
0.624,0.003,4.604,0.0,0.014,0.0
0.624,0.003,4.921,0.0,-0.021,0.0
0.624,0.003,5.687,0.0,0.0,0.0
0.624,0.003,4.725,0.0,0.002,0.0
0.624,0.003,4.027,0.0,-0.003,0.0
0.624,0.003,4.96,0.0,-0.002,0.0
0.624,0.003,4.899,0.0,-0.018,0.0
0.624,0.003,5.816,0.0,-0.022,0.0
0.624,0.003,5.509,0.0,0.007,0.0
0.624,0.003,4.474,0.0,-0.0,0.0
0.624,0.003,3.922,0.0,-0.019,0.0
0.624,0.003,5.053,0.0,0.005,0.0
0.624,0.003,5.283,0.0,0.006,0.0
0.624,0.003,5.863,0.0,-0.017,0.0
0.624,0.003,6.19,0.0,-0.005,0.0
0.624,0.003,5.786,0.0,-0.005,0.0
0.624,0.003,4.15,0.0,-0.007,0.0
0.624,0.003,5.901,0.0,-0.005,0.0
0.624,0.003,5.226,0.0,-0.019,0.0
0.625,0.003,7.113,0.0,-0.014,0.0
0.625,0.003,5.731,0.0,-0.023,0.0
0.625,0.003,5.514,0.0,-0.004,0.0
0.625,0.003,4.292,0.0,-0.019,0.0
0.625,0.003,4.309,0.0,-0.008,0.0
0.625,0.003,5.405,0.0,-0.009,0.0
0.625,0.003,6.087,0.0,-0.004,0.0
0.625,0.003,5.83,0.0,-0.019,0.0
0.625,0.003,4.567,0.0,-0.004,0.0
0.625,0.003,5.527,0.0,0.013,0.0
0.625,0.003,4.352,0.0,-0.007,0.0
0.625,0.003,4.731,0.0,-0.021,0.0
0.625,0.003,5.313,0.0,-0.0,0.0
0.625,0.003,5.299,0.0,0.034,0.0
0.625,0.003,5.207,0.0,0.002,0.0
0.625,0.003,4.867,0.0,-0.028,0.0
0.625,0.003,5.13,0.0,-0.026,0.0
0.625,0.003,5.952,0.0,0.015,0.0
0.625,0.003,4.708,0.0,0.008,0.0
0.625,0.003,4.756,0.0,-0.011,0.0
0.625,0.003,4.862,0.0,-0.013,0.0
0.625,0.003,6.1,0.0,-0.012,0.0
0.625,0.003,5.755,0.0,-0.002,0.0
0.625,0.003,4.972,0.0,-0.004,0.0
0.625,0.003,4.864,0.0,0.006,0.0
0.625,0.003,6.679,0.0,-0.016,0.0
0.625,0.003,5.156,0.0,-0.027,0.0
0.625,0.003,7.47,0.0,-0.02,0.0
0.625,0.003,5.658,0.0,0.0,0.0
0.625,0.003,5.221,0.0,0.008,0.0
0.625,0.003,4.532,0.0,-0.018,0.0
0.625,0.003,5.468,0.0,0.001,0.0
0.625,0.003,5.657,0.0,-0.003,0.0
0.625,0.003,5.483,0.0,-0.014,0.0
0.625,0.003,4.425,0.0,-0.018,0.0
0.625,0.003,5.091,0.0,-0.033,0.0
0.625,0.003,4.955,0.0,-0.011,0.0
0.625,0.003,3.264,0.0,-0.009,0.0
0.625,0.003,4.667,0.0,0.001,0.0
0.625,0.003,5.214,0.0,-0.016,0.0
0.625,0.003,4.278,0.0,-0.007,0.0
0.625,0.003,5.516,0.0,0.018,0.0
0.625,0.003,4.585,0.0,-0.003,0.0
0.625,0.003,4.846,0.0,0.001,0.0
0.625,0.003,4.375,0.0,-0.015,0.0
0.625,0.003,5.688,0.0,0.006,0.0
0.625,0.003,5.239,0.0,-0.028,0.0
0.626,0.003,4.538,0.0,-0.014,0.0
0.626,0.003,5.573,0.0,-0.013,0.0
0.626,0.003,5.111,0.0,-0.008,0.0
0.626,0.003,4.081,0.0,-0.008,0.0
0.626,0.003,5.988,0.0,-0.001,0.0
0.626,0.003,5.473,0.0,-0.011,0.0
0.626,0.003,5.508,0.0,-0.01,0.0
0.626,0.003,4.669,0.0,-0.012,0.0
0.626,0.003,5.569,0.0,-0.031,0.0
0.626,0.003,5.76,0.0,-0.026,0.0
0.626,0.003,3.615,0.0,-0.021,0.0
0.626,0.003,3.941,0.0,-0.007,0.0
0.626,0.003,5.003,0.0,-0.017,0.0
0.626,0.003,5.41,0.0,-0.006,0.0
0.626,0.003,5.327,0.0,0.001,0.0
0.626,0.003,3.899,0.0,-0.013,0.0
0.626,0.003,4.43,0.0,-0.014,0.0
0.626,0.003,5.713,0.0,-0.002,0.0
0.626,0.003,5.637,0.0,-0.017,0.0
0.626,0.003,4.813,0.0,0.001,0.0
0.626,0.003,6.056,0.0,-0.028,0.0
0.626,0.003,4.156,0.0,-0.013,0.0
0.626,0.003,4.166,0.0,0.017,0.0
0.626,0.003,5.685,0.0,0.006,0.0
0.626,0.003,4.787,0.0,0.012,0.0
0.626,0.003,4.943,0.0,-0.021,0.0
0.626,0.003,4.173,0.0,-0.028,0.0
0.626,0.003,3.85,0.0,0.005,0.0
0.626,0.003,4.778,0.0,0.001,0.0
0.626,0.003,5.11,0.0,0.003,0.0
0.627,0.003,5.89,0.0,-0.021,0.0
0.627,0.003,5.059,0.0,0.001,0.0
0.627,0.003,4.55,0.0,0.003,0.0
0.627,0.003,5.521,0.0,0.021,0.0
0.627,0.003,5.727,0.0,-0.001,0.0
0.627,0.003,3.881,0.0,-0.017,0.0
0.627,0.003,6.494,0.0,-0.036,0.0
0.627,0.003,5.871,0.0,0.015,0.0
0.627,0.003,4.783,0.0,-0.013,0.0
0.627,0.003,5.054,0.0,-0.005,0.0
0.627,0.003,3.979,0.0,0.006,0.0
0.627,0.003,4.072,0.0,-0.02,0.0
0.627,0.003,4.842,0.0,-0.014,0.0
0.627,0.003,5.038,0.0,-0.022,0.0
0.627,0.003,4.643,0.0,0.011,0.0
0.627,0.003,5.658,0.0,-0.005,0.0
0.627,0.003,3.977,0.0,-0.006,0.0
0.627,0.003,5.39,0.0,0.012,0.0
0.627,0.003,5.49,0.0,-0.009,0.0
0.627,0.003,4.822,0.0,-0.017,0.0
0.627,0.003,3.693,0.0,0.004,0.0
0.627,0.003,4.88,0.0,-0.007,0.0
0.627,0.003,5.656,0.0,-0.013,0.0
0.627,0.003,5.567,0.0,0.017,0.0
0.627,0.003,3.912,0.0,-0.009,0.0
0.627,0.003,6.75,0.0,-0.002,0.0
0.627,0.003,5.797,0.0,-0.001,0.0
0.627,0.003,4.26,0.0,-0.015,0.0
0.627,0.003,5.068,0.0,-0.013,0.0
0.627,0.003,3.901,0.0,-0.024,0.0
0.627,0.003,4.796,0.0,0.018,0.0
0.627,0.003,4.594,0.0,-0.018,0.0
0.627,0.003,4.919,0.0,0.008,0.0
0.627,0.003,4.93,0.0,-0.024,0.0
0.627,0.003,4.568,0.0,-0.008,0.0
0.627,0.003,5.339,0.0,-0.006,0.0
0.627,0.003,4.566,0.0,-0.014,0.0
0.627,0.003,5.553,0.0,0.001,0.0
0.627,0.003,5.348,0.0,0.01,0.0
0.627,0.003,3.117,0.0,-0.001,0.0
0.627,0.003,4.536,0.0,0.003,0.0
0.627,0.003,4.786,0.0,0.004,0.0
0.627,0.003,5.724,0.0,-0.011,0.0
0.627,0.003,5.381,0.0,-0.003,0.0
0.627,0.003,6.151,0.0,0.018,0.0
0.627,0.003,3.818,0.0,-0.015,0.0
0.627,0.003,4.539,0.0,-0.004,0.0
0.627,0.003,5.697,0.0,-0.01,0.0
0.627,0.003,4.601,0.0,-0.011,0.0
0.627,0.003,5.9,0.0,-0.014,0.0
0.627,0.003,5.117,0.0,-0.007,0.0
0.627,0.003,5.884,0.0,0.003,0.0
0.628,0.003,4.397,0.0,-0.012,0.0
0.628,0.003,5.525,0.0,-0.019,0.0
0.628,0.003,6.922,0.0,0.006,0.0
0.628,0.003,6.456,0.0,-0.021,0.0
0.628,0.003,4.544,0.0,-0.015,0.0
0.628,0.003,5.01,0.0,-0.018,0.0
0.628,0.003,4.565,0.0,-0.018,0.0
0.628,0.003,4.273,0.0,0.001,0.0
0.628,0.003,4.361,0.0,0.003,0.0
0.628,0.003,6.193,0.0,0.001,0.0
0.628,0.003,4.21,0.0,0.019,0.0
0.628,0.003,4.62,0.0,0.001,0.0
0.628,0.003,3.347,0.0,-0.018,0.0
0.628,0.003,3.294,0.0,-0.008,0.0
0.628,0.003,5.576,0.0,-0.013,0.0
0.628,0.003,6.109,0.0,-0.01,0.0
0.628,0.003,4.175,0.0,0.014,0.0
0.628,0.003,3.952,0.0,0.001,0.0
0.628,0.003,5.942,0.0,0.012,0.0
0.628,0.003,4.593,0.0,-0.0,0.0
0.628,0.003,4.53,0.0,0.006,0.0
0.628,0.003,4.506,0.0,-0.011,0.0
0.628,0.003,5.205,0.0,-0.005,0.0
0.628,0.003,5.451,0.0,0.003,0.0
0.628,0.003,4.583,0.0,-0.005,0.0
0.628,0.003,4.299,0.0,0.006,0.0
0.628,0.003,4.726,0.0,0.003,0.0
0.628,0.003,5.511,0.0,0.0,0.0
0.628,0.003,5.424,0.0,0.008,0.0
0.628,0.003,4.791,0.0,-0.001,0.0
0.628,0.003,6.358,0.0,0.019,0.0
0.628,0.003,5.104,0.0,-0.003,0.0
0.628,0.003,4.355,0.0,0.016,0.0
0.628,0.003,5.524,0.0,-0.018,0.0
0.628,0.003,4.766,0.0,0.011,0.0
0.628,0.003,5.494,0.0,0.001,0.0
0.628,0.003,4.548,0.0,-0.02,0.0
0.628,0.003,4.05,0.0,-0.016,0.0
0.628,0.003,5.44,0.0,-0.015,0.0
0.628,0.003,5.544,0.0,-0.02,0.0
0.628,0.003,6.707,0.0,0.015,0.0
0.628,0.003,4.613,0.0,-0.004,0.0
0.628,0.003,3.569,0.0,-0.002,0.0
0.628,0.003,5.439,0.0,0.017,0.0
0.628,0.003,4.563,0.0,-0.006,0.0
0.628,0.003,5.512,0.0,-0.006,0.0
0.628,0.003,5.041,0.0,0.007,0.0
0.628,0.003,3.876,0.0,-0.02,0.0
0.628,0.003,5.051,0.0,-0.021,0.0
0.629,0.003,4.273,0.0,-0.014,0.0
0.629,0.003,5.455,0.0,0.002,0.0
0.629,0.003,5.353,0.0,-0.01,0.0
0.629,0.003,4.782,0.0,-0.017,0.0
0.629,0.003,5.347,0.0,0.005,0.0
0.629,0.003,5.296,0.0,0.014,0.0
0.629,0.003,4.602,0.0,-0.008,0.0
0.629,0.003,5.191,0.0,-0.013,0.0
0.629,0.003,4.788,0.0,0.017,0.0
0.629,0.003,4.932,0.0,-0.024,0.0
0.629,0.003,4.136,0.0,-0.028,0.0
0.629,0.003,4.735,0.0,0.022,0.0
0.629,0.003,5.814,0.0,0.001,0.0
0.629,0.003,5.823,0.0,0.012,0.0
0.629,0.003,3.882,0.0,0.004,0.0
0.629,0.003,4.186,0.0,0.004,0.0
0.629,0.003,4.44,0.0,0.007,0.0
0.629,0.003,5.541,0.0,-0.005,0.0
0.629,0.003,5.189,0.0,0.002,0.0
0.629,0.003,6.41,0.0,-0.011,0.0
0.629,0.003,5.647,0.0,-0.011,0.0
0.629,0.003,7.365,0.0,-0.002,0.0
0.629,0.003,6.314,0.0,-0.024,0.0
0.629,0.003,4.881,0.0,0.02,0.0
0.629,0.003,5.355,0.0,-0.006,0.0
0.629,0.003,4.507,0.0,0.008,0.0
0.629,0.003,4.493,0.0,0.004,0.0
0.629,0.003,4.853,0.0,-0.017,0.0
0.629,0.003,6.777,0.0,-0.01,0.0
0.629,0.003,4.905,0.0,-0.01,0.0
0.629,0.003,4.657,0.0,-0.013,0.0
0.629,0.003,5.761,0.0,0.001,0.0
0.629,0.003,4.645,0.0,0.011,0.0
0.629,0.003,4.672,0.0,0.003,0.0
0.629,0.003,4.961,0.0,-0.016,0.0
0.629,0.003,4.963,0.0,0.014,0.0
0.629,0.003,3.674,0.0,-0.004,0.0
0.629,0.003,3.604,0.0,-0.003,0.0
0.629,0.003,5.616,0.0,-0.001,0.0
0.629,0.003,4.495,0.0,-0.006,0.0
0.629,0.003,3.919,0.0,-0.011,0.0
0.629,0.003,3.816,0.0,-0.011,0.0
0.629,0.003,4.439,0.0,-0.01,0.0
0.629,0.003,3.74,0.0,0.012,0.0
0.63,0.003,6.017,0.0,-0.003,0.0
0.63,0.003,6.741,0.0,-0.019,0.0
0.63,0.003,4.889,0.0,0.006,0.0
0.63,0.003,6.116,0.0,-0.013,0.0
0.63,0.003,4.361,0.0,-0.021,0.0
0.63,0.003,4.5,0.0,-0.017,0.0
0.63,0.003,4.903,0.0,-0.028,0.0
0.63,0.003,4.41,0.0,0.001,0.0
0.63,0.003,5.503,0.0,0.009,0.0
0.63,0.003,5.749,0.0,0.001,0.0
0.63,0.003,5.877,0.0,0.012,0.0
0.63,0.003,4.758,0.0,-0.007,0.0
0.63,0.003,4.073,0.0,0.0,0.0
0.63,0.003,4.756,0.0,-0.011,0.0
0.63,0.003,5.571,0.0,-0.011,0.0
0.63,0.003,4.11,0.0,-0.016,0.0
0.63,0.003,3.826,0.0,-0.013,0.0
0.63,0.003,4.645,0.0,0.005,0.0
0.63,0.003,5.157,0.0,0.003,0.0
0.63,0.003,5.693,0.0,0.009,0.0
0.63,0.003,4.489,0.0,-0.018,0.0
0.63,0.003,6.956,0.0,0.022,0.0
0.63,0.003,4.213,0.0,0.008,0.0
0.63,0.003,6.352,0.0,0.018,0.0
0.63,0.003,4.428,0.0,-0.012,0.0
0.63,0.003,5.207,0.0,0.012,0.0
0.63,0.003,5.082,0.0,0.01,0.0
0.63,0.003,4.841,0.0,-0.016,0.0
0.63,0.003,4.47,0.0,-0.019,0.0
0.63,0.003,4.132,0.0,-0.0,0.0
0.63,0.003,5.221,0.0,0.008,0.0
0.63,0.003,3.946,0.0,-0.001,0.0
0.63,0.003,4.185,0.0,-0.01,0.0
0.63,0.003,5.595,0.0,-0.006,0.0
0.63,0.003,5.691,0.0,-0.007,0.0
0.63,0.003,5.231,0.0,-0.013,0.0
0.631,0.003,4.407,0.0,-0.006,0.0
0.631,0.003,4.047,0.0,0.0,0.0
0.631,0.003,5.106,0.0,-0.004,0.0
0.631,0.003,6.189,0.0,0.001,0.0
0.631,0.003,5.087,0.0,-0.012,0.0
0.631,0.003,4.186,0.0,0.006,0.0
0.631,0.003,5.082,0.0,0.009,0.0
0.631,0.003,5.542,0.0,-0.006,0.0
0.631,0.003,5.654,0.0,0.001,0.0
0.631,0.003,4.955,0.0,-0.005,0.0
0.631,0.003,4.524,0.0,-0.014,0.0
0.631,0.003,5.556,0.0,-0.011,0.0
0.631,0.003,4.345,0.0,0.009,0.0
0.631,0.003,6.068,0.0,-0.002,0.0
0.631,0.003,4.232,0.0,0.015,0.0
0.631,0.003,4.209,0.0,0.006,0.0
0.631,0.003,5.997,0.0,-0.002,0.0
0.631,0.003,4.276,0.0,0.01,0.0
0.631,0.003,5.033,0.0,-0.012,0.0
0.631,0.003,5.116,0.0,-0.006,0.0
0.631,0.003,4.509,0.0,-0.02,0.0
0.631,0.003,5.029,0.0,-0.0,0.0
0.631,0.003,5.453,0.0,-0.014,0.0
0.631,0.003,4.649,0.0,-0.009,0.0
0.631,0.003,5.13,0.0,-0.0,0.0
0.631,0.003,4.371,0.0,-0.004,0.0
0.631,0.003,5.492,0.0,0.015,0.0
0.631,0.003,4.31,0.0,0.001,0.0
0.631,0.003,4.553,0.0,-0.013,0.0
0.631,0.003,5.594,0.0,-0.011,0.0
0.631,0.003,4.67,0.0,-0.016,0.0
0.631,0.003,4.602,0.0,0.03,0.0
0.631,0.003,5.709,0.0,-0.017,0.0
0.632,0.003,5.363,0.0,0.002,0.0
0.632,0.003,4.465,0.0,-0.007,0.0
0.632,0.003,4.85,0.0,0.007,0.0
0.632,0.003,5.525,0.0,-0.018,0.0
0.632,0.003,4.707,0.0,-0.02,0.0
0.632,0.003,4.17,0.0,-0.0,0.0
0.632,0.003,5.027,0.0,0.002,0.0
0.632,0.003,5.027,0.0,-0.004,0.0
0.632,0.003,6.382,0.0,0.008,0.0
0.632,0.003,5.194,0.0,-0.025,0.0
0.632,0.003,5.256,0.0,-0.011,0.0
0.632,0.003,5.776,0.0,-0.009,0.0
0.632,0.003,3.466,0.0,0.005,0.0
0.632,0.003,5.427,0.0,-0.035,0.0
0.632,0.003,5.523,0.0,0.016,0.0
0.632,0.003,4.377,0.0,-0.008,0.0
0.632,0.003,4.601,0.0,0.013,0.0
0.632,0.003,4.732,0.0,-0.001,0.0
0.632,0.003,4.458,0.0,-0.011,0.0
0.632,0.003,5.234,0.0,-0.002,0.0
0.632,0.003,6.472,0.0,0.018,0.0
0.632,0.003,6.47,0.0,-0.019,0.0
0.632,0.003,4.017,0.0,0.003,0.0
0.632,0.003,3.871,0.0,-0.012,0.0
0.632,0.003,5.121,0.0,-0.022,0.0
0.632,0.003,6.004,0.0,-0.001,0.0
0.632,0.003,4.512,0.0,-0.014,0.0
0.632,0.003,4.511,0.0,-0.006,0.0
0.632,0.003,4.869,0.0,0.0,0.0
0.632,0.003,5.286,0.0,0.017,0.0
0.632,0.003,4.677,0.0,0.028,0.0
0.632,0.003,5.586,0.0,0.008,0.0
0.632,0.003,5.279,0.0,-0.002,0.0
0.632,0.003,4.686,0.0,-0.007,0.0
0.632,0.003,4.234,0.0,-0.023,0.0
0.632,0.003,4.626,0.0,-0.0,0.0
0.632,0.003,5.608,0.0,-0.001,0.0
0.632,0.003,5.028,0.0,-0.021,0.0
0.632,0.003,4.05,0.0,-0.009,0.0
0.632,0.003,4.724,0.0,0.0,0.0
0.632,0.003,5.172,0.0,-0.014,0.0
0.632,0.003,5.874,0.0,-0.002,0.0
0.632,0.003,4.525,0.0,0.015,0.0
0.632,0.003,4.891,0.0,0.002,0.0
0.632,0.003,5.125,0.0,-0.004,0.0
0.633,0.003,5.437,0.0,-0.006,0.0
0.633,0.003,3.833,0.0,-0.025,0.0
0.633,0.003,5.825,0.0,-0.011,0.0
0.633,0.003,4.491,0.0,-0.024,0.0
0.633,0.003,5.384,0.0,-0.0,0.0
0.633,0.003,5.626,0.0,-0.015,0.0
0.633,0.003,4.155,0.0,-0.006,0.0
0.633,0.003,5.772,0.0,-0.017,0.0
0.633,0.003,4.887,0.0,0.006,0.0
0.633,0.003,4.93,0.0,-0.025,0.0
0.633,0.003,4.577,0.0,0.003,0.0
0.633,0.003,5.3,0.0,0.006,0.0
0.633,0.003,7.056,0.0,0.025,0.0
0.633,0.003,6.043,0.0,-0.012,0.0
0.633,0.003,4.438,0.0,-0.012,0.0
0.633,0.003,4.305,0.0,0.011,0.0
0.633,0.003,5.576,0.0,0.003,0.0
0.633,0.003,4.249,0.0,-0.026,0.0
0.633,0.003,5.043,0.0,0.003,0.0
0.633,0.003,5.602,0.0,-0.023,0.0
0.633,0.003,4.138,0.0,-0.019,0.0
0.633,0.003,5.645,0.0,-0.001,0.0
0.633,0.003,5.105,0.0,0.002,0.0
0.633,0.003,5.219,0.0,-0.014,0.0
0.633,0.003,5.181,0.0,-0.012,0.0
0.633,0.003,4.684,0.0,-0.011,0.0
0.633,0.003,5.699,0.0,-0.029,0.0
0.633,0.003,5.026,0.0,0.013,0.0
0.634,0.003,3.745,0.0,0.01,0.0
0.634,0.003,6.319,0.0,-0.011,0.0
0.634,0.003,4.882,0.0,-0.025,0.0
0.634,0.003,4.667,0.0,0.005,0.0
0.634,0.003,4.466,0.0,-0.009,0.0
0.634,0.003,4.851,0.0,-0.017,0.0
0.634,0.003,4.938,0.0,-0.025,0.0
0.634,0.003,3.883,0.0,-0.016,0.0
0.634,0.003,5.338,0.0,0.011,0.0
0.634,0.003,4.171,0.0,0.011,0.0
0.634,0.003,4.818,0.0,0.028,0.0
0.634,0.003,5.637,0.0,-0.001,0.0
0.634,0.003,5.768,0.0,-0.007,0.0
0.634,0.003,5.171,0.0,0.016,0.0
0.634,0.003,4.847,0.0,-0.026,0.0
0.634,0.003,6.125,0.0,0.003,0.0
0.634,0.003,3.618,0.0,-0.007,0.0
0.634,0.003,5.61,0.0,0.01,0.0
0.634,0.003,5.751,0.0,0.01,0.0
0.634,0.003,4.695,0.0,-0.005,0.0
0.634,0.003,4.672,0.0,-0.011,0.0
0.634,0.003,5.53,0.0,-0.006,0.0
0.634,0.003,5.141,0.0,0.003,0.0
0.634,0.003,5.247,0.0,0.015,0.0
0.634,0.003,3.225,0.0,0.003,0.0
0.634,0.003,4.939,0.0,-0.009,0.0
0.634,0.003,3.466,0.0,0.007,0.0
0.634,0.003,5.974,0.0,0.018,0.0
0.634,0.003,5.046,0.0,-0.014,0.0
0.634,0.003,4.866,0.0,-0.015,0.0
0.634,0.003,3.648,0.0,0.001,0.0
0.634,0.003,5.3,0.0,0.009,0.0
0.634,0.003,5.174,0.0,0.007,0.0
0.634,0.003,4.726,0.0,0.006,0.0
0.635,0.003,5.561,0.0,0.007,0.0
0.635,0.003,6.234,0.0,0.002,0.0
0.635,0.003,5.015,0.0,-0.02,0.0
0.635,0.003,4.828,0.0,-0.002,0.0
0.635,0.003,4.849,0.0,-0.002,0.0
0.635,0.003,2.662,0.0,0.008,0.0
0.635,0.003,5.548,0.0,-0.012,0.0
0.635,0.003,4.913,0.0,0.009,0.0
0.635,0.003,4.191,0.0,-0.005,0.0
0.635,0.003,5.65,0.0,-0.008,0.0
0.635,0.003,6.455,0.0,0.004,0.0
0.635,0.003,4.699,0.0,-0.016,0.0
0.635,0.003,4.486,0.0,-0.012,0.0
0.635,0.003,5.343,0.0,-0.003,0.0
0.635,0.003,4.857,0.0,-0.009,0.0
0.635,0.003,3.77,0.0,0.015,0.0
0.635,0.003,4.392,0.0,-0.01,0.0
0.635,0.003,4.423,0.0,0.006,0.0
0.635,0.003,4.335,0.0,-0.009,0.0
0.635,0.003,3.457,0.0,0.011,0.0
0.635,0.003,4.726,0.0,-0.02,0.0
0.635,0.003,5.534,0.0,-0.006,0.0
0.635,0.003,5.041,0.0,0.005,0.0
0.635,0.003,4.515,0.0,0.002,0.0
0.635,0.003,5.485,0.0,-0.016,0.0
0.635,0.003,7.376,0.0,-0.006,0.0
0.635,0.003,4.47,0.0,0.004,0.0
0.635,0.003,4.057,0.0,-0.007,0.0
0.635,0.003,4.515,0.0,-0.001,0.0
0.635,0.003,5.379,0.0,-0.02,0.0
0.636,0.003,4.933,0.0,0.009,0.0
0.636,0.003,5.797,0.0,0.004,0.0
0.636,0.003,5.596,0.0,-0.017,0.0
0.636,0.003,3.636,0.0,-0.011,0.0
0.636,0.003,4.23,0.0,-0.026,0.0
0.636,0.003,6.18,0.0,-0.016,0.0
0.636,0.003,5.239,0.0,0.003,0.0
0.636,0.003,6.271,0.0,-0.008,0.0
0.636,0.003,4.557,0.0,-0.004,0.0
0.636,0.003,3.993,0.0,-0.006,0.0
0.636,0.003,5.727,0.0,-0.002,0.0
0.636,0.003,3.165,0.0,-0.004,0.0
0.636,0.003,3.077,0.0,-0.003,0.0
0.636,0.003,5.456,0.0,-0.029,0.0
0.636,0.003,4.498,0.0,-0.015,0.0
0.636,0.003,4.64,0.0,-0.008,0.0
0.636,0.003,5.834,0.0,-0.028,0.0
0.636,0.003,5.839,0.0,-0.005,0.0
0.636,0.003,4.812,0.0,0.023,0.0
0.636,0.003,3.639,0.0,-0.007,0.0
0.636,0.003,3.567,0.0,0.024,0.0
0.636,0.003,6.783,0.0,-0.005,0.0
0.636,0.003,6.084,0.0,0.004,0.0
0.636,0.003,5.944,0.0,-0.016,0.0
0.636,0.003,6.064,0.0,-0.011,0.0
0.636,0.003,3.673,0.0,-0.013,0.0
0.636,0.003,4.952,0.0,0.019,0.0
0.636,0.003,5.699,0.0,-0.024,0.0
0.636,0.003,6.053,0.0,-0.016,0.0
0.636,0.003,5.449,0.0,-0.008,0.0
0.636,0.003,4.751,0.0,-0.005,0.0
0.636,0.003,4.696,0.0,-0.024,0.0
0.636,0.003,4.78,0.0,0.001,0.0
0.636,0.003,5.296,0.0,-0.023,0.0
0.636,0.003,5.214,0.0,0.01,0.0
0.636,0.003,4.139,0.0,-0.007,0.0
0.637,0.003,5.914,0.0,-0.015,0.0
0.637,0.003,4.337,0.0,-0.016,0.0
0.637,0.003,6.112,0.0,0.002,0.0
0.637,0.003,4.464,0.0,-0.019,0.0
0.637,0.003,4.771,0.0,-0.006,0.0
0.637,0.003,5.073,0.0,0.002,0.0
0.637,0.003,4.714,0.0,-0.003,0.0
0.637,0.003,4.873,0.0,-0.011,0.0
0.637,0.003,4.985,0.0,-0.007,0.0
0.637,0.003,4.03,0.0,0.007,0.0
0.637,0.003,5.773,0.0,-0.015,0.0
0.637,0.003,4.934,0.0,-0.013,0.0
0.637,0.003,4.851,0.0,-0.008,0.0
0.637,0.003,5.372,0.0,0.008,0.0
0.637,0.003,6.178,0.0,-0.005,0.0
0.637,0.003,6.132,0.0,-0.025,0.0
0.637,0.003,4.403,0.0,-0.002,0.0
0.637,0.003,4.23,0.0,0.01,0.0
0.637,0.003,5.639,0.0,-0.009,0.0
0.637,0.003,4.757,0.0,0.006,0.0
0.637,0.003,5.686,0.0,0.008,0.0
0.637,0.003,5.169,0.0,-0.011,0.0
0.637,0.003,5.891,0.0,-0.005,0.0
0.637,0.003,6.393,0.0,0.006,0.0
0.637,0.003,5.502,0.0,-0.013,0.0
0.637,0.003,6.009,0.0,-0.001,0.0
0.637,0.003,5.122,0.0,-0.006,0.0
0.637,0.003,5.133,0.0,0.01,0.0
0.637,0.003,4.986,0.0,-0.007,0.0
0.637,0.003,5.33,0.0,0.019,0.0
0.637,0.003,4.174,0.0,-0.019,0.0
0.637,0.003,5.781,0.0,-0.002,0.0
0.637,0.003,6.165,0.0,-0.018,0.0
0.637,0.003,4.743,0.0,-0.008,0.0
0.637,0.003,4.884,0.0,0.007,0.0
0.637,0.003,5.736,0.0,0.004,0.0
0.637,0.003,5.009,0.0,0.007,0.0
0.638,0.003,5.164,0.0,0.0,0.0
0.638,0.003,4.365,0.0,-0.03,0.0
0.638,0.003,3.808,0.0,0.013,0.0
0.638,0.003,6.099,0.0,-0.001,0.0
0.638,0.003,6.094,0.0,-0.005,0.0
0.638,0.003,6.547,0.0,0.015,0.0
0.638,0.003,6.12,0.0,-0.003,0.0
0.638,0.003,4.652,0.0,-0.004,0.0
0.638,0.003,4.818,0.0,0.003,0.0
0.638,0.003,4.477,0.0,-0.018,0.0
0.638,0.003,4.655,0.0,-0.009,0.0
0.638,0.003,5.04,0.0,0.006,0.0
0.638,0.003,4.174,0.0,-0.005,0.0
0.638,0.003,5.317,0.0,-0.017,0.0
0.638,0.003,4.833,0.0,-0.004,0.0
0.638,0.003,5.072,0.0,-0.009,0.0
0.638,0.003,3.913,0.0,-0.025,0.0
0.638,0.003,3.989,0.0,0.003,0.0
0.638,0.003,4.632,0.0,0.009,0.0
0.638,0.003,4.884,0.0,0.004,0.0
0.638,0.003,5.034,0.0,-0.023,0.0
0.638,0.003,5.384,0.0,-0.006,0.0
0.638,0.003,5.514,0.0,-0.003,0.0
0.638,0.003,5.576,0.0,0.002,0.0
0.638,0.003,5.798,0.0,-0.002,0.0
0.638,0.003,4.096,0.0,-0.009,0.0
0.638,0.003,6.675,0.0,-0.011,0.0
0.638,0.003,5.742,0.0,0.014,0.0
0.638,0.003,5.367,0.0,-0.012,0.0
0.638,0.003,5.61,0.0,-0.021,0.0
0.638,0.003,4.887,0.0,-0.021,0.0
0.638,0.003,4.803,0.0,0.002,0.0
0.638,0.003,4.463,0.0,-0.01,0.0
0.638,0.003,4.29,0.0,0.0,0.0
0.638,0.003,5.441,0.0,0.011,0.0
0.639,0.003,5.14,0.0,0.002,0.0
0.639,0.003,4.524,0.0,0.0,0.0
0.639,0.003,4.565,0.0,0.002,0.0
0.639,0.003,5.809,0.0,-0.016,0.0
0.639,0.003,4.722,0.0,-0.022,0.0
0.639,0.003,3.563,0.0,-0.019,0.0
0.639,0.003,5.921,0.0,0.001,0.0
0.639,0.003,5.413,0.0,-0.001,0.0
0.639,0.003,4.463,0.0,-0.005,0.0
0.639,0.003,4.681,0.0,-0.031,0.0
0.639,0.003,4.946,0.0,-0.0,0.0
0.639,0.003,4.595,0.0,-0.022,0.0
0.639,0.003,5.185,0.0,0.009,0.0
0.639,0.003,4.043,0.0,-0.024,0.0
0.639,0.003,6.564,0.0,-0.019,0.0
0.639,0.003,4.177,0.0,0.002,0.0
0.639,0.003,7.195,0.0,-0.025,0.0
0.639,0.003,4.348,0.0,-0.007,0.0
0.639,0.003,5.752,0.0,0.004,0.0
0.639,0.003,5.34,0.0,-0.012,0.0
0.639,0.003,4.013,0.0,0.001,0.0
0.639,0.003,4.706,0.0,-0.006,0.0
0.639,0.003,5.361,0.0,-0.026,0.0
0.639,0.003,3.357,0.0,0.009,0.0
0.639,0.003,4.297,0.0,-0.001,0.0
0.639,0.003,3.545,0.0,-0.01,0.0
0.639,0.003,4.638,0.0,-0.001,0.0
0.639,0.003,5.617,0.0,0.006,0.0
0.639,0.003,4.762,0.0,-0.019,0.0
0.639,0.003,5.454,0.0,0.008,0.0
0.639,0.003,4.635,0.0,-0.022,0.0
0.639,0.003,5.709,0.0,-0.01,0.0
0.639,0.003,5.405,0.0,-0.01,0.0
0.64,0.003,5.469,0.0,0.002,0.0
0.64,0.003,4.391,0.0,-0.017,0.0
0.64,0.003,3.275,0.0,-0.015,0.0
0.64,0.003,5.499,0.0,-0.01,0.0
0.64,0.003,4.277,0.0,-0.01,0.0
0.64,0.003,6.073,0.0,0.005,0.0
0.64,0.003,5.874,0.0,-0.01,0.0
0.64,0.003,4.418,0.0,0.0,0.0
0.64,0.003,4.501,0.0,-0.012,0.0
0.64,0.003,4.851,0.0,-0.008,0.0
0.64,0.003,6.206,0.0,-0.014,0.0
0.64,0.003,5.243,0.0,0.017,0.0
0.64,0.003,5.583,0.0,0.001,0.0
0.64,0.003,4.592,0.0,-0.025,0.0
0.64,0.003,4.788,0.0,-0.014,0.0
0.64,0.003,4.897,0.0,-0.018,0.0
0.64,0.003,4.934,0.0,-0.012,0.0
0.64,0.003,4.303,0.0,-0.011,0.0
0.64,0.003,5.502,0.0,-0.024,0.0
0.64,0.003,4.889,0.0,-0.025,0.0
0.64,0.003,4.804,0.0,0.002,0.0
0.64,0.003,5.374,0.0,-0.013,0.0
0.64,0.003,4.378,0.0,0.014,0.0
0.64,0.003,4.64,0.0,-0.015,0.0
0.64,0.003,5.049,0.0,-0.003,0.0
0.64,0.003,5.853,0.0,-0.003,0.0
0.64,0.003,4.51,0.0,-0.019,0.0
0.64,0.003,3.975,0.0,-0.007,0.0
0.64,0.003,4.455,0.0,0.022,0.0
0.64,0.003,5.675,0.0,-0.009,0.0
0.64,0.003,4.528,0.0,-0.022,0.0
0.64,0.003,5.236,0.0,-0.015,0.0
0.641,0.003,3.53,0.0,-0.015,0.0
0.641,0.003,4.986,0.0,0.009,0.0
0.641,0.003,5.442,0.0,0.013,0.0
0.641,0.003,5.695,0.0,0.009,0.0
0.641,0.003,5.401,0.0,-0.018,0.0
0.641,0.003,4.358,0.0,-0.007,0.0
0.641,0.003,5.187,0.0,0.007,0.0
0.641,0.003,4.495,0.0,-0.013,0.0
0.641,0.003,5.0,0.0,-0.012,0.0
0.641,0.003,3.349,0.0,0.019,0.0
0.641,0.003,4.18,0.0,-0.013,0.0
0.641,0.003,4.625,0.0,-0.007,0.0
0.641,0.003,5.819,0.0,-0.005,0.0
0.641,0.003,5.395,0.0,-0.016,0.0
0.641,0.003,5.65,0.0,0.021,0.0
0.641,0.003,5.307,0.0,-0.006,0.0
0.641,0.003,5.274,0.0,-0.016,0.0
0.641,0.003,4.275,0.0,-0.006,0.0
0.641,0.003,6.468,0.0,-0.035,0.0
0.641,0.003,5.262,0.0,-0.012,0.0
0.641,0.003,5.002,0.0,-0.019,0.0
0.641,0.003,5.264,0.0,-0.006,0.0
0.641,0.003,4.014,0.0,-0.0,0.0
0.641,0.003,4.365,0.0,-0.012,0.0
0.641,0.003,4.671,0.0,-0.013,0.0
0.641,0.003,5.892,0.0,-0.019,0.0
0.641,0.003,4.591,0.0,-0.013,0.0
0.641,0.003,5.448,0.0,0.002,0.0
0.641,0.003,4.178,0.0,0.003,0.0
0.641,0.003,5.208,0.0,-0.013,0.0
0.641,0.003,6.166,0.0,-0.007,0.0
0.641,0.003,5.775,0.0,-0.006,0.0
0.641,0.003,5.743,0.0,0.003,0.0
0.641,0.003,4.622,0.0,-0.009,0.0
0.641,0.003,4.129,0.0,-0.001,0.0
0.641,0.003,5.482,0.0,0.008,0.0
0.641,0.003,5.409,0.0,0.001,0.0
0.641,0.003,5.442,0.0,-0.005,0.0
0.641,0.003,7.083,0.0,0.006,0.0
0.641,0.003,4.819,0.0,-0.001,0.0
0.641,0.003,5.245,0.0,-0.005,0.0
0.642,0.003,5.014,0.0,-0.014,0.0
0.642,0.003,3.646,0.0,-0.006,0.0
0.642,0.003,4.983,0.0,0.02,0.0
0.642,0.003,5.231,0.0,-0.016,0.0
0.642,0.003,5.869,0.0,-0.004,0.0
0.642,0.003,6.73,0.0,0.006,0.0
0.642,0.003,4.184,0.0,-0.014,0.0
0.642,0.003,5.094,0.0,0.029,0.0
0.642,0.003,5.012,0.0,-0.006,0.0
0.642,0.003,4.025,0.0,-0.021,0.0
0.642,0.003,7.626,0.0,-0.002,0.0
0.642,0.003,5.49,0.0,-0.017,0.0
0.642,0.003,5.432,0.0,-0.009,0.0
0.642,0.003,4.344,0.0,-0.001,0.0
0.642,0.003,6.053,0.0,-0.005,0.0
0.642,0.003,5.301,0.0,-0.006,0.0
0.642,0.003,4.661,0.0,-0.035,0.0
0.642,0.003,5.94,0.0,-0.008,0.0
0.642,0.003,7.742,0.0,-0.011,0.0
0.642,0.003,6.044,0.0,-0.003,0.0
0.642,0.003,4.867,0.0,-0.008,0.0
0.642,0.003,5.734,0.0,0.002,0.0
0.642,0.003,4.828,0.0,-0.012,0.0
0.642,0.003,5.768,0.0,-0.029,0.0
0.642,0.003,5.197,0.0,-0.016,0.0
0.642,0.003,7.28,0.0,-0.011,0.0
0.642,0.003,5.808,0.0,-0.011,0.0
0.642,0.003,5.676,0.0,-0.0,0.0
0.642,0.003,6.528,0.0,0.016,0.0
0.642,0.003,5.214,0.0,0.02,0.0
0.642,0.003,4.877,0.0,-0.013,0.0
0.642,0.003,3.626,0.0,0.023,0.0
0.642,0.003,3.7,0.0,-0.017,0.0
0.642,0.003,5.097,0.0,0.011,0.0
0.642,0.003,5.625,0.0,-0.011,0.0
0.642,0.003,4.138,0.0,-0.007,0.0
0.642,0.003,4.909,0.0,0.014,0.0
0.642,0.003,5.186,0.0,-0.007,0.0
0.642,0.003,4.355,0.0,-0.013,0.0
0.643,0.003,4.336,0.0,0.009,0.0
0.643,0.003,5.69,0.0,-0.014,0.0
0.643,0.003,5.706,0.0,-0.015,0.0
0.643,0.003,7.024,0.0,-0.009,0.0
0.643,0.003,5.53,0.0,-0.008,0.0
0.643,0.003,5.224,0.0,0.003,0.0
0.643,0.003,3.333,0.0,-0.001,0.0
0.643,0.003,5.512,0.0,-0.006,0.0
0.643,0.003,4.223,0.0,-0.007,0.0
0.643,0.003,4.645,0.0,0.027,0.0
0.643,0.003,5.247,0.0,0.002,0.0
0.643,0.003,4.01,0.0,-0.011,0.0
0.643,0.003,3.871,0.0,0.004,0.0
0.643,0.003,6.237,0.0,0.01,0.0
0.643,0.003,4.993,0.0,-0.031,0.0
0.643,0.003,4.916,0.0,0.019,0.0
0.643,0.003,6.365,0.0,0.016,0.0
0.643,0.003,7.196,0.0,-0.015,0.0
0.643,0.003,4.491,0.0,-0.013,0.0
0.643,0.003,6.145,0.0,-0.02,0.0
0.643,0.003,4.589,0.0,-0.012,0.0
0.643,0.003,4.322,0.0,-0.009,0.0
0.643,0.003,5.537,0.0,-0.007,0.0
0.643,0.003,4.741,0.0,0.002,0.0
0.643,0.003,5.034,0.0,-0.012,0.0
0.643,0.003,5.61,0.0,-0.01,0.0
0.643,0.003,6.689,0.0,0.011,0.0
0.643,0.003,5.332,0.0,0.003,0.0
0.643,0.003,4.97,0.0,0.001,0.0
0.643,0.003,5.106,0.0,-0.009,0.0
0.643,0.003,5.203,0.0,-0.019,0.0
0.643,0.003,4.94,0.0,-0.006,0.0
0.643,0.003,4.773,0.0,-0.005,0.0
0.643,0.003,5.113,0.0,0.002,0.0
0.643,0.003,5.926,0.0,-0.006,0.0
0.643,0.003,5.589,0.0,-0.004,0.0
0.644,0.003,4.449,0.0,-0.016,0.0
0.644,0.003,4.8,0.0,-0.023,0.0
0.644,0.003,5.208,0.0,-0.006,0.0
0.644,0.003,5.755,0.0,0.01,0.0
0.644,0.003,4.417,0.0,-0.006,0.0
0.644,0.003,4.926,0.0,-0.007,0.0
0.644,0.003,3.747,0.0,-0.015,0.0
0.644,0.003,4.928,0.0,-0.013,0.0
0.644,0.003,4.371,0.0,-0.009,0.0
0.644,0.003,4.947,0.0,-0.022,0.0
0.644,0.003,4.877,0.0,-0.002,0.0
0.644,0.003,4.222,0.0,-0.012,0.0
0.644,0.003,5.921,0.0,0.001,0.0
0.644,0.003,4.598,0.0,0.001,0.0
0.644,0.003,4.952,0.0,-0.021,0.0
0.644,0.003,5.087,0.0,-0.01,0.0
0.644,0.003,5.401,0.0,-0.012,0.0
0.644,0.003,4.483,0.0,0.009,0.0
0.644,0.003,6.074,0.0,-0.001,0.0
0.644,0.003,4.694,0.0,0.014,0.0
0.644,0.003,5.044,0.0,-0.008,0.0
0.644,0.003,4.441,0.0,-0.002,0.0
0.644,0.003,5.551,0.0,-0.005,0.0
0.644,0.003,6.246,0.0,-0.006,0.0
0.644,0.003,4.241,0.0,0.007,0.0
0.644,0.003,5.163,0.0,-0.024,0.0
0.644,0.003,4.448,0.0,-0.006,0.0
0.644,0.003,4.593,0.0,0.017,0.0
0.644,0.003,5.078,0.0,0.0,0.0
0.644,0.003,5.677,0.0,0.008,0.0
0.644,0.003,4.415,0.0,-0.01,0.0
0.644,0.003,3.895,0.0,-0.012,0.0
0.644,0.003,4.877,0.0,0.01,0.0
0.644,0.003,4.98,0.0,-0.022,0.0
0.645,0.003,5.865,0.0,-0.011,0.0
0.645,0.003,5.176,0.0,-0.006,0.0
0.645,0.003,4.087,0.0,-0.025,0.0
0.645,0.003,4.844,0.0,0.008,0.0
0.645,0.003,4.923,0.0,-0.013,0.0
0.645,0.003,5.011,0.0,-0.021,0.0
0.645,0.003,6.673,0.0,-0.024,0.0
0.645,0.003,5.326,0.0,0.004,0.0
0.645,0.003,4.665,0.0,0.016,0.0
0.645,0.003,5.239,0.0,0.002,0.0
0.645,0.003,3.8,0.0,0.004,0.0
0.645,0.003,4.836,0.0,-0.004,0.0
0.645,0.003,4.166,0.0,-0.018,0.0
0.645,0.003,5.253,0.0,-0.012,0.0
0.645,0.003,4.353,0.0,-0.026,0.0
0.645,0.003,5.721,0.0,-0.019,0.0
0.645,0.003,5.753,0.0,0.002,0.0
0.645,0.003,5.725,0.0,0.009,0.0
0.645,0.003,3.969,0.0,-0.007,0.0
0.645,0.003,5.418,0.0,-0.003,0.0
0.645,0.003,5.72,0.0,-0.001,0.0
0.645,0.003,5.257,0.0,-0.013,0.0
0.645,0.003,5.337,0.0,0.002,0.0
0.645,0.003,5.734,0.0,0.006,0.0
0.645,0.003,5.408,0.0,0.009,0.0
0.645,0.003,5.16,0.0,-0.002,0.0
0.645,0.003,4.011,0.0,-0.016,0.0
0.645,0.003,4.379,0.0,-0.001,0.0
0.645,0.003,4.545,0.0,-0.004,0.0
0.645,0.003,5.083,0.0,-0.018,0.0
0.646,0.003,5.478,0.0,0.006,0.0
0.646,0.003,4.392,0.0,-0.026,0.0
0.646,0.003,5.494,0.0,0.007,0.0
0.646,0.003,5.241,0.0,-0.011,0.0
0.646,0.003,5.274,0.0,0.001,0.0
0.646,0.003,4.46,0.0,-0.019,0.0
0.646,0.003,5.088,0.0,-0.009,0.0
0.646,0.003,4.298,0.0,-0.004,0.0
0.646,0.003,6.734,0.0,0.006,0.0
0.646,0.003,4.464,0.0,-0.006,0.0
0.646,0.003,4.842,0.0,0.008,0.0
0.646,0.003,5.289,0.0,-0.019,0.0
0.646,0.003,4.372,0.0,0.004,0.0
0.646,0.003,5.184,0.0,-0.005,0.0
0.646,0.003,6.896,0.0,0.015,0.0
0.646,0.003,6.329,0.0,-0.024,0.0
0.646,0.003,4.298,0.0,0.011,0.0
0.646,0.003,4.9,0.0,-0.019,0.0
0.646,0.003,4.619,0.0,-0.016,0.0
0.646,0.003,4.524,0.0,-0.008,0.0
0.646,0.003,4.419,0.0,-0.007,0.0
0.646,0.003,5.264,0.0,-0.016,0.0
0.646,0.003,3.779,0.0,0.001,0.0
0.646,0.003,5.961,0.0,-0.01,0.0
0.646,0.003,6.193,0.0,-0.017,0.0
0.646,0.003,5.386,0.0,-0.009,0.0
0.646,0.003,5.425,0.0,-0.019,0.0
0.646,0.003,3.743,0.0,-0.025,0.0
0.646,0.003,4.985,0.0,0.003,0.0
0.646,0.003,5.615,0.0,-0.03,0.0
0.646,0.003,4.72,0.0,-0.009,0.0
0.646,0.003,4.364,0.0,-0.019,0.0
0.646,0.003,4.981,0.0,0.003,0.0
0.646,0.003,6.249,0.0,0.006,0.0
0.646,0.003,3.812,0.0,-0.003,0.0
0.646,0.003,4.944,0.0,-0.002,0.0
0.646,0.003,3.519,0.0,-0.004,0.0
0.646,0.003,5.227,0.0,0.002,0.0
0.647,0.003,5.599,0.0,0.008,0.0
0.647,0.003,5.7,0.0,0.008,0.0
0.647,0.003,4.742,0.0,0.006,0.0
0.647,0.003,6.419,0.0,-0.02,0.0
0.647,0.003,4.502,0.0,-0.012,0.0
0.647,0.003,5.851,0.0,-0.01,0.0
0.647,0.003,5.383,0.0,-0.004,0.0
0.647,0.003,5.411,0.0,-0.01,0.0
0.647,0.003,5.935,0.0,-0.022,0.0
0.647,0.003,4.497,0.0,-0.024,0.0
0.647,0.003,4.638,0.0,-0.014,0.0
0.647,0.003,5.92,0.0,-0.008,0.0
0.647,0.003,4.834,0.0,-0.013,0.0
0.647,0.003,5.23,0.0,0.028,0.0
0.647,0.003,4.823,0.0,-0.001,0.0
0.647,0.003,5.092,0.0,-0.005,0.0
0.647,0.003,4.24,0.0,-0.017,0.0
0.647,0.003,4.895,0.0,-0.004,0.0
0.647,0.003,5.417,0.0,-0.021,0.0
0.647,0.003,6.008,0.0,-0.003,0.0
0.647,0.003,5.428,0.0,0.002,0.0
0.647,0.003,4.21,0.0,-0.013,0.0
0.647,0.003,5.455,0.0,-0.017,0.0
0.647,0.003,6.441,0.0,-0.011,0.0
0.647,0.003,4.71,0.0,-0.006,0.0
0.647,0.003,4.144,0.0,-0.009,0.0
0.647,0.003,4.653,0.0,-0.01,0.0
0.647,0.003,5.331,0.0,-0.014,0.0
0.647,0.003,5.481,0.0,-0.016,0.0
0.647,0.003,4.399,0.0,-0.003,0.0
0.647,0.003,5.282,0.0,-0.021,0.0
0.647,0.003,5.916,0.0,0.006,0.0
0.648,0.003,4.921,0.0,-0.013,0.0
0.648,0.003,5.552,0.0,-0.018,0.0
0.648,0.003,4.121,0.0,0.013,0.0
0.648,0.003,4.988,0.0,0.001,0.0
0.648,0.003,5.397,0.0,-0.004,0.0
0.648,0.003,5.778,0.0,-0.007,0.0
0.648,0.003,5.587,0.0,0.005,0.0
0.648,0.003,4.667,0.0,0.011,0.0
0.648,0.003,5.344,0.0,-0.014,0.0
0.648,0.003,5.536,0.0,-0.003,0.0
0.648,0.003,5.766,0.0,-0.001,0.0
0.648,0.003,4.562,0.0,-0.002,0.0
0.648,0.003,5.321,0.0,-0.003,0.0
0.648,0.003,4.288,0.0,-0.02,0.0
0.648,0.003,5.284,0.0,-0.002,0.0
0.648,0.003,5.449,0.0,-0.014,0.0
0.648,0.003,5.632,0.0,0.03,0.0
0.648,0.003,4.247,0.0,-0.022,0.0
0.648,0.003,5.634,0.0,0.024,0.0
0.648,0.003,5.91,0.0,-0.008,0.0
0.648,0.003,5.468,0.0,0.004,0.0
0.648,0.003,5.778,0.0,0.007,0.0
0.648,0.003,5.025,0.0,-0.006,0.0
0.648,0.003,6.485,0.0,-0.011,0.0
0.648,0.003,5.347,0.0,-0.001,0.0
0.648,0.003,4.994,0.0,0.021,0.0
0.648,0.003,4.154,0.0,-0.0,0.0
0.649,0.003,4.019,0.0,-0.009,0.0
0.649,0.003,4.603,0.0,-0.002,0.0
0.649,0.003,5.943,0.0,-0.024,0.0
0.649,0.003,4.643,0.0,-0.007,0.0
0.649,0.003,3.72,0.0,-0.002,0.0
0.649,0.003,5.362,0.0,0.009,0.0
0.649,0.003,4.666,0.0,-0.012,0.0
0.649,0.003,5.177,0.0,-0.029,0.0
0.649,0.003,4.319,0.0,-0.013,0.0
0.649,0.003,5.019,0.0,-0.002,0.0
0.649,0.003,6.006,0.0,-0.021,0.0
0.649,0.003,3.995,0.0,0.002,0.0
0.649,0.003,4.92,0.0,0.001,0.0
0.649,0.003,5.364,0.0,-0.012,0.0
0.649,0.003,5.142,0.0,-0.019,0.0
0.649,0.003,4.034,0.0,-0.002,0.0
0.649,0.003,5.034,0.0,-0.009,0.0
0.649,0.003,4.339,0.0,-0.01,0.0
0.649,0.003,3.98,0.0,0.003,0.0
0.649,0.003,4.567,0.0,-0.015,0.0
0.649,0.003,5.417,0.0,0.015,0.0
0.649,0.003,4.936,0.0,-0.01,0.0
0.649,0.003,4.574,0.0,0.004,0.0
0.649,0.003,5.292,0.0,-0.017,0.0
0.649,0.003,6.191,0.0,-0.006,0.0
0.649,0.003,4.857,0.0,-0.007,0.0
0.649,0.003,4.693,0.0,-0.012,0.0
0.649,0.003,5.389,0.0,0.009,0.0
0.649,0.003,5.447,0.0,0.0,0.0
0.649,0.003,4.927,0.0,-0.007,0.0
0.649,0.003,4.276,0.0,-0.003,0.0
0.649,0.003,4.5,0.0,-0.019,0.0
0.649,0.003,4.935,0.0,0.005,0.0
0.649,0.003,4.288,0.0,-0.013,0.0
0.649,0.003,4.897,0.0,0.012,0.0
0.649,0.003,4.41,0.0,-0.016,0.0
0.649,0.003,5.122,0.0,-0.01,0.0
0.649,0.003,5.77,0.0,-0.002,0.0
0.649,0.003,5.987,0.0,-0.008,0.0
0.649,0.003,4.239,0.0,-0.013,0.0
0.649,0.003,6.956,0.0,0.023,0.0
0.649,0.003,5.086,0.0,0.025,0.0
0.65,0.003,5.524,0.0,0.01,0.0
0.65,0.003,6.313,0.0,0.005,0.0
0.65,0.003,5.603,0.0,0.027,0.0
0.65,0.003,4.588,0.0,0.002,0.0
0.65,0.003,5.37,0.0,-0.004,0.0
0.65,0.003,4.006,0.0,-0.013,0.0
0.65,0.003,5.041,0.0,0.009,0.0
0.65,0.003,5.301,0.0,0.015,0.0
0.65,0.003,5.755,0.0,-0.019,0.0
0.65,0.003,3.992,0.0,-0.014,0.0
0.65,0.003,5.182,0.0,0.006,0.0
0.65,0.003,4.367,0.0,0.002,0.0
0.65,0.003,5.838,0.0,-0.0,0.0
0.65,0.003,5.117,0.0,-0.013,0.0
0.65,0.003,5.597,0.0,-0.015,0.0
0.65,0.003,5.829,0.0,-0.019,0.0
0.65,0.003,4.251,0.0,-0.012,0.0
0.65,0.003,3.725,0.0,-0.004,0.0
0.65,0.003,5.621,0.0,0.011,0.0
0.65,0.003,4.258,0.0,-0.025,0.0
0.65,0.003,5.364,0.0,0.013,0.0
0.65,0.003,4.86,0.0,0.006,0.0
0.65,0.003,5.143,0.0,-0.017,0.0
0.65,0.003,4.663,0.0,0.012,0.0
0.65,0.003,5.783,0.0,0.014,0.0
0.651,0.003,5.012,0.0,-0.02,0.0
0.651,0.003,5.374,0.0,-0.013,0.0
0.651,0.003,4.981,0.0,0.02,0.0
0.651,0.003,4.403,0.0,-0.022,0.0
0.651,0.003,5.779,0.0,0.01,0.0
0.651,0.003,4.463,0.0,-0.01,0.0
0.651,0.003,4.735,0.0,-0.015,0.0
0.651,0.003,6.185,0.0,-0.016,0.0
0.651,0.003,5.206,0.0,0.014,0.0
0.651,0.003,5.027,0.0,0.02,0.0
0.651,0.003,5.95,0.0,-0.005,0.0
0.651,0.003,4.258,0.0,-0.007,0.0
0.651,0.003,4.895,0.0,-0.009,0.0
0.651,0.003,5.127,0.0,0.003,0.0
0.651,0.003,5.378,0.0,-0.014,0.0
0.651,0.003,5.682,0.0,0.012,0.0
0.651,0.003,4.557,0.0,-0.017,0.0
0.651,0.003,4.671,0.0,0.004,0.0
0.651,0.003,4.453,0.0,0.009,0.0
0.651,0.003,4.366,0.0,0.009,0.0
0.651,0.003,5.906,0.0,-0.026,0.0
0.651,0.003,5.365,0.0,-0.024,0.0
0.651,0.003,4.524,0.0,-0.004,0.0
0.651,0.003,5.43,0.0,-0.018,0.0
0.651,0.003,5.731,0.0,-0.012,0.0
0.651,0.003,4.21,0.0,-0.006,0.0
0.651,0.003,5.198,0.0,-0.005,0.0
0.651,0.003,4.726,0.0,0.002,0.0
0.651,0.003,4.78,0.0,0.001,0.0
0.651,0.003,5.889,0.0,-0.006,0.0
0.651,0.003,5.536,0.0,-0.002,0.0
0.651,0.003,4.353,0.0,-0.014,0.0
0.651,0.003,6.406,0.0,-0.008,0.0
0.651,0.003,5.163,0.0,-0.002,0.0
0.651,0.003,5.31,0.0,0.013,0.0
0.651,0.003,5.728,0.0,-0.004,0.0
0.651,0.003,4.147,0.0,-0.008,0.0
0.652,0.003,5.701,0.0,-0.002,0.0
0.652,0.003,4.97,0.0,-0.015,0.0
0.652,0.003,6.829,0.0,-0.014,0.0
0.652,0.003,4.779,0.0,-0.002,0.0
0.652,0.003,6.431,0.0,-0.007,0.0
0.652,0.003,4.489,0.0,-0.004,0.0
0.652,0.003,3.998,0.0,-0.014,0.0
0.652,0.003,4.87,0.0,-0.007,0.0
0.652,0.003,6.094,0.0,-0.023,0.0
0.652,0.003,3.704,0.0,-0.005,0.0
0.652,0.003,5.395,0.0,-0.005,0.0
0.652,0.003,3.13,0.0,0.007,0.0
0.652,0.003,4.251,0.0,-0.007,0.0
0.652,0.003,5.054,0.0,-0.021,0.0
0.652,0.003,5.37,0.0,-0.013,0.0
0.652,0.003,6.046,0.0,-0.02,0.0
0.652,0.003,4.613,0.0,0.012,0.0
0.652,0.003,5.619,0.0,-0.014,0.0
0.652,0.003,3.582,0.0,-0.01,0.0
0.652,0.003,4.859,0.0,0.001,0.0
0.652,0.003,5.057,0.0,-0.017,0.0
0.652,0.003,4.878,0.0,-0.011,0.0
0.652,0.003,3.695,0.0,-0.01,0.0
0.652,0.003,4.297,0.0,-0.006,0.0
0.652,0.003,4.148,0.0,0.015,0.0
0.652,0.003,5.612,0.0,0.003,0.0
0.652,0.003,5.092,0.0,-0.013,0.0
0.652,0.003,5.374,0.0,0.012,0.0
0.652,0.003,4.541,0.0,-0.014,0.0
0.652,0.003,4.877,0.0,0.012,0.0
0.652,0.003,3.826,0.0,0.0,0.0
0.652,0.003,5.654,0.0,-0.014,0.0
0.652,0.003,5.773,0.0,-0.019,0.0
0.652,0.003,4.043,0.0,0.012,0.0
0.652,0.003,5.092,0.0,0.018,0.0
0.652,0.003,4.82,0.0,-0.02,0.0
0.652,0.003,4.84,0.0,-0.018,0.0
0.652,0.003,5.198,0.0,0.001,0.0
0.652,0.003,5.366,0.0,-0.014,0.0
0.652,0.003,4.71,0.0,-0.01,0.0
0.652,0.003,5.31,0.0,-0.007,0.0
0.652,0.003,3.833,0.0,0.006,0.0
0.652,0.003,3.684,0.0,-0.024,0.0
0.652,0.003,5.148,0.0,-0.004,0.0
0.652,0.003,3.515,0.0,-0.012,0.0
0.653,0.003,5.222,0.0,0.006,0.0
0.653,0.003,4.492,0.0,-0.021,0.0
0.653,0.003,5.086,0.0,0.007,0.0
0.653,0.003,5.452,0.0,-0.011,0.0
0.653,0.003,5.221,0.0,-0.02,0.0
0.653,0.003,4.123,0.0,-0.008,0.0
0.653,0.003,5.601,0.0,-0.008,0.0
0.653,0.003,4.335,0.0,-0.001,0.0
0.653,0.003,4.434,0.0,0.002,0.0
0.653,0.003,7.361,0.0,-0.013,0.0
0.653,0.003,5.439,0.0,-0.027,0.0
0.653,0.003,5.958,0.0,-0.021,0.0
0.653,0.003,6.749,0.0,0.019,0.0
0.653,0.003,5.479,0.0,-0.014,0.0
0.653,0.003,4.22,0.0,-0.005,0.0
0.653,0.003,5.58,0.0,-0.012,0.0
0.653,0.003,5.139,0.0,0.01,0.0
0.653,0.003,3.671,0.0,-0.019,0.0
0.653,0.003,4.28,0.0,-0.007,0.0
0.653,0.003,5.401,0.0,-0.007,0.0
0.653,0.003,4.852,0.0,0.005,0.0
0.653,0.003,4.628,0.0,0.002,0.0
0.653,0.003,5.216,0.0,-0.001,0.0
0.653,0.003,5.646,0.0,-0.003,0.0
0.653,0.003,5.257,0.0,-0.01,0.0
0.653,0.003,5.212,0.0,0.01,0.0
0.653,0.003,5.657,0.0,0.017,0.0
0.653,0.003,4.578,0.0,0.005,0.0
0.653,0.003,4.787,0.0,-0.015,0.0
0.653,0.003,5.102,0.0,-0.017,0.0
0.653,0.003,3.915,0.0,-0.031,0.0
0.653,0.003,4.105,0.0,-0.001,0.0
0.653,0.003,5.779,0.0,0.018,0.0
0.654,0.003,4.837,0.0,-0.01,0.0
0.654,0.003,5.25,0.0,-0.0,0.0
0.654,0.003,5.873,0.0,0.006,0.0
0.654,0.003,4.651,0.0,-0.006,0.0
0.654,0.003,5.356,0.0,0.005,0.0
0.654,0.003,6.6,0.0,-0.007,0.0
0.654,0.003,6.022,0.0,0.019,0.0
0.654,0.003,4.051,0.0,-0.008,0.0
0.654,0.003,4.53,0.0,-0.021,0.0
0.654,0.003,5.577,0.0,-0.016,0.0
0.654,0.003,5.344,0.0,0.01,0.0
0.654,0.003,4.544,0.0,0.002,0.0
0.654,0.003,4.803,0.0,-0.011,0.0
0.654,0.003,5.395,0.0,0.008,0.0
0.654,0.003,3.61,0.0,-0.017,0.0
0.654,0.003,5.051,0.0,0.001,0.0
0.654,0.003,4.809,0.0,-0.019,0.0
0.654,0.003,4.385,0.0,0.008,0.0
0.654,0.003,5.3,0.0,-0.004,0.0
0.654,0.003,4.838,0.0,-0.012,0.0
0.654,0.003,5.308,0.0,0.004,0.0
0.654,0.003,4.74,0.0,-0.002,0.0
0.654,0.003,5.064,0.0,-0.016,0.0
0.654,0.003,6.101,0.0,-0.015,0.0
0.654,0.003,5.393,0.0,-0.006,0.0
0.654,0.003,5.446,0.0,-0.016,0.0
0.654,0.003,5.176,0.0,-0.012,0.0
0.654,0.003,5.5,0.0,0.023,0.0
0.654,0.003,5.558,0.0,0.002,0.0
0.654,0.003,4.652,0.0,-0.012,0.0
0.654,0.003,3.923,0.0,-0.009,0.0
0.654,0.003,2.906,0.0,0.008,0.0
0.654,0.003,4.412,0.0,-0.011,0.0
0.654,0.003,5.835,0.0,-0.031,0.0
0.654,0.003,4.053,0.0,0.001,0.0
0.654,0.003,4.292,0.0,-0.02,0.0
0.654,0.003,5.323,0.0,-0.007,0.0
0.655,0.003,5.674,0.0,-0.003,0.0
0.655,0.003,3.112,0.0,0.004,0.0
0.655,0.003,4.665,0.0,-0.037,0.0
0.655,0.003,4.746,0.0,-0.019,0.0
0.655,0.003,3.894,0.0,-0.007,0.0
0.655,0.003,4.431,0.0,-0.005,0.0
0.655,0.003,5.745,0.0,0.001,0.0
0.655,0.003,4.902,0.0,-0.006,0.0
0.655,0.003,4.046,0.0,-0.003,0.0
0.655,0.003,5.921,0.0,-0.006,0.0
0.655,0.003,5.373,0.0,0.02,0.0
0.655,0.003,4.973,0.0,-0.002,0.0
0.655,0.003,5.946,0.0,-0.012,0.0
0.655,0.003,4.086,0.0,-0.014,0.0
0.655,0.003,5.362,0.0,-0.012,0.0
0.655,0.003,3.486,0.0,0.006,0.0
0.655,0.003,5.288,0.0,-0.024,0.0
0.655,0.003,6.011,0.0,-0.004,0.0
0.655,0.003,5.151,0.0,0.004,0.0
0.655,0.003,5.956,0.0,-0.008,0.0
0.655,0.003,5.874,0.0,-0.017,0.0
0.655,0.003,4.485,0.0,0.003,0.0
0.655,0.003,4.61,0.0,0.008,0.0
0.655,0.003,5.2,0.0,-0.012,0.0
0.655,0.003,5.893,0.0,-0.01,0.0
0.655,0.003,4.849,0.0,0.001,0.0
0.655,0.003,4.879,0.0,-0.016,0.0
0.655,0.003,5.502,0.0,-0.005,0.0
0.655,0.003,4.457,0.0,-0.0,0.0
0.655,0.003,6.321,0.0,-0.005,0.0
0.655,0.003,6.052,0.0,0.01,0.0
0.655,0.003,4.579,0.0,-0.011,0.0
0.655,0.003,3.985,0.0,-0.008,0.0
0.655,0.003,4.324,0.0,-0.013,0.0
0.655,0.003,6.032,0.0,0.001,0.0
0.655,0.003,6.995,0.0,0.007,0.0
0.655,0.003,5.519,0.0,0.013,0.0
0.655,0.003,5.743,0.0,-0.003,0.0
0.655,0.003,5.266,0.0,-0.005,0.0
0.655,0.003,4.572,0.0,-0.018,0.0
0.655,0.003,5.161,0.0,-0.023,0.0
0.655,0.003,4.145,0.0,0.019,0.0
0.655,0.003,4.926,0.0,0.008,0.0
0.655,0.003,6.146,0.0,0.007,0.0
0.655,0.003,5.122,0.0,-0.024,0.0
0.655,0.003,4.876,0.0,0.005,0.0
0.655,0.003,5.474,0.0,0.001,0.0
0.655,0.003,4.132,0.0,0.011,0.0
0.655,0.003,4.579,0.0,-0.018,0.0
0.655,0.003,4.663,0.0,-0.025,0.0
0.656,0.003,4.831,0.0,-0.017,0.0
0.656,0.003,5.746,0.0,-0.004,0.0
0.656,0.003,5.108,0.0,-0.021,0.0
0.656,0.003,6.844,0.0,-0.012,0.0
0.656,0.003,4.972,0.0,0.014,0.0
0.656,0.003,5.224,0.0,-0.013,0.0
0.656,0.003,5.642,0.0,0.007,0.0
0.656,0.003,5.264,0.0,-0.004,0.0
0.656,0.003,5.435,0.0,-0.008,0.0
0.656,0.003,4.293,0.0,-0.008,0.0
0.656,0.003,4.708,0.0,-0.007,0.0
0.656,0.003,4.787,0.0,-0.009,0.0
0.656,0.003,3.878,0.0,-0.001,0.0
0.656,0.003,4.779,0.0,-0.02,0.0
0.656,0.003,3.256,0.0,-0.016,0.0
0.656,0.003,4.636,0.0,-0.002,0.0
0.656,0.003,5.169,0.0,0.023,0.0
0.656,0.003,4.827,0.0,0.016,0.0
0.656,0.003,4.644,0.0,-0.016,0.0
0.656,0.003,5.058,0.0,-0.01,0.0
0.656,0.003,4.288,0.0,0.014,0.0
0.656,0.003,4.696,0.0,0.004,0.0
0.656,0.003,5.627,0.0,-0.005,0.0
0.656,0.003,5.919,0.0,-0.015,0.0
0.656,0.003,7.214,0.0,0.003,0.0
0.656,0.003,5.699,0.0,0.005,0.0
0.656,0.003,4.182,0.0,0.001,0.0
0.656,0.003,5.14,0.0,-0.015,0.0
0.656,0.003,3.61,0.0,-0.015,0.0
0.656,0.003,5.253,0.0,-0.017,0.0
0.656,0.003,5.914,0.0,-0.021,0.0
0.657,0.003,4.515,0.0,0.002,0.0
0.657,0.003,4.697,0.0,0.003,0.0
0.657,0.003,5.614,0.0,-0.027,0.0
0.657,0.003,4.889,0.0,-0.002,0.0
0.657,0.003,4.723,0.0,0.003,0.0
0.657,0.003,5.008,0.0,0.002,0.0
0.657,0.003,4.251,0.0,0.002,0.0
0.657,0.003,5.506,0.0,-0.011,0.0
0.657,0.003,3.852,0.0,0.002,0.0
0.657,0.003,6.342,0.0,-0.017,0.0
0.657,0.003,4.545,0.0,-0.007,0.0
0.657,0.003,4.97,0.0,0.004,0.0
0.657,0.003,4.985,0.0,0.007,0.0
0.657,0.003,4.92,0.0,0.001,0.0
0.657,0.003,4.7,0.0,-0.023,0.0
0.657,0.003,5.704,0.0,-0.006,0.0
0.657,0.003,4.575,0.0,-0.01,0.0
0.657,0.003,5.807,0.0,-0.019,0.0
0.657,0.003,6.202,0.0,0.003,0.0
0.657,0.003,6.623,0.0,0.02,0.0
0.657,0.003,3.461,0.0,-0.003,0.0
0.657,0.003,4.482,0.0,0.013,0.0
0.657,0.003,4.241,0.0,0.009,0.0
0.657,0.003,4.762,0.0,-0.01,0.0
0.657,0.003,4.49,0.0,-0.001,0.0
0.657,0.003,5.369,0.0,0.001,0.0
0.657,0.003,6.392,0.0,-0.008,0.0
0.657,0.003,5.266,0.0,0.006,0.0
0.658,0.003,4.11,0.0,-0.004,0.0
0.658,0.003,5.058,0.0,-0.032,0.0
0.658,0.003,5.856,0.0,-0.003,0.0
0.658,0.003,5.274,0.0,0.001,0.0
0.658,0.003,4.998,0.0,-0.001,0.0
0.658,0.003,5.181,0.0,-0.018,0.0
0.658,0.003,4.966,0.0,0.009,0.0
0.658,0.003,3.896,0.0,0.006,0.0
0.658,0.003,4.38,0.0,-0.012,0.0
0.658,0.003,5.778,0.0,-0.01,0.0
0.658,0.003,4.027,0.0,-0.016,0.0
0.658,0.003,4.249,0.0,-0.009,0.0
0.658,0.003,4.932,0.0,-0.01,0.0
0.658,0.003,4.039,0.0,-0.016,0.0
0.658,0.003,5.217,0.0,0.005,0.0
0.658,0.003,5.565,0.0,-0.029,0.0
0.658,0.003,5.869,0.0,-0.004,0.0
0.658,0.003,3.494,0.0,0.002,0.0
0.658,0.003,4.16,0.0,-0.022,0.0
0.658,0.003,5.572,0.0,-0.003,0.0
0.658,0.003,4.79,0.0,-0.025,0.0
0.658,0.003,3.914,0.0,-0.011,0.0
0.658,0.003,5.644,0.0,-0.002,0.0
0.658,0.003,4.951,0.0,-0.016,0.0
0.658,0.003,5.581,0.0,-0.017,0.0
0.658,0.003,4.974,0.0,-0.016,0.0
0.658,0.003,4.957,0.0,-0.007,0.0
0.658,0.003,6.131,0.0,-0.017,0.0
0.658,0.003,5.569,0.0,-0.006,0.0
0.658,0.003,4.8,0.0,0.004,0.0
0.658,0.003,5.013,0.0,-0.008,0.0
0.658,0.003,5.337,0.0,0.009,0.0
0.658,0.003,4.961,0.0,-0.005,0.0
0.658,0.003,5.431,0.0,-0.041,0.0
0.658,0.003,5.949,0.0,-0.001,0.0
0.658,0.003,3.407,0.0,0.006,0.0
0.658,0.003,6.044,0.0,-0.028,0.0
0.658,0.003,5.141,0.0,-0.007,0.0
0.658,0.003,4.759,0.0,-0.022,0.0
0.659,0.003,5.391,0.0,0.001,0.0
0.659,0.003,4.671,0.0,-0.006,0.0
0.659,0.003,5.268,0.0,0.011,0.0
0.659,0.003,5.32,0.0,-0.002,0.0
0.659,0.003,4.954,0.0,-0.002,0.0
0.659,0.003,6.079,0.0,-0.006,0.0
0.659,0.003,5.851,0.0,-0.016,0.0
0.659,0.003,5.282,0.0,-0.016,0.0
0.659,0.003,6.105,0.0,-0.02,0.0
0.659,0.003,4.832,0.0,-0.021,0.0
0.659,0.003,4.94,0.0,0.0,0.0
0.659,0.003,4.287,0.0,-0.022,0.0
0.659,0.003,4.521,0.0,-0.005,0.0
0.659,0.003,5.295,0.0,0.032,0.0
0.659,0.003,7.528,0.0,-0.013,0.0
0.659,0.003,4.633,0.0,-0.014,0.0
0.659,0.003,5.418,0.0,0.003,0.0
0.659,0.003,6.186,0.0,-0.012,0.0
0.659,0.003,4.422,0.0,-0.003,0.0
0.659,0.003,5.697,0.0,-0.009,0.0
0.659,0.003,7.271,0.0,0.023,0.0
0.659,0.003,4.408,0.0,0.012,0.0
0.659,0.003,3.923,0.0,-0.016,0.0
0.659,0.003,4.09,0.0,0.001,0.0
0.659,0.003,5.0,0.0,-0.0,0.0
0.659,0.003,4.592,0.0,-0.004,0.0
0.659,0.003,5.465,0.0,0.006,0.0
0.659,0.003,5.01,0.0,-0.005,0.0
0.659,0.003,5.161,0.0,-0.006,0.0
0.659,0.003,5.596,0.0,-0.018,0.0
0.659,0.003,4.934,0.0,-0.023,0.0
0.66,0.003,5.028,0.0,-0.015,0.0
0.66,0.003,4.709,0.0,-0.022,0.0
0.66,0.003,3.859,0.0,-0.02,0.0
0.66,0.003,5.355,0.0,0.008,0.0
0.66,0.003,4.876,0.0,-0.014,0.0
0.66,0.003,5.467,0.0,-0.013,0.0
0.66,0.003,5.069,0.0,-0.014,0.0
0.66,0.003,5.296,0.0,-0.002,0.0
0.66,0.003,4.837,0.0,-0.01,0.0
0.66,0.003,5.839,0.0,-0.011,0.0
0.66,0.003,4.071,0.0,-0.009,0.0
0.66,0.003,4.92,0.0,-0.008,0.0
0.66,0.003,5.338,0.0,-0.001,0.0
0.66,0.003,4.662,0.0,0.008,0.0
0.66,0.003,5.087,0.0,0.019,0.0
0.66,0.003,4.378,0.0,0.003,0.0
0.66,0.003,4.663,0.0,-0.015,0.0
0.66,0.003,4.316,0.0,-0.01,0.0
0.66,0.003,6.879,0.0,0.022,0.0
0.66,0.003,4.649,0.0,-0.009,0.0
0.66,0.003,4.428,0.0,-0.008,0.0
0.66,0.003,3.975,0.0,-0.019,0.0
0.66,0.003,4.404,0.0,0.018,0.0
0.66,0.003,4.434,0.0,-0.006,0.0
0.66,0.003,4.629,0.0,-0.019,0.0
0.66,0.003,5.008,0.0,-0.005,0.0
0.66,0.003,5.406,0.0,-0.009,0.0
0.66,0.003,5.434,0.0,0.003,0.0
0.66,0.003,5.877,0.0,-0.011,0.0
0.66,0.003,3.748,0.0,-0.005,0.0
0.66,0.003,3.786,0.0,0.001,0.0
0.66,0.003,4.365,0.0,0.0,0.0
0.66,0.003,4.275,0.0,-0.019,0.0
0.661,0.003,4.56,0.0,-0.02,0.0
0.661,0.003,4.717,0.0,-0.01,0.0
0.661,0.003,5.709,0.0,-0.01,0.0
0.661,0.003,4.144,0.0,-0.004,0.0
0.661,0.003,5.294,0.0,-0.022,0.0
0.661,0.003,5.256,0.0,-0.001,0.0
0.661,0.003,6.29,0.0,-0.01,0.0
0.661,0.003,4.823,0.0,0.009,0.0
0.661,0.003,5.173,0.0,-0.016,0.0
0.661,0.003,5.024,0.0,0.004,0.0
0.661,0.003,3.736,0.0,-0.016,0.0
0.661,0.003,5.281,0.0,-0.006,0.0
0.661,0.003,4.871,0.0,-0.014,0.0
0.661,0.003,4.082,0.0,0.002,0.0
0.661,0.003,4.731,0.0,-0.014,0.0
0.661,0.003,4.873,0.0,-0.019,0.0
0.661,0.003,3.673,0.0,-0.013,0.0
0.661,0.003,5.633,0.0,0.005,0.0
0.661,0.003,4.733,0.0,-0.012,0.0
0.661,0.003,4.958,0.0,-0.02,0.0
0.661,0.003,5.181,0.0,-0.003,0.0
0.661,0.003,5.876,0.0,-0.0,0.0
0.661,0.003,4.38,0.0,0.015,0.0
0.661,0.003,5.658,0.0,-0.006,0.0
0.661,0.003,6.601,0.0,-0.013,0.0
0.661,0.003,4.825,0.0,0.001,0.0
0.661,0.003,5.111,0.0,-0.009,0.0
0.661,0.003,4.817,0.0,-0.0,0.0
0.661,0.003,3.97,0.0,-0.007,0.0
0.661,0.003,5.181,0.0,0.007,0.0
0.662,0.003,4.354,0.0,-0.015,0.0
0.662,0.003,6.482,0.0,0.018,0.0
0.662,0.003,5.112,0.0,-0.001,0.0
0.662,0.003,4.658,0.0,-0.029,0.0
0.662,0.003,5.6,0.0,-0.017,0.0
0.662,0.003,4.258,0.0,-0.015,0.0
0.662,0.003,6.954,0.0,0.022,0.0
0.662,0.003,5.103,0.0,-0.012,0.0
0.662,0.003,3.982,0.0,-0.012,0.0
0.662,0.003,4.301,0.0,0.003,0.0
0.662,0.003,2.545,0.0,0.003,0.0
0.662,0.003,5.964,0.0,-0.009,0.0
0.662,0.003,4.578,0.0,-0.021,0.0
0.662,0.003,4.536,0.0,0.002,0.0
0.662,0.003,4.145,0.0,-0.008,0.0
0.662,0.003,4.953,0.0,-0.008,0.0
0.662,0.003,4.872,0.0,-0.013,0.0
0.662,0.003,5.389,0.0,0.002,0.0
0.662,0.003,4.487,0.0,-0.015,0.0
0.662,0.003,4.404,0.0,-0.003,0.0
0.662,0.003,4.644,0.0,-0.013,0.0
0.662,0.003,4.252,0.0,-0.018,0.0
0.662,0.003,5.673,0.0,0.012,0.0
0.662,0.003,4.299,0.0,-0.012,0.0
0.662,0.003,3.93,0.0,-0.008,0.0
0.662,0.003,5.329,0.0,-0.015,0.0
0.662,0.003,4.359,0.0,-0.005,0.0
0.663,0.003,6.422,0.0,0.003,0.0
0.663,0.003,5.562,0.0,-0.013,0.0
0.663,0.003,4.906,0.0,-0.007,0.0
0.663,0.003,5.013,0.0,-0.003,0.0
0.663,0.003,5.078,0.0,-0.006,0.0
0.663,0.003,6.244,0.0,-0.009,0.0
0.663,0.003,6.212,0.0,0.004,0.0
0.663,0.003,4.899,0.0,-0.023,0.0
0.663,0.003,5.133,0.0,-0.006,0.0
0.663,0.003,5.846,0.0,0.006,0.0
0.663,0.003,3.958,0.0,-0.022,0.0
0.663,0.003,4.306,0.0,-0.009,0.0
0.663,0.003,4.82,0.0,0.01,0.0
0.663,0.003,5.731,0.0,0.0,0.0
0.663,0.003,4.304,0.0,-0.02,0.0
0.663,0.003,4.936,0.0,-0.01,0.0
0.663,0.003,5.208,0.0,0.021,0.0
0.663,0.003,3.645,0.0,-0.017,0.0
0.663,0.003,5.092,0.0,0.0,0.0
0.663,0.003,4.33,0.0,-0.011,0.0
0.663,0.003,4.853,0.0,-0.016,0.0
0.663,0.003,5.009,0.0,0.002,0.0
0.663,0.003,5.317,0.0,-0.003,0.0
0.663,0.003,6.048,0.0,-0.001,0.0
0.663,0.003,4.829,0.0,-0.001,0.0
0.663,0.003,5.35,0.0,-0.001,0.0
0.663,0.003,5.759,0.0,-0.002,0.0
0.663,0.003,5.269,0.0,0.019,0.0
0.663,0.003,4.177,0.0,-0.018,0.0
0.663,0.003,4.994,0.0,-0.002,0.0
0.663,0.003,4.984,0.0,-0.018,0.0
0.663,0.003,4.165,0.0,0.001,0.0
0.663,0.003,4.857,0.333,0.008,0.0
0.663,0.003,5.227,0.0,-0.017,0.0
0.663,0.003,4.559,0.0,-0.019,0.0
0.663,0.003,5.038,0.0,0.001,0.0
0.664,0.003,5.538,0.0,-0.011,0.0
0.664,0.003,3.746,0.0,-0.02,0.0
0.664,0.003,4.844,0.0,-0.019,0.0
0.664,0.003,4.938,0.0,-0.006,0.0
0.664,0.003,4.649,0.0,-0.025,0.0
0.664,0.003,5.703,0.0,-0.018,0.0
0.664,0.003,5.394,0.0,-0.013,0.0
0.664,0.003,5.068,0.0,0.002,0.0
0.664,0.003,7.04,0.0,0.01,0.0
0.664,0.003,4.796,0.0,-0.009,0.0
0.664,0.003,3.91,0.0,-0.018,0.0
0.664,0.003,5.209,0.0,-0.001,0.0
0.664,0.003,4.908,0.0,0.021,0.0
0.664,0.003,4.154,0.0,-0.006,0.0
0.664,0.003,5.692,0.0,0.007,0.0
0.664,0.003,6.543,0.0,-0.018,0.0
0.664,0.003,5.68,0.0,0.0,0.0
0.664,0.003,4.149,0.0,-0.005,0.0
0.664,0.003,4.566,0.0,-0.027,0.0
0.664,0.003,4.284,0.0,-0.0,0.0
0.664,0.003,5.489,0.0,-0.009,0.0
0.664,0.003,4.707,0.0,-0.001,0.0
0.664,0.003,5.108,0.0,0.015,0.0
0.664,0.003,4.229,0.0,-0.002,0.0
0.664,0.003,5.415,0.0,-0.008,0.0
0.664,0.003,5.452,0.0,-0.007,0.0
0.664,0.003,6.607,0.0,-0.01,0.0
0.664,0.003,4.799,0.0,-0.007,0.0
0.664,0.003,2.184,0.0,0.009,0.0
0.664,0.003,4.788,0.0,-0.004,0.0
0.665,0.003,5.845,0.0,-0.014,0.0
0.665,0.003,4.619,0.0,-0.001,0.0
0.665,0.003,6.217,0.0,0.009,0.0
0.665,0.003,4.8,0.0,-0.006,0.0
0.665,0.003,3.999,0.0,-0.002,0.0
0.665,0.003,3.996,0.0,-0.01,0.0
0.665,0.003,5.728,0.0,-0.005,0.0
0.665,0.003,6.149,0.0,-0.022,0.0
0.665,0.003,5.288,0.0,-0.015,0.0
0.665,0.003,3.982,0.0,-0.012,0.0
0.665,0.003,5.863,0.0,-0.022,0.0
0.665,0.003,4.127,0.0,-0.008,0.0
0.665,0.003,5.273,0.0,0.016,0.0
0.665,0.003,5.735,0.0,-0.018,0.0
0.665,0.003,3.721,0.0,0.012,0.0
0.665,0.003,6.706,0.0,0.023,0.0
0.665,0.003,4.923,0.0,-0.006,0.0
0.665,0.003,6.844,0.0,0.004,0.0
0.665,0.003,4.473,0.0,0.001,0.0
0.665,0.003,3.902,0.0,-0.019,0.0
0.665,0.003,5.031,0.0,-0.013,0.0
0.665,0.003,3.247,0.0,0.004,0.0
0.665,0.003,5.652,0.0,-0.022,0.0
0.665,0.003,4.887,0.0,-0.012,0.0
0.665,0.003,5.138,0.0,-0.016,0.0
0.665,0.003,4.284,0.0,-0.002,0.0
0.665,0.003,5.165,0.0,0.007,0.0
0.665,0.003,5.668,0.0,0.001,0.0
0.665,0.003,5.331,0.0,-0.005,0.0
0.665,0.003,4.323,0.0,-0.008,0.0
0.665,0.003,4.509,0.0,0.002,0.0
0.665,0.003,4.435,0.0,-0.022,0.0
0.666,0.003,5.686,0.0,0.001,0.0
0.666,0.003,5.309,0.0,-0.036,0.0
0.666,0.003,4.297,0.0,-0.013,0.0
0.666,0.003,4.521,0.0,-0.01,0.0
0.666,0.003,4.758,0.0,0.011,0.0
0.666,0.003,4.096,0.0,0.013,0.0
0.666,0.003,5.312,0.0,-0.015,0.0
0.666,0.003,4.707,0.0,-0.015,0.0
0.666,0.003,5.794,0.0,-0.011,0.0
0.666,0.003,5.023,0.0,0.0,0.0
0.666,0.003,5.515,0.0,0.009,0.0
0.666,0.003,5.573,0.0,0.001,0.0
0.666,0.003,5.465,0.0,0.0,0.0
0.666,0.003,5.769,0.0,-0.013,0.0
0.666,0.003,5.577,0.0,-0.002,0.0
0.666,0.003,4.002,0.0,-0.022,0.0
0.666,0.003,5.142,0.0,0.006,0.0
0.666,0.003,3.806,0.0,-0.005,0.0
0.666,0.003,5.754,0.0,-0.003,0.0
0.666,0.003,4.204,0.0,-0.011,0.0
0.666,0.003,4.963,0.0,-0.005,0.0
0.666,0.003,5.362,0.0,-0.014,0.0
0.666,0.003,4.6,0.0,-0.008,0.0
0.666,0.003,4.688,0.0,0.005,0.0
0.666,0.003,4.402,0.0,-0.016,0.0
0.666,0.003,5.762,0.0,-0.008,0.0
0.666,0.003,5.481,0.0,-0.024,0.0
0.666,0.003,4.993,0.0,-0.004,0.0
0.666,0.003,5.007,0.0,0.006,0.0
0.667,0.003,3.781,0.0,0.001,0.0
0.667,0.003,4.936,0.0,-0.018,0.0
0.667,0.003,5.851,0.0,-0.032,0.0
0.667,0.003,5.265,0.0,-0.001,0.0
0.667,0.003,4.749,0.0,-0.013,0.0
0.667,0.003,5.777,0.0,0.012,0.0
0.667,0.003,5.574,0.0,0.015,0.0
0.667,0.003,5.967,0.0,-0.005,0.0
0.667,0.003,5.611,0.0,0.005,0.0
0.667,0.003,4.051,0.0,-0.013,0.0
0.667,0.003,5.37,0.0,0.005,0.0
0.667,0.003,5.125,0.0,-0.002,0.0
0.667,0.003,3.768,0.0,0.003,0.0
0.667,0.003,4.241,0.0,-0.006,0.0
0.667,0.003,5.277,0.0,-0.017,0.0
0.667,0.003,5.871,0.0,-0.012,0.0
0.667,0.003,5.423,0.0,0.026,0.0
0.667,0.003,4.728,0.0,-0.008,0.0
0.667,0.003,5.148,0.0,-0.003,0.0
0.667,0.003,6.301,0.0,0.004,0.0
0.667,0.003,5.797,0.0,-0.032,0.0
0.667,0.003,5.893,0.0,-0.002,0.0
0.667,0.003,5.288,0.0,-0.007,0.0
0.667,0.003,5.348,0.0,-0.008,0.0
0.667,0.003,3.99,0.0,-0.014,0.0
0.667,0.003,5.431,0.0,0.005,0.0
0.667,0.003,7.238,0.0,-0.01,0.0
0.667,0.003,4.466,0.0,0.021,0.0
0.667,0.003,4.539,0.0,-0.022,0.0
0.667,0.003,3.985,0.0,-0.009,0.0
0.667,0.003,6.328,0.0,-0.008,0.0
0.667,0.003,3.967,0.0,0.001,0.0
0.667,0.003,3.95,0.0,-0.002,0.0
0.668,0.003,3.866,0.0,0.012,0.0
0.668,0.003,4.872,0.0,0.007,0.0
0.668,0.003,4.478,0.0,-0.016,0.0
0.668,0.003,5.18,0.0,-0.003,0.0
0.668,0.003,4.75,0.0,0.003,0.0
0.668,0.003,5.254,0.0,-0.003,0.0
0.668,0.003,5.873,0.0,0.007,0.0
0.668,0.003,5.116,0.0,-0.018,0.0
0.668,0.003,7.6,0.0,-0.022,0.0
0.668,0.003,3.991,0.0,0.019,0.0
0.668,0.003,4.766,0.0,0.01,0.0
0.668,0.003,4.83,0.0,0.004,0.0
0.668,0.003,4.595,0.0,-0.001,0.0
0.668,0.003,5.772,0.0,-0.009,0.0
0.668,0.003,5.371,0.0,-0.008,0.0
0.668,0.003,4.589,0.0,-0.003,0.0
0.668,0.003,4.345,0.0,-0.001,0.0
0.668,0.003,5.417,0.0,0.011,0.0
0.668,0.003,5.581,0.0,-0.001,0.0
0.668,0.003,5.119,0.0,0.007,0.0
0.668,0.003,5.252,0.0,-0.015,0.0
0.668,0.003,5.543,0.0,-0.02,0.0
0.668,0.003,5.049,0.0,-0.001,0.0
0.668,0.003,6.14,0.0,0.0,0.0
0.668,0.003,5.992,0.0,-0.021,0.0
0.668,0.003,4.579,0.0,0.007,0.0
0.668,0.003,4.362,0.0,-0.0,0.0
0.668,0.003,3.152,0.0,-0.002,0.0
0.668,0.003,4.778,0.0,-0.006,0.0
0.668,0.003,5.886,0.0,-0.015,0.0
0.668,0.003,4.737,0.0,-0.023,0.0
0.669,0.003,4.883,0.0,-0.03,0.0
0.669,0.003,5.154,0.0,0.007,0.0
0.669,0.003,4.36,0.0,-0.004,0.0
0.669,0.003,4.788,0.0,-0.025,0.0
0.669,0.003,5.055,0.0,-0.005,0.0
0.669,0.003,6.085,0.0,-0.009,0.0
0.669,0.003,3.867,0.0,-0.006,0.0
0.669,0.003,5.606,0.0,-0.006,0.0
0.669,0.003,5.431,0.0,0.003,0.0
0.669,0.003,5.219,0.0,-0.017,0.0
0.669,0.003,5.28,0.0,0.002,0.0
0.669,0.003,4.865,0.0,-0.005,0.0
0.669,0.003,4.892,0.0,0.012,0.0
0.669,0.003,6.05,0.0,-0.005,0.0
0.669,0.003,4.939,0.0,-0.01,0.0
0.669,0.003,4.659,0.0,0.0,0.0
0.669,0.003,4.962,0.0,0.007,0.0
0.669,0.003,5.722,0.0,-0.026,0.0
0.669,0.003,5.061,0.0,0.003,0.0
0.669,0.003,3.736,0.0,-0.007,0.0
0.669,0.003,4.25,0.0,-0.001,0.0
0.669,0.003,5.04,0.0,-0.03,0.0
0.669,0.003,5.128,0.0,-0.0,0.0
0.669,0.003,6.267,0.0,-0.022,0.0
0.669,0.003,4.954,0.0,0.014,0.0
0.669,0.003,3.333,0.0,0.002,0.0
0.669,0.003,4.762,0.0,-0.015,0.0
0.669,0.003,5.023,0.0,0.001,0.0
0.669,0.003,5.532,0.0,-0.035,0.0
0.669,0.003,4.464,0.0,0.0,0.0
0.669,0.003,6.245,0.0,-0.008,0.0
0.67,0.003,5.561,0.0,-0.016,0.0
0.67,0.003,6.391,0.0,-0.024,0.0
0.67,0.003,5.607,0.0,0.003,0.0
0.67,0.003,4.91,0.0,-0.02,0.0
0.67,0.003,4.489,0.0,-0.003,0.0
0.67,0.003,4.381,0.0,0.009,0.0
0.67,0.003,5.072,0.0,0.006,0.0
0.67,0.003,3.484,0.0,0.003,0.0
0.67,0.003,4.168,0.0,0.005,0.0
0.67,0.003,6.048,0.0,-0.017,0.0
0.67,0.003,4.104,0.0,-0.003,0.0
0.67,0.003,5.262,0.0,0.005,0.0
0.67,0.003,4.611,0.0,0.005,0.0
0.67,0.003,5.014,0.0,0.001,0.0
0.67,0.003,5.82,0.0,-0.02,0.0
0.67,0.003,3.837,0.0,-0.011,0.0
0.67,0.003,5.18,0.0,-0.014,0.0
0.67,0.003,3.786,0.0,-0.001,0.0
0.67,0.003,4.238,0.0,0.004,0.0
0.67,0.003,4.627,0.0,-0.02,0.0
0.67,0.003,4.095,0.0,-0.004,0.0
0.67,0.003,5.105,0.0,0.004,0.0
0.67,0.003,5.111,0.0,0.004,0.0
0.67,0.003,4.124,0.0,-0.007,0.0
0.67,0.003,5.793,0.0,-0.018,0.0
0.67,0.003,5.786,0.0,-0.031,0.0
0.671,0.003,5.365,0.0,-0.004,0.0
0.671,0.003,5.824,0.0,0.009,0.0
0.671,0.003,5.268,0.0,0.004,0.0
0.671,0.003,4.281,0.0,-0.011,0.0
0.671,0.003,5.194,0.0,0.002,0.0
0.671,0.003,4.564,0.0,-0.02,0.0
0.671,0.003,4.302,0.0,-0.019,0.0
0.671,0.003,4.575,0.0,0.001,0.0
0.671,0.003,5.436,0.0,-0.022,0.0
0.671,0.003,4.374,0.0,-0.015,0.0
0.671,0.003,5.293,0.0,-0.005,0.0
0.671,0.003,5.529,0.0,-0.028,0.0
0.671,0.003,5.089,0.0,-0.012,0.0
0.671,0.003,3.134,0.0,-0.003,0.0
0.671,0.003,6.675,0.0,-0.019,0.0
0.671,0.003,5.708,0.0,-0.007,0.0
0.671,0.003,5.371,0.0,-0.014,0.0
0.671,0.003,5.338,0.0,-0.003,0.0
0.671,0.003,5.717,0.0,0.009,0.0
0.671,0.003,5.053,0.0,-0.004,0.0
0.671,0.003,4.165,0.0,-0.006,0.0
0.671,0.003,5.505,0.0,0.018,0.0
0.671,0.003,5.653,0.0,-0.006,0.0
0.671,0.003,4.287,0.0,-0.009,0.0
0.671,0.003,6.884,0.0,-0.013,0.0
0.671,0.003,5.373,0.0,-0.001,0.0
0.671,0.003,5.753,0.0,-0.013,0.0
0.671,0.003,4.488,0.0,-0.013,0.0
0.671,0.003,6.057,0.333,-0.024,0.0
0.672,0.003,5.547,0.0,-0.011,0.0
0.672,0.003,7.577,0.0,-0.001,0.0
0.672,0.003,5.244,0.0,-0.013,0.0
0.672,0.003,6.117,0.0,0.003,0.0
0.672,0.003,4.641,0.0,-0.011,0.0
0.672,0.003,5.366,0.0,-0.001,0.0
0.672,0.003,4.79,0.0,-0.001,0.0
0.672,0.003,5.314,0.0,-0.004,0.0
0.672,0.003,4.367,0.0,-0.008,0.0
0.672,0.003,4.819,0.0,-0.023,0.0
0.672,0.003,4.555,0.0,-0.002,0.0
0.672,0.003,3.688,0.0,0.005,0.0
0.672,0.003,5.131,0.0,-0.014,0.0
0.672,0.003,4.981,0.0,-0.012,0.0
0.672,0.003,5.883,0.0,-0.014,0.0
0.672,0.003,5.585,0.0,0.012,0.0
0.672,0.003,5.768,0.0,0.007,0.0
0.672,0.003,4.971,0.0,-0.013,0.0
0.672,0.003,5.348,0.0,0.015,0.0
0.672,0.003,5.64,0.0,-0.02,0.0
0.672,0.003,3.762,0.0,0.009,0.0
0.672,0.003,4.55,0.0,-0.018,0.0
0.672,0.003,5.669,0.0,-0.009,0.0
0.672,0.003,5.413,0.0,-0.004,0.0
0.672,0.003,4.286,0.0,-0.005,0.0
0.673,0.003,3.918,0.0,-0.007,0.0
0.673,0.003,4.369,0.0,-0.009,0.0
0.673,0.003,5.086,0.0,-0.02,0.0
0.673,0.003,4.033,0.0,0.003,0.0
0.673,0.003,4.721,0.0,0.005,0.0
0.673,0.003,5.519,0.0,-0.019,0.0
0.673,0.003,5.044,0.0,-0.008,0.0
0.673,0.003,4.21,0.0,-0.003,0.0
0.673,0.003,5.936,0.0,0.017,0.0
0.673,0.003,4.631,0.0,-0.02,0.0
0.673,0.003,5.158,0.0,0.012,0.0
0.673,0.003,4.958,0.0,-0.017,0.0
0.673,0.003,5.539,0.0,0.028,0.0
0.673,0.003,5.667,0.0,-0.025,0.0
0.673,0.003,5.73,0.0,-0.011,0.0
0.673,0.003,6.123,0.0,-0.018,0.0
0.673,0.003,5.443,0.0,0.003,0.0
0.673,0.003,4.476,0.0,0.001,0.0
0.673,0.003,5.642,0.0,-0.012,0.0
0.673,0.003,4.801,0.0,-0.003,0.0
0.673,0.003,4.589,0.0,-0.004,0.0
0.674,0.003,5.923,0.0,0.008,0.0
0.674,0.003,4.63,0.0,-0.002,0.0
0.674,0.003,4.9,0.0,0.007,0.0
0.674,0.003,4.441,0.0,0.009,0.0
0.674,0.003,4.088,0.0,-0.01,0.0
0.674,0.003,5.205,0.0,-0.02,0.0
0.674,0.003,3.964,0.0,-0.011,0.0
0.674,0.003,3.18,0.0,-0.008,0.0
0.674,0.003,5.02,0.0,-0.01,0.0
0.674,0.003,5.831,0.0,-0.005,0.0
0.674,0.003,7.089,0.0,-0.006,0.0
0.674,0.003,4.064,0.0,0.002,0.0
0.674,0.003,5.89,0.0,-0.015,0.0
0.674,0.003,5.151,0.0,-0.006,0.0
0.674,0.003,5.747,0.0,-0.016,0.0
0.674,0.003,6.049,0.0,-0.021,0.0
0.674,0.003,5.617,0.0,-0.009,0.0
0.674,0.003,5.336,0.0,-0.002,0.0
0.674,0.003,4.59,0.0,0.007,0.0
0.674,0.003,4.72,0.0,-0.014,0.0
0.674,0.003,5.93,0.0,0.002,0.0
0.674,0.003,4.654,0.0,-0.012,0.0
0.675,0.003,4.904,0.0,-0.009,0.0
0.675,0.003,4.567,0.0,-0.023,0.0
0.675,0.003,5.675,0.0,-0.003,0.0
0.675,0.003,5.47,0.0,0.005,0.0
0.675,0.003,6.084,0.0,-0.007,0.0
0.675,0.003,5.49,0.0,-0.004,0.0
0.675,0.003,5.366,0.0,-0.013,0.0
0.675,0.003,4.552,0.0,-0.009,0.0
0.675,0.003,4.277,0.0,-0.016,0.0
0.675,0.003,5.933,0.0,-0.003,0.0
0.675,0.003,4.157,0.0,-0.014,0.0
0.675,0.003,6.112,0.0,-0.004,0.0
0.675,0.003,5.415,0.0,-0.025,0.0
0.675,0.003,6.363,0.0,-0.005,0.0
0.675,0.003,5.555,0.0,0.003,0.0
0.675,0.003,5.131,0.0,-0.011,0.0
0.675,0.003,5.604,0.0,-0.006,0.0
0.675,0.003,4.288,0.0,-0.007,0.0
0.675,0.003,4.425,0.0,-0.018,0.0
0.676,0.003,6.601,0.0,-0.01,0.0
0.676,0.003,4.483,0.0,-0.005,0.0
0.676,0.003,7.097,0.0,0.006,0.0
0.676,0.003,4.461,0.0,0.011,0.0
0.676,0.003,4.286,0.0,-0.014,0.0
0.676,0.003,5.081,0.0,-0.0,0.0
0.676,0.003,4.48,0.0,-0.003,0.0
0.676,0.003,5.428,0.0,-0.007,0.0
0.676,0.003,4.167,0.0,-0.013,0.0
0.676,0.003,5.203,0.0,-0.01,0.0
0.676,0.003,5.007,0.0,-0.012,0.0
0.676,0.003,6.753,0.0,0.012,0.0
0.676,0.003,5.762,0.0,-0.012,0.0
0.676,0.003,5.155,0.0,0.007,0.0
0.676,0.003,3.994,0.0,0.007,0.0
0.676,0.003,5.342,0.0,-0.014,0.0
0.676,0.003,4.814,0.0,-0.001,0.0
0.676,0.003,4.132,0.0,-0.018,0.0
0.677,0.003,5.031,0.0,0.024,0.0
0.677,0.003,4.747,0.0,-0.017,0.0
0.677,0.003,4.999,0.0,-0.013,0.0
0.677,0.003,5.944,0.0,-0.01,0.0
0.677,0.003,3.905,0.0,-0.012,0.0
0.677,0.003,6.167,0.0,-0.007,0.0
0.677,0.003,3.073,0.0,-0.006,0.0
0.677,0.003,4.275,0.0,-0.003,0.0
0.677,0.003,6.647,0.0,-0.0,0.0
0.677,0.003,5.518,0.0,-0.013,0.0
0.677,0.003,4.244,0.0,-0.008,0.0
0.677,0.003,5.598,0.0,-0.014,0.0
0.677,0.003,4.232,0.0,-0.007,0.0
0.677,0.003,5.504,0.0,-0.021,0.0
0.677,0.003,3.764,0.0,-0.01,0.0
0.677,0.003,4.865,0.0,-0.003,0.0
0.677,0.003,4.194,0.0,0.007,0.0
0.677,0.003,5.241,0.0,-0.021,0.0
0.677,0.003,4.463,0.0,0.001,0.0
0.677,0.003,5.503,0.0,0.003,0.0
0.677,0.003,4.635,0.0,-0.028,0.0
0.677,0.003,5.141,0.0,0.01,0.0
0.677,0.003,2.582,0.0,0.005,0.0
0.677,0.003,5.019,0.0,-0.014,0.0
0.677,0.003,5.862,0.0,-0.01,0.0
0.677,0.003,4.519,0.0,-0.004,0.0
0.677,0.003,5.103,0.0,-0.015,0.0
0.677,0.003,5.683,0.0,-0.01,0.0
0.678,0.003,4.075,0.0,-0.004,0.0
0.678,0.003,4.526,0.0,-0.008,0.0
0.678,0.003,5.801,0.0,0.015,0.0
0.678,0.003,5.981,0.0,-0.014,0.0
0.678,0.003,4.654,0.0,0.013,0.0
0.678,0.003,7.3,0.0,-0.02,0.0
0.678,0.003,5.185,0.0,-0.003,0.0
0.678,0.003,4.328,0.0,-0.014,0.0
0.678,0.003,5.464,0.0,-0.012,0.0
0.678,0.003,5.668,0.0,-0.004,0.0
0.678,0.003,5.511,0.0,-0.019,0.0
0.678,0.003,4.883,0.0,0.015,0.0
0.678,0.003,5.702,0.0,0.003,0.0
0.678,0.003,5.736,0.0,-0.008,0.0
0.678,0.003,4.12,0.0,-0.009,0.0
0.678,0.003,5.578,0.0,-0.021,0.0
0.678,0.003,5.444,0.0,-0.024,0.0
0.678,0.003,4.811,0.0,-0.018,0.0
0.678,0.003,4.155,0.0,-0.023,0.0
0.678,0.003,3.494,0.0,-0.013,0.0
0.678,0.003,4.639,0.0,-0.017,0.0
0.678,0.003,5.979,0.0,-0.004,0.0
0.678,0.003,4.274,0.0,-0.017,0.0
0.678,0.003,5.707,0.0,-0.008,0.0
0.678,0.003,5.992,0.0,-0.009,0.0
0.679,0.003,5.691,0.0,-0.011,0.0
0.679,0.003,3.683,0.0,-0.009,0.0
0.679,0.003,5.159,0.0,-0.002,0.0
0.679,0.003,5.807,0.0,0.009,0.0
0.679,0.003,5.799,0.0,-0.012,0.0
0.679,0.003,6.577,0.0,-0.011,0.0
0.679,0.003,6.073,0.0,-0.024,0.0
0.679,0.003,4.983,0.0,-0.009,0.0
0.679,0.003,3.946,0.0,0.009,0.0
0.679,0.003,3.777,0.0,0.007,0.0
0.679,0.003,3.877,0.0,-0.008,0.0
0.679,0.003,4.848,0.0,-0.001,0.0
0.679,0.003,5.248,0.0,-0.003,0.0
0.679,0.003,4.388,0.0,-0.024,0.0
0.679,0.003,4.205,0.0,-0.017,0.0
0.679,0.003,3.929,0.0,-0.011,0.0
0.679,0.003,5.56,0.0,0.009,0.0
0.679,0.003,6.168,0.0,-0.012,0.0
0.679,0.003,4.664,0.0,-0.001,0.0
0.679,0.003,4.079,0.0,-0.014,0.0
0.679,0.003,5.288,0.0,-0.033,0.0
0.679,0.003,4.055,0.0,0.005,0.0
0.679,0.003,5.085,0.0,-0.002,0.0
0.679,0.003,4.799,0.0,-0.002,0.0
0.679,0.003,5.126,0.0,0.011,0.0
0.68,0.003,5.983,0.0,-0.009,0.0
0.68,0.003,4.865,0.0,0.015,0.0
0.68,0.003,4.239,0.0,-0.012,0.0
0.68,0.003,5.721,0.0,-0.01,0.0
0.68,0.003,4.125,0.0,-0.018,0.0
0.68,0.003,4.113,0.0,-0.013,0.0
0.68,0.003,5.33,0.0,0.001,0.0
0.68,0.003,7.353,0.0,-0.001,0.0
0.68,0.003,5.696,0.0,-0.003,0.0
0.68,0.003,5.376,0.0,-0.004,0.0
0.68,0.003,4.383,0.0,-0.016,0.0
0.68,0.003,3.833,0.0,-0.025,0.0
0.68,0.003,4.405,0.0,0.01,0.0
0.68,0.003,5.684,0.0,0.003,0.0
0.68,0.003,5.063,0.0,-0.026,0.0
0.68,0.003,4.722,0.0,-0.012,0.0
0.68,0.003,5.689,0.0,-0.002,0.0
0.68,0.003,5.156,0.0,-0.008,0.0
0.68,0.003,4.155,0.0,0.0,0.0
0.68,0.003,5.902,0.0,-0.004,0.0
0.68,0.003,4.799,0.0,0.006,0.0
0.68,0.003,5.719,0.0,0.004,0.0
0.681,0.003,5.16,0.0,0.001,0.0
0.681,0.003,6.172,0.0,-0.014,0.0
0.681,0.003,4.951,0.0,-0.007,0.0
0.681,0.003,5.274,0.0,-0.014,0.0
0.681,0.003,5.011,0.0,0.001,0.0
0.681,0.003,3.86,0.0,0.0,0.0
0.681,0.003,4.608,0.0,0.017,0.0
0.681,0.003,4.502,0.0,-0.02,0.0
0.681,0.003,5.5,0.0,0.009,0.0
0.681,0.003,4.858,0.0,-0.017,0.0
0.681,0.003,4.772,0.0,-0.022,0.0
0.681,0.003,4.306,0.0,-0.01,0.0
0.681,0.003,4.669,0.0,-0.014,0.0
0.681,0.003,4.029,0.0,0.013,0.0
0.681,0.003,5.387,0.0,0.009,0.0
0.681,0.003,6.17,0.0,-0.021,0.0
0.681,0.003,3.94,0.0,0.009,0.0
0.681,0.003,3.616,0.0,-0.019,0.0
0.681,0.003,5.911,0.0,-0.008,0.0
0.681,0.003,5.537,0.0,-0.017,0.0
0.681,0.003,5.37,0.0,-0.009,0.0
0.681,0.003,6.76,0.0,0.002,0.0
0.681,0.003,5.389,0.0,-0.003,0.0
0.681,0.003,5.615,0.0,-0.02,0.0
0.681,0.003,5.021,0.0,0.008,0.0
0.681,0.003,3.805,0.0,-0.017,0.0
0.682,0.003,4.713,0.0,-0.024,0.0
0.682,0.003,6.405,0.0,-0.001,0.0
0.682,0.003,5.204,0.0,-0.002,0.0
0.682,0.003,4.405,0.0,0.014,0.0
0.682,0.003,4.289,0.0,-0.011,0.0
0.682,0.003,4.316,0.0,-0.002,0.0
0.682,0.003,5.397,0.0,0.006,0.0
0.682,0.003,7.476,0.0,-0.02,0.0
0.682,0.003,3.83,0.0,-0.001,0.0
0.682,0.003,4.572,0.0,0.01,0.0
0.682,0.003,4.513,0.0,-0.011,0.0
0.682,0.003,6.7,0.0,-0.02,0.0
0.682,0.003,4.64,0.0,-0.008,0.0
0.682,0.003,4.296,0.0,-0.013,0.0
0.682,0.003,4.383,0.0,-0.012,0.0
0.682,0.003,4.52,0.0,-0.02,0.0
0.682,0.003,3.718,0.0,-0.008,0.0
0.682,0.003,5.998,0.0,0.005,0.0
0.682,0.003,6.004,0.0,-0.004,0.0
0.682,0.003,4.367,0.0,-0.009,0.0
0.683,0.003,3.458,0.0,-0.022,0.0
0.683,0.003,5.535,0.0,0.008,0.0
0.683,0.003,5.205,0.0,-0.013,0.0
0.683,0.003,5.032,0.0,-0.026,0.0
0.683,0.003,4.461,0.0,0.002,0.0
0.683,0.003,5.855,0.0,-0.009,0.0
0.683,0.003,4.758,0.0,-0.025,0.0
0.683,0.003,3.267,0.0,-0.002,0.0
0.683,0.003,5.095,0.0,0.002,0.0
0.683,0.003,4.541,0.0,-0.015,0.0
0.683,0.003,3.761,0.0,-0.024,0.0
0.683,0.003,5.687,0.0,-0.018,0.0
0.683,0.003,4.938,0.0,-0.025,0.0
0.683,0.003,5.492,0.0,-0.004,0.0
0.683,0.003,5.266,0.0,0.016,0.0
0.683,0.003,4.913,0.0,-0.016,0.0
0.683,0.003,4.655,0.0,-0.015,0.0
0.683,0.003,3.657,0.0,-0.026,0.0
0.683,0.003,5.104,0.0,0.009,0.0
0.683,0.003,4.584,0.0,0.013,0.0
0.683,0.003,5.24,0.0,0.001,0.0
0.683,0.003,5.765,0.0,0.003,0.0
0.684,0.003,4.99,0.0,-0.027,0.0
0.684,0.003,5.377,0.0,0.001,0.0
0.684,0.003,5.614,0.0,-0.026,0.0
0.684,0.003,5.098,0.0,0.005,0.0
0.684,0.003,5.227,0.0,-0.001,0.0
0.684,0.003,3.837,0.0,0.008,0.0
0.684,0.003,4.778,0.0,0.002,0.0
0.684,0.003,6.122,0.0,0.016,0.0
0.684,0.003,4.493,0.0,-0.003,0.0
0.684,0.003,5.077,0.0,0.006,0.0
0.684,0.003,6.238,0.0,-0.023,0.0
0.684,0.003,5.77,0.0,0.005,0.0
0.684,0.003,4.067,0.0,-0.006,0.0
0.684,0.003,6.043,0.0,-0.011,0.0
0.684,0.003,3.418,0.0,-0.015,0.0
0.684,0.003,4.721,0.0,-0.005,0.0
0.684,0.003,3.547,0.0,-0.014,0.0
0.684,0.003,3.693,0.0,-0.001,0.0
0.684,0.003,5.486,0.0,-0.006,0.0
0.684,0.003,5.559,0.0,0.01,0.0
0.684,0.003,5.917,0.0,0.003,0.0
0.684,0.003,5.044,0.0,0.001,0.0
0.684,0.003,4.177,0.0,-0.012,0.0
0.685,0.003,5.321,0.0,0.005,0.0
0.685,0.003,3.539,0.0,-0.019,0.0
0.685,0.003,6.322,0.0,-0.011,0.0
0.685,0.003,5.391,0.0,-0.004,0.0
0.685,0.003,4.492,0.0,-0.013,0.0
0.685,0.003,6.284,0.0,0.003,0.0
0.685,0.003,5.206,0.0,0.005,0.0
0.685,0.003,5.66,0.0,0.0,0.0
0.685,0.003,4.549,0.0,-0.008,0.0
0.685,0.003,6.836,0.0,0.012,0.0
0.685,0.003,5.776,0.0,-0.026,0.0
0.685,0.003,4.763,0.0,0.015,0.0
0.685,0.003,4.125,0.0,-0.001,0.0
0.685,0.003,5.233,0.0,0.002,0.0
0.685,0.003,5.412,0.0,-0.001,0.0
0.685,0.003,4.403,0.0,0.012,0.0
0.685,0.003,5.497,0.0,-0.008,0.0
0.685,0.003,4.907,0.0,-0.01,0.0
0.685,0.003,5.138,0.0,-0.022,0.0
0.685,0.003,5.455,0.0,0.019,0.0
0.685,0.003,5.04,0.0,0.001,0.0
0.685,0.003,7.147,0.0,-0.002,0.0
0.685,0.003,5.073,0.0,0.002,0.0
0.685,0.003,8.0,0.0,-0.015,0.0
0.685,0.003,4.482,0.0,-0.006,0.0
0.685,0.003,4.484,0.0,-0.01,0.0
0.685,0.003,5.968,0.0,-0.01,0.0
0.685,0.003,3.769,0.0,-0.021,0.0
0.685,0.003,5.299,0.0,0.02,0.0
0.685,0.003,4.551,0.0,0.005,0.0
0.686,0.003,3.972,0.0,-0.015,0.0
0.686,0.003,4.632,0.0,-0.023,0.0
0.686,0.003,5.186,0.0,-0.017,0.0
0.686,0.003,4.499,0.0,-0.016,0.0
0.686,0.003,5.933,0.0,-0.003,0.0
0.686,0.003,4.619,0.0,-0.006,0.0
0.686,0.003,6.511,0.0,0.002,0.0
0.686,0.003,5.786,0.0,0.005,0.0
0.686,0.003,5.857,0.0,-0.012,0.0
0.686,0.003,4.864,0.0,0.023,0.0
0.686,0.003,4.623,0.0,0.004,0.0
0.686,0.003,5.587,0.0,-0.016,0.0
0.686,0.003,5.292,0.0,-0.005,0.0
0.686,0.003,4.645,0.0,0.003,0.0
0.686,0.003,5.153,0.0,0.004,0.0
0.686,0.003,4.989,0.0,-0.015,0.0
0.686,0.003,5.633,0.0,-0.016,0.0
0.686,0.003,5.236,0.0,0.005,0.0
0.686,0.003,5.685,0.0,-0.003,0.0
0.686,0.003,4.963,0.0,0.001,0.0
0.686,0.003,4.838,0.0,0.011,0.0
0.686,0.003,5.914,0.0,-0.015,0.0
0.686,0.003,5.988,0.0,0.004,0.0
0.686,0.003,4.049,0.0,0.004,0.0
0.686,0.003,4.408,0.0,-0.013,0.0
0.686,0.003,4.445,0.0,0.022,0.0
0.686,0.003,5.533,0.0,-0.002,0.0
0.686,0.003,4.37,0.0,-0.011,0.0
0.686,0.003,4.921,0.0,0.015,0.0
0.686,0.003,6.464,0.0,-0.016,0.0
0.686,0.003,4.224,0.0,-0.001,0.0
0.687,0.003,5.382,0.0,-0.004,0.0
0.687,0.003,5.745,0.0,-0.01,0.0
0.687,0.003,5.284,0.0,-0.006,0.0
0.687,0.003,4.493,0.0,0.003,0.0
0.687,0.003,4.758,0.0,-0.016,0.0
0.687,0.003,4.313,0.0,-0.027,0.0
0.687,0.003,4.472,0.0,0.003,0.0
0.687,0.003,4.4,0.0,-0.012,0.0
0.687,0.003,4.619,0.0,-0.003,0.0
0.687,0.003,4.864,0.0,-0.013,0.0
0.687,0.003,3.731,0.0,-0.003,0.0
0.687,0.003,5.208,0.0,-0.035,0.0
0.687,0.003,5.03,0.0,0.012,0.0
0.687,0.003,5.003,0.0,-0.01,0.0
0.687,0.003,5.756,0.0,-0.003,0.0
0.687,0.003,5.93,0.0,-0.015,0.0
0.687,0.003,5.076,0.0,0.001,0.0
0.687,0.003,5.623,0.0,-0.024,0.0
0.687,0.003,3.674,0.0,-0.026,0.0
0.687,0.003,5.188,0.0,-0.007,0.0
0.687,0.003,4.758,0.0,0.001,0.0
0.687,0.003,4.207,0.0,-0.014,0.0
0.687,0.003,5.129,0.0,0.002,0.0
0.687,0.003,6.658,0.0,-0.014,0.0
0.687,0.003,5.678,0.0,-0.007,0.0
0.688,0.003,4.47,0.0,-0.013,0.0
0.688,0.003,5.614,0.0,0.004,0.0
0.688,0.003,4.322,0.0,0.009,0.0
0.688,0.003,5.43,0.0,-0.005,0.0
0.688,0.003,4.049,0.0,-0.017,0.0
0.688,0.003,5.783,0.0,-0.003,0.0
0.688,0.003,5.277,0.0,-0.008,0.0
0.688,0.003,5.519,0.0,-0.002,0.0
0.688,0.003,4.762,0.0,0.01,0.0
0.688,0.003,4.718,0.0,0.012,0.0
0.688,0.003,4.78,0.0,-0.013,0.0
0.688,0.003,4.762,0.0,0.004,0.0
0.688,0.003,5.666,0.0,-0.013,0.0
0.688,0.003,4.581,0.0,0.005,0.0
0.688,0.003,4.942,0.0,-0.001,0.0
0.688,0.003,4.526,0.0,0.003,0.0
0.688,0.003,5.593,0.333,-0.019,0.0
0.688,0.003,5.596,0.0,-0.001,0.0
0.688,0.003,4.576,0.0,-0.004,0.0
0.689,0.003,5.287,0.0,0.002,0.0
0.689,0.003,4.443,0.0,-0.016,0.0
0.689,0.003,3.314,0.0,0.006,0.0
0.689,0.003,5.787,0.0,0.007,0.0
0.689,0.003,5.633,0.0,0.009,0.0
0.689,0.003,4.662,0.0,0.011,0.0
0.689,0.003,4.778,0.0,-0.01,0.0
0.689,0.003,5.38,0.0,0.004,0.0
0.689,0.003,2.953,0.0,-0.007,0.0
0.689,0.003,5.312,0.0,0.004,0.0
0.689,0.003,7.406,0.0,0.004,0.0
0.689,0.003,4.904,0.0,0.004,0.0
0.689,0.003,4.538,0.0,-0.01,0.0
0.689,0.003,5.992,0.0,-0.02,0.0
0.689,0.003,3.396,0.0,0.009,0.0
0.689,0.003,5.936,0.0,-0.003,0.0
0.689,0.003,5.428,0.0,-0.005,0.0
0.689,0.003,6.21,0.0,-0.003,0.0
0.689,0.003,4.435,0.0,-0.012,0.0
0.689,0.003,4.419,0.0,-0.016,0.0
0.689,0.003,4.452,0.0,0.005,0.0
0.689,0.003,6.174,0.0,-0.013,0.0
0.689,0.003,4.748,0.0,-0.015,0.0
0.689,0.003,5.543,0.0,-0.001,0.0
0.689,0.003,4.771,0.0,0.01,0.0
0.689,0.003,4.777,0.0,-0.019,0.0
0.689,0.003,3.852,0.0,-0.001,0.0
0.69,0.003,4.963,0.0,0.002,0.0
0.69,0.003,5.529,0.0,0.002,0.0
0.69,0.003,4.473,0.0,0.007,0.0
0.69,0.003,4.193,0.0,-0.001,0.0
0.69,0.003,4.446,0.0,-0.014,0.0
0.69,0.003,6.098,0.0,-0.01,0.0
0.69,0.003,5.78,0.0,-0.024,0.0
0.69,0.003,4.235,0.0,-0.002,0.0
0.69,0.003,5.815,0.0,0.002,0.0
0.69,0.003,5.391,0.0,-0.01,0.0
0.69,0.003,4.572,0.0,-0.013,0.0
0.69,0.003,5.283,0.0,-0.032,0.0
0.69,0.003,6.888,0.0,0.004,0.0
0.69,0.003,6.661,0.0,0.02,0.0
0.69,0.003,4.433,0.0,-0.01,0.0
0.69,0.003,4.626,0.0,-0.014,0.0
0.69,0.003,3.925,0.0,-0.013,0.0
0.69,0.003,6.323,0.0,-0.014,0.0
0.691,0.003,4.572,0.0,-0.006,0.0
0.691,0.003,4.012,0.0,-0.006,0.0
0.691,0.003,4.832,0.0,0.001,0.0
0.691,0.003,3.749,0.0,-0.015,0.0
0.691,0.003,5.36,0.0,-0.004,0.0
0.691,0.003,5.353,0.0,-0.006,0.0
0.691,0.003,4.5,0.0,0.002,0.0
0.691,0.003,3.878,0.0,-0.005,0.0
0.691,0.003,4.041,0.0,-0.009,0.0
0.691,0.003,5.405,0.333,-0.028,0.0
0.691,0.003,4.095,0.0,-0.011,0.0
0.691,0.003,4.172,0.0,-0.032,0.0
0.691,0.003,6.571,0.0,-0.001,0.0
0.691,0.003,3.628,0.0,-0.004,0.0
0.691,0.003,5.378,0.0,-0.007,0.0
0.691,0.003,5.361,0.0,-0.019,0.0
0.691,0.003,4.384,0.0,-0.002,0.0
0.691,0.003,5.017,0.0,-0.001,0.0
0.691,0.003,4.125,0.0,-0.006,0.0
0.691,0.003,5.819,0.0,0.013,0.0
0.692,0.003,4.017,0.0,0.01,0.0
0.692,0.003,3.983,0.0,-0.019,0.0
0.692,0.003,5.188,0.0,0.01,0.0
0.692,0.003,4.155,0.0,-0.011,0.0
0.692,0.003,4.127,0.0,-0.015,0.0
0.692,0.003,6.162,0.0,-0.023,0.0
0.692,0.003,5.78,0.0,-0.004,0.0
0.692,0.003,5.718,0.0,-0.012,0.0
0.692,0.003,5.287,0.0,0.0,0.0
0.692,0.003,4.883,0.0,-0.01,0.0
0.692,0.003,5.599,0.0,-0.008,0.0
0.692,0.003,5.313,0.0,-0.011,0.0
0.692,0.003,4.386,0.0,-0.003,0.0
0.692,0.003,6.026,0.0,-0.015,0.0
0.692,0.003,3.984,0.0,0.018,0.0
0.692,0.003,4.125,0.0,0.014,0.0
0.692,0.003,5.432,0.0,0.018,0.0
0.692,0.003,5.055,0.0,-0.014,0.0
0.692,0.003,4.699,0.0,0.003,0.0
0.693,0.003,6.453,0.0,0.009,0.0
0.693,0.003,5.177,0.0,0.004,0.0
0.693,0.003,4.172,0.0,0.015,0.0
0.693,0.003,4.119,0.0,-0.01,0.0
0.693,0.003,5.17,0.0,-0.016,0.0
0.693,0.003,3.956,0.0,-0.009,0.0
0.693,0.003,5.267,0.0,-0.019,0.0
0.693,0.003,4.913,0.0,0.01,0.0
0.693,0.003,4.871,0.0,-0.009,0.0
0.693,0.003,5.87,0.0,0.007,0.0
0.693,0.003,4.114,0.0,0.004,0.0
0.693,0.003,5.02,0.0,0.001,0.0
0.693,0.003,4.82,0.0,-0.004,0.0
0.693,0.003,5.007,0.0,0.008,0.0
0.693,0.003,4.261,0.0,-0.011,0.0
0.693,0.003,5.237,0.0,-0.019,0.0
0.693,0.003,4.63,0.0,-0.002,0.0
0.693,0.003,6.076,0.0,-0.011,0.0
0.693,0.003,4.05,0.0,-0.016,0.0
0.693,0.003,4.153,0.0,-0.008,0.0
0.693,0.003,3.966,0.0,-0.022,0.0
0.693,0.003,5.607,0.0,-0.006,0.0
0.693,0.003,5.171,0.0,-0.015,0.0
0.693,0.003,5.925,0.0,-0.011,0.0
0.693,0.003,5.586,0.0,-0.006,0.0
0.693,0.003,5.823,0.0,0.008,0.0
0.693,0.003,5.27,0.0,0.009,0.0
0.693,0.003,5.238,0.0,-0.012,0.0
0.693,0.003,4.822,0.0,0.005,0.0
0.694,0.003,3.241,0.0,-0.002,0.0
0.694,0.003,4.244,0.0,-0.014,0.0
0.694,0.003,5.696,0.0,-0.01,0.0
0.694,0.003,5.192,0.0,-0.002,0.0
0.694,0.003,4.063,0.0,-0.007,0.0
0.694,0.003,5.203,0.0,-0.018,0.0
0.694,0.003,5.084,0.0,0.007,0.0
0.694,0.003,5.685,0.0,-0.002,0.0
0.694,0.003,5.532,0.0,0.002,0.0
0.694,0.003,4.133,0.0,-0.006,0.0
0.694,0.003,4.529,0.0,0.003,0.0
0.694,0.003,4.196,0.0,-0.021,0.0
0.694,0.003,5.385,0.0,-0.019,0.0
0.694,0.003,5.021,0.0,-0.004,0.0
0.694,0.003,5.628,0.0,-0.009,0.0
0.694,0.003,5.712,0.0,-0.012,0.0
0.694,0.003,4.565,0.0,-0.027,0.0
0.694,0.003,4.617,0.0,-0.016,0.0
0.694,0.003,3.878,0.0,-0.005,0.0
0.694,0.003,4.271,0.0,0.015,0.0
0.695,0.003,4.535,0.0,-0.002,0.0
0.695,0.003,4.527,0.0,0.005,0.0
0.695,0.003,4.152,0.0,0.005,0.0
0.695,0.003,4.767,0.0,-0.018,0.0
0.695,0.003,4.823,0.0,-0.009,0.0
0.695,0.003,4.734,0.0,-0.005,0.0
0.695,0.003,5.85,0.0,-0.003,0.0
0.695,0.003,5.532,0.0,0.011,0.0
0.695,0.003,5.458,0.0,-0.011,0.0
0.695,0.003,5.19,0.0,-0.006,0.0
0.695,0.003,4.405,0.0,-0.011,0.0
0.695,0.003,6.685,0.0,-0.016,0.0
0.695,0.003,3.832,0.0,0.008,0.0
0.695,0.003,3.935,0.0,-0.008,0.0
0.695,0.003,5.525,0.0,-0.029,0.0
0.695,0.003,5.901,0.0,0.008,0.0
0.695,0.003,4.427,0.0,-0.004,0.0
0.695,0.003,5.269,0.0,0.002,0.0
0.695,0.003,4.969,0.0,-0.012,0.0
0.696,0.003,5.966,0.0,0.0,0.0
0.696,0.003,4.075,0.0,-0.013,0.0
0.696,0.003,4.241,0.0,-0.014,0.0
0.696,0.003,4.611,0.0,0.002,0.0
0.696,0.003,5.762,0.0,-0.014,0.0
0.696,0.003,4.677,0.0,0.003,0.0
0.696,0.003,4.793,0.0,-0.002,0.0
0.696,0.003,5.166,0.0,-0.004,0.0
0.696,0.003,3.811,0.0,0.009,0.0
0.696,0.003,4.152,0.0,0.01,0.0
0.696,0.003,5.435,0.0,0.01,0.0
0.696,0.003,5.766,0.0,-0.003,0.0
0.696,0.003,5.687,0.0,0.007,0.0
0.696,0.003,5.149,0.0,0.013,0.0
0.696,0.003,4.129,0.0,-0.004,0.0
0.696,0.003,7.284,0.0,0.004,0.0
0.696,0.003,5.045,0.0,-0.003,0.0
0.696,0.003,5.804,0.0,-0.017,0.0
0.696,0.003,4.404,0.0,-0.013,0.0
0.696,0.003,5.567,0.0,-0.001,0.0
0.696,0.007,4.699,0.0,-0.002,0.0
0.696,0.003,5.684,0.0,-0.014,0.0
0.696,0.003,5.838,0.0,-0.018,0.0
0.697,0.003,4.659,0.0,-0.009,0.0
0.697,0.003,4.286,0.0,-0.006,0.0
0.697,0.003,6.641,0.0,0.021,0.0
0.697,0.003,5.217,0.0,0.013,0.0
0.697,0.003,4.484,0.0,0.004,0.0
0.697,0.003,5.393,0.0,-0.008,0.0
0.697,0.003,4.407,0.0,-0.008,0.0
0.697,0.003,6.074,0.0,0.007,0.0
0.697,0.003,4.33,0.0,-0.013,0.0
0.697,0.003,5.522,0.0,-0.003,0.0
0.697,0.003,6.072,0.0,-0.0,0.0
0.697,0.003,5.226,0.0,-0.014,0.0
0.697,0.003,4.87,0.0,-0.006,0.0
0.697,0.003,4.19,0.0,-0.017,0.0
0.697,0.003,5.759,0.0,-0.002,0.0
0.697,0.003,4.463,0.0,-0.005,0.0
0.697,0.003,3.79,0.0,-0.011,0.0
0.697,0.003,5.443,0.0,-0.003,0.0
0.697,0.003,5.21,0.0,-0.013,0.0
0.697,0.003,5.013,0.0,0.013,0.0
0.697,0.003,6.04,0.0,0.004,0.0
0.697,0.003,4.074,0.0,-0.004,0.0
0.697,0.003,4.591,0.0,-0.001,0.0
0.697,0.003,5.577,0.0,-0.008,0.0
0.698,0.003,5.425,0.0,0.01,0.0
0.698,0.003,6.301,0.0,-0.02,0.0
0.698,0.003,5.497,0.0,-0.008,0.0
0.698,0.003,4.449,0.0,-0.005,0.0
0.698,0.003,4.13,0.0,0.006,0.0
0.698,0.003,4.294,0.0,-0.002,0.0
0.698,0.003,4.363,0.0,-0.007,0.0
0.698,0.003,4.97,0.0,0.006,0.0
0.698,0.003,7.324,0.0,-0.0,0.0
0.698,0.003,4.672,0.0,-0.005,0.0
0.698,0.003,5.933,0.0,0.001,0.0
0.698,0.003,5.064,0.0,0.004,0.0
0.698,0.003,4.996,0.0,-0.021,0.0
0.698,0.003,7.495,0.0,-0.011,0.0
0.698,0.003,4.927,0.0,0.002,0.0
0.698,0.003,6.16,0.0,0.003,0.0
0.698,0.003,6.39,0.0,0.002,0.0
0.698,0.003,4.284,0.0,-0.015,0.0
0.698,0.003,4.353,0.0,-0.003,0.0
0.698,0.003,4.752,0.0,0.008,0.0
0.698,0.003,6.022,0.0,-0.023,0.0
0.698,0.003,5.705,0.0,-0.008,0.0
0.699,0.003,4.757,0.0,0.008,0.0
0.699,0.003,3.445,0.0,0.004,0.0
0.699,0.003,4.031,0.0,-0.016,0.0
0.699,0.003,5.568,0.0,-0.009,0.0
0.699,0.003,4.284,0.0,-0.001,0.0
0.699,0.003,4.609,0.0,0.014,0.0
0.699,0.003,3.959,0.0,-0.01,0.0
0.699,0.003,5.566,0.0,-0.018,0.0
0.699,0.003,6.084,0.0,-0.0,0.0
0.699,0.003,4.207,0.0,-0.01,0.0
0.699,0.003,4.25,0.0,-0.019,0.0
0.699,0.003,5.697,0.0,-0.011,0.0
0.699,0.003,5.844,0.0,-0.011,0.0
0.699,0.003,5.522,0.0,-0.005,0.0
0.699,0.003,3.38,0.0,0.017,0.0
0.699,0.003,4.808,0.0,0.018,0.0
0.699,0.003,4.403,0.0,0.008,0.0
0.699,0.003,4.489,0.0,0.0,0.0
0.699,0.003,5.177,0.0,-0.003,0.0
0.699,0.003,6.314,0.0,0.0,0.0
0.699,0.003,6.47,0.0,0.009,0.0
0.699,0.003,5.895,0.0,-0.008,0.0
0.699,0.003,5.529,0.0,0.001,0.0
0.699,0.003,4.484,0.0,-0.01,0.0
0.699,0.003,5.034,0.0,-0.0,0.0
0.699,0.003,4.471,0.0,-0.02,0.0
0.699,0.003,5.277,0.0,-0.021,0.0
0.699,0.003,6.569,0.0,-0.013,0.0
0.699,0.003,6.16,0.0,-0.004,0.0
0.7,0.003,4.888,0.0,-0.011,0.0
0.7,0.003,5.688,0.0,-0.004,0.0
0.7,0.003,4.378,0.0,-0.01,0.0
0.7,0.003,4.681,0.0,-0.013,0.0
0.7,0.003,5.924,0.0,0.013,0.0
0.7,0.003,5.239,0.0,0.013,0.0
0.7,0.003,3.557,0.0,-0.005,0.0
0.7,0.003,4.954,0.0,-0.012,0.0
0.7,0.003,5.81,0.0,0.019,0.0
0.7,0.003,3.947,0.0,-0.011,0.0
0.7,0.003,5.418,0.0,-0.014,0.0
0.7,0.003,5.42,0.0,-0.0,0.0
0.7,0.003,4.894,0.0,-0.001,0.0
0.7,0.003,5.501,0.0,-0.029,0.0
0.7,0.003,4.375,0.0,-0.006,0.0
0.7,0.003,4.062,0.0,-0.015,0.0
0.7,0.003,3.535,0.0,-0.001,0.0
0.7,0.003,5.361,0.0,-0.006,0.0
0.7,0.003,4.552,0.0,-0.001,0.0
0.7,0.003,3.741,0.0,-0.009,0.0
0.7,0.003,5.732,0.0,-0.011,0.0
0.701,0.003,4.751,0.0,0.002,0.0
0.701,0.003,7.009,0.0,-0.017,0.0
0.701,0.003,4.41,0.0,-0.015,0.0
0.701,0.003,5.795,0.0,-0.01,0.0
0.701,0.003,4.726,0.0,0.0,0.0
0.701,0.003,4.678,0.0,-0.029,0.0
0.701,0.003,6.387,0.0,-0.005,0.0
0.701,0.003,5.697,0.0,-0.019,0.0
0.701,0.003,5.53,0.0,-0.016,0.0
0.701,0.003,6.955,0.0,0.022,0.0
0.701,0.003,5.125,0.0,-0.006,0.0
0.701,0.003,5.065,0.0,-0.003,0.0
0.701,0.003,4.802,0.0,0.004,0.0
0.701,0.003,7.286,0.0,-0.009,0.0
0.701,0.003,5.059,0.0,-0.018,0.0
0.701,0.003,5.373,0.0,-0.022,0.0
0.701,0.003,4.865,0.0,-0.02,0.0
0.701,0.003,5.83,0.0,-0.008,0.0
0.701,0.003,6.026,0.0,-0.006,0.0
0.702,0.003,5.634,0.0,0.014,0.0
0.702,0.003,4.375,0.0,-0.011,0.0
0.702,0.003,4.379,0.0,-0.005,0.0
0.702,0.003,5.094,0.0,-0.018,0.0
0.702,0.003,5.024,0.0,-0.021,0.0
0.702,0.003,3.645,0.0,-0.003,0.0
0.702,0.003,5.223,0.0,0.012,0.0
0.702,0.003,4.353,0.0,-0.01,0.0
0.702,0.003,3.713,0.0,-0.005,0.0
0.702,0.003,5.27,0.0,-0.016,0.0
0.702,0.003,5.188,0.0,0.002,0.0
0.702,0.003,5.336,0.0,-0.005,0.0
0.702,0.003,5.398,0.0,0.025,0.0
0.702,0.003,4.858,0.0,-0.004,0.0
0.702,0.003,5.649,0.0,-0.008,0.0
0.702,0.003,5.522,0.0,-0.009,0.0
0.702,0.003,4.118,0.0,-0.013,0.0
0.702,0.003,4.097,0.0,0.002,0.0
0.702,0.003,5.464,0.0,0.005,0.0
0.702,0.003,5.376,0.0,-0.006,0.0
0.703,0.003,4.689,0.0,0.021,0.0
0.703,0.003,4.932,0.0,-0.021,0.0
0.703,0.003,3.838,0.0,-0.009,0.0
0.703,0.003,5.835,0.0,-0.021,0.0
0.703,0.003,5.312,0.0,0.013,0.0
0.703,0.003,5.812,0.0,-0.024,0.0
0.703,0.003,4.964,0.0,-0.018,0.0
0.703,0.003,5.325,0.0,0.004,0.0
0.703,0.003,4.809,0.0,0.0,0.0
0.703,0.003,4.119,0.0,0.001,0.0
0.703,0.003,5.534,0.0,-0.002,0.0
0.703,0.003,3.822,0.0,0.008,0.0
0.703,0.003,4.846,0.0,0.0,0.0
0.703,0.003,4.813,0.0,0.006,0.0
0.704,0.003,4.124,0.0,-0.002,0.0
0.704,0.003,4.331,0.0,-0.01,0.0
0.704,0.003,6.156,0.0,-0.011,0.0
0.704,0.003,4.074,0.0,0.002,0.0
0.704,0.003,5.829,0.0,-0.011,0.0
0.704,0.003,5.69,0.0,-0.019,0.0
0.704,0.003,5.13,0.0,-0.015,0.0
0.704,0.003,4.719,0.0,-0.023,0.0
0.704,0.003,6.099,0.0,-0.016,0.0
0.704,0.003,6.174,0.0,-0.006,0.0
0.704,0.003,3.336,0.0,0.001,0.0
0.704,0.003,5.527,0.0,-0.014,0.0
0.704,0.003,3.84,0.0,-0.001,0.0
0.704,0.003,3.278,0.0,-0.002,0.0
0.704,0.003,3.531,0.0,0.015,0.0
0.704,0.003,6.155,0.0,-0.014,0.0
0.704,0.003,5.846,0.0,-0.019,0.0
0.704,0.003,4.065,0.0,-0.001,0.0
0.704,0.003,4.722,0.0,0.007,0.0
0.704,0.003,4.095,0.0,-0.008,0.0
0.705,0.003,3.999,0.0,-0.007,0.0
0.705,0.003,4.23,0.0,-0.013,0.0
0.705,0.003,3.873,0.0,-0.012,0.0
0.705,0.003,6.064,0.0,-0.027,0.0
0.705,0.003,4.833,0.0,-0.019,0.0
0.705,0.003,5.024,0.0,-0.005,0.0
0.705,0.003,5.19,0.0,-0.006,0.0
0.705,0.003,4.655,0.0,0.0,0.0
0.705,0.003,5.381,0.0,0.008,0.0
0.705,0.003,2.923,0.0,0.005,0.0
0.705,0.003,5.088,0.0,-0.017,0.0
0.705,0.003,5.785,0.0,-0.009,0.0
0.705,0.003,4.159,0.0,-0.009,0.0
0.705,0.003,5.033,0.0,-0.012,0.0
0.706,0.003,4.193,0.0,0.015,0.0
0.706,0.003,4.012,0.0,0.005,0.0
0.706,0.003,5.649,0.0,-0.014,0.0
0.706,0.003,4.773,0.0,-0.007,0.0
0.706,0.003,6.288,0.0,0.001,0.0
0.706,0.003,5.042,0.0,-0.004,0.0
0.706,0.003,4.338,0.0,-0.013,0.0
0.706,0.003,6.837,0.0,-0.017,0.0
0.706,0.003,4.267,0.0,-0.015,0.0
0.706,0.003,4.945,0.0,-0.011,0.0
0.706,0.003,4.882,0.0,-0.011,0.0
0.706,0.003,6.795,0.0,-0.003,0.0
0.706,0.003,5.232,0.0,0.01,0.0
0.706,0.003,4.398,0.0,-0.016,0.0
0.706,0.003,5.726,0.0,0.013,0.0
0.707,0.003,4.697,0.0,0.003,0.0
0.707,0.003,4.058,0.0,-0.001,0.0
0.707,0.003,4.181,0.0,0.003,0.0
0.707,0.003,4.237,0.0,-0.004,0.0
0.707,0.003,5.444,0.0,0.002,0.0
0.707,0.003,5.274,0.0,0.009,0.0
0.707,0.003,4.907,0.0,-0.005,0.0
0.707,0.003,4.906,0.0,-0.023,0.0
0.707,0.003,3.922,0.0,0.001,0.0
0.707,0.003,5.467,0.0,-0.025,0.0
0.707,0.003,4.242,0.0,-0.01,0.0
0.707,0.003,7.137,0.0,-0.012,0.0
0.707,0.003,5.645,0.0,0.002,0.0
0.707,0.003,5.88,0.0,0.012,0.0
0.708,0.003,3.933,0.0,-0.012,0.0
0.708,0.003,4.911,0.0,0.009,0.0
0.708,0.003,5.736,0.0,-0.016,0.0
0.708,0.003,4.153,0.0,0.006,0.0
0.708,0.003,6.873,0.0,-0.015,0.0
0.708,0.003,5.591,0.0,0.01,0.0
0.708,0.003,4.058,0.0,-0.008,0.0
0.708,0.003,3.947,0.0,-0.015,0.0
0.708,0.003,4.347,0.0,-0.005,0.0
0.708,0.003,4.295,0.0,0.003,0.0
0.708,0.003,5.505,0.0,-0.008,0.0
0.708,0.003,5.585,0.0,-0.02,0.0
0.708,0.003,4.421,0.0,-0.002,0.0
0.708,0.003,5.509,0.0,-0.007,0.0
0.708,0.003,5.648,0.0,-0.011,0.0
0.708,0.003,5.582,0.0,-0.003,0.0
0.708,0.003,4.979,0.0,-0.032,0.0
0.708,0.003,5.759,0.0,0.011,0.0
0.708,0.003,4.011,0.0,-0.005,0.0
0.708,0.003,6.153,0.0,-0.02,0.0
0.708,0.003,5.521,0.0,0.005,0.0
0.708,0.003,5.432,0.0,-0.004,0.0
0.709,0.003,4.852,0.0,-0.016,0.0
0.709,0.003,5.185,0.0,-0.007,0.0
0.709,0.003,4.659,0.0,-0.008,0.0
0.709,0.003,3.694,0.0,0.006,0.0
0.709,0.003,5.044,0.0,0.006,0.0
0.709,0.003,5.349,0.0,0.007,0.0
0.709,0.003,4.723,0.0,0.001,0.0
0.709,0.003,5.507,0.0,-0.002,0.0
0.709,0.003,5.838,0.0,0.001,0.0
0.709,0.003,5.501,0.0,0.009,0.0
0.709,0.003,4.272,0.0,-0.014,0.0
0.709,0.003,3.32,0.0,0.019,0.0
0.709,0.003,5.654,0.0,0.006,0.0
0.709,0.003,4.621,0.0,0.006,0.0
0.709,0.003,4.717,0.0,0.004,0.0
0.709,0.003,5.075,0.0,-0.01,0.0
0.709,0.003,4.94,0.0,0.016,0.0
0.71,0.003,7.324,0.0,0.003,0.0
0.71,0.003,4.731,0.0,-0.006,0.0
0.71,0.003,4.47,0.0,-0.01,0.0
0.71,0.003,5.522,0.0,-0.032,0.0
0.71,0.003,4.444,0.0,-0.011,0.0
0.71,0.003,5.34,0.0,-0.01,0.0
0.71,0.003,4.091,0.0,-0.013,0.0
0.71,0.003,4.284,0.0,-0.009,0.0
0.71,0.003,4.289,0.0,-0.016,0.0
0.71,0.003,6.048,0.0,-0.01,0.0
0.71,0.003,4.401,0.0,-0.016,0.0
0.71,0.003,4.694,0.0,0.005,0.0
0.71,0.003,4.16,0.0,-0.025,0.0
0.71,0.003,5.326,0.0,-0.012,0.0
0.71,0.003,6.038,0.0,0.005,0.0
0.71,0.003,7.109,0.0,-0.021,0.0
0.711,0.003,5.675,0.0,0.018,0.0
0.711,0.003,4.538,0.0,-0.001,0.0
0.711,0.003,5.65,0.0,-0.006,0.0
0.711,0.003,4.555,0.0,0.003,0.0
0.711,0.003,5.254,0.0,-0.009,0.0
0.711,0.003,5.366,0.0,-0.001,0.0
0.711,0.003,4.354,0.0,-0.021,0.0
0.711,0.003,6.067,0.0,-0.009,0.0
0.711,0.003,3.605,0.0,-0.008,0.0
0.711,0.003,3.928,0.0,-0.001,0.0
0.711,0.003,5.677,0.0,0.004,0.0
0.711,0.003,4.337,0.0,0.002,0.0
0.711,0.003,5.18,0.0,-0.028,0.0
0.712,0.003,5.923,0.0,0.007,0.0
0.712,0.003,4.877,0.0,-0.023,0.0
0.712,0.003,3.543,0.0,0.006,0.0
0.712,0.003,6.558,0.0,-0.015,0.0
0.712,0.003,5.541,0.0,-0.021,0.0
0.712,0.003,5.567,0.0,-0.004,0.0
0.712,0.003,5.704,0.0,-0.011,0.0
0.712,0.003,5.722,0.0,0.011,0.0
0.712,0.003,4.443,0.0,-0.019,0.0
0.712,0.003,3.855,0.0,-0.012,0.0
0.712,0.003,3.892,0.0,-0.0,0.0
0.712,0.003,4.594,0.0,-0.005,0.0
0.712,0.003,4.434,0.0,-0.007,0.0
0.712,0.003,4.7,0.0,-0.003,0.0
0.712,0.003,7.483,0.0,0.007,0.0
0.712,0.003,4.961,0.0,-0.01,0.0
0.712,0.003,5.746,0.0,0.011,0.0
0.713,0.003,4.845,0.0,-0.013,0.0
0.713,0.003,4.547,0.0,-0.009,0.0
0.713,0.003,5.095,0.0,0.009,0.0
0.713,0.003,4.819,0.0,-0.007,0.0
0.713,0.003,5.289,0.0,-0.014,0.0
0.713,0.003,5.316,0.0,0.005,0.0
0.713,0.003,5.973,0.0,0.003,0.0
0.713,0.003,4.065,0.0,0.003,0.0
0.713,0.003,4.132,0.0,-0.012,0.0
0.713,0.003,3.938,0.0,-0.022,0.0
0.713,0.003,5.272,0.0,0.003,0.0
0.713,0.003,5.487,0.0,-0.001,0.0
0.713,0.003,3.633,0.0,-0.016,0.0
0.713,0.003,4.778,0.0,-0.007,0.0
0.713,0.003,4.282,0.0,0.007,0.0
0.713,0.003,4.376,0.0,-0.01,0.0
0.713,0.003,4.4,0.0,0.001,0.0
0.713,0.003,3.583,0.0,-0.0,0.0
0.713,0.003,4.467,0.0,-0.003,0.0
0.713,0.003,4.556,0.0,0.006,0.0
0.714,0.003,4.65,0.0,-0.018,0.0
0.714,0.003,4.891,0.0,-0.007,0.0
0.714,0.003,5.756,0.0,0.01,0.0
0.714,0.003,5.959,0.0,-0.007,0.0
0.714,0.003,3.275,0.0,-0.001,0.0
0.714,0.003,5.736,0.0,-0.006,0.0
0.714,0.003,5.188,0.0,0.007,0.0
0.714,0.003,5.371,0.0,-0.005,0.0
0.714,0.003,5.012,0.0,0.011,0.0
0.714,0.003,5.677,0.0,0.009,0.0
0.714,0.003,5.259,0.0,0.001,0.0
0.715,0.003,4.451,0.0,-0.005,0.0
0.715,0.003,5.984,0.0,0.007,0.0
0.715,0.003,3.837,0.0,-0.016,0.0
0.715,0.003,5.224,0.0,-0.01,0.0
0.715,0.003,5.904,0.0,-0.011,0.0
0.715,0.003,4.15,0.0,-0.018,0.0
0.715,0.003,5.823,0.0,-0.018,0.0
0.715,0.003,4.911,0.0,-0.005,0.0
0.715,0.003,4.224,0.0,0.003,0.0
0.715,0.003,5.858,0.0,-0.014,0.0
0.715,0.003,4.752,0.0,-0.002,0.0
0.715,0.003,3.527,0.0,-0.013,0.0
0.716,0.003,3.872,0.0,0.002,0.0
0.716,0.003,5.244,0.0,-0.002,0.0
0.716,0.003,4.173,0.0,0.019,0.0
0.716,0.003,5.608,0.0,-0.001,0.0
0.716,0.003,5.0,0.0,-0.025,0.0
0.716,0.003,4.943,0.0,-0.016,0.0
0.716,0.003,3.994,0.0,-0.011,0.0
0.716,0.003,4.447,0.0,-0.007,0.0
0.716,0.003,5.609,0.0,-0.0,0.0
0.716,0.003,6.444,0.0,-0.001,0.0
0.716,0.003,5.92,0.0,0.018,0.0
0.716,0.003,4.813,0.0,0.004,0.0
0.716,0.003,5.321,0.0,-0.013,0.0
0.716,0.003,4.477,0.0,-0.003,0.0
0.717,0.003,5.818,0.0,-0.01,0.0
0.717,0.003,5.433,0.0,0.002,0.0
0.717,0.003,6.521,0.0,-0.016,0.0
0.717,0.003,5.32,0.0,0.004,0.0
0.717,0.003,5.545,0.0,-0.008,0.0
0.717,0.003,6.135,0.0,0.001,0.0
0.717,0.003,6.633,0.0,0.011,0.0
0.717,0.003,4.26,0.0,0.005,0.0
0.717,0.003,5.472,0.0,-0.005,0.0
0.717,0.003,3.213,0.0,0.016,0.0
0.717,0.003,5.619,0.0,0.002,0.0
0.717,0.003,4.931,0.0,-0.019,0.0
0.717,0.003,4.222,0.0,0.016,0.0
0.717,0.003,4.912,0.0,0.002,0.0
0.717,0.003,5.474,0.0,-0.02,0.0
0.717,0.003,4.548,0.0,-0.002,0.0
0.717,0.003,5.562,0.0,-0.015,0.0
0.718,0.003,5.621,0.0,-0.026,0.0
0.718,0.003,5.268,0.0,0.0,0.0
0.718,0.003,4.909,0.0,-0.018,0.0
0.718,0.003,4.323,0.0,-0.012,0.0
0.718,0.003,5.667,0.0,0.011,0.0
0.718,0.003,4.657,0.0,-0.015,0.0
0.718,0.003,5.076,0.0,-0.008,0.0
0.718,0.003,4.942,0.0,0.008,0.0
0.718,0.003,4.235,0.0,-0.023,0.0
0.718,0.003,5.562,0.0,-0.008,0.0
0.718,0.003,5.6,0.0,-0.018,0.0
0.718,0.003,4.0,0.0,-0.012,0.0
0.718,0.003,5.031,0.0,-0.012,0.0
0.718,0.003,4.9,0.0,0.007,0.0
0.718,0.003,5.431,0.0,0.009,0.0
0.718,0.003,4.822,0.0,-0.003,0.0
0.718,0.003,6.041,0.0,0.003,0.0
0.719,0.003,5.954,0.0,-0.023,0.0
0.719,0.003,4.53,0.0,-0.018,0.0
0.719,0.003,3.995,0.0,-0.007,0.0
0.719,0.003,4.009,0.0,-0.004,0.0
0.719,0.003,4.835,0.0,0.008,0.0
0.719,0.003,5.365,0.0,-0.022,0.0
0.719,0.003,4.87,0.0,-0.004,0.0
0.719,0.003,3.987,0.0,0.028,0.0
0.719,0.003,5.157,0.0,0.0,0.0
0.719,0.003,5.721,0.0,-0.018,0.0
0.719,0.003,4.44,0.0,-0.016,0.0
0.719,0.003,4.764,0.0,-0.003,0.0
0.719,0.003,3.87,0.0,-0.021,0.0
0.719,0.003,4.05,0.0,-0.007,0.0
0.719,0.003,5.932,0.0,-0.007,0.0
0.719,0.003,3.559,0.0,0.001,0.0
0.72,0.003,5.494,0.0,-0.022,0.0
0.72,0.003,5.486,0.0,-0.003,0.0
0.72,0.003,4.827,0.0,0.018,0.0
0.72,0.003,7.085,0.0,-0.016,0.0
0.72,0.003,5.699,0.0,-0.005,0.0
0.72,0.003,4.047,0.0,0.007,0.0
0.72,0.003,4.621,0.0,0.019,0.0
0.72,0.003,5.564,0.0,-0.002,0.0
0.72,0.003,3.349,0.0,-0.004,0.0
0.72,0.003,3.826,0.0,0.009,0.0
0.72,0.003,5.533,0.0,-0.003,0.0
0.72,0.003,5.092,0.0,-0.004,0.0
0.72,0.003,5.497,0.0,-0.009,0.0
0.72,0.003,5.047,0.0,-0.008,0.0
0.72,0.003,5.725,0.0,-0.013,0.0
0.72,0.003,3.989,0.0,-0.009,0.0
0.721,0.003,4.218,0.0,-0.017,0.0
0.721,0.003,3.684,0.0,-0.016,0.0
0.721,0.003,5.846,0.0,-0.01,0.0
0.721,0.003,4.675,0.0,-0.022,0.0
0.721,0.003,3.78,0.0,-0.006,0.0
0.721,0.003,4.323,0.0,-0.006,0.0
0.721,0.003,3.846,0.0,0.009,0.0
0.721,0.003,5.727,0.0,0.0,0.0
0.721,0.003,4.64,0.0,0.001,0.0
0.721,0.003,4.197,0.0,-0.012,0.0
0.721,0.003,5.468,0.0,-0.005,0.0
0.721,0.003,3.228,0.0,0.0,0.0
0.721,0.003,5.607,0.0,-0.009,0.0
0.721,0.003,4.286,0.0,-0.019,0.0
0.721,0.003,4.022,0.0,-0.006,0.0
0.721,0.003,4.548,0.0,0.005,0.0
0.721,0.003,4.904,0.0,0.013,0.0
0.721,0.003,5.481,0.0,-0.026,0.0
0.721,0.003,4.919,0.0,-0.015,0.0
0.722,0.003,4.654,0.0,-0.019,0.0
0.722,0.003,6.353,0.0,-0.005,0.0
0.722,0.003,5.593,0.0,-0.002,0.0
0.722,0.003,6.423,0.0,0.0,0.0
0.722,0.003,6.161,0.0,-0.009,0.0
0.722,0.003,3.806,0.0,-0.003,0.0
0.722,0.003,5.558,0.0,-0.002,0.0
0.722,0.003,3.638,0.0,-0.012,0.0
0.722,0.003,5.126,0.0,-0.009,0.0
0.722,0.003,5.07,0.0,-0.019,0.0
0.722,0.003,5.133,0.0,0.013,0.0
0.722,0.003,4.469,0.0,-0.021,0.0
0.722,0.003,4.986,0.0,0.002,0.0
0.722,0.003,5.497,0.0,0.014,0.0
0.722,0.003,4.166,0.0,-0.014,0.0
0.722,0.003,4.964,0.0,0.003,0.0
0.722,0.003,4.614,0.0,0.007,0.0
0.723,0.003,4.997,0.0,-0.002,0.0
0.723,0.003,4.064,0.0,0.001,0.0
0.723,0.003,5.668,0.0,-0.009,0.0
0.723,0.003,5.323,0.0,0.001,0.0
0.723,0.003,4.629,0.0,0.002,0.0
0.723,0.003,4.613,0.0,0.015,0.0
0.723,0.003,4.886,0.0,0.011,0.0
0.723,0.003,5.563,0.0,-0.009,0.0
0.723,0.003,4.149,0.0,-0.003,0.0
0.723,0.003,5.178,0.0,0.011,0.0
0.723,0.003,5.263,0.0,-0.0,0.0
0.723,0.003,3.231,0.0,0.006,0.0
0.723,0.003,5.341,0.0,0.018,0.0
0.723,0.003,5.626,0.0,-0.006,0.0
0.723,0.003,6.3,0.0,-0.017,0.0
0.723,0.003,4.783,0.0,0.005,0.0
0.723,0.003,4.926,0.0,0.0,0.0
0.724,0.003,5.247,0.0,-0.028,0.0
0.724,0.003,4.559,0.0,-0.024,0.0
0.724,0.003,4.178,0.0,-0.014,0.0
0.724,0.003,6.332,0.0,-0.014,0.0
0.724,0.003,5.997,0.0,-0.017,0.0
0.724,0.003,5.458,0.0,-0.003,0.0
0.724,0.003,4.739,0.0,-0.006,0.0
0.724,0.003,5.986,0.0,-0.009,0.0
0.724,0.003,5.237,0.0,-0.014,0.0
0.724,0.003,4.212,0.0,-0.003,0.0
0.724,0.003,4.004,0.0,-0.017,0.0
0.724,0.003,5.052,0.0,-0.027,0.0
0.724,0.003,5.996,0.0,-0.013,0.0
0.724,0.003,5.333,0.0,-0.002,0.0
0.724,0.003,5.598,0.0,-0.023,0.0
0.725,0.003,4.259,0.0,0.005,0.0
0.725,0.003,4.799,0.0,0.007,0.0
0.725,0.003,5.464,0.0,0.004,0.0
0.725,0.003,3.908,0.0,-0.007,0.0
0.725,0.003,5.647,0.0,-0.001,0.0
0.725,0.003,7.081,0.0,0.011,0.0
0.725,0.003,4.693,0.0,-0.021,0.0
0.725,0.003,3.969,0.0,-0.005,0.0
0.725,0.003,5.961,0.0,0.011,0.0
0.725,0.003,3.631,0.0,0.018,0.0
0.725,0.003,5.449,0.0,0.003,0.0
0.725,0.003,5.445,0.0,-0.013,0.0
0.726,0.003,4.378,0.0,-0.018,0.0
0.726,0.003,6.81,0.0,0.004,0.0
0.726,0.003,5.566,0.0,0.011,0.0
0.726,0.003,6.22,0.0,-0.015,0.0
0.726,0.003,5.753,0.0,-0.02,0.0
0.726,0.003,5.732,0.0,0.009,0.0
0.726,0.003,4.949,0.0,0.004,0.0
0.726,0.003,3.034,0.0,0.011,0.0
0.726,0.003,5.742,0.0,-0.007,0.0
0.726,0.003,3.907,0.0,0.01,0.0
0.726,0.003,4.189,0.0,-0.014,0.0
0.726,0.003,3.945,0.0,-0.014,0.0
0.727,0.003,5.298,0.0,-0.008,0.0
0.727,0.003,4.655,0.0,-0.014,0.0
0.727,0.003,4.057,0.0,-0.02,0.0
0.727,0.003,3.917,0.0,-0.007,0.0
0.727,0.003,6.808,0.0,0.003,0.0
0.727,0.003,6.975,0.0,-0.018,0.0
0.727,0.003,5.137,0.0,0.007,0.0
0.727,0.003,3.132,0.0,0.011,0.0
0.727,0.003,5.206,0.0,0.002,0.0
0.727,0.003,5.708,0.0,-0.009,0.0
0.727,0.003,4.265,0.0,-0.015,0.0
0.727,0.003,3.645,0.0,-0.0,0.0
0.728,0.003,5.958,0.0,-0.016,0.0
0.728,0.003,4.029,0.0,-0.026,0.0
0.728,0.003,4.373,0.0,0.007,0.0
0.728,0.003,4.262,0.0,-0.004,0.0
0.728,0.003,4.775,0.0,-0.002,0.0
0.728,0.003,7.536,0.0,0.003,0.0
0.728,0.003,5.222,0.0,-0.012,0.0
0.728,0.003,7.349,0.0,0.004,0.0
0.728,0.003,5.384,0.0,-0.008,0.0
0.728,0.003,5.846,0.0,0.016,0.0
0.728,0.003,4.284,0.0,-0.009,0.0
0.728,0.003,5.362,0.0,-0.017,0.0
0.728,0.003,4.525,0.0,-0.006,0.0
0.728,0.003,3.973,0.0,-0.005,0.0
0.728,0.003,6.318,0.0,-0.007,0.0
0.728,0.003,3.995,0.0,0.005,0.0
0.728,0.003,5.92,0.0,-0.007,0.0
0.729,0.003,3.747,0.0,0.006,0.0
0.729,0.003,6.384,0.0,-0.002,0.0
0.729,0.003,4.3,0.0,-0.003,0.0
0.729,0.003,6.819,0.0,-0.018,0.0
0.729,0.003,5.533,0.0,-0.004,0.0
0.729,0.003,5.441,0.0,0.002,0.0
0.729,0.003,4.902,0.0,-0.014,0.0
0.729,0.003,4.11,0.0,0.001,0.0
0.729,0.003,4.163,0.0,-0.023,0.0
0.729,0.003,4.636,0.0,-0.007,0.0
0.729,0.003,7.535,0.0,0.009,0.0
0.729,0.003,4.424,0.0,0.007,0.0
0.729,0.003,4.936,0.0,-0.009,0.0
0.729,0.003,4.364,0.0,-0.016,0.0
0.729,0.003,3.732,0.0,-0.006,0.0
0.729,0.003,4.719,0.0,-0.014,0.0
0.729,0.003,5.783,0.0,-0.025,0.0
0.729,0.003,4.809,0.0,0.002,0.0
0.729,0.003,5.253,0.0,-0.005,0.0
0.729,0.003,4.605,0.0,-0.012,0.0
0.73,0.003,3.425,0.0,-0.002,0.0
0.73,0.003,5.643,0.0,-0.002,0.0
0.73,0.003,4.075,0.0,-0.023,0.0
0.73,0.003,5.684,0.0,-0.006,0.0
0.73,0.003,4.989,0.0,-0.011,0.0
0.73,0.003,5.081,0.0,-0.002,0.0
0.73,0.003,5.08,0.0,0.003,0.0
0.73,0.003,3.964,0.0,-0.002,0.0
0.73,0.003,5.833,0.0,-0.017,0.0
0.73,0.003,4.865,0.0,-0.004,0.0
0.73,0.003,5.812,0.0,-0.006,0.0
0.73,0.003,4.115,0.0,-0.004,0.0
0.73,0.003,5.864,0.0,-0.017,0.0
0.73,0.003,4.73,0.0,-0.006,0.0
0.73,0.003,5.715,0.0,-0.005,0.0
0.73,0.003,5.317,0.0,-0.014,0.0
0.731,0.003,5.702,0.0,-0.004,0.0
0.731,0.003,5.099,0.0,-0.003,0.0
0.731,0.003,5.886,0.0,0.017,0.0
0.731,0.003,3.2,0.0,0.004,0.0
0.731,0.003,6.012,0.0,0.004,0.0
0.731,0.003,6.838,0.0,-0.0,0.0
0.731,0.003,4.279,0.0,-0.005,0.0
0.731,0.003,3.846,0.0,-0.004,0.0
0.731,0.003,4.597,0.0,-0.006,0.0
0.731,0.003,5.019,0.0,-0.001,0.0
0.731,0.003,5.03,0.0,0.001,0.0
0.731,0.003,4.449,0.0,-0.02,0.0
0.731,0.003,7.515,0.0,-0.009,0.0
0.731,0.003,4.027,0.0,-0.003,0.0
0.731,0.003,7.021,0.0,-0.009,0.0
0.731,0.003,4.578,0.0,-0.0,0.0
0.731,0.003,5.399,0.0,0.001,0.0
0.731,0.003,5.109,0.0,-0.007,0.0
0.731,0.003,4.081,0.0,-0.008,0.0
0.731,0.003,5.089,0.0,0.007,0.0
0.732,0.003,3.489,0.0,0.007,0.0
0.732,0.003,6.423,0.0,-0.002,0.0
0.732,0.003,4.559,0.0,-0.003,0.0
0.732,0.003,4.976,0.0,0.004,0.0
0.732,0.003,3.985,0.0,-0.008,0.0
0.732,0.003,4.237,0.0,-0.004,0.0
0.732,0.003,7.3,0.0,0.006,0.0
0.732,0.003,5.586,0.0,-0.011,0.0
0.732,0.003,5.371,0.0,0.0,0.0
0.732,0.003,6.43,0.0,-0.009,0.0
0.732,0.003,5.288,0.0,-0.006,0.0
0.732,0.003,4.924,0.0,-0.004,0.0
0.732,0.003,7.316,0.0,-0.009,0.0
0.732,0.003,4.925,0.0,0.005,0.0
0.732,0.003,5.313,0.0,0.006,0.0
0.732,0.003,3.602,0.0,-0.014,0.0
0.732,0.003,4.065,0.0,-0.005,0.0
0.732,0.003,6.259,0.0,0.002,0.0
0.733,0.003,5.738,0.0,-0.016,0.0
0.733,0.003,4.746,0.0,0.005,0.0
0.733,0.003,5.99,0.0,0.0,0.0
0.733,0.003,5.303,0.0,-0.006,0.0
0.733,0.003,5.056,0.0,0.004,0.0
0.733,0.003,5.836,0.0,-0.012,0.0
0.733,0.003,5.594,0.0,-0.007,0.0
0.733,0.003,4.197,0.0,-0.008,0.0
0.733,0.003,3.134,0.0,0.006,0.0
0.733,0.003,5.162,0.0,-0.007,0.0
0.733,0.003,5.218,0.0,-0.005,0.0
0.733,0.003,4.801,0.0,0.003,0.0
0.733,0.003,3.855,0.0,-0.001,0.0
0.733,0.003,5.32,0.0,-0.002,0.0
0.733,0.003,4.437,0.0,0.003,0.0
0.733,0.003,6.358,0.0,0.002,0.0
0.733,0.003,4.546,0.0,-0.007,0.0
0.734,0.003,3.998,0.0,-0.007,0.0
0.734,0.003,7.362,0.0,-0.004,0.0
0.734,0.003,4.288,0.0,0.002,0.0
0.734,0.003,4.683,0.0,0.003,0.0
0.734,0.003,3.827,0.0,-0.014,0.0
0.734,0.003,5.407,0.0,-0.01,0.0
0.734,0.003,5.587,0.0,-0.01,0.0
0.734,0.003,4.472,0.0,-0.007,0.0
0.734,0.003,7.2,0.0,-0.004,0.0
0.734,0.003,6.215,0.0,0.009,0.0
0.734,0.003,4.981,0.0,0.01,0.0
0.734,0.003,4.758,0.0,0.005,0.0
0.734,0.003,5.195,0.0,-0.001,0.0
0.735,0.003,4.122,0.0,0.007,0.0
0.735,0.003,4.393,0.0,-0.023,0.0
0.735,0.003,4.799,0.0,-0.013,0.0
0.735,0.003,5.843,0.0,-0.011,0.0
0.735,0.003,5.847,0.0,0.006,0.0
0.735,0.003,4.99,0.0,0.004,0.0
0.735,0.003,3.076,0.0,0.004,0.0
0.735,0.003,4.021,0.0,-0.006,0.0
0.735,0.003,5.7,0.0,-0.015,0.0
0.735,0.003,4.297,0.0,-0.009,0.0
0.735,0.003,5.216,0.0,-0.008,0.0
0.736,0.003,5.024,0.0,-0.021,0.0
0.736,0.003,5.557,0.0,-0.025,0.0
0.736,0.003,4.255,0.0,-0.02,0.0
0.736,0.003,6.023,0.0,-0.001,0.0
0.736,0.003,4.731,0.0,-0.003,0.0
0.736,0.003,5.467,0.0,-0.001,0.0
0.736,0.003,6.028,0.0,-0.009,0.0
0.737,0.003,4.952,0.0,0.009,0.0
0.737,0.003,5.596,0.0,0.012,0.0
0.737,0.003,3.577,0.0,0.003,0.0
0.737,0.003,5.895,0.0,-0.016,0.0
0.737,0.003,5.011,0.0,-0.002,0.0
0.737,0.003,4.313,0.0,-0.004,0.0
0.737,0.003,4.871,0.0,-0.024,0.0
0.737,0.003,5.156,0.0,-0.032,0.0
0.737,0.003,7.093,0.0,-0.001,0.0
0.737,0.003,5.372,0.0,-0.027,0.0
0.737,0.003,4.582,0.0,-0.002,0.0
0.737,0.003,4.047,0.0,0.018,0.0
0.737,0.003,4.746,0.0,-0.02,0.0
0.737,0.003,4.245,0.0,-0.009,0.0
0.738,0.003,5.261,0.0,-0.004,0.0
0.738,0.003,5.58,0.0,-0.006,0.0
0.738,0.003,5.239,0.0,-0.005,0.0
0.738,0.003,3.244,0.0,-0.007,0.0
0.738,0.003,4.411,0.0,-0.007,0.0
0.738,0.003,5.509,0.0,-0.007,0.0
0.738,0.003,3.753,0.0,-0.01,0.0
0.738,0.003,6.811,0.0,-0.012,0.0
0.738,0.003,6.855,0.0,0.018,0.0
0.738,0.003,5.969,0.0,-0.003,0.0
0.738,0.003,5.5,0.0,-0.006,0.0
0.738,0.003,3.543,0.0,-0.0,0.0
0.738,0.003,4.86,0.0,-0.004,0.0
0.738,0.003,5.505,0.0,0.004,0.0
0.739,0.003,5.471,0.0,-0.004,0.0
0.739,0.003,4.987,0.0,-0.01,0.0
0.739,0.003,5.539,0.0,0.0,0.0
0.739,0.003,4.729,0.0,0.004,0.0
0.739,0.003,4.866,0.0,-0.008,0.0
0.739,0.003,6.063,0.0,-0.011,0.0
0.739,0.003,4.97,0.0,-0.009,0.0
0.739,0.003,4.248,0.0,-0.011,0.0
0.739,0.003,5.542,0.0,-0.003,0.0
0.739,0.003,4.494,0.0,-0.001,0.0
0.739,0.003,6.217,0.0,-0.011,0.0
0.739,0.003,4.589,0.0,0.001,0.0
0.739,0.003,5.313,0.0,-0.031,0.0
0.739,0.003,5.908,0.0,0.003,0.0
0.739,0.003,5.886,0.0,-0.015,0.0
0.739,0.003,5.638,0.0,0.019,0.0
0.74,0.003,4.317,0.0,0.002,0.0
0.74,0.003,4.863,0.0,0.01,0.0
0.74,0.003,5.325,0.0,0.001,0.0
0.74,0.003,5.811,0.0,-0.004,0.0
0.74,0.003,3.771,0.0,-0.009,0.0
0.74,0.003,3.819,0.0,0.006,0.0
0.74,0.003,4.392,0.0,-0.007,0.0
0.74,0.003,6.02,0.0,-0.014,0.0
0.74,0.003,4.47,0.0,0.006,0.0
0.74,0.003,5.782,0.0,0.005,0.0
0.74,0.003,4.149,0.0,0.004,0.0
0.74,0.003,5.097,0.0,-0.006,0.0
0.74,0.003,4.67,0.0,-0.016,0.0
0.74,0.003,4.607,0.0,0.008,0.0
0.74,0.003,4.737,0.0,0.002,0.0
0.741,0.003,4.692,0.0,0.006,0.0
0.741,0.003,6.585,0.0,0.003,0.0
0.741,0.003,7.265,0.0,0.017,0.0
0.741,0.003,6.077,0.0,0.005,0.0
0.741,0.003,5.336,0.0,0.009,0.0
0.741,0.003,4.881,0.0,-0.015,0.0
0.741,0.003,4.118,0.0,0.008,0.0
0.741,0.003,4.433,0.0,-0.005,0.0
0.741,0.003,4.191,0.0,-0.007,0.0
0.741,0.003,4.363,0.0,-0.005,0.0
0.741,0.003,6.065,0.0,-0.008,0.0
0.741,0.003,5.24,0.0,0.016,0.0
0.741,0.003,5.116,0.0,-0.017,0.0
0.741,0.003,5.99,0.0,-0.009,0.0
0.742,0.003,4.157,0.0,-0.006,0.0
0.742,0.003,6.68,0.0,-0.008,0.0
0.742,0.003,4.323,0.0,0.003,0.0
0.742,0.003,4.299,0.0,-0.007,0.0
0.742,0.003,5.34,0.0,-0.011,0.0
0.742,0.003,5.379,0.0,-0.005,0.0
0.742,0.003,5.895,0.0,-0.009,0.0
0.742,0.003,4.529,0.0,-0.006,0.0
0.742,0.003,3.212,0.0,0.0,0.0
0.742,0.003,3.885,0.0,0.0,0.0
0.742,0.003,3.722,0.0,-0.006,0.0
0.742,0.003,3.818,0.0,0.004,0.0
0.743,0.003,7.049,0.0,0.001,0.0
0.743,0.003,4.531,0.0,0.01,0.0
0.743,0.003,5.378,0.0,0.01,0.0
0.743,0.003,4.442,0.0,0.003,0.0
0.743,0.003,4.2,0.0,-0.011,0.0
0.743,0.003,4.78,0.0,-0.017,0.0
0.743,0.003,4.579,0.0,-0.014,0.0
0.743,0.003,4.824,0.0,0.001,0.0
0.743,0.003,6.341,0.0,0.004,0.0
0.743,0.003,6.603,0.0,0.024,0.0
0.743,0.003,6.169,0.0,-0.028,0.0
0.743,0.003,4.471,0.0,0.001,0.0
0.743,0.003,4.336,0.0,-0.001,0.0
0.743,0.003,5.14,0.0,0.003,0.0
0.743,0.003,5.969,0.0,-0.008,0.0
0.743,0.003,4.716,0.0,0.001,0.0
0.744,0.003,5.286,0.0,-0.002,0.0
0.744,0.003,3.944,0.0,-0.019,0.0
0.744,0.003,4.803,0.0,-0.005,0.0
0.744,0.003,4.876,0.0,-0.004,0.0
0.744,0.003,4.595,0.0,-0.005,0.0
0.744,0.003,5.716,0.0,-0.009,0.0
0.744,0.003,3.962,0.0,-0.009,0.0
0.744,0.003,4.666,0.0,0.001,0.0
0.744,0.003,7.084,0.0,-0.006,0.0
0.745,0.003,3.726,0.0,-0.014,0.0
0.745,0.003,4.437,0.0,-0.006,0.0
0.745,0.003,4.516,0.0,0.015,0.0
0.745,0.003,5.049,0.0,0.015,0.0
0.745,0.003,6.227,0.0,0.004,0.0
0.745,0.003,3.737,0.0,-0.002,0.0
0.745,0.003,5.431,0.0,0.001,0.0
0.745,0.003,4.02,0.0,-0.005,0.0
0.745,0.003,3.605,0.0,-0.016,0.0
0.745,0.003,5.17,0.0,0.004,0.0
0.745,0.003,5.685,0.0,-0.004,0.0
0.745,0.003,6.57,0.0,-0.008,0.0
0.746,0.003,5.412,0.0,-0.001,0.0
0.746,0.003,5.897,0.0,0.009,0.0
0.746,0.003,4.424,0.0,-0.014,0.0
0.746,0.003,4.403,0.0,0.015,0.0
0.746,0.003,5.748,0.0,-0.009,0.0
0.746,0.003,5.409,0.0,-0.002,0.0
0.746,0.003,5.439,0.0,-0.003,0.0
0.746,0.003,5.189,0.0,-0.019,0.0
0.746,0.003,4.856,0.0,-0.011,0.0
0.746,0.003,5.348,0.0,-0.013,0.0
0.746,0.003,4.445,0.0,-0.027,0.0
0.746,0.003,5.287,0.0,0.012,0.0
0.747,0.003,4.555,0.0,0.002,0.0
0.747,0.003,4.931,0.0,-0.008,0.0
0.747,0.003,7.068,0.0,-0.012,0.0
0.747,0.003,5.112,0.0,-0.012,0.0
0.747,0.003,4.92,0.0,-0.024,0.0
0.747,0.003,5.623,0.0,-0.005,0.0
0.747,0.003,5.191,0.0,0.005,0.0
0.747,0.003,6.816,0.0,-0.009,0.0
0.747,0.003,4.823,0.0,-0.013,0.0
0.748,0.003,5.414,0.0,-0.011,0.0
0.748,0.003,4.874,0.0,-0.007,0.0
0.748,0.003,4.312,0.0,-0.028,0.0
0.748,0.003,4.106,0.0,-0.013,0.0
0.748,0.003,4.416,0.0,0.014,0.0
0.748,0.003,5.562,0.0,-0.003,0.0
0.748,0.003,5.253,0.0,-0.002,0.0
0.748,0.003,6.243,0.0,-0.001,0.0
0.749,0.003,5.396,0.0,-0.002,0.0
0.749,0.003,5.067,0.0,0.002,0.0
0.75,0.003,5.673,0.0,0.012,0.0
0.75,0.003,4.942,0.0,0.006,0.0
0.75,0.003,5.964,0.0,-0.005,0.0
0.75,0.003,7.243,0.0,0.001,0.0
0.75,0.003,4.538,0.0,-0.019,0.0
0.75,0.003,6.2,0.0,-0.006,0.0
0.75,0.003,3.782,0.0,-0.015,0.0
0.751,0.003,5.142,0.0,-0.004,0.0
0.751,0.003,5.868,0.0,-0.006,0.0
0.751,0.003,5.715,0.0,-0.005,0.0
0.751,0.003,5.56,0.0,-0.007,0.0
0.751,0.003,5.044,0.0,-0.003,0.0
0.751,0.003,4.636,0.0,0.004,0.0
0.751,0.003,5.764,0.0,-0.006,0.0
0.751,0.003,4.087,0.0,-0.006,0.0
0.751,0.003,5.824,0.0,-0.013,0.0
0.751,0.003,5.004,0.0,-0.027,0.0
0.751,0.003,4.06,0.0,-0.001,0.0
0.751,0.003,3.826,0.0,-0.006,0.0
0.751,0.003,6.292,0.0,-0.013,0.0
0.751,0.003,5.056,0.0,0.002,0.0
0.752,0.003,4.683,0.0,-0.0,0.0
0.752,0.003,5.089,0.0,-0.003,0.0
0.752,0.003,6.127,0.0,-0.014,0.0
0.752,0.003,5.951,0.0,-0.008,0.0
0.752,0.003,4.621,0.0,-0.01,0.0
0.752,0.003,5.189,0.0,-0.001,0.0
0.752,0.003,4.948,0.0,0.008,0.0
0.752,0.003,4.698,0.0,-0.004,0.0
0.752,0.003,4.511,0.0,-0.009,0.0
0.753,0.003,5.498,0.0,-0.006,0.0
0.753,0.003,4.663,0.0,-0.0,0.0
0.753,0.003,5.434,0.0,-0.008,0.0
0.753,0.003,4.199,0.0,-0.003,0.0
0.753,0.003,5.067,0.0,0.002,0.0
0.753,0.003,4.939,0.0,-0.004,0.0
0.753,0.003,4.976,0.0,-0.006,0.0
0.754,0.003,5.146,0.0,0.001,0.0
0.754,0.003,5.28,0.0,0.002,0.0
0.754,0.003,5.492,0.0,-0.008,0.0
0.754,0.003,5.591,0.0,-0.008,0.0
0.754,0.003,5.401,0.0,-0.007,0.0
0.754,0.003,3.93,0.0,-0.002,0.0
0.754,0.003,4.639,0.0,0.0,0.0
0.754,0.003,6.017,0.0,-0.015,0.0
0.754,0.003,5.568,0.0,-0.003,0.0
0.754,0.003,4.333,0.0,-0.005,0.0
0.754,0.003,5.448,0.0,-0.014,0.0
0.754,0.003,4.318,0.0,-0.006,0.0
0.755,0.003,3.385,0.0,-0.008,0.0
0.755,0.003,5.286,0.0,-0.003,0.0
0.755,0.003,6.021,0.0,0.002,0.0
0.755,0.003,6.555,0.0,-0.008,0.0
0.755,0.003,4.35,0.0,-0.018,0.0
0.755,0.003,4.63,0.0,0.02,0.0
0.755,0.003,5.073,0.0,-0.02,0.0
0.755,0.003,5.534,0.0,-0.018,0.0
0.755,0.003,5.66,0.0,0.001,0.0
0.755,0.003,5.85,0.0,-0.0,0.0
0.755,0.003,5.245,0.0,-0.004,0.0
0.755,0.003,4.971,0.0,0.014,0.0
0.756,0.003,4.881,0.0,0.009,0.0
0.756,0.003,5.027,0.0,-0.017,0.0
0.756,0.003,6.319,0.0,0.001,0.0
0.756,0.003,4.33,0.0,0.007,0.0
0.756,0.003,5.874,0.0,-0.005,0.0
0.756,0.003,4.831,0.0,-0.025,0.0
0.756,0.003,5.336,0.0,-0.011,0.0
0.756,0.003,5.965,0.0,0.022,0.0
0.756,0.003,5.693,0.0,0.019,0.0
0.756,0.003,4.386,0.0,-0.012,0.0
0.756,0.003,6.566,0.0,-0.004,0.0
0.757,0.003,3.77,0.0,0.009,0.0
0.757,0.003,5.985,0.0,-0.01,0.0
0.757,0.003,3.172,0.0,0.001,0.0
0.757,0.003,5.032,0.0,0.001,0.0
0.757,0.003,4.484,0.0,-0.015,0.0
0.757,0.003,5.913,0.0,0.003,0.0
0.757,0.003,5.888,0.0,0.008,0.0
0.757,0.003,4.253,0.0,-0.01,0.0
0.757,0.003,3.653,0.0,-0.01,0.0
0.757,0.003,4.641,0.0,-0.008,0.0
0.757,0.003,5.821,0.0,-0.007,0.0
0.757,0.003,4.42,0.0,-0.004,0.0
0.758,0.003,5.774,0.0,0.007,0.0
0.758,0.003,5.566,0.0,-0.001,0.0
0.758,0.003,5.553,0.0,-0.003,0.0
0.758,0.003,4.239,0.0,-0.003,0.0
0.758,0.003,3.416,0.0,0.003,0.0
0.758,0.003,4.241,0.0,-0.011,0.0
0.758,0.003,5.668,0.0,0.004,0.0
0.759,0.003,4.308,0.0,-0.012,0.0
0.759,0.003,5.225,0.0,0.012,0.0
0.759,0.003,6.229,0.0,-0.005,0.0
0.759,0.003,5.46,0.0,0.015,0.0
0.759,0.003,4.337,0.0,-0.004,0.0
0.76,0.003,6.164,0.0,0.021,0.0
0.76,0.003,4.783,0.0,-0.002,0.0
0.76,0.003,4.393,0.0,0.0,0.0
0.76,0.003,4.668,0.0,-0.016,0.0
0.76,0.003,5.593,0.0,-0.016,0.0
0.761,0.003,3.939,0.0,-0.01,0.0
0.761,0.003,6.284,0.0,-0.009,0.0
0.761,0.003,6.204,0.0,-0.001,0.0
0.761,0.003,5.327,0.0,-0.002,0.0
0.761,0.003,4.078,0.0,-0.007,0.0
0.761,0.003,5.178,0.0,-0.011,0.0
0.761,0.003,5.623,0.0,-0.014,0.0
0.761,0.003,4.549,0.0,-0.007,0.0
0.761,0.003,5.659,0.0,-0.011,0.0
0.762,0.003,5.278,0.0,0.006,0.0
0.762,0.003,5.539,0.0,-0.004,0.0
0.762,0.003,3.871,0.0,0.017,0.0
0.762,0.003,7.305,0.0,0.012,0.0
0.762,0.003,6.226,0.0,-0.016,0.0
0.762,0.003,5.313,0.0,0.003,0.0
0.762,0.003,3.97,0.0,-0.007,0.0
0.762,0.003,6.403,0.0,-0.013,0.0
0.762,0.003,3.595,0.0,0.008,0.0
0.762,0.003,5.312,0.0,-0.007,0.0
0.762,0.003,4.592,0.0,-0.0,0.0
0.762,0.003,3.869,0.0,-0.025,0.0
0.763,0.003,5.455,0.0,0.013,0.0
0.763,0.003,5.636,0.0,-0.003,0.0
0.763,0.003,5.86,0.0,-0.005,0.0
0.763,0.003,4.478,0.0,-0.009,0.0
0.763,0.003,7.351,0.0,0.015,0.0
0.763,0.003,4.473,0.0,0.004,0.0
0.763,0.003,6.158,0.0,-0.016,0.0
0.763,0.003,4.183,0.0,-0.009,0.0
0.764,0.003,5.951,0.0,-0.011,0.0
0.764,0.003,6.431,0.0,-0.025,0.0
0.764,0.003,5.311,0.0,-0.018,0.0
0.764,0.003,6.106,0.0,-0.005,0.0
0.764,0.003,6.205,0.0,0.012,0.0
0.764,0.003,5.07,0.0,-0.011,0.0
0.764,0.003,5.86,0.0,0.006,0.0
0.764,0.003,5.044,0.0,-0.018,0.0
0.764,0.003,3.946,0.0,-0.003,0.0
0.765,0.003,5.451,0.0,0.002,0.0
0.765,0.003,5.729,0.0,0.014,0.0
0.765,0.003,5.286,0.0,0.012,0.0
0.765,0.003,3.848,0.0,0.004,0.0
0.765,0.003,3.303,0.0,0.015,0.0
0.765,0.003,4.044,0.0,-0.01,0.0
0.765,0.003,5.681,0.0,0.002,0.0
0.765,0.003,5.481,0.0,-0.006,0.0
0.765,0.003,5.357,0.0,0.014,0.0
0.765,0.003,4.236,0.0,0.001,0.0
0.765,0.003,6.447,0.0,-0.006,0.0
0.766,0.003,6.514,0.0,-0.01,0.0
0.766,0.003,5.297,0.0,-0.001,0.0
0.766,0.003,5.586,0.0,-0.006,0.0
0.766,0.003,4.766,0.0,-0.001,0.0
0.767,0.003,4.569,0.0,-0.013,0.0
0.767,0.003,4.216,0.0,-0.012,0.0
0.767,0.003,5.714,0.0,0.0,0.0
0.767,0.003,5.738,0.0,-0.026,0.0
0.767,0.003,5.205,0.0,-0.005,0.0
0.767,0.003,6.095,0.0,-0.011,0.0
0.767,0.003,3.727,0.0,-0.01,0.0
0.767,0.003,3.588,0.0,0.004,0.0
0.767,0.003,4.771,0.0,0.0,0.0
0.768,0.003,3.957,0.0,0.005,0.0
0.768,0.003,5.552,0.0,-0.005,0.0
0.768,0.003,3.663,0.0,-0.013,0.0
0.768,0.003,5.397,0.0,-0.009,0.0
0.768,0.003,4.266,0.0,-0.007,0.0
0.768,0.003,6.354,0.0,0.0,0.0
0.769,0.003,3.012,0.0,0.003,0.0
0.769,0.003,5.428,0.0,-0.0,0.0
0.769,0.003,5.041,0.0,-0.003,0.0
0.769,0.003,5.238,0.0,-0.016,0.0
0.769,0.003,5.158,0.0,0.001,0.0
0.769,0.003,4.238,0.0,-0.022,0.0
0.769,0.003,5.805,0.0,0.002,0.0
0.769,0.003,6.865,0.0,-0.001,0.0
0.769,0.003,6.322,0.0,0.001,0.0
0.769,0.003,3.645,0.0,-0.004,0.0
0.769,0.003,6.54,0.0,-0.006,0.0
0.769,0.003,4.462,0.0,-0.001,0.0
0.769,0.003,5.563,0.0,-0.013,0.0
0.769,0.003,5.72,0.0,-0.026,0.0
0.77,0.003,5.654,0.0,-0.012,0.0
0.77,0.003,6.202,0.0,-0.018,0.0
0.77,0.003,4.633,0.0,-0.019,0.0
0.77,0.003,5.213,0.0,-0.006,0.0
0.77,0.003,3.457,0.0,0.014,0.0
0.77,0.003,4.619,0.0,-0.009,0.0
0.77,0.003,5.672,0.0,-0.011,0.0
0.77,0.003,4.549,0.0,-0.002,0.0
0.77,0.003,3.557,0.0,-0.014,0.0
0.77,0.003,3.265,0.0,0.012,0.0
0.77,0.003,3.554,0.0,-0.008,0.0
0.771,0.003,6.899,0.0,0.006,0.0
0.771,0.003,5.448,0.0,-0.005,0.0
0.771,0.003,4.804,0.0,0.01,0.0
0.771,0.003,4.169,0.0,-0.018,0.0
0.771,0.003,5.368,0.0,-0.0,0.0
0.771,0.003,3.907,0.0,-0.003,0.0
0.771,0.003,6.175,0.0,-0.004,0.0
0.771,0.003,4.193,0.0,0.006,0.0
0.771,0.003,5.105,0.0,0.0,0.0
0.772,0.003,5.89,0.0,-0.007,0.0
0.772,0.003,6.946,0.0,0.019,0.0
0.772,0.003,5.779,0.0,-0.003,0.0
0.772,0.003,3.965,0.0,-0.025,0.0
0.772,0.003,5.509,0.0,-0.006,0.0
0.772,0.003,3.773,0.0,0.001,0.0
0.772,0.003,5.828,0.0,-0.007,0.0
0.772,0.003,5.643,0.0,0.006,0.0
0.773,0.003,4.972,0.0,0.013,0.0
0.773,0.003,4.112,0.0,-0.009,0.0
0.773,0.003,6.024,0.0,0.002,0.0
0.773,0.003,5.572,0.0,-0.002,0.0
0.774,0.003,4.106,0.0,-0.019,0.0
0.774,0.003,5.355,0.0,-0.025,0.0
0.774,0.003,3.883,0.0,-0.011,0.0
0.774,0.003,5.06,0.0,0.006,0.0
0.774,0.003,4.918,0.0,0.011,0.0
0.774,0.003,5.19,0.0,-0.005,0.0
0.774,0.003,4.835,0.0,0.009,0.0
0.774,0.003,6.107,0.0,-0.006,0.0
0.774,0.003,4.838,0.0,-0.012,0.0
0.774,0.003,4.072,0.0,-0.008,0.0
0.775,0.003,4.775,0.0,0.002,0.0
0.775,0.003,4.152,0.0,-0.009,0.0
0.775,0.003,4.428,0.0,0.006,0.0
0.775,0.003,7.273,0.0,0.014,0.0
0.775,0.003,4.203,0.0,-0.018,0.0
0.775,0.003,4.549,0.0,-0.007,0.0
0.775,0.003,4.913,0.0,0.004,0.0
0.775,0.003,6.358,0.0,0.006,0.0
0.775,0.003,4.361,0.0,-0.016,0.0
0.775,0.003,4.744,0.0,-0.0,0.0
0.775,0.003,6.166,0.0,-0.017,0.0
0.775,0.003,5.611,0.0,0.001,0.0
0.776,0.003,5.124,0.0,0.003,0.0
0.776,0.003,3.878,0.0,-0.001,0.0
0.776,0.003,5.598,0.0,-0.003,0.0
0.776,0.003,6.22,0.0,-0.009,0.0
0.776,0.003,5.518,0.0,-0.022,0.0
0.776,0.003,5.38,0.0,-0.007,0.0
0.776,0.003,6.174,0.0,0.003,0.0
0.776,0.003,5.542,0.0,-0.011,0.0
0.776,0.003,2.738,0.0,0.01,0.0
0.776,0.003,4.998,0.0,0.0,0.0
0.776,0.003,3.833,0.0,-0.02,0.0
0.776,0.003,3.782,0.0,-0.007,0.0
0.776,0.003,5.196,0.0,-0.004,0.0
0.776,0.003,5.847,0.0,-0.0,0.0
0.777,0.003,5.688,0.0,-0.008,0.0
0.777,0.003,5.41,0.0,-0.008,0.0
0.777,0.003,4.941,0.0,-0.02,0.0
0.777,0.003,5.405,0.0,-0.021,0.0
0.777,0.003,5.417,0.0,0.004,0.0
0.777,0.003,5.529,0.0,-0.013,0.0
0.777,0.003,4.158,0.0,0.01,0.0
0.777,0.003,3.633,0.0,-0.013,0.0
0.777,0.003,2.963,0.0,0.003,0.0
0.777,0.003,3.043,0.0,0.009,0.0
0.777,0.003,4.098,0.0,-0.021,0.0
0.778,0.003,5.81,0.0,0.002,0.0
0.778,0.003,5.379,0.0,-0.009,0.0
0.779,0.003,5.614,0.0,-0.01,0.0
0.779,0.003,7.315,0.0,0.008,0.0
0.779,0.003,5.99,0.0,-0.013,0.0
0.779,0.003,3.253,0.0,0.011,0.0
0.779,0.003,6.428,0.0,0.005,0.0
0.78,0.003,5.705,0.0,-0.005,0.0
0.78,0.003,4.237,0.0,-0.015,0.0
0.78,0.003,3.566,0.0,0.005,0.0
0.78,0.003,3.927,0.0,-0.007,0.0
0.78,0.003,5.296,0.0,0.005,0.0
0.78,0.003,5.396,0.0,0.009,0.0
0.78,0.003,5.752,0.0,-0.007,0.0
0.78,0.003,4.23,0.0,-0.019,0.0
0.78,0.003,5.715,0.0,-0.0,0.0
0.781,0.003,4.98,0.0,-0.013,0.0
0.781,0.003,5.127,0.0,0.005,0.0
0.781,0.003,5.255,0.0,0.011,0.0
0.781,0.003,5.333,0.0,-0.01,0.0
0.781,0.003,5.747,0.0,-0.008,0.0
0.782,0.003,7.127,0.0,-0.007,0.0
0.782,0.003,6.187,0.0,0.01,0.0
0.782,0.003,6.722,0.0,-0.004,0.0
0.782,0.003,4.888,0.0,0.008,0.0
0.782,0.003,3.858,0.0,0.002,0.0
0.782,0.003,4.274,0.0,-0.011,0.0
0.782,0.003,3.627,0.0,0.01,0.0
0.782,0.003,5.36,0.0,-0.002,0.0
0.782,0.003,3.136,0.0,0.014,0.0
0.782,0.003,4.647,0.0,0.016,0.0
0.782,0.003,5.072,0.0,-0.006,0.0
0.783,0.003,2.635,0.0,0.0,0.0
0.783,0.003,5.818,0.0,-0.016,0.0
0.783,0.003,5.555,0.0,-0.007,0.0
0.783,0.003,5.836,0.0,0.004,0.0
0.783,0.003,7.374,0.0,0.02,0.0
0.783,0.003,5.348,0.0,-0.009,0.0
0.783,0.003,5.958,0.0,-0.016,0.0
0.783,0.003,5.673,0.0,-0.016,0.0
0.784,0.003,4.316,0.0,-0.006,0.0
0.784,0.003,4.249,0.0,-0.014,0.0
0.784,0.003,3.899,0.0,-0.017,0.0
0.784,0.003,5.845,0.0,-0.004,0.0
0.784,0.003,5.598,0.0,-0.013,0.0
0.784,0.003,5.036,0.0,0.009,0.0
0.784,0.003,5.963,0.0,0.008,0.0
0.784,0.003,3.985,0.0,-0.008,0.0
0.785,0.003,4.907,0.0,-0.003,0.0
0.785,0.003,5.584,0.0,0.005,0.0
0.785,0.003,5.209,0.0,-0.008,0.0
0.785,0.003,5.778,0.0,0.011,0.0
0.785,0.003,6.152,0.0,-0.012,0.0
0.785,0.003,5.476,0.0,-0.003,0.0
0.786,0.003,4.879,0.0,0.017,0.0
0.786,0.003,3.797,0.0,0.002,0.0
0.786,0.003,5.892,0.0,-0.01,0.0
0.786,0.003,4.803,0.0,-0.001,0.0
0.786,0.003,4.419,0.0,0.004,0.0
0.787,0.003,5.175,0.0,-0.019,0.0
0.787,0.003,4.556,0.0,-0.006,0.0
0.787,0.003,4.208,0.0,-0.018,0.0
0.787,0.003,5.659,0.0,-0.009,0.0
0.787,0.003,4.711,0.0,0.003,0.0
0.787,0.003,4.769,0.0,-0.01,0.0
0.787,0.003,5.253,0.0,0.0,0.0
0.788,0.003,5.073,0.0,0.001,0.0
0.788,0.003,5.909,0.0,-0.012,0.0
0.788,0.003,5.662,0.0,-0.008,0.0
0.788,0.003,3.646,0.0,0.005,0.0
0.788,0.003,5.701,0.0,0.003,0.0
0.789,0.003,5.893,0.0,-0.002,0.0
0.789,0.003,5.872,0.0,-0.003,0.0
0.789,0.003,5.159,0.0,0.003,0.0
0.789,0.003,3.686,0.0,0.001,0.0
0.79,0.003,5.839,0.0,-0.02,0.0
0.79,0.003,5.739,0.0,-0.002,0.0
0.79,0.003,5.27,0.0,0.001,0.0
0.79,0.003,4.695,0.0,0.013,0.0
0.79,0.003,5.381,0.0,-0.003,0.0
0.79,0.003,3.893,0.0,-0.0,0.0
0.791,0.003,3.486,0.0,0.008,0.0
0.791,0.003,4.566,0.0,-0.02,0.0
0.791,0.003,3.715,0.0,-0.001,0.0
0.791,0.003,5.609,0.0,-0.01,0.0
0.792,0.003,4.23,0.0,-0.011,0.0
0.792,0.003,4.984,0.0,-0.013,0.0
0.792,0.003,5.562,0.0,-0.007,0.0
0.792,0.003,5.764,0.0,-0.001,0.0
0.792,0.003,4.678,0.0,0.018,0.0
0.792,0.003,6.012,0.0,-0.007,0.0
0.792,0.003,4.212,0.0,-0.007,0.0
0.792,0.003,5.04,0.0,0.005,0.0
0.792,0.003,5.316,0.0,-0.005,0.0
0.792,0.003,6.165,0.0,-0.022,0.0
0.793,0.003,6.045,0.0,0.002,0.0
0.793,0.003,6.025,0.0,0.021,0.0
0.793,0.003,5.432,0.0,0.005,0.0
0.793,0.003,5.683,0.0,-0.006,0.0
0.793,0.003,5.319,0.0,-0.018,0.0
0.793,0.003,5.908,0.0,-0.009,0.0
0.793,0.003,5.548,0.0,-0.026,0.0
0.793,0.003,4.924,0.0,-0.005,0.0
0.793,0.003,6.264,0.0,-0.008,0.0
0.793,0.003,5.77,0.0,-0.016,0.0
0.793,0.003,5.394,0.0,0.004,0.0
0.794,0.003,6.319,0.0,0.0,0.0
0.794,0.003,3.446,0.0,0.014,0.0
0.794,0.003,6.233,0.0,-0.015,0.0
0.794,0.003,6.554,0.0,-0.017,0.0
0.794,0.003,5.332,0.0,-0.012,0.0
0.794,0.003,4.123,0.0,-0.008,0.0
0.795,0.003,5.329,0.0,0.007,0.0
0.795,0.003,5.148,0.0,-0.031,0.0
0.795,0.003,3.95,0.0,-0.008,0.0
0.795,0.003,5.487,0.0,-0.005,0.0
0.795,0.003,6.331,0.0,-0.015,0.0
0.795,0.003,5.555,0.0,-0.009,0.0
0.795,0.003,4.003,0.0,-0.003,0.0
0.795,0.003,5.901,0.0,-0.004,0.0
0.796,0.003,5.795,0.0,0.005,0.0
0.796,0.003,5.876,0.0,-0.0,0.0
0.796,0.003,5.285,0.0,-0.013,0.0
0.796,0.003,5.323,0.0,0.008,0.0
0.796,0.003,5.272,0.0,-0.023,0.0
0.796,0.003,6.246,0.0,-0.004,0.0
0.796,0.003,5.314,0.0,-0.008,0.0
0.796,0.003,5.86,0.0,-0.009,0.0
0.796,0.003,4.091,0.0,-0.007,0.0
0.797,0.003,5.872,0.0,-0.018,0.0
0.797,0.003,6.136,0.0,-0.011,0.0
0.797,0.003,5.308,0.0,-0.008,0.0
0.797,0.003,5.832,0.0,-0.015,0.0
0.798,0.003,5.725,0.0,-0.007,0.0
0.798,0.003,4.086,0.0,-0.012,0.0
0.798,0.003,4.126,0.0,0.025,0.0
0.798,0.003,4.601,0.0,0.01,0.0
0.798,0.003,5.671,0.0,0.002,0.0
0.799,0.003,7.287,0.0,0.009,0.0
0.799,0.003,4.223,0.0,-0.008,0.0
0.799,0.003,5.36,0.0,-0.025,0.0
0.799,0.003,5.838,0.0,-0.015,0.0
0.799,0.003,4.32,0.0,-0.006,0.0
0.799,0.003,6.328,0.0,-0.004,0.0
0.799,0.003,6.018,0.0,0.006,0.0
0.8,0.003,3.554,0.0,0.002,0.0
0.8,0.003,5.46,0.0,0.0,0.0
0.8,0.003,6.071,0.0,0.002,0.0
0.8,0.003,3.057,0.0,0.003,0.0
0.8,0.003,5.796,0.0,0.012,0.0
0.801,0.003,3.524,0.0,0.002,0.0
0.801,0.003,4.911,0.0,-0.001,0.0
0.801,0.003,5.732,0.0,-0.0,0.0
0.801,0.003,5.391,0.0,-0.001,0.0
0.801,0.003,4.12,0.0,-0.017,0.0
0.802,0.003,5.517,0.0,-0.007,0.0
0.802,0.003,4.224,0.0,-0.007,0.0
0.802,0.003,5.468,0.0,-0.01,0.0
0.802,0.003,4.519,0.0,-0.013,0.0
0.802,0.003,5.383,0.0,-0.014,0.0
0.802,0.003,3.412,0.0,-0.007,0.0
0.802,0.003,6.316,0.0,-0.009,0.0
0.802,0.003,6.246,0.0,-0.012,0.0
0.802,0.003,5.521,0.0,0.002,0.0
0.803,0.003,5.131,0.0,-0.006,0.0
0.803,0.003,4.534,0.0,-0.001,0.0
0.803,0.003,3.726,0.0,0.024,0.0
0.803,0.003,4.967,0.0,-0.008,0.0
0.803,0.003,7.34,0.0,0.026,0.0
0.803,0.003,4.922,0.0,-0.002,0.0
0.803,0.003,4.219,0.0,0.003,0.0
0.803,0.003,6.147,0.0,-0.012,0.0
0.804,0.003,6.573,0.0,0.006,0.0
0.804,0.003,5.824,0.0,-0.007,0.0
0.805,0.003,6.147,0.0,-0.003,0.0
0.805,0.003,5.894,0.0,-0.006,0.0
0.805,0.003,6.011,0.0,-0.005,0.0
0.805,0.003,4.946,0.0,-0.006,0.0
0.805,0.003,5.276,0.0,-0.01,0.0
0.805,0.003,5.673,0.0,-0.005,0.0
0.805,0.003,5.288,0.0,-0.02,0.0
0.805,0.003,5.453,0.0,-0.011,0.0
0.805,0.003,5.302,0.0,-0.001,0.0
0.806,0.003,5.033,0.0,-0.009,0.0
0.806,0.003,5.972,0.0,-0.013,0.0
0.806,0.003,5.451,0.0,-0.003,0.0
0.806,0.003,6.137,0.0,-0.014,0.0
0.807,0.003,3.799,0.0,0.002,0.0
0.807,0.003,5.517,0.0,-0.006,0.0
0.807,0.003,4.521,0.0,-0.008,0.0
0.807,0.003,5.061,0.0,0.005,0.0
0.807,0.003,4.244,0.0,0.004,0.0
0.808,0.003,3.931,0.0,-0.016,0.0
0.808,0.003,4.807,0.0,0.016,0.0
0.808,0.003,3.19,0.0,0.009,0.0
0.808,0.003,3.791,0.0,-0.011,0.0
0.808,0.003,5.981,0.0,-0.006,0.0
0.808,0.003,4.915,0.0,0.006,0.0
0.809,0.003,5.32,0.0,-0.011,0.0
0.809,0.003,5.804,0.0,-0.011,0.0
0.809,0.003,4.313,0.0,-0.001,0.0
0.809,0.003,5.785,0.0,-0.012,0.0
0.809,0.003,5.428,0.0,-0.004,0.0
0.809,0.003,5.004,0.0,0.004,0.0
0.81,0.003,5.455,0.0,-0.007,0.0
0.81,0.003,5.395,0.0,-0.004,0.0
0.81,0.003,5.179,0.0,0.005,0.0
0.81,0.003,6.009,0.0,0.004,0.0
0.81,0.003,5.715,0.0,-0.013,0.0
0.81,0.003,6.0,0.0,-0.004,0.0
0.811,0.003,5.842,0.0,0.002,0.0
0.811,0.003,4.055,0.0,-0.013,0.0
0.811,0.003,7.573,0.0,0.024,0.0
0.811,0.003,3.295,0.0,-0.003,0.0
0.812,0.003,3.866,0.0,0.008,0.0
0.812,0.003,3.453,0.0,0.001,0.0
0.812,0.003,6.28,0.0,-0.021,0.0
0.812,0.003,5.315,0.0,-0.013,0.0
0.812,0.003,6.166,0.0,-0.004,0.0
0.812,0.003,4.322,0.0,0.02,0.0
0.813,0.003,5.437,0.0,0.002,0.0
0.813,0.003,4.243,0.0,-0.005,0.0
0.813,0.003,4.751,0.0,0.005,0.0
0.813,0.003,7.051,0.0,0.02,0.0
0.814,0.003,5.47,0.0,0.001,0.0
0.814,0.003,5.787,0.0,-0.025,0.0
0.814,0.003,5.643,0.0,-0.009,0.0
0.814,0.003,5.541,0.0,0.004,0.0
0.814,0.003,6.1,0.0,-0.012,0.0
0.814,0.003,3.458,0.0,0.015,0.0
0.814,0.003,5.895,0.0,-0.025,0.0
0.815,0.003,5.462,0.0,0.001,0.0
0.815,0.003,4.912,0.0,0.009,0.0
0.815,0.003,4.72,0.0,-0.017,0.0
0.816,0.003,5.224,0.0,-0.005,0.0
0.816,0.003,6.143,0.0,0.004,0.0
0.816,0.003,5.355,0.0,0.003,0.0
0.816,0.003,5.285,0.0,0.003,0.0
0.816,0.003,5.526,0.0,0.003,0.0
0.816,0.003,5.505,0.0,0.014,0.0
0.816,0.003,5.913,0.0,-0.009,0.0
0.817,0.003,5.701,0.0,0.007,0.0
0.817,0.003,5.45,0.0,-0.006,0.0
0.817,0.003,2.849,0.0,0.01,0.0
0.817,0.003,5.49,0.0,-0.005,0.0
0.817,0.003,4.696,0.0,0.005,0.0
0.817,0.003,5.993,0.0,-0.015,0.0
0.817,0.003,4.007,0.0,-0.009,0.0
0.817,0.003,5.607,0.0,-0.008,0.0
0.817,0.003,4.865,0.0,-0.002,0.0
0.818,0.003,5.694,0.0,0.001,0.0
0.818,0.003,5.141,0.0,-0.007,0.0
0.818,0.003,4.552,0.0,0.003,0.0
0.818,0.003,5.036,0.0,0.01,0.0
0.818,0.003,5.516,0.0,-0.004,0.0
0.818,0.003,4.436,0.0,-0.012,0.0
0.818,0.003,6.112,0.0,-0.01,0.0
0.818,0.003,4.221,0.0,0.014,0.0
0.818,0.003,5.557,0.0,-0.016,0.0
0.819,0.003,4.494,0.0,-0.005,0.0
0.819,0.003,5.674,0.0,-0.0,0.0
0.819,0.003,5.883,0.0,-0.011,0.0
0.819,0.003,7.451,0.0,0.022,0.0
0.82,0.003,5.823,0.0,-0.016,0.0
0.82,0.003,5.478,0.0,-0.024,0.0
0.821,0.003,5.108,0.0,0.003,0.0
0.821,0.003,6.359,0.0,0.005,0.0
0.821,0.003,5.516,0.0,0.007,0.0
0.821,0.003,5.122,0.0,-0.01,0.0
0.821,0.003,4.913,0.0,-0.011,0.0
0.821,0.003,6.297,0.0,-0.016,0.0
0.822,0.003,5.355,0.0,0.01,0.0
0.822,0.003,3.332,0.0,-0.001,0.0
0.822,0.003,5.31,0.0,-0.004,0.0
0.822,0.003,4.18,0.0,-0.007,0.0
0.823,0.003,3.738,0.0,0.002,0.0
0.823,0.003,5.963,0.0,-0.021,0.0
0.823,0.003,5.176,0.0,-0.023,0.0
0.823,0.003,5.885,0.0,-0.0,0.0
0.823,0.003,4.279,0.0,0.008,0.0
0.823,0.003,5.467,0.0,-0.017,0.0
0.823,0.003,5.293,0.0,-0.003,0.0
0.823,0.003,4.651,0.0,-0.001,0.0
0.823,0.003,5.57,0.0,0.008,0.0
0.824,0.003,4.035,0.0,-0.01,0.0
0.824,0.003,4.01,0.0,-0.016,0.0
0.824,0.003,6.282,0.0,0.027,0.0
0.824,0.003,5.767,0.0,-0.013,0.0
0.824,0.003,3.907,0.0,-0.011,0.0
0.825,0.003,2.614,0.0,0.003,0.0
0.825,0.003,3.969,0.0,-0.01,0.0
0.825,0.003,3.395,0.0,0.008,0.0
0.825,0.003,6.013,0.0,-0.024,0.0
0.826,0.003,5.574,0.0,-0.009,0.0
0.826,0.003,5.514,0.0,-0.004,0.0
0.826,0.003,5.315,0.0,-0.001,0.0
0.827,0.003,4.484,0.0,-0.013,0.0
0.827,0.003,4.215,0.0,-0.004,0.0
0.827,0.003,4.254,0.0,-0.004,0.0
0.827,0.003,5.135,0.0,0.004,0.0
0.827,0.003,5.388,0.0,-0.021,0.0
0.827,0.003,6.232,0.0,-0.004,0.0
0.828,0.003,4.695,0.0,0.002,0.0
0.829,0.003,5.349,0.0,-0.004,0.0
0.829,0.003,5.296,0.0,-0.022,0.0
0.829,0.003,5.325,0.0,0.016,0.0
0.829,0.003,5.359,0.0,-0.018,0.0
0.83,0.003,5.464,0.0,0.005,0.0
0.83,0.003,5.651,0.0,-0.001,0.0
0.83,0.003,4.558,0.0,0.003,0.0
0.832,0.003,6.098,0.0,-0.013,0.0
0.832,0.003,5.345,0.0,-0.005,0.0
0.833,0.003,4.444,0.0,-0.01,0.0
0.834,0.003,4.387,0.0,-0.004,0.0
0.834,0.003,4.647,0.0,-0.01,0.0
0.834,0.003,5.009,0.0,-0.022,0.0
0.834,0.003,5.398,0.0,-0.012,0.0
0.834,0.003,5.448,0.0,-0.014,0.0
0.835,0.003,2.812,0.0,0.001,0.0
0.835,0.003,5.356,0.0,-0.011,0.0
0.835,0.003,4.441,0.0,-0.017,0.0
0.836,0.003,4.395,0.0,-0.01,0.0
0.836,0.003,6.286,0.0,0.003,0.0
0.836,0.003,5.686,0.0,0.006,0.0
0.837,0.003,5.258,0.0,0.001,0.0
0.838,0.003,5.629,0.0,-0.005,0.0
0.839,0.003,3.573,0.0,-0.015,0.0
0.839,0.003,3.722,0.0,-0.023,0.0
0.839,0.003,4.485,0.0,-0.019,0.0
0.839,0.003,4.941,0.0,-0.001,0.0
0.84,0.003,5.943,0.0,-0.008,0.0
0.84,0.003,5.545,0.0,-0.01,0.0
0.84,0.003,5.418,0.0,0.001,0.0
0.841,0.003,6.96,0.0,0.017,0.0
0.841,0.003,4.611,0.0,-0.012,0.0
0.843,0.003,5.119,0.0,0.004,0.0
0.843,0.003,6.22,0.0,-0.017,0.0
0.843,0.003,5.046,0.0,-0.008,0.0
0.843,0.003,3.434,0.0,0.01,0.0
0.843,0.003,4.981,0.0,-0.009,0.0
0.844,0.003,5.388,0.0,-0.02,0.0
0.844,0.003,5.551,0.0,-0.003,0.0
0.845,0.003,5.68,0.0,-0.0,0.0
0.845,0.003,4.98,0.0,0.019,0.0
0.846,0.003,5.357,0.0,0.003,0.0
0.846,0.003,6.298,0.0,-0.013,0.0
0.846,0.003,5.69,0.0,-0.023,0.0
0.846,0.003,4.524,0.0,-0.009,0.0
0.846,0.003,4.092,0.0,-0.014,0.0
0.846,0.003,5.598,0.0,0.0,0.0
0.847,0.003,5.963,0.0,-0.02,0.0
0.847,0.003,5.12,0.0,-0.007,0.0
0.847,0.003,3.201,0.0,0.009,0.0
0.847,0.003,5.213,0.0,0.003,0.0
0.848,0.003,5.338,0.0,0.004,0.0
0.848,0.003,2.978,0.0,-0.006,0.0
0.849,0.003,4.343,0.0,-0.01,0.0
0.849,0.003,4.805,0.0,-0.023,0.0
0.851,0.003,5.163,0.0,-0.02,0.0
0.851,0.003,5.384,0.0,-0.023,0.0
0.851,0.003,5.53,0.0,-0.001,0.0
0.851,0.003,4.786,0.0,-0.001,0.0
0.852,0.003,5.153,0.0,-0.016,0.0
0.852,0.003,2.994,0.0,0.011,0.0
0.852,0.003,4.808,0.0,-0.004,0.0
0.853,0.003,5.266,0.0,-0.012,0.0
0.853,0.003,4.603,0.0,-0.01,0.0
0.854,0.003,5.628,0.0,-0.008,0.0
0.854,0.003,4.421,0.0,-0.017,0.0
0.854,0.003,3.3,0.0,0.004,0.0
0.855,0.003,4.292,0.0,-0.015,0.0
0.856,0.003,5.467,0.0,-0.011,0.0
0.856,0.003,4.033,0.0,0.011,0.0
0.857,0.003,3.188,0.0,0.004,0.0
0.857,0.003,5.212,0.0,-0.002,0.0
0.857,0.003,7.35,0.0,0.018,0.0
0.858,0.003,3.791,0.0,-0.019,0.0
0.858,0.003,5.299,0.0,0.005,0.0
0.859,0.003,5.246,0.0,-0.015,0.0
0.86,0.003,4.577,0.0,0.002,0.0
0.86,0.003,5.457,0.0,0.006,0.0
0.86,0.003,5.941,0.0,-0.017,0.0
0.861,0.003,5.34,0.0,-0.001,0.0
0.861,0.003,4.747,0.0,-0.008,0.0
0.861,0.003,3.749,0.0,0.002,0.0
0.862,0.003,5.353,0.0,0.01,0.0
0.862,0.003,5.736,0.0,-0.001,0.0
0.863,0.003,6.25,0.0,-0.022,0.0
0.864,0.003,4.557,0.0,0.001,0.0
0.865,0.003,5.003,0.0,0.002,0.0
0.865,0.003,5.137,0.0,-0.003,0.0
0.866,0.003,3.96,0.0,-0.006,0.0
0.867,0.003,5.086,0.0,-0.005,0.0
0.867,0.003,4.636,0.0,-0.004,0.0
0.868,0.003,5.392,0.0,-0.014,0.0
0.868,0.003,5.215,0.0,-0.013,0.0
0.869,0.003,4.063,0.0,-0.008,0.0
0.871,0.003,5.536,0.0,-0.006,0.0
0.873,0.003,4.87,0.0,-0.009,0.0
0.873,0.003,5.533,0.0,-0.015,0.0
0.875,0.003,5.527,0.0,-0.002,0.0
0.876,0.003,4.605,0.0,-0.004,0.0
0.877,0.003,5.386,0.0,0.004,0.0
0.878,0.003,5.28,0.0,-0.005,0.0
0.878,0.003,3.161,0.0,0.003,0.0
0.878,0.003,5.077,0.0,-0.016,0.0
0.879,0.003,5.582,0.0,-0.001,0.0
0.879,0.003,4.025,0.0,0.023,0.0
0.879,0.003,5.637,0.0,-0.001,0.0
0.88,0.003,4.892,0.0,0.003,0.0
0.88,0.003,4.791,0.0,0.002,0.0
0.88,0.003,5.939,0.0,0.012,0.0
0.883,0.003,5.786,0.0,-0.013,0.0
0.883,0.003,5.197,0.0,-0.005,0.0
0.884,0.003,4.618,0.0,-0.009,0.0
0.884,0.003,3.396,0.0,0.004,0.0
0.884,0.003,7.328,0.0,0.031,0.0
0.885,0.003,6.006,0.0,0.0,0.0
0.885,0.003,6.006,0.0,-0.01,0.0
0.885,0.003,5.136,0.0,-0.012,0.0
0.886,0.003,5.18,0.0,-0.011,0.0
0.886,0.003,5.348,0.0,-0.008,0.0
0.887,0.003,4.918,0.0,-0.013,0.0
0.887,0.003,4.463,0.0,-0.004,0.0
0.889,0.003,5.896,0.0,-0.017,0.0
0.89,0.003,4.198,0.0,-0.017,0.0
0.891,0.003,5.224,0.0,-0.013,0.0
0.892,0.003,4.283,0.0,0.001,0.0
0.892,0.003,4.483,0.0,-0.001,0.0
0.892,0.003,5.969,0.0,-0.02,0.0
0.894,0.003,4.705,0.0,0.004,0.0
0.896,0.003,5.196,0.0,0.018,0.0
0.896,0.003,5.312,0.0,-0.01,0.0
0.896,0.003,5.392,0.0,0.0,0.0
0.897,0.003,7.364,0.0,0.019,0.0
0.897,0.003,5.219,0.0,-0.002,0.0
0.899,0.003,5.478,0.0,-0.007,0.0
0.899,0.003,4.744,0.0,-0.006,0.0
0.901,0.003,5.836,0.0,-0.004,0.0
0.902,0.003,4.558,0.0,-0.018,0.0
0.903,0.003,4.855,0.0,-0.016,0.0
0.904,0.003,4.299,0.0,-0.018,0.0
0.904,0.003,5.058,0.0,-0.023,0.0
0.906,0.003,5.436,0.0,-0.012,0.0
0.906,0.003,5.471,0.0,0.004,0.0
0.906,0.003,5.206,0.0,-0.005,0.0
0.907,0.003,4.722,0.0,0.022,0.0
0.909,0.003,5.134,0.0,-0.01,0.0
0.913,0.003,4.687,0.0,-0.015,0.0
0.916,0.003,4.983,0.0,-0.012,0.0
0.917,0.003,7.293,0.0,0.03,0.0
0.923,0.003,4.842,0.0,-0.007,0.0
0.924,0.003,4.811,0.0,-0.021,0.0
0.924,0.003,4.866,0.0,-0.003,0.0
0.934,0.003,4.336,0.0,-0.013,0.0
0.937,0.003,5.336,0.0,-0.004,0.0
0.949,0.003,5.175,0.0,-0.023,0.0
0.95,0.003,5.817,0.0,0.015,0.0
0.97,0.003,5.99,0.0,-0.006,0.0
0.983,0.003,4.608,0.0,-0.012,0.0
1.0,0.003,5.778,0.0,-0.01,0.0
